tree
version=v4
num_class=1
num_tree_per_iteration=1
label_index=0
max_feature_idx=4
objective=binary sigmoid:1
feature_names=枠番 級別 レース内全国勝率差 レース内コース別1着率差 レース内コース別複勝率差
feature_infos=[1:6] [0:3] [-5.4050000000000002:4.2370000000000001] [-0.372:0.82199999999999995] [-55.899999999999999:80]
tree_sizes=3362 3439 3454 3444 3472 3473 3465 3477 3459 3461 3483 3463 3490 3484 3468 3481 3468 3484 3455 3462 3462 3483 3480 3450 3474 3480 3451 3462 3454 3433 3488 3472 3448 3439 3457 3458 3443 3440 3449 3472 3437 3422 3455

Tree=0
num_leaves=31
num_cat=0
split_feature=3 3 3 3 3 3 2 2 2 2 2 2 2 4 2 3 3 2 3 2 2 4 3 3 0 3 2 1 2 2
split_gain=28681.9 3731.16 1730.22 571.967 427.086 349.819 230.837 175.117 156.514 153.278 117.546 88.9805 75.5666 60.5396 55.1743 52.7926 47.5914 39.3561 37.8115 37.044 36.1921 35.1409 34.8461 34.3245 33.0335 30.7951 29.951 25.3432 25.0888 24.3781
threshold=0.20050000000000004 -0.020499999999999997 0.40350000000000008 0.075500000000000012 -0.088499999999999981 0.51650000000000007 0.94400000000000006 1.3825000000000001 1.1260000000000001 1.276 0.10100000000000002 1.3825000000000001 0.45900000000000007 -13.624999999999998 -0.088999999999999982 0.34950000000000003 0.026500000000000003 2.6475000000000004 0.11850000000000001 -0.34749999999999992 2.1275000000000004 23.941500000000001 0.26850000000000007 0.020500000000000004 4.5000000000000009 0.56950000000000001 -0.57599999999999985 2.5000000000000004 1.179 0.69750000000000012
decision_type=2 2 2 2 2 2 2 2 2 2 2 2 2 2 2 2 2 2 2 2 2 2 2 2 2 2 2 2 2 2
left_child=1 4 10 6 9 12 16 18 14 13 22 19 26 -1 -6 -12 29 27 -5 -7 -11 -9 -2 -8 -16 -21 -4 -10 -14 -3
right_child=2 3 5 7 8 11 23 21 17 20 15 -13 28 -15 24 -17 -18 -19 -20 25 -22 -23 -24 -25 -26 -27 -28 -29 -30 -31
leaf_value=-1.7361349991709967 -1.4997997334232727 -1.6603007645045644 -1.4322552877588721 -1.5809665237242621 -1.7066319404598682 -1.344407881606968 -1.5987853855082328 -1.4955980513293217 -1.6647031833903305 -1.6735350078819964 -1.4179919109978163 -1.1564381018598726 -1.2967446956855373 -1.7165517789124747 -1.671882734642651 -1.3534493912366967 -1.6217570168384798 -1.4321244476767312 -1.5401820742072507 -1.2487393357190792 -1.5749653560440915 -1.4181964424046207 -1.4427658046887857 -1.5552645593797527 -1.7030604150376147 -1.1997964707412485 -1.3309899665344993 -1.6165624712231881 -1.2493752461236611 -1.6183863940083032
leaf_weight=4898.8384187221527 162.29112750291824 1029.7139413654804 32.294018626213074 435.2850561439991 1570.6387533545494 27.778329581022263 348.39225178956985 144.36521038413048 180.35388368368149 298.71967229247093 343.32920649647713 219.07933822274208 295.29869574308395 2329.1376738846302 1216.6361000239849 200.87974298000336 697.60553795099258 9.7155734002590162 475.78941848874092 275.04651457071304 42.556948274374008 98.797802746295929 315.14035972952843 377.67581105232239 471.54740756750107 241.38410532474518 305.56162539124489 277.78329581022263 179.94336649775505 160.37538063526154
leaf_count=35800 1186 7525 236 3181 11478 203 2546 1055 1318 2183 2509 1601 2158 17021 8891 1468 5098 71 3477 2010 311 722 2303 2760 3446 1764 2233 2030 1315 1172
internal_value=-1.63142 -1.68434 -1.32457 -1.59817 -1.71309 -1.25887 -1.62407 -1.53954 -1.68538 -1.72673 -1.42594 -1.21025 -1.30451 -1.72982 -1.69314 -1.39417 -1.6425 -1.63129 -1.55967 -1.23191 -1.66124 -1.46415 -1.46215 -1.57615 -1.68059 -1.22586 -1.34067 -1.63551 -1.27881 -1.65465
internal_weight=17662 15063.9 2598.03 3768 11295.9 1576.39 2613.76 1154.24 3726.68 7569.25 1021.64 763.288 813.098 7227.98 3258.82 544.209 1887.69 467.853 911.074 544.209 341.277 243.163 477.431 726.068 1688.18 516.431 337.856 458.137 475.242 1190.09
internal_count=129071 110085 18986 27536 82549 11520 19101 8435 27234 55315 7466 5578 5942 52821 23815 3977 13795 3419 6658 3977 2494 1777 3489 5306 12337 3774 2469 3348 3473 8697
is_linear=0
shrinkage=1


Tree=1
num_leaves=31
num_cat=0
split_feature=3 3 3 2 2 3 3 3 3 2 2 3 2 2 0 2 4 2 2 4 0 2 4 1 2 0 2 1 0 3
split_gain=19973.6 2114 1625.35 308.626 286.827 200.608 163.523 150.202 139.983 87.9224 83.9539 73.5797 51.791 48.2613 40.3051 37.745 37.1935 35.0247 34.9012 32.9884 29.1278 24.282 22.8717 22.2924 20.1274 19.1635 19.1612 18.2618 18.0633 17.4165
threshold=0.11150000000000002 -0.04349999999999999 0.37250000000000005 1.0075000000000001 0.74750000000000016 0.50050000000000006 0.026500000000000003 -0.10449999999999998 0.20050000000000004 0.95900000000000007 1.7360000000000004 0.035500000000000011 0.45900000000000007 1.0000000180025095e-35 3.5000000000000004 0.081000000000000016 -19.874999999999996 2.6475000000000004 1.3825000000000001 -12.708499999999999 4.5000000000000009 2.6475000000000004 -1.7414999999999998 2.5000000000000004 2.1275000000000004 4.5000000000000009 1.7360000000000004 2.5000000000000004 4.5000000000000009 0.044500000000000005
decision_type=2 2 2 2 2 2 2 2 2 2 2 2 2 2 2 2 2 2 2 2 2 2 2 2 2 2 2 2 2 2
left_child=1 4 8 6 7 13 15 16 9 -2 14 17 -10 -4 27 -3 -1 23 -7 -9 -12 -22 -8 -5 -13 26 -11 -6 -17 -26
right_child=2 3 5 11 10 18 22 19 12 25 20 24 -14 -15 -16 28 -18 -19 -20 -21 21 -23 -24 -25 29 -27 -28 -29 -30 -31
leaf_value=-0.10661407322695771 0.066768271893405354 -0.043048708381386969 0.1857568520934062 0.0020948517821525836 -0.039325714807788133 0.27465421790973893 -0.018603110000868582 -0.085172425877544811 0.13348135682182041 0.12548835078591472 0.074149197483500767 0.073156406867272691 0.18259467526837264 0.23674066664105947 -0.061237548725350359 -0.010048071833325458 -0.089898239663369461 0.20034590555092324 0.31353085632076638 -0.062946533197521123 -0.016285372116602297 0.14742576399954085 0.024642150817833618 0.040643658789958438 0.3064234420970261 0.028848286717273748 0.1847885200185353 0.013571133554878585 -0.046832159703589053 0.11954737469762999
leaf_weight=3025.6385269761086 469.90658931434155 1032.7152887731791 238.5798327177763 262.22101858258247 154.02212478220463 813.53062807023525 141.16851353645325 1048.071629345417 606.33947879076004 149.83638052642345 62.403597265481949 386.45664049685001 332.42813491821289 837.1563628911972 882.24395462870598 848.20872178673744 2376.7175222933292 11.493293568491934 322.44795879721642 1840.4924664348364 150.20409962534904 9.6415471285581571 914.94140833616257 350.58103087544441 5.6135519742965689 14.563474878668783 85.628833442926407 113.2569032907486 158.43442624807358 44.693873524665833
leaf_count=23756 3241 7791 1485 1894 1168 4683 1020 8111 3942 1012 454 2662 2102 4994 6737 6301 18504 79 1780 14072 1102 65 6575 2506 39 98 556 849 1191 302
internal_value=-0.000522705 -0.0567576 0.200262 0.00287644 -0.0824099 0.256382 -0.0130771 -0.089418 0.125433 0.0922596 -0.0400533 0.0494183 0.150873 0.225433 -0.0509311 -0.029617 -0.0992601 0.0273922 0.285689 -0.0710109 0.0162091 -0.00641067 0.0188616 0.0241484 0.0809017 0.140168 0.147053 -0.0169112 -0.0158375 0.1404
internal_weight=17689.6 13819.2 3870.42 4156.53 9662.69 2211.71 3095.47 8290.92 1658.7 719.935 1371.77 1061.06 938.768 1075.74 1149.52 2039.36 5402.36 624.295 1135.98 2888.56 222.249 159.846 1056.11 612.802 436.764 250.029 235.465 267.279 1006.64 50.3074
internal_count=129071 105178 23893 30360 74818 12942 22878 64443 10951 4907 10375 7482 6044 6479 8754 15283 42260 4479 6463 22183 1621 1167 7595 4400 3003 1666 1568 2017 7492 341
is_linear=0
shrinkage=0.1


Tree=2
num_leaves=31
num_cat=0
split_feature=3 3 3 2 2 3 3 3 4 3 2 2 2 4 2 2 2 3 4 0 2 3 3 4 1 2 4 2 3 4
split_gain=14993.1 1620.14 1228.46 285.071 219.873 134.815 116.379 108.565 100.648 79.1848 63.8975 42.1922 39.5335 37.1802 33.7036 31.6888 28.8468 27.7498 27.5497 27.3637 26.7461 24.9947 22.0275 21.9988 21.318 16.8768 16.2894 15.3356 15.1387 15.0339
threshold=0.08950000000000001 -0.060499999999999991 0.36050000000000004 0.74750000000000016 0.7875000000000002 0.47550000000000003 0.20050000000000004 0.023500000000000004 -12.024999999999997 0.014500000000000001 0.95900000000000007 1.5225000000000002 1.6060000000000001 -4.8914999999999997 0.66100000000000014 -0.19749999999999998 1.0000000180025095e-35 0.56950000000000001 8.3415000000000017 3.5000000000000004 1.8140000000000003 -0.12049999999999998 -0.11349999999999999 38.758500000000005 2.5000000000000004 -0.43249999999999994 8.6585000000000019 1.6990000000000001 0.13250000000000003 16.708500000000004
decision_type=2 2 2 2 2 2 2 2 2 2 2 2 2 2 2 2 2 2 2 2 2 2 2 2 2 2 2 2 2 2
left_child=1 4 6 7 8 16 10 13 21 12 -2 19 18 25 -7 -8 -4 -16 -5 -6 -11 -1 -10 -17 27 -3 -20 -12 -26 -29
right_child=2 3 5 9 11 14 15 -9 22 20 24 -13 -14 -15 17 23 -18 -19 26 -21 -22 -23 -24 -25 28 -27 -28 29 -30 -31
leaf_value=-0.10202614337472378 0.053793419254785563 -0.070630582454596788 0.14220731929296873 -0.021283407179263161 -0.016245330358235728 0.19894499744107624 0.095061757496643737 0.005532893916716207 -0.083569318901074718 0.041831395205640311 0.057063052134023962 -0.0081666244488883023 0.043919699377650799 -0.027888601600017573 0.2142889090877915 0.12003962437327015 0.1809282095079722 0.24817734720350271 0.17278005656028239 -0.062304285839517332 0.092148810465621372 -0.086196997295656053 -0.064354334215713585 0.15935401316164671 0.10074258081143608 -0.041864953183251903 0.01630689591545844 -0.015105420410257552 0.15102944511383273 0.16747606839978879
leaf_weight=3332.657944470644 671.62168937921524 357.0473917722702 255.42262902855873 422.78023092448711 163.76727412641048 588.16868117451668 318.43676915764809 794.92567622661591 1022.3696322888136 548.91685815155506 112.55964107811451 297.06485655903816 210.66664637625217 1513.0294789969921 548.27057082951069 406.15585796535015 779.78982169926167 432.04359863698483 6.8401520997285834 607.36091704666615 130.81409963965416 1423.6948207169771 1432.5820348709822 219.11415880918503 135.97726567089558 475.69167867302895 243.29393009841442 5.4514064788818386 106.95440958440304 26.109490931034088
leaf_count=28133 4503 2830 1445 3137 1258 3004 1931 5701 8434 3748 720 2205 1484 11667 2746 2373 4130 2089 50 4868 854 11803 11513 1268 853 3719 1770 34 646 155
internal_value=-0.000911707 -0.0559023 0.154094 -0.00903731 -0.0825286 0.199384 0.0952051 -0.0264054 -0.0888006 0.0258552 0.0724436 -0.0401872 0.00611537 -0.0372285 0.21787 0.120739 0.171374 0.229224 -0.00571989 -0.0525226 0.051515 -0.0972881 -0.0723565 0.133817 0.104806 -0.0541986 0.0205858 0.0743361 0.122882 0.135939
internal_weight=17589.6 12983.5 4606.08 4704.01 8279.5 2603.7 2002.38 3140.69 7211.3 1563.31 1058.67 1068.19 883.581 2345.77 1568.48 943.707 1035.21 980.314 672.914 771.128 679.731 4756.35 2454.95 625.27 387.052 832.739 250.134 144.121 242.932 31.5609
internal_count=129071 103174 25897 34960 68214 13414 12483 23917 59883 11043 6911 8331 6441 18216 7839 5572 5575 4835 4957 6126 4602 39936 19947 3641 2408 6549 1820 909 1499 189
is_linear=0
shrinkage=0.1


Tree=3
num_leaves=31
num_cat=0
split_feature=3 3 3 2 2 4 3 3 3 3 2 2 2 3 3 2 2 0 2 0 2 2 2 0 2 2 3 4 2 0
split_gain=11643.2 1369.63 931.531 217.964 207.289 98.558 97.6242 95.1475 84.2024 64.5178 52.4821 35.7734 33.1453 31.8271 29.4322 27.5829 25.9242 25.467 22.9869 22.8972 19.1641 18.3179 17.7417 17.2787 14.914 14.0917 13.7852 18.6212 14.2701 14.7862
threshold=0.079500000000000015 -0.061499999999999992 0.36050000000000004 0.67250000000000021 0.7875000000000002 -19.874999999999996 0.20050000000000004 0.50050000000000006 -0.020499999999999997 -0.020499999999999997 1.0575000000000003 1.5225000000000002 1.3825000000000001 -0.095499999999999988 0.044500000000000005 1.256 0.41250000000000003 3.5000000000000004 -0.58899999999999986 4.5000000000000009 -0.41099999999999992 1.7740000000000002 2.3060000000000005 4.5000000000000009 1.9525000000000003 -0.34749999999999992 -0.13949999999999999 -22.508499999999994 2.6475000000000004 5.5000000000000009
decision_type=2 2 2 2 2 2 2 2 2 2 2 2 2 2 2 2 2 2 2 2 2 2 2 2 2 2 2 2 2 2
left_child=1 4 6 8 5 -1 10 16 19 12 -2 17 -5 -7 -10 -11 -4 -6 -8 20 -3 25 -14 -12 -20 -9 -13 -28 29 -29
right_child=2 3 7 9 11 13 18 21 14 15 23 26 22 -15 -16 -17 -18 -19 24 -21 -22 -23 -24 -25 -26 -27 27 28 -30 -31
leaf_value=-0.099410380862225867 0.045047378998659751 -0.058012367283117365 0.13002998966358134 -0.027808826567750872 -0.013833624203138587 -0.081742409818680334 0.068964153927244823 0.12651669973410287 -0.018828999896152367 0.017267843018600678 0.093546702310946847 -0.047210338665961221 0.013904656553464921 -0.062402561421287916 0.01355709957906503 0.04855356793848311 0.15744301484405884 -0.059085755507680852 0.10563006906048789 -0.072882646418937311 -0.029698313242868452 0.21010413379304138 0.11561524773643315 0.013291570736592965 0.17334583803161308 0.1799860573100984 0.089066226728683306 0.01142337659792458 0.12081603264843391 -0.045103521312708228
leaf_weight=2965.5808972641826 835.36608497798443 359.99817161262035 603.01368916034698 356.16492717713118 158.52761676162481 2446.7645618095994 179.88831847906113 51.461554825305939 1210.8408305495977 598.42477785050869 398.31774485111237 68.606595441699028 163.94487653672695 1304.6489635854959 365.26056337356567 532.61962226033211 806.1962605714798 577.1105420216918 793.92804156243801 248.86158883571625 711.50192990899086 204.00986602902412 19.153570279479027 28.76384924352169 33.914153173565865 1167.6644167304039 23.092233777046204 114.76846507191658 8.529331758618353 77.538715407252312
leaf_count=26937 5449 2983 3066 2740 1232 21571 1034 248 9264 4197 2331 520 1173 11028 2603 3515 3885 4837 4357 2068 5673 896 123 177 181 5319 174 850 53 587
internal_value=-0.00113549 -0.0537749 0.125879 -0.010339 -0.0793859 -0.0857865 0.0781534 0.164132 -0.0269292 0.0184299 0.059626 -0.0375715 -0.0100331 -0.0750165 -0.0113235 0.0320006 0.145713 -0.0493341 0.101364 -0.0455576 -0.0392112 0.18237 0.0245444 0.0881415 0.108404 0.177729 -0.00799202 0.00402357 -0.00575466 -0.0113684
internal_weight=17414.5 12311.9 5102.52 4566.77 7745.17 6716.99 2270.18 2832.35 2896.46 1670.31 1262.45 1028.17 539.263 3751.41 1576.1 1131.04 1409.21 735.638 1007.73 1320.36 1071.5 1423.14 183.098 427.082 827.842 1219.13 292.535 223.929 200.837 192.307
internal_count=129071 102128 26943 34339 67789 59536 13529 13414 22591 11748 7957 8253 4036 32599 11867 7712 6951 6069 5572 10724 8656 6463 1296 2508 4538 5567 2184 1664 1490 1437
is_linear=0
shrinkage=0.1


Tree=4
num_leaves=31
num_cat=0
split_feature=3 3 3 2 2 3 3 4 3 1 2 3 2 2 2 1 4 2 2 0 0 4 3 4 2 3 2 4 2 4
split_gain=9219.43 1152.73 784.944 206.308 166.084 96.5669 93.4496 85.9099 79.1093 47.8127 44.9165 34.4741 28.9802 28.5622 25.9186 25.2331 24.9832 22.9356 22.7732 21.1901 20.5841 19.1232 18.5123 16.2588 15.9676 15.7392 14.5584 13.7675 12.6046 12.5273
threshold=0.067500000000000018 -0.072499999999999981 0.33750000000000008 0.74750000000000016 1.1610000000000003 0.47550000000000003 -0.020499999999999997 -12.024999999999997 0.15850000000000003 2.5000000000000004 1.6990000000000001 -0.018499999999999996 -0.088999999999999982 0.45900000000000007 -0.80099999999999993 2.5000000000000004 7.3750000000000009 1.0000000180025095e-35 2.1275000000000004 4.5000000000000009 5.5000000000000009 26.008500000000002 -0.13549999999999998 -2.4084999999999996 1.3590000000000002 -0.12349999999999998 1.3825000000000001 -22.508499999999994 -0.46749999999999997 29.225000000000005
decision_type=2 2 2 2 2 2 2 2 2 2 2 2 2 2 2 2 2 2 2 2 2 2 2 2 2 2 2 2 2 2
left_child=1 4 8 6 7 17 12 14 10 11 -2 -5 -3 21 -1 28 24 -4 20 -14 -6 -10 -16 -8 -11 -9 -17 -20 -7 -18
right_child=2 3 5 9 18 15 23 25 13 16 -12 -13 19 -15 22 26 29 -19 27 -21 -22 -23 -24 -25 -26 -27 -28 -29 -30 -31
leaf_value=-0.10129470892245543 0.035160999392093738 -0.0574098446457664 0.095162979708829754 -0.029017336814451677 -0.009542534377019532 0.080039418473141652 -0.028054133594322725 -0.077871224261465255 0.04652327484101261 -0.0087570409257142472 0.090440481082879248 0.014709684963631016 -0.023606645623589884 0.09917535351885183 -0.092307550013298906 0.15386335364760451 0.043601390196001559 0.12463880533201269 0.13895310700748473 -0.061632597658044685 -0.053599136617189319 0.079538394972298754 -0.074928442641860091 -0.0049158906006587129 0.031622759969883139 -0.059903761640417996 0.17875469443846201 0.01333846125310121 0.1408664204688472 0.11296541028064409
leaf_weight=1639.323541842401 1027.4901011884212 901.30738262832165 357.11821137368679 309.66457356512547 225.45749017596245 35.809777036309242 416.02915401756763 779.02969684451818 277.24509756267071 179.58243671059608 171.5237880051136 431.58443437516689 680.08628635853529 453.08002708852291 1489.0800984576344 722.3243203163147 402.96500131487846 1012.2444766014814 10.762958586215971 186.79635237157345 200.23668491840363 477.79584746062756 1041.6993779093027 1124.6475876420736 215.37631285190582 1302.9850039556623 348.26347756385803 46.083453133702278 700.03399965167046 27.835422202944756
leaf_count=15933 6527 7833 1795 2425 1805 166 3262 7212 1590 1327 946 2934 5559 2383 14475 3157 2680 4703 75 1635 1653 2626 9839 8467 1452 11594 1465 323 3051 179
internal_value=-0.00126516 -0.0520431 0.104335 -0.0150119 -0.0788537 0.13698 -0.0291674 -0.0832164 0.0612662 0.0148789 0.043069 -0.00355774 -0.0448545 0.0793264 -0.0914992 0.152162 0.0314286 0.116952 -0.0223271 -0.0318005 -0.0302657 0.0674155 -0.0851541 -0.0111639 0.0132626 -0.0666267 0.161961 0.0371216 0.137906 0.0480832
internal_weight=17193.5 11610.5 5582.93 4875.87 6734.66 3175.79 3308.87 6252.12 2407.13 1567.01 1199.01 741.249 1768.19 1208.12 4170.1 1806.43 825.759 1369.36 482.541 866.883 425.694 755.041 2530.78 1540.68 394.959 2082.01 1070.59 56.8464 735.844 430.8
internal_count=129071 100662 28409 37753 62909 14337 26756 59053 14072 10997 7473 5359 15027 6599 40247 7839 5638 6498 3856 7194 3458 4216 24314 11729 2779 18806 4622 398 3217 2859
is_linear=0
shrinkage=0.1


Tree=5
num_leaves=31
num_cat=0
split_feature=3 3 3 2 2 3 4 4 2 3 3 2 3 3 2 2 3 4 2 0 4 4 0 2 2 2 4 2 2 0
split_gain=7495.48 985.414 649.949 164.115 157.657 109.787 74.9943 60.4943 43.5702 43.0399 35.7684 35.4134 30.3494 24.03 23.2503 19.7778 19.4628 18.2476 18.0663 14.4934 13.3993 12.9053 12.8175 12.5997 11.1925 10.2047 9.65631 11.4918 9.55157 9.46489
threshold=0.059500000000000004 -0.072499999999999981 0.28250000000000003 0.60100000000000009 0.69750000000000012 0.42250000000000004 -20.591499999999996 -1.0914999999999997 1.3825000000000001 -0.0034999999999999996 0.56050000000000011 1.4275000000000002 0.14050000000000004 -0.12049999999999998 1.1260000000000001 1.5775000000000003 -0.020499999999999997 -12.241499999999998 2.3060000000000005 4.5000000000000009 26.775000000000002 4.9750000000000005 4.5000000000000009 1.3175000000000001 1.6675000000000002 -0.27749999999999997 8.6585000000000019 0.89900000000000013 0.23100000000000004 1.5000000000000002
decision_type=2 2 2 2 2 2 2 2 2 2 2 2 2 2 2 2 2 2 2 2 2 2 2 2 2 2 2 2 2 2
left_child=1 4 8 7 6 14 29 17 12 18 24 22 -2 -8 -4 -11 -9 -3 19 23 -13 -10 -6 -5 -7 -15 27 -14 -12 -1
right_child=2 3 5 9 11 10 13 16 21 15 28 20 26 25 -16 -17 -18 -19 -20 -21 -22 -23 -24 -25 -26 -27 -28 -29 -30 -31
leaf_value=0.076026996912560652 0.027099213136460187 -0.062357592218070114 0.084306847249742217 -0.0089963943963463373 -0.034495411236051619 0.11573847853802138 -0.081843893201759665 -0.029853720711822729 3.2852303339486718e-05 0.016578748897244668 0.11592503262651191 -0.012699049408069077 -0.0092434829148070607 -0.072350127212060675 0.12481071264898512 0.053270696055218836 -0.0066069721943090619 -0.037659773566963928 0.064249390986521979 -0.026607046032580163 0.21054306128541933 0.07767289740557097 -0.062766990439558953 0.021501823011731581 0.14359677421526459 -0.056239791995196554 0.055429933531233627 0.17856388811306473 0.1482940587589818 -0.096384749373241652
leaf_weight=3.1883223205804816 934.87406635284424 435.16531895846128 1034.8075995892286 457.85486890375614 259.84519224613905 1513.7531029134989 1416.3472234681249 619.5110697299242 22.496046125888824 597.60720090568066 104.85356168448925 297.16396041214466 38.852234929800034 749.35568442940712 164.21090789139271 194.78874209523201 860.24342434108257 957.09107144922018 35.570627376437187 297.93324758112431 2.7131623029708853 443.05288913846016 418.86120370775461 192.37692990899086 159.40343587100506 827.19933163374662 828.12748213112354 3.5563137978315345 698.16493552923203 2383.9054628014565
leaf_count=33 6002 3951 4963 3541 2273 6546 14300 5290 130 4054 443 2327 230 7238 748 1199 6539 8129 217 2323 19 2347 3930 1333 665 7836 4538 20 2867 25153
internal_value=-0.00176367 -0.0506365 0.0887031 -0.0156403 -0.0762188 0.114692 -0.0829344 -0.030417 0.0466443 0.00825378 0.126719 -0.0392982 0.0396106 -0.0723902 0.089854 0.0255985 -0.0163394 -0.0453794 -0.00571731 -0.00834213 -0.0106792 0.0739212 -0.0519431 2.67777e-05 0.118393 -0.0638972 0.0530466 0.00650575 0.144067 -0.0961545
internal_weight=16952.9 11006.7 5946.15 4648.14 6358.58 3675.19 5380 2872.01 2270.96 1776.13 2476.18 978.584 1805.41 2992.9 1199.02 792.396 1479.75 1392.26 983.736 948.165 299.877 465.549 678.706 650.232 1673.16 1576.56 870.536 42.4085 803.018 2387.09
internal_count=129184 99685 29499 36576 63109 16232 54560 23909 13267 12667 10521 8549 10790 29374 5711 5253 11829 12080 7414 7197 2346 2477 6203 4874 7211 15074 4788 250 3310 25186
is_linear=0
shrinkage=0.1


Tree=6
num_leaves=31
num_cat=0
split_feature=3 3 3 2 2 3 4 2 4 3 4 2 2 2 3 3 3 1 3 4 2 1 3 0 3 3 3 0 2 4
split_gain=6092.81 744.483 659.266 145.882 126.746 95.0945 67.4155 43.7538 41.9583 39.5021 33.0348 27.7894 22.644 21.8456 19.3838 19.3386 17.5247 13.9122 20.1849 18.3673 13.9 13.1265 12.5106 12.4022 12.1276 11.9802 11.6707 10.5539 10.106 10.0335
threshold=0.038500000000000006 -0.077499999999999986 0.28250000000000003 0.69750000000000012 0.60100000000000009 0.47550000000000003 -19.174999999999997 1.3825000000000001 -11.341499999999998 0.14050000000000004 -1.0914999999999997 1.276 1.1090000000000002 1.8560000000000001 -0.045499999999999992 -0.12549999999999997 0.56050000000000011 2.5000000000000004 -0.14049999999999999 -27.041499999999996 0.21100000000000002 2.5000000000000004 0.099500000000000019 1.5000000000000002 -0.036499999999999991 0.42250000000000004 -0.045499999999999992 4.5000000000000009 -0.19749999999999998 -0.65849999999999997
decision_type=2 2 2 2 2 2 2 2 2 2 2 2 2 2 2 2 2 2 2 2 2 2 2 2 2 2 2 2 2 2
left_child=1 3 7 6 8 12 -1 9 23 20 21 27 25 24 28 -8 -7 -13 -19 -20 -2 -6 -9 26 -12 -4 -3 -5 -10 -16
right_child=2 4 5 11 10 16 15 22 14 -11 13 17 -14 -15 29 -17 -18 18 19 -21 -22 -23 -24 -25 -26 -27 -28 -29 -30 -31
leaf_value=-0.092932219866399157 0.0073178043058558422 0.13374866256216308 0.073366991518348093 -0.033841464168208234 -0.033090899799276645 0.10772525918399144 -0.079494584347490321 0.04487424787588664 -0.053190370618555693 0.046411636384488253 -0.011349398935831534 -0.0473038716973209 0.10826346876663065 0.047561050012799859 -0.030525349499927381 -0.061597632468641278 0.12714383788935565 -0.04388204995667 0.14946078476850971 0.0078927499582077468 0.027879717074293348 -0.00033460601355727503 0.074567414194361789 -0.060064215826009792 0.013830448242651902 0.092239707661478237 -0.062143919988185248 -0.062876888102399733 -0.029372172440012997 -0.013482356292699114
leaf_weight=2404.0471890568733 563.07846938073635 6.4857951030135155 1062.748232960701 204.52507885545492 275.46544773131609 1076.1790079474449 1068.0741155818105 260.12597215175629 316.55245182663202 894.02363207936287 263.96483469009399 100.21225636452436 327.73315931856632 153.2286578565836 549.77092116326094 1388.8661536797881 817.99582895636559 83.967951335012913 9.6938842609524709 167.85922434180975 790.06819318234921 220.07706377655268 312.18938276171684 517.89174779504538 694.64967269450426 492.10014826059341 5.7266510054469091 322.71024060994387 407.40693631768227 929.38046980649233
leaf_count=27305 3752 64 4937 1860 2228 4453 11467 1465 2966 4788 2081 845 1407 948 4679 14027 3310 699 75 1331 5056 1633 1541 4957 4820 2125 52 3221 3638 7454
internal_value=-0.00175976 -0.0506152 0.0729765 -0.0742152 -0.0193524 0.100292 -0.0810268 0.036387 -0.0324568 0.0301003 0.00293032 -0.0369685 0.0843753 0.012501 -0.0263791 -0.0693777 0.116111 -0.0156231 -0.00348331 0.015622 0.0193234 -0.0185434 0.0610714 -0.0577154 0.00689691 0.0793401 0.0418909 -0.0516135 -0.0397867 -0.0198169
internal_weight=16686.8 10090.6 6596.24 5749.96 4340.6 3776.76 4860.99 2819.49 2733.21 2247.17 1607.39 888.969 1882.58 1111.84 2203.11 2456.94 1894.17 361.733 261.521 177.553 1353.15 495.543 572.315 530.104 958.615 1554.85 12.2124 527.235 723.959 1479.15
internal_count=129184 96350 32834 60830 35520 16232 52799 16602 23810 13596 11710 8031 8469 7849 18737 25494 7763 2950 2105 1406 8808 3861 3006 5073 6901 7062 116 5081 6604 12133
is_linear=0
shrinkage=0.1


Tree=7
num_leaves=31
num_cat=0
split_feature=3 3 3 4 2 3 4 2 2 2 3 2 3 2 2 2 3 4 1 1 0 3 4 2 2 3 2 4 4 2
split_gain=4975.9 682.435 523.119 127.581 117.145 81.6559 55.2964 53.4464 36.9355 34.0596 32.7804 26.9649 19.2183 18.8209 18.6655 17.8398 15.6726 13.9126 12.5309 10.969 10.7212 10.4418 10.2406 10.0608 10.0305 9.68811 9.66129 9.80508 9.36449 9.21352
threshold=0.038500000000000006 -0.08649999999999998 0.28250000000000003 -1.0914999999999997 0.68600000000000017 0.47550000000000003 -21.291499999999996 0.60100000000000009 0.10100000000000002 1.0910000000000004 0.14050000000000004 1.4275000000000002 -0.033499999999999995 1.8140000000000003 -0.29749999999999993 1.1090000000000002 0.60250000000000015 13.325000000000001 2.5000000000000004 2.5000000000000004 5.5000000000000009 -0.035499999999999997 -1.7414999999999998 -0.022499999999999996 -1.5289999999999997 0.42250000000000004 2.0040000000000004 26.775000000000002 39.591500000000003 -1.8474999999999999
decision_type=2 2 2 2 2 2 2 2 2 2 2 2 2 2 2 2 2 2 2 2 2 2 2 2 2 2 2 2 2 2
left_child=1 4 9 8 6 15 -1 21 12 10 22 -6 24 17 -8 25 19 -9 20 -7 -10 -5 -2 -18 -3 -4 -11 -28 -24 -23
right_child=2 3 5 7 11 16 14 13 18 26 -12 -13 -14 -15 -16 -17 23 -19 -20 -21 -22 29 28 -25 -26 -27 27 -29 -30 -31
leaf_value=-0.092590654826479976 -0.015568060399152131 -0.087112923160190828 0.064273119873831427 -0.029311860078416921 -0.049998073464523646 0.088608164811169621 -0.078464598621627676 -0.0034445140607088686 -0.025673191076938301 0.043179975460398985 0.040196573831718582 -0.0095147570055147904 -0.030868582311362247 0.040487543563730216 -0.060511300645943761 0.094929430619598562 0.059050316451097012 0.021442441929066487 -0.0075091972851412106 0.10579826817577538 -0.059543022969075834 0.12417202697671892 0.016450169292837363 0.12483023610713784 -0.054014889165860669 0.081045606131991438 0.051659426833184953 0.098964434825659503 0.12886947015266867 -0.012212700800512538
leaf_weight=1894.9658741056919 104.42387723922729 104.78691705316305 1090.2178403884172 534.79636204242706 537.87869901955128 645.98388241231441 1167.2846804559231 638.24230191856623 539.15976211428642 661.78525780141354 836.25066646933556 237.03758167475462 373.09442593157291 179.92382142692804 1149.2465335279703 335.90903078019619 24.789706200361252 346.62055934220552 325.00924508273602 872.64909964799881 113.05570756644011 4.9832118898630133 1072.2455716282129 374.63705152273178 725.53594849258661 503.40300430357456 121.09956552088261 68.658565893769264 7.4612918347120276 824.99619963765144
leaf_count=23329 737 1107 4937 4935 5384 2631 13176 4705 4731 3548 4400 1902 3300 1096 12695 1407 101 2426 2574 3530 1050 41 6936 1501 7280 2125 613 322 46 6619
internal_value=-0.00173201 -0.047563 0.0644046 -0.0202673 -0.0733468 0.0885105 -0.0799215 -0.00498659 -0.037993 0.0321093 0.0250393 -0.0376147 -0.0497209 0.0107476 -0.0695578 0.0739859 0.103122 0.0053144 -0.0235506 0.0984861 -0.0315442 -0.0184151 0.014335 0.120748 -0.0581919 0.0695713 0.0488837 0.0687754 0.017227 -0.0113938
internal_weight=16416.1 9696.62 6719.51 4710.2 4986.41 3847.59 4211.5 2529.56 2180.64 2871.92 2020.38 774.916 1203.42 1164.79 2316.53 1929.53 1918.06 984.863 977.225 1518.63 652.215 1364.78 1184.13 399.427 830.323 1593.62 851.543 189.758 1079.71 829.979
internal_count=129184 96350 32834 39864 56486 16232 49200 19822 20042 16602 12119 7286 11687 8227 25871 8469 7763 7131 8355 6161 5781 11595 7719 1602 8387 7062 4483 935 6982 6660
is_linear=0
shrinkage=0.1


Tree=8
num_leaves=31
num_cat=0
split_feature=3 3 3 4 2 4 3 3 2 2 2 2 3 1 2 2 2 1 3 4 0 4 4 3 3 2 3 2 2 0
split_gain=4076.62 626.9 426.651 115.626 109.958 52.2233 48.2427 48.01 44.294 33.1725 27.5009 26.0366 17.9631 17.4944 16.8992 14.8601 12.6295 11.6885 11.9295 10.8761 10.4975 9.91339 12.2822 9.76308 9.46949 11.7563 9.43485 9.86157 9.42957 9.91096
threshold=0.038500000000000006 -0.089499999999999982 0.34950000000000003 -1.0914999999999997 0.68600000000000017 -21.541499999999996 0.15850000000000003 0.50850000000000006 0.60100000000000009 0.10100000000000002 1.1975000000000002 1.4275000000000002 -0.033499999999999995 2.5000000000000004 -0.29749999999999993 1.0740000000000001 0.23100000000000004 2.5000000000000004 -0.05149999999999999 -1.7414999999999998 2.5000000000000004 39.591500000000003 41.858500000000006 -0.0034999999999999996 0.61550000000000005 0.011000000000000001 -0.020499999999999997 -0.16899999999999998 -1.696 1.5000000000000002
decision_type=2 2 2 2 2 2 2 2 2 2 2 2 2 2 2 2 2 2 2 2 2 2 2 2 2 2 2 2 2 2
left_child=1 4 6 9 5 -1 10 15 26 12 19 -6 28 -10 -7 -4 20 18 -11 -2 -8 -21 -23 -15 -9 -26 27 -5 -3 -30
right_child=2 3 7 8 11 14 16 24 13 17 -12 -13 -14 23 -16 -17 -18 -19 -20 21 -22 22 -24 -25 25 -27 -28 -29 29 -31
leaf_value=-0.090816666021648382 -0.016270974010975044 -0.086373392163027349 0.066949559124637459 -0.039899254299318197 -0.048112786958188006 -0.076194377959926729 0.039580316176959604 0.091907526522448768 -0.0029298432001350024 -0.044159834003245406 0.040326533120396066 -0.0072141916453776853 -0.028461541539328863 0.010749572635401527 -0.058387689316506501 0.087937710412027748 0.056070585744699475 -0.0071652064630852138 -0.017241581451009361 0.016180005490181185 -0.025357228276941531 0.2340445821353217 0.025317447675094969 0.03663966054103527 0.039039182732114999 0.11751799425437948 -0.0081645194134712037 -0.01580769279422942 0.052453738031732311 -0.052702042589147895
leaf_weight=1712.18824762851 106.22373235225677 86.02818688005209 1450.8337011039257 270.97715973109007 499.49518791586161 1074.9253105670214 758.93282274901867 1191.3737258166075 582.57576648890972 315.86427947878838 585.03526359796524 226.12318050861359 364.64225059002638 354.73380483686924 1057.0922631844878 439.54744219779968 679.8693271279335 333.78659778088331 343.87408836185932 1270.8942178189754 25.738107159733772 4.6830816268920881 7.083050936460495 247.12025536596775 20.531677350401878 271.51141931116581 643.3424658998847 455.54743080586195 9.0701926499605161 757.82745975255966
leaf_count=22772 754 985 6109 2620 5209 12983 3775 4784 4306 3101 3076 1828 3300 2486 12321 1785 3176 2674 2917 7998 137 27 40 1542 83 1090 5098 4125 90 7993
internal_value=-0.00168627 -0.0446084 0.0571323 -0.0192316 -0.0710712 -0.0778105 0.0323428 0.082397 -0.00473897 -0.0359737 0.02214 -0.0353676 -0.0470381 0.00942292 -0.0673655 0.0718297 0.0460942 -0.0224142 -0.0301293 0.0144793 0.0374503 0.0170259 0.108394 0.02138 0.0958633 0.112001 -0.0169838 -0.0247933 -0.05498 -0.0514584
internal_weight=16147.5 9335.21 6812.26 4765.39 4569.82 3844.21 3438.46 3373.8 2554.3 2211.09 1973.92 725.618 1217.57 1184.43 2132.02 1890.38 1464.54 993.525 659.738 1388.88 784.671 1282.66 11.7661 601.854 1483.42 292.043 1369.87 726.525 852.926 766.898
internal_count=129184 96350 32834 41237 55113 48076 18983 13851 20177 21060 11895 7037 12368 8334 25304 7894 7088 8692 6018 8819 3912 8065 67 4028 5957 1173 11843 6745 9068 8083
is_linear=0
shrinkage=0.1


Tree=9
num_leaves=31
num_cat=0
split_feature=3 3 3 2 2 3 3 4 1 4 2 2 0 0 2 2 2 3 2 2 0 0 4 2 0 4 0 3 0 2
split_gain=3376.71 537.938 384.843 86.3829 84.3818 62.559 59.6896 36.1662 31.2577 26.9317 26.0714 24.5741 19.4324 19.0563 18.5083 16.3275 13.8283 13.8223 12.4863 12.2114 11.3888 10.6571 13.8907 10.4188 10.2845 12.9841 17.0214 10.1119 9.94474 13.4045
threshold=-0.0024999999999999996 0.28250000000000003 -0.10349999999999998 0.30400000000000005 0.091000000000000011 0.47550000000000003 0.059500000000000004 -21.541499999999996 2.5000000000000004 -6.9249999999999989 0.74750000000000016 1.276 1.5000000000000002 4.5000000000000009 0.9910000000000001 1.0575000000000003 0.45900000000000007 0.56050000000000011 -0.55249999999999988 -1.5289999999999997 4.5000000000000009 5.5000000000000009 -27.591499999999996 2.6475000000000004 5.5000000000000009 -31.758499999999994 4.5000000000000009 -0.019499999999999997 1.5000000000000002 -0.56399999999999983
decision_type=2 2 2 2 2 2 2 2 2 2 2 2 2 2 2 2 2 2 2 2 2 2 2 2 2 2 2 2 2 2
left_child=2 6 3 7 9 16 10 -1 13 12 -2 24 -4 -6 -10 28 -3 -7 -9 -14 -20 22 -13 -16 25 26 -5 -21 29 -8
right_child=1 5 4 11 8 17 15 18 14 -11 -12 21 19 -15 23 -17 -18 -19 20 27 -22 -23 -24 -25 -26 -27 -28 -29 -30 -31
leaf_value=-0.092052562122715315 -0.0063676999297456295 0.050160475448561163 0.053851323615402291 0.36869463898038246 -0.01592300442536183 0.0759049181493473 0.014230386733760536 -0.080070326825771393 -0.016508289767563789 -0.030870140864310336 0.018838466814537116 0.16538382094015455 -0.083627438912615412 -0.041730547775879111 0.010871209393067592 0.040732863705563088 0.066855907801564571 0.093027283890043749 -0.051908895461782061 -0.054687391286307174 -0.076963391127730832 -0.036229401106067004 -0.0013441428050246288 0.092435691074360407 -0.069594422959757984 -0.047048043250752139 0.0030105685314780022 -0.0087924895726234978 0.015460879944143878 0.040495636475701216
leaf_weight=1387.4554285928607 981.1462834700942 1066.1696015000343 16.223667740821838 1.6714324802160252 983.35487148165703 1108.2077228724957 307.1623527854681 601.74452275037766 351.42557211965322 942.38620693981647 705.34375265240669 5.2703097537159911 141.38669993728399 403.52796365320683 473.45629627257586 765.48603123426437 927.84758457541466 820.56569840013981 503.55483979731798 751.74597454816103 283.61474231630564 125.91757728159428 96.353164531290531 16.196590840816498 276.96914269030094 410.79042872041464 5.3378758504986763 51.281644254922867 844.69259090721607 528.85447768867016
leaf_count=19966 7630 4639 166 21 8638 4453 1687 7850 3143 9279 4370 41 1763 4054 3426 3800 3830 3310 6261 8617 3619 1103 808 84 3489 4814 69 474 5070 2710
internal_value=-0.00162941 0.0438252 -0.0483949 -0.071825 -0.0274168 0.0703492 0.0186483 -0.0806332 -0.0142079 -0.042881 0.00417432 -0.04531 -0.0546637 -0.023432 0.00100199 0.0286271 0.0579291 0.0831894 -0.0692259 -0.0565279 -0.060936 -0.0167873 0.00730256 0.0135692 -0.0546514 -0.0447453 0.0902112 -0.0517565 0.0231135 0.0308455
internal_weight=15885.1 8055.48 7829.66 3698.68 4130.99 3922.79 4132.69 2776.37 2227.96 1903.02 1686.49 922.31 960.638 1386.88 841.078 2446.2 1994.02 1928.77 1388.91 944.414 787.17 227.541 101.623 489.653 694.769 417.8 7.00931 803.028 1680.71 836.017
internal_count=129184 41499 87685 48041 39644 16232 25267 37696 19345 20299 12000 10345 11020 12692 6653 13267 8469 7763 17730 10854 9880 1952 849 3510 8393 4904 90 9091 9467 4397
is_linear=0
shrinkage=0.1


Tree=10
num_leaves=31
num_cat=0
split_feature=3 3 3 2 2 3 3 2 4 2 4 1 2 0 3 2 2 2 0 3 2 3 4 0 4 2 0 4 2 4
split_gain=2803.91 508.321 280.371 79.5969 72.4455 69.426 55.7987 41.2884 33.2449 29.018 23.6345 21.4231 19.4185 17.783 15.4904 14.8903 13.1107 12.4119 11.3175 11.2554 11.2547 10.8904 9.61512 9.40702 8.65907 9.2168 8.5056 8.50194 8.35531 15.8008
threshold=-0.020499999999999997 0.26850000000000007 -0.10449999999999998 0.30400000000000005 -0.14899999999999997 0.47550000000000003 0.099500000000000019 0.52900000000000014 -23.024999999999995 1.3375000000000001 2.9415000000000004 2.5000000000000004 1.3825000000000001 5.5000000000000009 -0.14049999999999999 1.3825000000000001 0.25100000000000006 -0.49099999999999994 4.5000000000000009 -0.045499999999999992 -0.55249999999999988 0.044500000000000005 28.391500000000004 1.5000000000000002 -31.391499999999997 0.43600000000000005 2.5000000000000004 -14.524999999999997 2.3060000000000005 -15.708499999999999
decision_type=2 2 2 2 2 2 2 2 2 2 2 2 2 2 2 2 2 2 2 2 2 2 2 2 2 2 2 2 2 2
left_child=2 6 3 8 13 16 7 21 -1 10 18 27 17 19 24 -8 -3 -7 -6 23 -10 -2 28 -4 25 -13 -22 -5 -11 -30
right_child=1 5 4 11 9 12 15 -9 20 22 -12 14 -14 -15 -16 -17 -18 -19 -20 -21 26 -23 -24 -25 -26 -27 -28 -29 29 -31
leaf_value=-0.090654899585513538 -0.011687351048480728 0.040833218943777561 0.018723064678959126 -0.07067830836720658 -0.023446544455545566 0.023069504743962119 0.02419831449078471 0.017364773006230141 -0.077790460441184761 -0.00058596347962924105 -0.0074988973564742642 -0.10797258427312383 0.093429199853698408 -0.084681697701309816 -0.0053906070080414273 0.047753561874385661 0.056751553326788051 0.072103116248434504 -0.043401217125170838 -0.026013721286455068 -0.037475843524539046 0.0064730424433560238 0.11989986239403815 -0.050956114181910456 -0.052511660884399437 0.032207186238110933 -0.064629934765369101 -0.043644696145897569 0.21338168649243558 0.023972741636699022
leaf_weight=1152.2158376201987 1004.7739127576351 914.66810736060143 19.815548986196518 242.85304087400436 696.38454554975033 53.601552322506905 1265.0774519741535 1606.6311668232083 619.08834198117256 350.67591500282288 622.68828602880239 5.8090192377567318 483.5575799793005 118.50630603730679 189.13479643315077 340.62525327503681 1191.2819671183825 1399.2223355174065 480.22597938776016 267.31698624044657 140.70675092190504 491.85863050818443 7.3455210328102103 871.86730445176363 187.53679676353931 24.35730741918087 640.2257269397378 223.30624815821648 5.0135633647441855 36.243903554975986
leaf_count=17951 8339 3980 204 3183 6828 217 6656 10076 8760 2631 5575 86 1977 1561 1908 1551 4902 5624 5227 2733 1818 3254 47 10358 2114 287 8624 2591 32 212
internal_value=-0.0011933 0.036392 -0.0488538 -0.0691587 -0.028846 0.0624044 0.0140622 0.00623198 -0.0780743 -0.0178414 -0.0232533 -0.0430938 0.0760714 -0.0477847 -0.0263254 0.0291952 0.0498378 0.070294 -0.0315909 -0.044012 -0.0677204 -0.00571905 0.00654658 -0.0494077 -0.0445129 0.00521328 -0.0597374 -0.0577283 0.00442214 0.0469895
internal_weight=15652.6 8751.3 6901.32 3425.23 3476.08 4042.33 4708.97 3103.26 2552.24 2198.58 1799.3 872.997 1936.38 1277.51 406.838 1605.7 2105.95 1452.82 1176.61 1159 1400.02 1496.63 399.279 891.683 217.703 30.1663 780.932 466.159 391.933 41.2575
internal_count=129306 46576 82730 47322 35408 16700 29876 21669 37153 20552 17630 10169 7818 14856 4395 8207 8882 5841 12055 13295 19202 11593 2922 10562 2487 373 10442 5774 2875 244
is_linear=0
shrinkage=0.1


Tree=11
num_leaves=31
num_cat=0
split_feature=3 4 3 2 3 2 3 2 1 0 0 0 2 1 2 2 3 3 2 3 2 2 1 2 2 4 4 2 4 4
split_gain=2339.19 451.033 225.071 74.112 72.7928 56.3043 43.1964 27.5275 27.2837 25.1393 23.7768 20.079 17.7881 17.2767 14.1544 12.9807 12.5674 12.0832 12.3592 11.7464 11.6087 11.3268 11.3221 10.5506 10.3557 17.4421 10.1351 10.0628 9.31122 9.25335
threshold=-0.029499999999999995 29.225000000000005 -0.11949999999999998 -0.16899999999999998 0.47550000000000003 0.32600000000000007 0.052500000000000005 0.52900000000000014 2.5000000000000004 5.5000000000000009 4.5000000000000009 3.5000000000000004 0.67250000000000021 2.5000000000000004 1.0575000000000003 -1.0739999999999996 -0.14049999999999999 -0.072499999999999981 1.3590000000000002 0.25350000000000006 -2.4089999999999994 1.276 2.5000000000000004 2.0040000000000004 2.2110000000000007 -6.4749999999999988 12.541500000000001 -0.19749999999999998 7.3750000000000009 8.6585000000000019
decision_type=2 2 2 2 2 2 2 2 2 2 2 2 2 2 2 2 2 2 2 2 2 2 2 2 2 2 2 2 2 2
left_child=2 6 5 9 19 10 7 -2 11 20 15 17 -6 -7 -8 -1 -15 18 -5 23 -4 -18 -9 -3 28 -26 -13 -21 -10 -30
right_child=1 4 3 8 12 13 14 22 24 -11 -12 26 -14 16 -16 -17 21 -19 -20 27 -22 -23 -24 -25 25 -27 -28 -29 29 -31
leaf_value=-0.085591336985490152 -0.0098843757196459339 0.025170117981125131 -0.094869461247570203 -0.035932318411118123 0.056888412097362728 -0.060532794001093806 0.014599985816010096 0.0017088889485360915 -0.015076070404627282 -0.087659721794061951 -0.087240148259168718 -0.040447097432826311 0.076577015693748141 -0.041961396065194258 0.032089969314663909 -0.057109269104600881 -0.02999764751644142 -0.0042760730202414648 0.071657832421128359 0.031561807196772977 -0.043370126504050727 0.035186435871729302 0.021274122670937839 0.06909220727065167 0.11735854215363595 -0.004074627292769124 0.029251576149685862 0.050034279604074465 0.071923514219437157 0.002824005213775752
leaf_weight=221.44922956079245 1254.0116750895977 491.10603280365467 45.433253232389688 264.21796850860119 757.23479868471622 319.68419276177883 1604.750726133585 598.38636337965727 520.62811467796564 157.54734110459685 1211.5081341937184 826.37458112835884 1164.6540338099003 205.15012925863266 650.18759171664715 576.7657641209662 57.3698715493083 393.69135663658381 11.126518025994299 362.60098546743393 1195.9979009479284 49.796834662556648 584.85928412526846 61.544148087501526 18.040582031011581 34.349884569644928 21.403390645980835 1579.3589971810579 22.184131428599358 153.3070877790451
leaf_count=3523 10618 2497 671 2951 3047 4224 9009 4212 4851 2334 19780 9252 4760 2412 3215 8390 694 3554 90 1579 14851 407 3680 274 114 205 190 6512 185 1225
internal_value=-0.00115601 0.0312566 -0.0479742 -0.0319333 0.054193 -0.0702244 0.0096679 0.000438945 -0.0207572 -0.0500303 -0.0784113 -0.0284666 0.0688196 -0.0441907 0.019643 -0.0650111 -0.0274631 -0.015515 -0.0315847 0.0429245 -0.0452549 0.000291247 0.0113797 0.0300614 -0.00513456 0.0377407 -0.0386875 0.0465851 -0.00836139 0.011559
internal_weight=15414.7 9108.69 6306.03 3664.3 4416.5 2641.72 4692.2 2437.26 2265.32 1398.98 2009.72 1516.81 1921.89 632.001 2254.94 798.215 312.317 669.036 275.344 2494.61 1241.43 107.167 1183.25 552.65 748.51 52.3905 847.778 1941.96 696.119 175.491
internal_count=129306 49403 79903 40473 18669 39430 30734 18510 22617 17856 31693 16037 7807 7737 12224 11913 3513 6595 3041 10862 15522 1101 7892 2771 6580 319 9442 8091 6261 1410
is_linear=0
shrinkage=0.1


Tree=12
num_leaves=31
num_cat=0
split_feature=3 3 3 2 3 2 2 4 3 0 2 4 4 2 1 2 2 2 2 4 0 3 0 1 0 0 3 4 2 4
split_gain=1948.44 369.435 209.822 69.0174 61.0346 52.6441 40.7101 25.6808 25.6157 24.5284 23.0278 19.67 18.6306 16.8182 16.7211 12.2417 11.3056 10.203 9.99729 9.6865 12.1079 9.96965 9.66761 9.53349 9.48495 9.40724 8.91762 8.81455 8.67481 8.62999
threshold=-0.029499999999999995 0.22550000000000003 -0.12049999999999998 -0.15899999999999997 0.47550000000000003 0.38100000000000006 0.52900000000000014 -23.024999999999995 0.044500000000000005 5.5000000000000009 1.7360000000000004 2.9415000000000004 13.325000000000001 1.3825000000000001 2.5000000000000004 0.081000000000000016 -2.4089999999999994 -1.1159999999999999 -0.49099999999999994 -25.758499999999994 5.5000000000000009 -0.14249999999999996 1.5000000000000002 2.5000000000000004 4.5000000000000009 2.5000000000000004 -0.045499999999999992 -17.574999999999996 2.3060000000000005 -22.024999999999995
decision_type=2 2 2 2 2 2 2 2 2 2 2 2 2 2 2 2 2 2 2 2 2 2 2 2 2 2 2 2 2 2
left_child=2 6 5 9 15 7 8 -1 -2 16 11 23 28 18 -7 -3 -4 -9 -6 20 -16 -21 27 24 -5 -19 -24 -18 -8 -12
right_child=1 4 3 10 13 14 12 17 -10 -11 29 -13 -14 -15 19 -17 22 25 -20 21 -22 -23 26 -25 -26 -27 -28 -29 -30 -31
leaf_value=-0.087587210335234575 -0.010997524315592111 0.029337813470339036 -0.093272736565489206 -0.025088948680532394 0.014950065767658623 -0.058649585853122313 0.0071304652172081082 -0.087151561400850619 0.0099216374481158366 -0.085435843743668818 0.10153322836221688 -0.007619045826266841 0.02625908722255595 0.078981921513984241 0.084266417788592271 0.044050884440411234 0.13633604229598459 -0.037173733111433058 0.058828630033326071 -0.053022489019768443 -0.014215663057234715 -0.0096834249140981526 -0.045732610759722847 -0.014985509938419572 -0.044449328510113184 -0.064856876672427274 -0.020313878315237226 -0.009892492452424715 0.053740798617138708 0.0092160638483545516
leaf_weight=923.58460022509098 1170.7861464694142 891.83975774049759 42.680034797638655 571.13483227044344 53.945438027381897 268.68397710472345 1126.4616787955165 162.11622357368469 1170.6221090406179 150.95225149020553 10.735455341637133 648.5467394888401 1276.9683399274945 469.34386712312698 16.086840435862541 1545.4406354129314 5.2211889550089863 151.1815834864974 1386.4872622340918 124.37514972314239 55.741976670920849 92.594955042004585 995.58989692851901 372.35962162911892 454.3641313277185 652.7882170714438 160.23308672755957 19.585668303072453 41.397064939141273 178.42154767364264
leaf_count=16781 10099 3903 685 6146 217 3698 7245 2696 6857 2413 76 5952 6916 1977 170 6350 54 2224 5624 1473 683 960 13209 3705 5618 10175 1750 207 215 1228
internal_value=-0.00111342 0.0280525 -0.0450926 -0.0297681 0.049156 -0.0676978 0.00888541 -0.0756643 -0.000538676 -0.0474039 -0.0189269 -0.0220126 0.0179108 0.062542 -0.0406943 0.0386671 -0.0427109 -0.064266 0.0571853 -0.0239895 0.00784046 -0.034527 -0.0408831 -0.0286906 -0.0336669 -0.0596512 -0.0422088 0.0208848 0.00878266 0.0144555
internal_weight=15190.3 9133.29 6056.98 3609.82 4347.06 2447.15 4786.24 1889.67 2341.41 1374.26 2235.56 2046.41 2444.83 1909.78 557.483 2437.28 1223.31 966.086 1440.43 288.799 71.8288 216.97 1180.63 1397.86 1025.5 803.97 1155.82 24.8069 1167.86 189.157
internal_count=129306 49403 79903 41043 18071 38860 31332 31876 16956 18318 22725 21421 14376 7818 6984 10253 15905 15095 5841 3286 853 2433 15220 15469 11764 12399 14959 261 7460 1304
is_linear=0
shrinkage=0.1


Tree=13
num_leaves=31
num_cat=0
split_feature=3 4 3 2 3 2 3 4 0 2 2 0 3 1 1 0 2 2 2 3 2 0 2 4 0 3 0 2 4 0
split_gain=1622.3 302.974 194.367 61.0973 55.0661 50.7856 29.0392 25.8969 23.6242 23.5625 19.9069 17.6485 18.4108 15.1085 14.3677 13.6223 11.241 10.809 10.7657 10.6104 10.0675 8.8429 8.37023 13.1354 12.4573 9.0738 8.25365 8.17588 8.16945 9.20456
threshold=-0.029499999999999995 29.225000000000005 -0.12049999999999998 -0.16899999999999998 0.44250000000000006 0.38100000000000006 0.11850000000000001 -23.024999999999995 5.5000000000000009 0.18100000000000002 0.88400000000000012 1.5000000000000002 0.61550000000000005 2.5000000000000004 2.5000000000000004 4.5000000000000009 -0.64249999999999996 0.68600000000000017 -2.4089999999999994 -0.0084999999999999989 -1.1159999999999999 2.5000000000000004 2.2110000000000007 -15.941499999999998 5.5000000000000009 -0.085499999999999979 1.5000000000000002 2.0040000000000004 -25.758499999999994 5.5000000000000009
decision_type=2 2 2 2 2 2 2 2 2 2 2 2 2 2 2 2 2 2 2 2 2 2 2 2 2 2 2 2 2 2
left_child=2 6 5 8 27 7 9 -1 18 19 15 12 14 -7 16 -5 -6 -8 -4 -2 -9 -22 24 25 -12 -24 -20 -3 29 -15
right_child=1 4 3 10 11 13 17 20 -10 -11 22 -13 -14 28 -16 -17 -18 -19 26 -21 21 -23 23 -25 -26 -27 -28 -29 -30 -31
leaf_value=-0.085560583067447626 -0.024257833566282146 0.030864152049646477 -0.091434717071798705 -0.018009876303854384 -0.018131446299643191 -0.055604273997647349 0.014685058119485315 -0.085010285515961459 -0.083648082904754284 0.0090677212425702824 0.0002427864897008257 -0.13448547416555343 0.079498323288084705 0.07098462166081064 0.059421136619684838 -0.039258916779979343 0.044594690620744518 0.035398344381188641 0.018327565349174343 -0.0027016931583580951 -0.034597440934903884 -0.061930580717806605 0.25301452296949772 0.013069910219768225 -0.031107825069195783 0.041910716894178357 -0.039521311840095365 0.060250340267199103 -0.032011535917054683 -0.012949378573935006
leaf_weight=854.49112956225872 302.47155042737722 1992.0272158533335 39.355672176927328 1034.0149508230388 29.504326224327087 255.74603416770697 760.75202609598637 150.19726565107703 138.85917514562607 2359.3876210749149 528.77360088378191 4.9246370345354071 271.3967452198267 17.125867031514645 1118.6803519576788 425.99186351895332 901.90930232405663 376.67576560378075 25.226850792765617 931.74940735846758 146.45062568411231 617.15056478977203 4.1657590270042419 50.827278167009354 166.70435997098684 3.9827155172824842 1104.611950352788 99.402154520153999 211.0624740794301 55.108377769589424
leaf_count=16781 2858 8685 685 10907 120 3698 3767 2696 2393 15313 4501 20 1161 170 4601 5528 3662 1748 261 7048 2224 10175 24 308 1593 22 14821 420 2433 683
internal_value=-0.00106677 0.025204 -0.0422939 -0.0275161 0.0440358 -0.0648547 0.00761885 -0.0730459 -0.0446519 0.00321116 -0.0173942 0.0546214 0.0550225 -0.0379839 0.0517823 -0.0242098 0.0426077 0.0215446 -0.0400206 -0.00798447 -0.0613435 -0.0566884 -0.00420464 0.0319661 -0.00727188 0.149834 -0.0382297 0.0322608 -0.0220771 0.00695036
internal_weight=14978.7 9148.88 5829.85 3522.51 4417.84 2307.33 4731.04 1768.29 1308.05 3593.61 2214.46 2326.42 2321.49 539.043 2050.09 1460.01 931.414 1137.43 1169.19 1234.22 913.798 763.601 754.454 58.9758 695.478 8.14847 1129.84 2091.43 283.297 72.2342
internal_count=129306 49403 79903 41043 18669 38860 30734 31876 18160 25219 22883 9564 9544 6984 8383 16435 3782 5515 15767 9906 15095 12399 6448 354 6094 46 15082 9105 3286 853
is_linear=0
shrinkage=0.1


Tree=14
num_leaves=31
num_cat=0
split_feature=3 3 3 1 2 3 0 3 2 2 0 2 3 2 2 0 2 4 3 1 2 4 2 2 3 1 4 4 0 3
split_gain=1349.69 251.93 178.938 54.8064 48.9908 40.3811 36.2665 28.9949 23.5642 20.2724 21.7673 17.9971 15.7183 14.0137 11.5863 10.9522 10.5765 9.60722 9.32892 8.06737 8.05092 7.82822 7.45149 8.13466 7.36042 7.21716 6.80195 11.7942 7.23404 14.3309
threshold=-0.029499999999999995 0.26850000000000007 -0.12049999999999998 1.5000000000000002 -0.55249999999999988 0.53450000000000009 4.5000000000000009 0.11850000000000001 0.52900000000000014 1.4275000000000002 5.5000000000000009 1.0740000000000001 -0.060499999999999991 1.296 -0.80099999999999993 3.5000000000000004 2.6475000000000004 3.2085000000000004 -0.16149999999999998 2.5000000000000004 1.4275000000000002 -25.508499999999994 -0.14899999999999997 -0.13099999999999998 0.032500000000000008 2.5000000000000004 -27.891499999999997 -30.008499999999994 5.5000000000000009 -0.11249999999999999
decision_type=2 2 2 2 2 2 2 2 2 2 2 2 2 2 2 2 2 2 2 2 2 2 2 2 2 2 2 2 2 2
left_child=2 7 4 6 15 11 12 8 24 10 -6 25 -4 17 -8 -1 -9 26 -12 -10 -7 -11 -19 -24 -2 -3 27 -5 -29 -30
right_child=1 5 3 13 9 20 14 16 19 21 18 -13 -14 -15 -16 -17 -18 22 -20 -21 -22 -23 23 -25 -26 -27 -28 28 29 -31
leaf_value=-0.060537576889779565 -0.010520328595387778 0.02768235181997163 -0.036056943993940958 -0.054153966646230234 -0.043395849522675868 0.052466789681415243 -0.079861689161680835 0.019374463002026526 0.0043237882076130876 0.039335800109267308 -0.084070246663843606 0.05023316499689754 -0.013017608841397719 0.0043988378799653758 -0.048698955935750028 -0.086994345301469822 0.098889873608369372 -0.045094948183923678 -0.055122459549564351 0.017120057544731334 0.071648151628614307 -0.023643027812353366 0.18583338620723522 -0.00082245430027836047 0.0024901962204514193 0.040155405729604077 -0.024578371733333104 0.30649769763163542 0.29931007498903572 -0.070779281962281795
leaf_weight=206.00265303999186 1016.7953749075532 1661.4677674770355 846.23504468053579 5.5998136326670647 759.16601565852761 791.79300950467587 175.14282966405153 1363.4805414676666 955.60615363717079 25.444534704089165 249.31009934842587 630.32491058111191 455.51287581026554 400.52139262855053 374.26043394953012 650.71802654117346 16.935534209012985 40.08684616535902 201.14758449792862 1017.0264192521572 302.38748906552792 87.982150301337242 2.3507686480879775 344.50424741208553 759.7038222849369 643.59270218014717 792.57769969850779 1.9301674775779227 1.7203143835067742 2.6705937907099728
leaf_count=3801 9032 6875 11355 88 12412 3302 3060 6588 6168 214 4728 2567 4893 3046 5345 13377 71 494 3511 5831 1341 817 25 3244 5013 2615 9397 29 27 40
internal_value=-0.00101656 0.0226592 -0.039582 -0.0253881 -0.0620024 0.0413714 -0.0370881 0.00795969 0.00339763 -0.0499386 -0.0537291 0.0352595 -0.0279949 -0.0117832 -0.0586332 -0.0806327 0.02035 -0.0172231 -0.0711439 0.0109211 0.0577677 -0.00951525 -0.00427507 0.000442583 -0.0049565 0.0311649 -0.0234507 0.0515251 0.145146 0.0742181
internal_weight=14782 9159.11 5622.88 3443.11 2179.77 4029.57 1851.15 5129.55 3749.13 1323.05 1209.62 2935.39 1301.75 1591.96 549.403 856.721 1380.42 1191.44 450.458 1972.63 1094.18 113.427 386.942 346.855 1776.5 2305.06 804.499 11.9209 6.32108 4.39091
internal_count=129306 49403 79903 41043 38860 16700 24653 32703 26044 21682 20651 12057 16248 16390 8405 17178 6659 13344 8239 11999 4643 1031 3763 3269 14045 9490 9581 184 96 67
is_linear=0
shrinkage=0.1


Tree=15
num_leaves=31
num_cat=0
split_feature=3 3 3 2 2 2 0 0 4 4 3 0 0 2 2 2 2 2 2 0 3 2 3 0 3 2 4 1 0 3
split_gain=1104.03 272.582 130.066 72.3569 35.8142 29.901 33.2652 26.0912 22.7688 20.605 20.2744 15.4232 12.3839 12.2252 10.5608 10.2439 9.64375 9.49199 9.06697 8.91068 8.63679 15.5658 8.4166 10.2231 7.96812 10.2171 13.1983 7.61204 7.48083 9.90891
threshold=0.023500000000000004 -0.10449999999999998 0.40350000000000008 -0.55249999999999988 -0.57599999999999985 0.69750000000000012 5.5000000000000009 3.5000000000000004 26.008500000000002 -0.65849999999999997 0.57950000000000002 3.5000000000000004 4.5000000000000009 0.67250000000000021 0.45900000000000007 2.0040000000000004 1.6060000000000001 -2.0339999999999994 2.6475000000000004 1.5000000000000002 0.14050000000000004 -0.55249999999999988 -0.04349999999999999 1.5000000000000002 -0.072499999999999981 1.9525000000000003 -17.791499999999996 2.5000000000000004 5.5000000000000009 -0.10949999999999999
decision_type=2 2 2 2 2 2 2 2 2 2 2 2 2 2 2 2 2 2 2 2 2 2 2 2 2 2 2 2 2 2
left_child=1 3 8 12 11 6 -5 10 13 18 14 19 -1 27 -4 20 22 -13 24 -3 21 -10 -11 -24 25 -6 -27 -2 29 -7
right_child=2 4 7 5 9 28 -8 -9 15 16 -12 17 -14 -15 -16 -17 -18 -19 -20 -21 -22 -23 23 -25 -26 26 -28 -29 -30 -31
leaf_value=-0.063818460403467531 0.0069538222917821845 0.021892551616897793 0.030538600336367541 -0.039356102711383914 -0.030250668072951722 -0.015058935760097245 -0.075737671491355976 -0.18605024230384559 -0.091042965588308697 -0.015095508444500859 0.060734565918137945 -0.087926539223174158 -0.086683887933695122 0.017624963992855777 0.044845206168060682 0.053493189340284332 0.014946685918810177 -0.042320285737179664 0.093906290326487563 -0.025885863092218322 0.024956536501176588 0.01139317085799358 0.11694342166317584 -0.0016156709660440254 -0.013592915178443491 0.17111889128613766 -0.0075380805800336504 -0.013161368204068134 -0.033613010888955235 0.05159425496817667
leaf_weight=428.08898827061057 1290.3027330487967 43.575826223939657 829.87353053689003 834.16459588333964 590.68397037312388 216.04510969296098 359.68773221224546 4.9486782699823371 15.901190280914305 645.76008981466293 561.12073235213757 54.065561942756176 530.25454698503017 1173.9687483161688 1364.0690870434046 111.99960879981518 251.95139093697071 292.70355730131269 7.1858152896165839 374.5408990085125 1623.2898381501436 221.0687293112278 7.3187600672245017 1163.2093102559447 1106.0560253858566 5.669474862515929 15.277917489409445 220.23871845006943 222.35566448420286 24.871779181063175
leaf_count=8308 7786 427 3362 14197 7699 2491 7418 20 93 6613 2462 999 11812 6190 5619 469 1523 4126 35 4584 6981 1195 64 9119 11041 36 117 1401 2727 257
internal_value=-0.000894349 -0.0288649 0.0261586 -0.0545983 -0.0140986 -0.0419495 -0.0503173 0.0433599 0.0159636 -0.0101181 0.043772 -0.0338383 -0.07647 0.00997018 0.0394336 0.0241215 -0.00338729 -0.0494309 -0.0181888 -0.0209064 0.0223532 0.00451949 -0.00593053 -0.000874377 -0.0186577 -0.0278167 0.040816 0.004021 -0.0203859 -0.00817779
internal_weight=14590.2 7173.47 7416.78 2615.47 4558 1657.12 1193.85 2760.01 4656.77 3793.11 2755.06 764.886 958.344 2684.51 2193.94 1972.26 2068.24 346.769 1724.87 418.117 1860.26 236.97 1816.29 1170.53 1717.69 611.631 20.9474 1510.54 463.273 240.917
internal_count=129171 93593 35578 47210 46383 27090 21615 11463 24115 36247 11443 10136 20120 15377 8981 8738 17319 5125 18928 5011 8269 1288 15796 9183 18893 7852 153 9187 5475 2748
is_linear=0
shrinkage=0.1


Tree=16
num_leaves=31
num_cat=0
split_feature=3 4 3 2 3 2 3 1 0 2 0 0 2 4 0 2 4 2 2 4 2 3 4 4 1 4 2 4 3 4
split_gain=911.605 208.717 123.842 55.4574 40.147 38.1741 29.4007 24.4028 25.1683 20.6548 17.0382 15.3792 13.592 12.4274 12.2202 12.0416 12.0252 11.226 10.6096 9.4702 9.87208 9.24145 8.97063 8.93194 8.76014 9.29973 8.43895 8.36392 8.35485 7.94125
threshold=-0.04349999999999999 33.625000000000007 -0.13649999999999998 -0.58899999999999986 0.026500000000000003 0.43600000000000005 0.51650000000000007 2.5000000000000004 5.5000000000000009 -1.7659999999999998 5.5000000000000009 1.5000000000000002 0.76100000000000012 -11.124999999999998 3.5000000000000004 1.7740000000000002 -0.65849999999999997 -1.0959999999999999 0.45900000000000007 -17.574999999999996 1.4040000000000001 -0.10549999999999998 22.625000000000004 1.3085000000000002 2.5000000000000004 -35.241499999999995 -0.022499999999999996 4.658500000000001 -0.16749999999999998 -25.241499999999998
decision_type=2 2 2 2 2 2 2 2 2 2 2 2 2 2 2 2 2 2 2 2 2 2 2 2 2 2 2 2 2 2
left_child=2 4 5 9 16 10 18 8 -5 -4 17 13 29 -11 23 -6 -2 -1 -3 20 -16 -13 -21 -14 -7 28 -8 -25 -26 -9
right_child=1 6 3 7 15 24 26 12 -10 11 -12 21 14 -15 19 -17 -18 -19 -20 22 -22 -23 -24 27 25 -27 -28 -29 -30 -31
leaf_value=-0.080700629475869659 -0.015174484783100461 0.02167018309552237 -0.083867261045248914 -0.020288689308899432 0.0097120734609530707 -0.048519879554305624 0.022404359435097387 0.068865250205998971 -0.054511965110189409 0.17225034759933466 -0.085368445133825577 -0.06057685363814265 0.08601912511509921 -0.020435600364648168 -0.017227204739387381 0.030055390692247542 -8.9258318580255362e-05 -0.052901821685098993 0.034541012361875852 -0.012915906945339379 0.058291299585815672 -0.034610684844589817 0.14383165021017982 -0.058607667742920547 0.039901423111535633 -0.020857020951444347 0.049884834158283792 0.032601421519880706 0.29584611422583051 -0.023286614507269845
leaf_weight=195.92118265479803 815.73709400370717 1177.211631461978 143.19215980544686 1517.3477895446122 3168.788442350924 139.63154881447554 123.73707050085068 9.6666744761168939 250.34111141785979 5.9270998574793339 411.32513021677732 215.39209141209722 27.051467560231686 7.689904220402239 27.85415194183588 320.38184897601604 1500.3427208587527 561.89063550159335 1404.6368251144886 266.21754284203053 45.728598609566689 376.91055480390787 3.7018494233489028 11.668350592255591 9.3216447159647924 165.54373427852988 1153.3408193439245 72.662594236433506 1.4775625057518471 286.80550140142441
leaf_count=4606 7770 4937 3029 19656 17325 2308 508 169 4058 57 9886 4363 229 85 331 1468 11525 11129 5791 2308 351 5704 24 92 124 2141 5027 541 19 3610
internal_value=-0.00084849 0.0167864 -0.0367031 -0.0258222 0.00480469 -0.0606478 0.0348113 -0.0187186 -0.0251354 -0.0497099 -0.0689827 -0.0416377 -0.00362186 0.0634352 0.0072364 0.01158 -0.00540236 -0.0600888 0.0286725 -0.00209684 0.0297044 -0.0440533 -0.0107662 0.03602 -0.029808 -0.0149916 0.0472222 0.0199814 0.0749201 -0.0202819
internal_weight=14417.4 9664.18 4753.27 3268.16 5805.25 1485.11 3858.93 2519.05 1767.69 749.112 1169.14 605.92 751.357 13.617 454.885 3489.17 2316.08 757.812 2581.85 343.502 73.5828 592.303 269.919 111.382 315.974 176.343 1277.08 84.3309 10.7992 296.472
internal_count=129171 54351 74820 44607 38088 30213 16263 31369 23714 13238 25621 10209 7655 142 3876 18793 19295 15735 10728 3014 682 10067 2332 862 4592 2284 5535 633 143 3779
is_linear=0
shrinkage=0.1


Tree=17
num_leaves=31
num_cat=0
split_feature=3 3 3 2 2 3 2 1 0 2 0 3 1 1 0 1 2 0 4 4 3 4 4 4 1 4 4 2 2 2
split_gain=758.676 172.833 113.028 49.1988 36.1049 34.5174 24.0195 20.5357 22.3806 19.7792 17.0324 15.5684 14.0002 13.0227 12.6414 11.1627 11.1469 10.6589 9.76744 8.76381 8.57938 8.49078 8.04792 7.83541 7.72523 7.40705 7.20484 7.18302 7.07639 6.78129
threshold=-0.04349999999999999 0.18950000000000003 -0.13649999999999998 -0.58899999999999986 0.43600000000000005 0.51650000000000007 0.081000000000000016 2.5000000000000004 5.5000000000000009 -1.7659999999999998 5.5000000000000009 0.023500000000000004 1.5000000000000002 2.5000000000000004 1.5000000000000002 1.5000000000000002 0.76100000000000012 4.5000000000000009 10.691500000000001 -17.574999999999996 -0.10549999999999998 -11.124999999999998 -18.024999999999995 52.841500000000003 2.5000000000000004 12.158500000000002 -35.241499999999995 -1.2139999999999997 1.0575000000000003 1.6990000000000001
decision_type=2 2 2 2 2 2 2 2 2 2 2 2 2 2 2 2 2 2 2 2 2 2 2 2 2 2 2 2 2 2
left_child=2 6 4 9 10 13 12 8 29 -4 15 -8 22 23 21 -1 -9 -18 -17 28 -16 -11 -2 -3 -6 -20 -26 -7 -19 -5
right_child=1 5 3 7 24 27 11 16 -10 14 -12 -13 -14 -15 20 18 17 19 25 -21 -22 -23 -24 -25 26 -27 -28 -29 -30 -31
leaf_value=-0.065112395627473535 -0.061747013900597975 0.018184167411808554 -0.081729563018864165 -0.019450087074680468 -0.045651907435088623 -0.095218758527766498 -0.00083458340638486962 -0.018584410690083684 -0.051554007844479936 0.13575658725933076 -0.083432135637916974 0.012707851824416368 -0.025141263706622143 0.033811953060243642 -0.057733423153753072 -0.040836465731812543 0.023377095227501209 -0.04888296189601727 0.32382183041665108 -0.018905081034855668 -0.032139873035162657 -0.018710654928574988 -0.0016218579449675547 0.038698710779064928 0.06280372975606148 0.033186533357832115 -0.019112140846784004 0.043605108332895152 0.036815215317129509 0.033893674126464289
leaf_weight=514.04745214059949 22.688902821391821 2208.8625674694777 132.78368367254734 1468.0177922099829 133.87112586945295 3.7382245510816565 1473.3151262402534 291.64663302153349 238.84588548913598 6.7187383733689785 380.38564312830567 2002.9129182621837 363.39118968695402 935.64396783709526 204.00261260569096 199.14474176615477 204.90869773179293 11.533255077898501 1.1616089083254326 181.95998024940491 365.893246229738 7.565750125795601 1184.1710159145296 203.31972554326057 11.49555867910385 3.5776919163763523 162.74469071999192 1260.0286613255739 58.553273938596249 24.224395968019962
leaf_count=11621 282 9304 3029 19469 2308 15 11154 3779 4058 57 9886 11001 2948 3836 4363 4032 1608 147 20 1620 5704 85 9449 828 143 62 2141 5534 501 187
internal_value=-0.000803845 0.0151193 -0.0342135 -0.0238195 -0.0578377 0.0291132 0.00233142 -0.0171487 -0.0231331 -0.0468912 -0.0663239 0.00696822 -0.00793354 0.0237977 -0.0389725 -0.0572594 -0.00331018 0.00643843 -0.0374599 -0.00733236 -0.0413015 0.0539433 -0.00275221 0.0199133 -0.0275871 0.104422 -0.0137077 0.0431945 0.0227129 -0.0185841
internal_weight=14261.2 9658.07 4603.08 3196.65 1406.43 4611.59 5046.48 2479.69 1731.09 716.964 1098.32 3476.23 1570.25 3347.83 584.18 717.931 748.602 456.955 203.884 252.047 569.896 14.2845 1206.86 2412.18 308.111 4.7393 174.24 1263.77 70.0865 1492.24
internal_count=129171 54351 74820 44607 30213 19517 34834 31369 23714 13238 25621 22155 12679 13968 10209 15735 7655 3876 4114 2268 10067 142 9731 10132 4592 82 2284 5549 648 19656
is_linear=0
shrinkage=0.1


Tree=18
num_leaves=31
num_cat=0
split_feature=3 3 3 2 2 4 3 2 4 1 0 2 3 3 2 1 4 4 0 2 3 4 2 4 1 0 0 4 3 2
split_gain=630.618 142.006 102.537 43.4164 33.9447 25.4814 23.0772 18.8974 17.2624 17.2623 19.7884 14.5124 11.5529 11.5372 9.61133 9.22102 8.67446 8.62752 8.51489 8.31814 8.10545 19.6724 6.9502 6.81223 6.78474 6.20754 6.15868 8.99854 6.53432 6.11928
threshold=-0.04349999999999999 0.26850000000000007 -0.13649999999999998 -0.58899999999999986 0.43600000000000005 -0.65849999999999997 0.51650000000000007 -2.4089999999999994 -23.024999999999995 2.5000000000000004 5.5000000000000009 1.7740000000000002 -0.10549999999999998 0.08950000000000001 1.276 1.5000000000000002 -27.041499999999996 18.108500000000003 1.5000000000000002 0.45900000000000007 -0.13749999999999998 -14.291499999999997 1.7740000000000002 -18.024999999999995 2.5000000000000004 4.5000000000000009 3.5000000000000004 9.6750000000000025 0.099500000000000019 -1.1874999999999998
decision_type=2 2 2 2 2 2 2 2 2 2 2 2 2 2 2 2 2 2 2 2 2 2 2 2 2 2 2 2 2 2
left_child=2 5 4 7 8 23 19 -4 -1 10 -5 13 25 -7 -11 -10 -16 20 29 -3 -17 -22 -8 -2 -6 -9 27 -13 -29 -14
right_child=1 6 3 9 24 11 22 12 15 14 -12 26 18 -15 16 17 -18 -19 -20 -21 21 -23 -24 -25 -26 -27 -28 28 -30 -31
leaf_value=-0.076329015115785687 -0.053419312763940296 0.017558072454412158 -0.096239517602050836 -0.01700236399290991 -0.042852486036607934 0.00046586597559613354 0.036466811586082684 -0.044242633459428242 -0.060331304251634625 -0.012291498393119715 -0.048643004066551289 0.083098078431457542 -0.014443170869066419 0.011240207820471417 0.10558197412543356 -0.03664825144781949 0.0078070015335436997 0.24100865113885062 -0.03186788844275526 0.028622427769987208 0.48812751117895331 -0.054977686608473943 0.058392139445154478 -0.0091860925968808137 -0.012500848638530196 -0.078980798879431213 0.0082506990061262542 0.010055832264849247 0.04065325572824624 0.10722337992333023
leaf_weight=526.18927682563663 36.078824229538441 1388.2331204265356 63.198927115648985 1469.3617006577551 128.63532635942101 2517.2831502556801 1080.9158954769373 136.00239393115044 330.98055989667773 447.01704656332731 228.38340061903 30.432486146688461 9.048937704414131 1642.1973825097084 9.3672198057174665 172.66308320686221 289.62912452965975 1.1496381722390641 389.07880091667175 1330.879274636507 1.011348504573107 1.9584953114390362 166.90327569842339 995.56532469391823 172.29695008695126 82.732821840792894 181.17619502544403 135.32827870547771 144.13332402706146 7.6107358038425437
leaf_count=14681 425 5716 1683 19656 2308 17880 4743 2906 7353 5410 4058 159 92 8117 61 3509 2184 19 6396 5426 22 37 806 8907 2284 2092 903 671 598 69
internal_value=-0.000758939 0.0136213 -0.0318264 -0.0219336 -0.0550332 0.00348505 0.0281404 -0.0441306 -0.0636361 -0.0156874 -0.0212587 0.00663908 -0.038857 0.00471967 -0.00300848 -0.0504826 0.0108702 -0.0320435 -0.0288702 0.0229736 -0.0338308 0.129971 0.0393995 -0.010733 -0.0254748 -0.0573817 0.022897 0.0314598 0.0258366 0.0411385
internal_weight=14115.4 9649.13 4466.32 3131.43 1334.88 5682.19 3966.93 687.673 1033.95 2443.76 1697.75 4650.55 624.474 4159.48 746.013 507.763 298.996 176.783 405.738 2719.11 175.633 2.96984 1247.82 1031.64 300.932 218.735 491.07 309.894 279.462 16.6597
internal_count=129171 54351 74820 44607 30213 37660 16691 13238 25621 31369 23714 28328 11555 25997 7655 10940 2245 3587 6557 11142 3568 59 5549 9332 4592 4998 2331 1428 1269 161
is_linear=0
shrinkage=0.1


Tree=19
num_leaves=31
num_cat=0
split_feature=3 3 2 3 2 0 3 0 2 2 2 3 0 2 0 2 0 0 4 4 4 4 3 2 4 4 2 4 3 3
split_gain=529.989 152.378 67.9822 36.3217 29.7796 32.3043 26.123 21.3169 19.8574 14.5504 14.149 14.0894 9.59619 9.93843 9.35134 9.24595 7.97532 7.64536 7.54424 9.26463 9.70983 11.5567 7.3659 8.82024 7.29589 7.19124 7.24502 9.36224 6.87856 6.73005
threshold=-0.072499999999999981 0.099500000000000019 -0.55249999999999988 0.40350000000000008 1.256 5.5000000000000009 -0.10549999999999998 3.5000000000000004 -0.038999999999999993 0.11100000000000002 -2.0339999999999994 0.57950000000000002 4.5000000000000009 1.5490000000000002 1.5000000000000002 -2.4089999999999994 4.5000000000000009 3.5000000000000004 2.4085000000000005 6.158500000000001 9.6750000000000025 9.3250000000000011 -0.05849999999999999 1.9025000000000001 -16.624999999999996 9.6750000000000025 -0.34749999999999992 12.541500000000001 -0.12949999999999998 -0.07149999999999998
decision_type=2 2 2 2 2 2 2 2 2 2 2 2 2 2 2 2 2 2 2 2 2 2 2 2 2 2 2 2 2 2
left_child=2 8 6 25 5 28 10 11 14 -7 -1 -5 13 -10 -2 -8 -12 -6 22 -20 21 -21 -15 -24 -16 -3 -27 -28 -4 -26
right_child=1 3 4 7 17 9 15 -9 12 -11 16 -13 -14 18 24 -17 -18 -19 19 20 -22 -23 23 -25 29 26 27 -29 -30 -31
leaf_value=-0.095703101619799877 0.011469742649201389 -0.0050250355528770252 -0.03331608347595888 0.026593835112255118 0.037158648120194308 -0.076427331320913047 -0.098532619643526914 -0.1777359699167762 0.0012591374164423522 -0.039962018906894714 -0.049254642680943178 0.044848124276518658 -0.0098372181427648919 0.14591536465717392 -0.04257532409336947 -0.025577808176749692 -0.072411941921489587 -0.0054746129222993647 -0.032268359278212248 0.043144291194457042 0.011160022854193784 0.2088488059519166 0.069483523227638455 -0.026346579780343521 0.062009983086999967 0.0054835275025858811 0.052135431533943004 0.016507076975948907 -0.019006336218760623 -0.014095662636974657
leaf_weight=140.47214480862021 143.56375483796 190.69486773014069 512.91363336145878 2150.1343186348677 48.74349819868803 180.37490220740438 18.675135340541601 4.9400773644447318 2523.4221749380231 278.18929490447044 308.40903519839048 526.32917451858521 634.30199553072453 7.3903331384062758 92.039742447435856 248.90611585602164 287.2278176471591 306.91240778937936 41.055815510451794 47.238540962338448 310.16958481818438 4.6205523163080207 29.17043598741293 14.319229878485201 11.737966142594813 617.20988976955414 76.439811781048775 2099.434620141983 973.45417959615588 1150.5866348333657
leaf_count=4280 1063 1009 10285 8981 387 4881 525 20 19001 5499 7341 2462 5394 49 1461 4381 8344 2929 231 256 1614 24 185 82 167 2876 381 9183 14061 11819
internal_value=-0.000714216 0.0101189 -0.0357116 0.021354 -0.0262375 -0.0311027 -0.0574276 0.0298005 -0.00258644 -0.0543055 -0.0671543 0.0301836 0.00133049 0.00370965 -0.0127062 -0.0306695 -0.0604215 0.000368378 0.0173312 0.0127511 0.0178565 0.0579083 0.0536157 0.0379309 -0.0154732 0.0137634 0.0150462 0.0177587 -0.0239443 -0.0133271
internal_weight=13979.1 10674.8 3304.28 5665.18 2300.59 1944.93 1003.69 2681.4 5009.62 458.564 736.109 2676.46 3611.69 2977.39 1397.93 267.581 595.637 355.656 453.964 403.084 362.029 51.8591 50.88 43.4897 1254.36 2983.78 2793.08 2175.87 1486.37 1162.32
internal_count=129171 66258 62913 24912 38042 34726 24871 11463 41346 10380 19965 11443 26836 21442 14510 4906 15685 3316 2441 2125 1894 280 316 267 13447 13449 12440 9564 24346 11986
is_linear=0
shrinkage=0.1


Tree=20
num_leaves=31
num_cat=0
split_feature=3 3 2 0 3 2 0 2 2 3 1 0 2 2 0 0 3 3 1 2 4 0 2 4 3 4 2 2 3 3
split_gain=420.091 110.037 68.0945 34.0083 29.5856 22.5686 19.2859 18.8049 15.098 13.9785 13.7407 10.417 10.3016 9.37419 9.13527 8.38674 10.5366 7.78349 7.24301 8.8414 9.19579 7.03132 9.30881 7.01498 6.93741 10.4475 6.66746 6.21909 6.19204 14.0241
threshold=-0.072499999999999981 0.34950000000000003 -0.27749999999999997 5.5000000000000009 -0.0034999999999999996 1.256 5.5000000000000009 -2.1459999999999995 -0.15899999999999997 -0.14649999999999996 2.5000000000000004 2.5000000000000004 0.13100000000000003 1.3825000000000001 1.5000000000000002 1.5000000000000002 -0.009499999999999998 0.56950000000000001 1.5000000000000002 -0.13099999999999998 -4.8914999999999997 5.5000000000000009 1.9525000000000003 38.758500000000005 -0.17949999999999997 -34.608499999999992 -0.41099999999999992 2.6475000000000004 -0.15349999999999997 -0.16349999999999998
decision_type=2 2 2 2 2 2 2 2 2 2 2 2 2 2 2 2 2 2 2 2 2 2 2 2 2 2 2 2 2 2
left_child=2 4 3 7 8 6 -4 -1 15 -9 11 26 -8 23 -10 16 -2 -12 19 20 -16 27 -23 -6 -14 28 -3 -7 29 -26
right_child=1 10 5 -5 13 21 12 9 14 -11 17 -13 24 -15 18 -17 -18 -19 -20 -21 -22 22 -24 -25 25 -27 -28 -29 -30 -31
leaf_value=-0.089992915351118974 0.0082857494394790766 0.00036834437858080868 -0.019366978742732289 -0.080039589253926818 0.0029901895841684669 0.012541388942906637 -0.071580533981292507 -0.055711574799571964 0.15490256138923839 -0.029475517726674311 0.026705646539845113 -0.12766011820442399 -0.065417248656648705 0.015376281120264982 -0.026648714362205707 -0.022349337669784086 0.18102855940208415 0.043029960099372253 0.0018739926336571564 -0.014148575911153764 0.12204218126094223 -0.028184941483473641 0.026032706421561514 0.018143936858644398 0.054458879489905757 -0.029992874964781632 0.020509783699178902 0.13105571076632813 0.002271284394520505 0.52675038582216416
leaf_weight=74.078676393255591 27.720912326127294 183.64455944299698 1163.3122514784336 294.78570265881717 3665.9656665995717 187.01659721881151 107.931913966313 295.35830510593951 3.6918145567178717 649.98706515133381 1105.839988976717 4.8970039188861838 57.905049674212933 934.72144988179207 7.2191340699791935 641.27722126618028 4.0464548617601386 396.91879442334175 1181.4401666224003 543.80219871923327 9.8131217658519727 114.19156400859356 43.819368213415146 333.25223930925131 1.8730817623436453 198.44681229069829 1564.6112482696772 4.5351434722542754 2.759419046342372 0.94637745246291149
leaf_count=2331 269 749 18721 9312 21906 1631 3046 7955 32 13004 4660 20 1344 4439 91 8305 35 1906 10037 5448 102 1249 347 1416 42 3888 6527 27 54 19
internal_value=-0.000880022 0.00869575 -0.0326566 -0.0501249 0.00191871 -0.0204632 -0.025691 -0.0414745 -0.00714045 -0.0376726 0.0240006 0.0179861 -0.0455819 0.00636023 -0.00223539 -0.0198648 0.0302893 0.0310173 -0.00256836 -0.0119265 0.0590194 0.00246611 -0.0131494 0.00425294 -0.0348688 -0.0261987 0.018394 0.0153473 0.108763 0.212988
internal_weight=13805.8 10608.9 3196.95 1314.21 7352.95 1882.74 1533.17 1019.42 2419.01 945.345 3255.91 1753.15 369.863 4933.94 1745.97 673.045 31.7674 1502.76 1742.27 560.834 17.0323 349.563 158.011 3999.22 261.931 204.026 1748.26 191.552 5.57888 2.81946
internal_count=128912 65942 62970 32602 52080 30368 27114 23290 24319 20959 13862 7296 8393 27761 15710 8609 304 6566 15678 5641 193 3254 1596 23322 5347 4003 7276 1658 115 61
is_linear=0
shrinkage=0.1


Tree=21
num_leaves=31
num_cat=0
split_feature=3 3 2 0 2 0 2 0 1 3 1 2 2 2 3 0 3 3 4 3 0 2 1 4 2 2 1 4 3 1
split_gain=350.156 90.3877 61.0455 32.726 20.2038 22.0887 19.0167 17.9012 15.663 12.1322 11.9418 11.6648 11.4757 9.65212 9.4956 8.36517 8.33584 7.54966 7.24236 7.16798 6.31108 7.98653 6.26455 6.19849 6.47548 6.11667 7.21368 5.91576 10.9962 5.88925
threshold=-0.072499999999999981 0.26850000000000007 -0.27749999999999997 4.5000000000000009 0.86900000000000011 3.5000000000000004 1.256 4.5000000000000009 2.5000000000000004 -0.17149999999999996 2.5000000000000004 -0.52899999999999991 -2.0339999999999994 -0.26749999999999996 0.0055000000000000005 5.5000000000000009 -0.095499999999999988 0.51650000000000007 -36.774999999999999 -0.070499999999999993 1.5000000000000002 -0.42249999999999993 1.5000000000000002 1.5750000000000002 0.58900000000000008 -1.2409999999999999 1.5000000000000002 -3.0749999999999997 -0.084499999999999992 1.5000000000000002
decision_type=2 2 2 2 2 2 2 2 2 2 2 2 2 2 2 2 2 2 2 2 2 2 2 2 2 2 2 2 2 2
left_child=2 4 3 16 5 20 7 -4 13 -9 -6 14 -5 -3 19 -14 25 -10 29 -7 23 22 -22 -2 -25 26 -1 -20 -29 -11
right_child=1 8 6 12 10 11 -8 9 17 18 -12 -13 15 -15 -16 -17 -18 -19 27 -21 21 -23 -24 24 -26 -27 -28 28 -30 -31
leaf_value=-0.060449240119905462 0.038803008630148905 0.0014428715304451076 -0.013100450050243309 -0.093938491285751657 -0.00025914202855347184 0.050262291773704219 0.0021962030730596407 -0.058723646318544986 0.02109231675162343 0.33183630433271655 0.014291636802346328 -0.010343166019496934 -0.0459892953729494 0.017820223981518776 0.0015000531843315178 -0.073101600255884719 -0.014031349355068607 0.034928678929658584 -0.031704000626964178 -0.053189314601077946 -0.008915378492543315 0.001191658805445075 -0.042872336524280755 0.0038341936821726895 0.042694150394355611 -0.032873217677606516 0.2199218593458111 -0.019717936908904554 0.10727470551288312 0.038875458297661203
leaf_weight=123.99641726911068 61.577837225049734 444.84057083725929 772.60599945113063 110.76744254119694 960.14313864707947 7.0108263604342929 349.81789139285684 165.87019392102957 840.69191843271255 0.91680591925978605 1367.1127059683204 976.13927613571286 255.00268030911684 1883.7700021415949 49.929463811218739 205.5148989520967 178.39683092013001 742.76981888711452 517.51682997681201 149.93616243824363 374.80051980167627 1828.4561704844236 63.5394092425704 794.06388832256198 45.329120740294456 380.72144789248705 0.92451977916061778 30.752087607979774 8.7609327733516675 2.7278359979391098
leaf_count=3513 480 1857 11843 3987 5977 125 3254 4333 3464 24 7458 9236 6715 7858 404 6835 2979 3482 10260 2227 4004 14513 591 4062 204 8550 23 487 111 56
internal_value=-0.000818527 0.00783893 -0.0303529 -0.0473719 0.000767888 -0.00325493 -0.0187982 -0.0236972 0.0199094 -0.0349657 0.0082885 -0.0149145 -0.0650397 0.0146916 -0.0364842 -0.0580887 -0.0326163 0.0275827 -0.0279371 -0.0485681 0.00109939 -0.00171461 -0.0138376 0.00817928 0.00593272 -0.0391734 -0.0583743 -0.0288564 0.00843921 0.112569
internal_weight=13694.4 10590.1 3104.29 1255.32 6678.04 4350.78 1848.97 1499.15 3912.07 726.545 2327.26 1183.02 571.285 2328.61 206.876 460.518 684.039 1583.46 560.674 156.947 3167.77 2266.8 438.34 900.971 839.393 505.642 124.921 557.03 39.513 3.64464
internal_count=128912 65942 62970 32602 49281 35846 30368 27114 16661 15271 13435 11992 17537 9715 2756 13550 15065 6946 10938 2352 23854 19108 4595 4746 4266 12086 3536 10858 598 80
is_linear=0
shrinkage=0.1


Tree=22
num_leaves=31
num_cat=0
split_feature=3 3 2 0 3 2 2 0 3 2 0 2 2 3 4 1 0 3 2 3 3 2 4 1 3 2 2 2 0 4
split_gain=291.352 75.1891 54.4435 31.2154 23.994 17.9689 16.5504 18.5976 13.3523 10.7196 11.4522 10.5368 10.5124 10.062 9.72112 9.33078 7.38569 7.29559 7.14048 6.87012 6.37438 6.32849 6.56576 6.3155 6.05525 5.95501 5.8011 5.76955 6.09665 6.63443
threshold=-0.072499999999999981 0.40350000000000008 -0.27749999999999997 5.5000000000000009 -0.0034999999999999996 -2.4089999999999994 1.6060000000000001 5.5000000000000009 -0.14649999999999996 -0.58899999999999986 3.5000000000000004 -0.88099999999999989 0.13100000000000003 -0.009499999999999998 30.091500000000003 2.5000000000000004 1.5000000000000002 -0.070499999999999993 -2.4089999999999994 -0.20949999999999996 -0.15549999999999997 -0.54099999999999993 51.158500000000011 1.5000000000000002 -0.011499999999999998 -1.1624999999999999 2.3060000000000005 -0.52899999999999991 2.5000000000000004 -8.9414999999999978
decision_type=2 2 2 2 2 2 2 2 2 2 2 2 2 2 2 2 2 2 2 2 2 2 2 2 2 2 2 2 2 2
left_child=2 4 3 5 9 -1 7 14 -7 10 11 13 -9 -2 23 21 -15 25 -6 -8 -21 22 -3 -4 26 -12 -11 -20 29 -29
right_child=1 15 6 -5 18 8 19 12 -10 24 17 -13 -14 16 -16 -17 -18 -19 27 20 -22 -23 -24 -25 -26 -27 -28 28 -30 -31
leaf_value=-0.096436017641603811 0.0020357703844135384 0.0023647038838440076 -0.023560687642632142 -0.075790182072855677 -0.097229653770668931 -0.05149901758058624 0.16381795875768673 -0.067630707338422649 -0.025079053184616031 -0.0022803505273605806 -0.066691644106780482 -0.035628133552045645 -0.029980375840538743 0.23627206013067759 0.19187376973394124 0.027492547928117356 0.047319118585178455 -0.052068245669395608 -0.002168723933720567 -0.038321923371214262 0.015752169393645453 0.017357190444186515 -0.070859111065456573 -0.0088455557303586292 -0.01840884796621152 0.1263748989958792 0.0387281631008752 0.13252024138445978 0.0030658930651643566 0.010101309122091548
leaf_weight=47.244036635383964 115.82818167284131 61.062623769044876 483.58369381725788 254.09645747020841 6.7159695103764525 275.68640677258372 2.8889906331896773 97.30539745092392 624.86124380864203 1785.6278510391712 2.5511954799294472 84.443090960383415 311.75531807169318 3.0946129113435727 2.2826492153108111 1350.558711245656 6.2395326569676399 120.38542011380196 756.47133385390043 25.222253665328026 160.67541717737913 1213.1228321790695 15.317386746406553 734.8979164659977 239.2861260920763 4.2741305716335765 35.175040304660797 4.4341228753328314 2023.5482381656766 2743.3863385766745
leaf_count=1807 1487 247 8320 9312 49 8174 29 3046 13309 17587 51 1051 6142 23 24 6050 62 1939 4398 252 1262 5141 62 11293 1868 66 185 39 12090 13547
internal_value=-0.000760153 0.00706581 -0.0281504 -0.0446652 0.00220018 -0.0363208 -0.0172361 -0.0204829 -0.033167 -0.00615759 -0.0226966 -0.00833151 -0.0389365 0.0100847 -0.0142994 0.0216835 0.109964 -0.046366 0.00581977 0.0107936 0.0084155 0.0155994 -0.0123197 -0.0146856 -0.00345353 0.0542098 -0.00148813 0.00594496 0.00723134 0.0102989
internal_weight=13592 10571.5 3020.5 1201.89 7931.46 947.792 1818.61 1629.82 900.548 2396.91 336.816 209.605 409.061 125.162 1220.76 2640.06 9.33415 127.211 5534.56 188.787 185.898 1289.5 76.38 1218.48 2060.09 6.82533 1820.8 5527.84 4771.37 2747.82
internal_count=128912 65942 62970 32602 54442 23290 30368 28825 21483 24319 4679 2623 9188 1572 19637 11500 85 2056 30123 1543 1514 5450 309 19613 19640 117 17772 30074 25676 13586
is_linear=0
shrinkage=0.1


Tree=23
num_leaves=31
num_cat=0
split_feature=4 3 3 1 2 2 3 3 0 0 2 0 3 2 0 2 3 2 3 4 1 2 2 2 2 4 2 0 3 2
split_gain=245.73 66.3199 47.4752 25.6962 21.5241 18.6904 18.2296 17.0328 12.8687 11.5111 10.4351 11.4502 10.0494 9.85494 8.38685 8.09243 7.9898 7.6096 16.5323 48.5862 7.13607 7.03433 9.3555 12.8696 13.8715 6.63726 6.58642 6.52553 7.92367 6.00846
threshold=-8.0249999999999968 0.11850000000000001 -0.14049999999999999 2.5000000000000004 0.17100000000000001 -2.5609999999999995 0.42250000000000004 -0.095499999999999988 5.5000000000000009 1.5000000000000002 0.081000000000000016 4.5000000000000009 -0.12649999999999997 1.2375000000000003 4.5000000000000009 1.1260000000000001 0.0055000000000000005 -0.36899999999999994 -0.046499999999999993 -13.624999999999998 2.5000000000000004 1.5225000000000002 0.74750000000000016 0.48250000000000004 0.55400000000000016 -30.008499999999994 0.34750000000000003 2.5000000000000004 -0.065499999999999989 -0.68399999999999994
decision_type=2 2 2 2 2 2 2 2 2 2 2 2 2 2 2 2 2 2 2 2 2 2 2 2 2 2 2 2 2 2
left_child=2 7 4 5 8 -4 -3 26 -1 -7 11 -11 21 -9 15 27 -12 18 19 -16 29 22 23 25 -25 -5 -2 28 -14 -8
right_child=1 6 3 12 -6 9 20 13 -10 10 16 -13 14 -15 17 -17 -18 -19 -20 -21 -22 -23 -24 24 -26 -27 -28 -29 -30 -31
leaf_value=-0.047164986212999971 -0.027008170554625267 0.0086408724175462293 -0.091116113629727158 0.26162260962587147 -0.024014964645378351 0.046044239461787762 -0.022365937652493749 -0.0022604378667008262 -0.078233467097454323 -0.021077337695397724 -0.015352855342079417 -0.044016405061930705 -0.00071641233248937494 0.0082470090544864948 -0.020817675104204 0.0854195369154922 0.039970021901647577 -0.014525114150058221 -0.1120265483465305 0.77589829413819433 0.025554188850403687 0.10899054792467187 -0.029012404421400309 0.48832833122203934 0.10690052213347603 0.0048232892923830133 -0.0055399961429625708 0.00018953372116316264 0.24460941138267991 0.016064283273307191
leaf_weight=368.3221671897918 334.55085739120841 2911.58859577775 41.254952797666192 1.0929852407425631 265.65942048840225 23.855347983539104 42.268998980522156 3782.5569708012044 208.95504478923976 536.84698884002864 458.45749589987099 365.92241195216775 2.7656543962657452 1168.3008640632033 2.3568793758749966 17.723230242729187 27.681393407285213 220.75932343676686 2.2012771293520919 1.1335764713585375 1270.4784291535616 13.377006478607653 17.232429388910532 1.3451583459973324 3.2742453143000603 12.715371612459423 249.4771698564291 61.272437870502472 2.5126962661743155 1084.5585158318281
leaf_count=11327 6608 12710 1577 29 5343 212 171 32590 8400 9673 6976 8676 39 6706 51 126 215 2266 26 21 5769 97 222 24 55 276 3291 773 25 4638
internal_value=-0.000704935 0.00597292 -0.0279616 -0.0188485 -0.0475706 -0.0247691 0.0139581 -0.00168621 -0.0584107 -0.0228316 -0.0240146 -0.0303753 0.00508025 0.000219104 -0.00155929 0.0253717 -0.0122027 -0.0115817 0.102583 0.237927 0.020416 0.0471518 0.0239545 0.0734857 0.217971 0.02515 -0.0178377 0.00938022 0.116068 0.0146227
internal_weight=13500.5 10843.8 2656.72 1813.78 842.937 1454.02 5308.89 5534.89 577.277 1412.76 1388.91 902.769 359.762 4950.86 310.725 84.274 486.139 226.451 5.69173 3.49046 2397.31 49.0372 35.6602 18.4278 4.6194 13.8084 584.028 66.5508 5.27835 1126.83
internal_count=128912 72483 56429 31359 25070 27329 23288 49195 19727 25752 25540 18349 4030 39296 3327 963 7191 2364 98 72 10578 703 606 384 79 305 9899 837 64 4809
is_linear=0
shrinkage=0.1


Tree=24
num_leaves=31
num_cat=0
split_feature=4 3 2 4 2 3 3 1 0 1 2 3 0 2 3 3 3 3 3 4 2 4 4 3 2 2 1 4 4 3
split_gain=206.42 65.2669 37.6555 28.7505 15.7501 15.1713 14.0187 11.0633 9.33467 9.54181 9.19208 8.9559 8.44863 6.7421 14.7407 10.1508 8.41281 6.92588 6.37064 10.3588 6.24163 8.24372 6.42943 5.90123 5.74471 5.67001 5.5699 7.07505 14.9406 5.55479
threshold=-12.024999999999997 0.11850000000000001 0.17100000000000001 -26.791499999999996 0.34750000000000003 0.51650000000000007 -0.095499999999999988 1.5000000000000002 4.5000000000000009 1.0000000180025095e-35 1.6360000000000003 0.011500000000000002 2.5000000000000004 0.35900000000000004 -0.055499999999999994 -0.065499999999999989 0.038500000000000006 -0.096499999999999989 0.0055000000000000005 -14.524999999999997 0.41250000000000003 -13.624999999999998 -16.624999999999996 -0.096499999999999989 -2.4089999999999994 -0.57599999999999985 1.5000000000000002 -18.024999999999995 -18.474999999999998 -0.038499999999999993
decision_type=2 2 2 2 2 2 2 2 2 2 2 2 2 2 2 2 2 2 2 2 2 2 2 2 2 2 2 2 2 2
left_child=2 4 3 24 6 25 -2 11 23 -10 12 -6 20 14 15 17 -16 -9 -14 -20 21 22 -4 26 -1 -3 -5 28 -28 -11
right_child=1 5 10 8 7 -7 -8 13 9 29 -12 -13 18 -15 16 -17 -18 -19 19 -21 -22 -23 -24 -25 -26 -27 27 -29 -30 -31
leaf_value=-0.096709377928934775 -0.023886201121360254 -0.00037568243913936578 0.18076764484615662 -0.038619030557044805 -0.019088669711335868 0.022651126522343978 -0.0049231340279106382 0.23701186841396638 -0.080670363154342825 -0.040246012525778647 0.015290053246241931 0.0051603608009244614 -0.01970542440726623 0.0043205542450080823 -0.062827987455423701 0.41913034548532757 0.10137732747384064 -0.01388030087510605 -0.046920002125789485 0.1735574340219854 -0.0010798609865488029 0.32008553226018893 -0.11072619005571771 -0.010437520762242644 -0.060892919760235642 0.011113171540761269 0.025037902138854463 -0.031293579905866717 0.38953665413767657 0.0072480494966446572
leaf_weight=53.928468415513635 471.08719028159976 487.00704137980938 1.7325391583144663 231.69832828082144 398.13282538950443 1171.644136428833 2260.4989155586809 2.3295573443174358 57.493377722799778 365.28672800958157 104.71397130191326 246.67300203442574 575.51716753840446 2759.2910902947187 7.6181585043668729 1.5065584331750894 5.2843312621116638 2.0850762203335766 4.112454816699028 4.4227858111262304 5.4749618954956532 1.8613285012543181 1.3434150703251364 218.52661716751754 264.03623354062438 3642.0765409171581 15.437236787751319 26.999204471707344 1.2128933146595944 26.40588653832674
leaf_count=2493 9789 2241 30 6309 4190 5541 22551 42 2092 10220 833 1520 10210 20129 67 16 33 26 31 33 72 26 19 3429 10133 15509 389 577 27 335
internal_value=-0.000656739 0.00447449 -0.0306431 -0.0409635 -0.00253062 0.0126079 -0.00819349 0.0019885 -0.0321959 -0.0426281 -0.0120295 -0.00981211 -0.0168418 0.00472744 0.0643718 0.195001 0.00442378 0.118513 -0.0184335 0.0673269 0.0724443 0.153975 0.0534585 -0.0227077 -0.0669676 0.00975811 -0.0324458 0.000322586 0.0515901 -0.0370442
internal_weight=13415.4 11455.2 1960.2 1261.02 6154.51 5300.73 2731.59 3422.92 943.06 449.186 699.179 644.806 594.465 2778.11 18.8237 5.92119 12.9025 4.41463 584.052 8.53524 10.4122 4.93728 3.07595 493.874 317.965 4129.08 275.348 43.6493 16.6501 391.693
internal_count=128912 81654 47258 36004 58363 23291 32340 26023 23378 12647 11254 5710 10421 20313 184 84 100 68 10274 64 147 75 49 10731 12626 17750 7302 993 416 10555
is_linear=0
shrinkage=0.1


Tree=25
num_leaves=31
num_cat=0
split_feature=3 2 3 3 0 1 2 4 4 2 4 2 1 0 3 0 3 3 4 0 3 3 4 2 0 2 2 1 3 2
split_gain=181.123 52.4111 46.0209 39.3259 12.7273 12.5715 11.64 12.8809 9.95315 9.61808 9.52908 7.97123 11.5654 7.46732 11.4943 7.37456 6.13248 6.00911 5.88708 5.87579 6.53959 5.59452 9.15815 5.3498 5.20102 5.15694 7.9686 5.45007 5.28262 5.10266
threshold=-0.037499999999999992 -1.8474999999999999 0.40350000000000008 -0.14049999999999999 5.5000000000000009 2.5000000000000004 1.5775000000000003 46.775000000000013 -14.291499999999997 0.15100000000000002 28.391500000000004 0.081000000000000016 1.5000000000000002 1.5000000000000002 -0.067499999999999991 3.5000000000000004 0.041500000000000009 -0.025499999999999998 -18.924999999999997 1.5000000000000002 0.60250000000000015 -0.12849999999999998 -19.874999999999996 1.5225000000000002 4.5000000000000009 -0.58899999999999986 -0.013999999999999997 1.0000000180025095e-35 0.38350000000000006 2.1275000000000004
decision_type=2 2 2 2 2 2 2 2 2 2 2 2 2 2 2 2 2 2 2 2 2 2 2 2 2 2 2 2 2 2
left_child=1 24 11 4 -3 8 19 -8 13 -6 18 12 25 14 -5 16 17 -13 21 20 -4 22 -7 -22 -1 -2 27 -27 -28 -11
right_child=2 3 6 5 9 10 7 -9 -10 29 -12 15 -14 -15 -16 -17 -18 -19 -20 -21 23 -23 -24 -25 -26 26 28 -29 -30 -31
leaf_value=-0.050901138902007141 -0.0050570024736769064 -0.026465504856250217 0.013620995873118283 0.23039871899874853 -0.069896409866298997 0.046887022831237808 -0.016143326583189666 0.042464018333415898 -0.01104933273368696 -0.038568759578768513 0.12087911384395296 0.019509661884494239 -0.01595495119778435 -0.027138573619216788 -0.028764860463680875 -0.0021458909432208431 0.0098696534175458234 -0.0027701712419829095 -0.0048344471569994225 -0.089724023179565363 0.03480890711859444 0.0086140298852934293 0.28449464660196527 -0.046771849933129522 -0.090237439379333123 -0.034275576709456565 -0.019225833427915413 0.010877154548589103 0.094152483230905443 0.0463621455325069
leaf_weight=50.827142743393779 772.03859486430883 548.04734266363084 2026.0201600193977 2.8717057071626186 150.95070312172174 19.737663604319099 42.944070637226105 295.85892355442047 1589.7885187920183 149.85514340363443 6.3938568904995909 141.32080709189177 512.19773856550455 615.78226858377457 4.2352659553289405 1204.0092051997781 2272.7913579270244 844.20564163476229 711.71414987370372 5.3291897326707831 212.8771385550499 75.65987516567111 1.7673869505524624 8.3536930829286558 99.243227021768689 27.613889250904322 140.56927659735084 837.18580231443048 4.2332623749971381 7.4244829267263404
leaf_count=1654 5239 14676 8678 25 6770 257 194 1483 23012 3356 41 1152 3472 14141 29 7784 10622 5848 7422 22 1047 881 26 45 4635 182 908 5432 17 66
internal_value=-0.00121847 -0.0189275 0.00642453 -0.0166871 -0.0356085 -0.0113363 0.0177541 0.0350354 -0.0152475 -0.0518652 -0.000721074 0.00207898 -0.00271186 -0.0259623 0.0759551 0.00454169 0.00701288 0.000424674 -0.00168227 0.0151549 0.0154036 0.0214068 0.0664147 0.0317284 -0.0769147 0.00109535 0.00580003 0.00943538 -0.0159112 -0.0345595
internal_weight=13381.8 4034.3 9347.55 3884.23 856.278 3027.95 2591.38 338.803 2212.68 308.23 815.273 6756.17 2293.84 622.889 7.10697 4462.33 3258.32 985.526 808.879 2252.58 2247.25 97.1649 21.5051 221.231 150.07 1781.64 1009.6 864.8 144.803 157.28
internal_count=129116 76991 52125 70702 24868 45834 11469 1677 37207 10192 8627 40656 15250 14195 54 25406 17622 7000 8586 9792 9770 1164 283 1092 6289 11778 6539 5614 925 3422
is_linear=0
shrinkage=0.1


Tree=26
num_leaves=31
num_cat=0
split_feature=3 2 3 3 2 0 0 2 2 3 0 4 0 3 4 2 3 0 2 2 0 4 4 2 3 3 0 2 3 2
split_gain=150.428 44.957 43.8143 27.0452 12.5067 11.4186 9.80425 9.9278 8.95155 8.6205 8.35274 8.09786 8.31002 7.35762 6.77703 6.55542 6.08864 5.21779 5.08068 5.00086 6.40765 6.09069 4.83352 11.2406 8.79754 7.6758 7.40391 5.67142 22.4615 5.56551
threshold=-0.061499999999999992 -1.7659999999999998 0.40350000000000008 -0.14049999999999999 0.81600000000000006 5.5000000000000009 3.5000000000000004 2.0625000000000004 0.15100000000000002 0.026500000000000003 5.5000000000000009 -34.058499999999988 3.5000000000000004 0.61550000000000005 53.791500000000006 1.296 0.020500000000000004 2.5000000000000004 -2.5609999999999995 0.081000000000000016 3.5000000000000004 9.3250000000000011 -25.241499999999998 -1.1624999999999999 -0.13849999999999998 -0.07149999999999998 4.5000000000000009 -1.0524999999999998 -0.10449999999999998 -0.81599999999999984
decision_type=2 2 2 2 2 2 2 2 2 2 2 2 2 2 2 2 2 2 2 2 2 2 2 2 2 2 2 2 2 2
left_child=1 18 9 5 10 17 7 13 -7 15 22 -6 -13 -4 -15 16 -2 -3 -1 -11 -21 -22 23 -5 26 27 -25 28 -26 -29
right_child=2 3 6 4 11 8 -8 -9 -10 19 -12 12 -14 14 -16 -17 -18 -19 -20 20 21 -23 -24 24 25 -27 -28 29 -30 -31
leaf_value=-0.095824595519186165 -0.0043742211257605202 -0.0012806610890132375 0.013419285897411726 -0.081830275062219154 0.21701668196449844 -0.067178474426993595 -0.13062430665967534 0.045537163853385201 -0.032151858409136119 -0.0008451045042546226 -0.036791135462156475 0.021583739080668598 -0.006594073707096461 0.057019862383370416 0.018639964822435767 0.0068795716767477109 -0.027322763302178171 -0.028571719708220679 -0.057865677907432633 0.0082634907743028198 0.006857705563688532 -0.013330194346023134 -0.014805574180625905 0.526898222370902 -0.10369746463688474 0.23355497114406237 0.11422467167583375 -0.084728009298312645 0.55268197889407378 0.027202647459960927
leaf_weight=64.719748420640826 2241.4838967267424 83.022213658317924 2268.7180023789406 9.2500337492674571 1.7311823964118946 139.91567745804787 4.5477276444435111 111.36998438835144 152.47514889761806 1633.3700022026896 176.18194541335106 139.24576552212238 421.39718917757273 75.966955944895744 116.6615169942379 516.3657118678093 121.90146622061729 448.56729027442634 77.466958113014698 2461.2809552624822 297.64036433398724 300.15433651208878 1398.9729970786721 0.63477962091565054 1.2155422642827036 1.7595934756100167 1.3797291424125433 5.2795709520578304 0.91288887709379096 28.011449707672007
leaf_count=3435 22177 2046 9883 301 14 6705 19 574 3422 8520 4940 1235 4515 384 609 3223 943 12497 3056 11751 1715 1489 24645 21 41 29 47 166 22 692
internal_value=-0.00111401 -0.0201963 0.00481243 -0.0176007 -0.011781 -0.03304 0.0160745 0.0163338 -0.0489129 0.000979288 -0.0162326 0.0010712 0.000404393 0.0150124 0.0337759 -0.00332774 -0.00555789 -0.0243095 -0.0751436 0.00362251 0.00600795 -0.00327869 -0.0137302 0.017324 0.0407254 0.0296971 0.24426 0.0195697 0.177825 0.00945174
internal_weight=13301.6 3152.14 10149.5 3009.95 2185.97 823.98 2577.26 2572.72 292.391 7572.2 1623.6 562.374 560.643 2461.35 192.628 2879.75 2363.39 531.59 142.187 4692.45 3059.08 597.795 1447.42 48.4436 39.1936 37.179 2.01451 35.4195 2.12843 33.291
internal_count=129116 67829 61287 61338 36668 24670 11469 11450 10127 49818 30904 5764 5750 10876 993 26343 23120 14543 6491 23475 14955 3204 25964 1319 1018 950 68 921 63 858
is_linear=0
shrinkage=0.1


Tree=27
num_leaves=31
num_cat=0
split_feature=3 2 3 3 1 0 0 2 4 2 4 2 4 3 2 3 4 3 1 0 4 2 4 4 2 2 3 4 1 0
split_gain=124.345 40.9054 35.7665 23.527 11.2314 10.4597 9.76452 8.90628 10.6637 8.67851 7.17057 5.86813 5.65867 5.17481 7.03382 5.78516 4.97848 4.90116 4.88122 5.23875 7.30443 10.0441 6.53278 13.1302 8.2115 6.85116 6.23177 4.50388 4.4614 10.712
threshold=-0.061499999999999992 -1.8474999999999999 0.40350000000000008 -0.14049999999999999 1.5000000000000002 5.5000000000000009 4.5000000000000009 1.5775000000000003 46.775000000000013 0.15100000000000002 -15.241499999999998 1.0910000000000004 -12.024999999999997 0.026500000000000003 1.0740000000000001 0.020500000000000004 12.941500000000001 -0.10349999999999998 1.5000000000000002 2.5000000000000004 -14.774999999999997 -0.088999999999999982 -6.2584999999999988 -1.0914999999999997 -0.38099999999999995 0.11100000000000002 -0.16049999999999998 -41.141499999999994 1.0000000180025095e-35 1.5000000000000002
decision_type=2 2 2 2 2 2 2 2 2 2 2 2 2 2 2 2 2 2 2 2 2 2 2 2 2 2 2 2 2 2
left_child=1 12 10 5 6 18 28 -4 -9 -7 -2 13 -1 14 15 -12 -6 -18 27 20 21 -20 -22 24 -24 -26 -27 -3 29 -5
right_child=2 3 7 4 16 9 -8 8 -10 -11 11 -13 -14 -15 -16 -17 17 -19 19 -21 22 -23 23 -25 25 26 -28 -29 -30 -31
leaf_value=-0.081049689646986722 -0.021688310305060066 0.25060440150926527 0.012280829703474926 0.23306936661578792 -0.0056224187555455 -0.065048092276596817 -0.031999269373896938 -0.016645994288126666 0.036832869052324434 -0.029819275771314459 -0.0025802849452995526 0.0060708387512664504 0.012491740465775246 0.0020095693519682225 -0.073046466988288802 -0.026544416335484634 -0.023140410974033323 0.032206803825930767 -0.01498732847992852 -0.017270891652204315 -0.074256676539119437 0.40431619425285242 0.40311480215963552 -0.011395258129190356 -0.048200010754378353 0.33624327820127919 0.042795308520310105 -0.031673605693073141 -0.013295295695086357 0.008706609040556661
leaf_weight=113.48448785860091 138.20879772305489 0.56634009629487891 2234.7606164067984 2.2791391275823107 987.71734241582453 132.40531856566668 341.42386364750564 42.853929832577705 286.97003380954266 148.19388764724135 1939.4941818751395 1914.2059958577156 6.8578608389943829 3456.562980696559 14.785534128546713 106.25675636529922 20.954141926020384 67.665541239082813 1.1138773802667858 203.56914732977748 6.376384109258658 1.1727944463491464 1.1820849329233167 13.643360793590535 1.7524944394826967 1.5817100517451761 1.3340597450733187 290.84463539160788 719.00631443411112 32.087429080158472
leaf_count=5860 1931 24 9792 21 13684 6770 8641 194 1483 3422 19094 10023 199 17803 110 857 240 629 27 4736 134 22 29 252 37 29 23 9363 13053 634
internal_value=-0.00101953 -0.0185621 0.0043384 -0.0162499 -0.0108391 -0.0308661 -0.0179706 0.0145448 0.0298844 -0.0464426 0.000880442 0.00130018 -0.0757191 -0.000355041 -0.00432169 -0.00382499 -0.00358527 0.0191199 -0.0225113 -0.011679 0.0287499 0.200066 0.0136071 0.0423473 0.167678 0.108062 0.201981 -0.031125 -0.0116129 0.023586
internal_weight=13229.3 3095.21 10134.1 2974.87 2171.13 803.736 1094.8 2564.58 329.824 280.599 7569.51 7431.31 120.342 5517.1 2060.54 2045.75 1076.34 88.6197 523.137 231.726 28.1568 2.28667 25.8701 19.4937 5.85035 4.66826 2.91577 291.411 753.373 34.3666
internal_count=129116 67829 61287 61770 36902 24868 22349 11469 1677 10192 49818 47887 6059 37864 20061 19951 14553 869 14676 5289 553 49 504 370 118 89 52 9387 13708 655
is_linear=0
shrinkage=0.1


Tree=28
num_leaves=31
num_cat=0
split_feature=3 2 3 3 2 0 2 0 0 2 4 2 1 2 3 3 0 3 3 4 2 4 4 3 4 2 2 3 3 4
split_gain=103.082 39.5382 25.5492 24.7828 9.76039 9.70612 8.64042 8.08586 7.60177 7.54336 8.55099 5.02793 9.46134 5.50321 4.88916 7.487 10.911 4.6609 4.64641 4.51318 4.47437 7.94501 4.4504 5.76275 8.01468 7.54047 12.5351 7.03078 10.697 6.60576
threshold=-0.037499999999999992 -2.0339999999999994 -0.14049999999999999 0.40350000000000008 -0.55249999999999988 5.5000000000000009 0.15100000000000002 3.5000000000000004 5.5000000000000009 1.5775000000000003 46.775000000000013 0.081000000000000016 1.5000000000000002 0.14100000000000004 -0.0034999999999999996 -0.027499999999999997 3.5000000000000004 0.60250000000000015 0.45950000000000008 56.991500000000009 2.1275000000000004 -19.874999999999996 -24.741499999999998 -0.17749999999999996 -29.374999999999996 0.55400000000000016 0.42400000000000004 -0.15549999999999997 -0.15149999999999997 -26.508499999999994
decision_type=2 2 2 2 2 2 2 2 2 2 2 2 2 2 2 2 2 2 2 2 2 2 2 2 2 2 2 2 2 2
left_child=1 -1 5 11 8 -3 -7 9 -4 17 18 12 -2 14 15 16 -13 -5 -11 -19 22 -22 23 29 25 26 27 -25 -29 -8
right_child=3 2 4 7 -6 6 20 -9 -10 10 -12 13 -14 -15 -16 -17 -18 19 -20 -21 21 -23 -24 24 -26 -27 -28 28 -30 -31
leaf_value=-0.077033183590333593 0.0012086015969463414 -0.021003059440727698 -0.017369761463895586 0.0098153104925606822 -0.0060399057386415515 -0.063357944701675314 -0.057835737723450742 -0.12155598094527367 -0.061125404150170197 0.027201611758417916 0.033950778291383849 -0.019919717743928672 -0.014277528943905311 0.0028469307315911307 0.029614146746110466 -0.046182797615567851 0.19917032203220542 0.036437872940713538 -0.040332187012951645 0.0063641574906164846 0.13344017832137797 -0.078927820765327644 -0.050165916701897899 -0.058777873939607761 -0.031137320353960531 0.016026712188477985 0.36829822185888367 0.53858610532875451 0.0038722326573041132 0.070912284812199994
leaf_weight=99.100262801162899 1778.6196544021368 519.03604707680643 508.00926450826228 2009.8030107617378 2413.5012829639018 127.05904382094741 31.84307874366641 4.4480687081813803 43.071524554863572 16.696446880698204 281.90990416705608 6.3523880764842016 506.96936244145036 4304.1968214437366 135.60230527073145 22.116061009466648 3.5397555530071259 135.11869715154171 26.133729919791222 79.121352761983871 4.4028546586632729 2.9366110041737548 66.738570319488645 2.2553258407860994 17.603528225794435 10.518751528114079 1.9034918565303085 0.62275479733943939 0.93709266185760787 4.555198883637785
leaf_count=5394 11778 14975 10953 8683 33650 6928 884 19 1669 70 1482 58 3472 24325 777 207 39 688 123 404 37 29 1511 81 457 189 52 20 35 127
internal_value=-0.000932817 -0.0146863 -0.0130409 0.0047604 -0.0087817 -0.0290158 -0.0443411 0.0131537 -0.0207896 0.0133887 0.0276258 0.00158907 -0.0022264 0.00353919 0.0213163 -0.0138372 0.0584784 0.01131 -0.0140056 0.0253313 -0.0275985 0.0484691 -0.0316743 -0.0141042 0.0156018 0.0662732 0.158695 0.0541188 0.217352 -0.0417231
internal_weight=13164.7 3854.09 3754.99 9310.63 2964.58 790.412 271.376 2553.23 551.081 2548.78 324.74 6757.4 2285.59 4471.81 167.611 32.0082 9.89214 2224.04 42.8302 214.24 144.317 7.33947 136.978 70.2392 33.8409 16.2374 5.71867 3.81517 1.55985 36.3983
internal_count=129116 76991 71597 52125 46272 25325 10350 11469 12622 11450 1675 40656 15250 25406 1081 304 97 9775 193 1092 3422 66 3356 1845 834 377 188 136 55 1011
is_linear=0
shrinkage=0.1


Tree=29
num_leaves=31
num_cat=0
split_feature=4 4 2 3 3 3 2 2 1 3 3 4 4 2 0 2 3 4 0 2 1 3 0 2 2 3 4 3 3 0
split_gain=87.6166 32.9474 27.3019 11.4178 10.6618 8.24375 7.30944 12.195 8.28407 7.41684 8.07504 9.62666 14.6381 11.2887 6.87916 6.27344 6.79678 9.03605 6.04666 5.91722 5.88869 5.69754 5.46671 6.92508 6.69061 6.97957 9.00104 8.11968 11.9787 5.41527
threshold=-15.241499999999998 28.391500000000004 -1.8474999999999999 -0.061499999999999992 -0.15049999999999997 0.56950000000000001 -0.80099999999999993 -0.74249999999999983 1.5000000000000002 -0.07149999999999998 -0.12949999999999998 -21.291499999999996 -29.091499999999996 -0.75749999999999995 4.5000000000000009 2.3060000000000005 -0.14949999999999997 -19.174999999999997 3.5000000000000004 -0.75749999999999995 1.5000000000000002 -0.21349999999999997 4.5000000000000009 1.3175000000000001 0.031000000000000003 -0.18549999999999997 -21.541499999999996 -0.21749999999999997 -0.19449999999999998 2.5000000000000004
decision_type=2 2 2 2 2 2 2 2 2 2 2 2 2 2 2 2 2 2 2 2 2 2 2 2 2 2 2 2 2 2
left_child=2 3 -1 21 20 -3 8 9 -6 10 19 12 -12 14 -14 16 17 -9 -7 -8 -4 -2 23 24 25 26 -22 -28 -29 -18
right_child=1 5 4 -5 6 18 7 15 -10 -11 11 -13 13 -15 -16 -17 29 -19 -20 -21 22 -23 -24 -25 -26 -27 27 28 -30 -31
leaf_value=-0.074347825963125308 -0.074619419173164239 0.0071600674363304058 -0.046048435251293506 6.3675912573344748e-05 -0.035972488229380324 0.021146553982933552 -0.072661859775204271 0.026056005217291518 0.11718478456946442 -0.072397454524313329 -0.10315616824084191 0.072038518623135636 0.30640317252905802 0.09622250683638707 0.6665457982014974 0.056727205989333611 0.037906684847258169 0.30698214433399873 -0.10488518507882345 0.20926028097988608 0.0058309008085159139 -0.0086230373351562969 -0.028427902237197114 0.20668750077278741 -0.048178744822413765 -0.0093120386375203541 0.53221683336388803 -0.030276598184514631 0.4369411478838684 -0.015966581544613889
leaf_weight=103.82116095162928 13.178332626819609 3800.4884587433189 205.25398269668221 5631.8694549445063 167.17945732176304 545.39463144540787 3.3089896179735661 5.3423490114510059 3.6077904663979998 2.8358248956501475 0.81037275306880507 5.617696600034833 0.97071028687060001 1.0002329852432006 1.1692208517342804 13.11543223261833 19.265327384695411 1.4572986103594292 3.8335211873054496 0.96062107570469457 2.751678854227066 1774.3479411415756 183.51604366488755 1.8462855219840992 11.952386744320391 7.4059574790298965 0.7857161853462461 1.3519716057926421 0.92362972907722229 592.20601520501077
leaf_count=5933 328 16473 9121 40104 4976 2846 129 164 100 51 29 136 23 31 41 71 353 39 17 37 93 29364 5954 16 247 216 21 36 24 12143
internal_value=-0.000852356 0.00190481 -0.0250962 -0.0021464 -0.0209546 0.00881503 -0.0143328 -0.00948256 -0.0327371 0.0749316 0.105124 0.156153 0.275765 0.373551 0.503179 -0.0117118 -0.0131636 0.086264 0.0202669 -0.00923211 -0.0339956 -0.00910959 -0.0222451 0.0197517 0.00604018 0.0550641 0.137082 0.255057 0.15936 -0.0142692
internal_weight=13107.6 11769.1 1338.46 7419.4 1234.63 4349.72 818.847 648.06 170.787 16.6737 13.8378 9.56823 3.95054 3.14016 2.13993 631.386 618.271 6.79965 549.228 4.26961 415.788 1787.53 210.534 27.0176 25.1713 13.219 5.813 3.06132 2.2756 611.471
internal_count=129116 89132 39984 69796 34051 19336 18323 13247 5076 477 426 260 124 95 64 12770 12699 203 2863 166 15728 29692 6607 653 637 390 174 81 60 12496
is_linear=0
shrinkage=0.1


Tree=30
num_leaves=31
num_cat=0
split_feature=3 3 2 4 2 0 3 1 3 3 2 0 2 3 2 4 0 2 3 4 2 4 3 4 0 2 3 4 4 2
split_gain=73.2291 31.0179 24.065 15.2809 9.59657 8.65564 7.02247 6.72406 9.11705 6.54816 8.35905 6.35486 7.7378 6.35331 6.15539 5.4768 5.30334 7.24286 10.7999 5.07309 5.55393 5.45649 5.80818 10.6558 5.05593 6.97738 6.32153 4.7554 4.65752 4.52396
threshold=-0.10549999999999998 0.08450000000000002 -0.52899999999999991 -26.024999999999995 1.1975000000000002 4.5000000000000009 -0.15949999999999998 1.5000000000000002 -0.039499999999999993 -0.09849999999999999 0.091000000000000011 4.5000000000000009 2.0625000000000004 0.63150000000000006 0.63750000000000007 -35.241499999999995 2.5000000000000004 0.55400000000000016 0.029500000000000002 12.941500000000001 -2.1459999999999995 18.108500000000003 -0.016499999999999997 25.291500000000003 3.5000000000000004 -1.4839999999999998 -0.19449999999999998 25.291500000000003 5.8585000000000003 0.47100000000000003
decision_type=2 2 2 2 2 2 2 2 2 2 2 2 2 2 2 2 2 2 2 2 2 2 2 2 2 2 2 2 2 2
left_child=2 7 3 -1 5 15 29 8 -2 -9 -11 12 13 -3 16 -4 17 19 -19 20 -10 -21 23 -23 25 -5 -27 -18 -28 -7
right_child=1 11 4 24 -6 6 -8 9 14 10 -12 -13 -14 -15 -16 -17 27 18 -20 21 -22 22 -24 -25 -26 26 28 -29 -30 -31
leaf_value=-0.065187881236943551 -0.014216213630262523 0.0064435553525243163 0.16674484585704311 -0.065782500817171116 0.0071170593227843811 -0.051072263647126387 -0.016418641399688221 0.02681658415144127 -0.094840005085890688 -0.013453691088215919 0.0012584951681786614 -0.02240773124600412 0.025192386720376009 0.029687103615975652 -0.016130361797183117 -0.0073405893406444231 -0.0036762979081621039 0.15463158388484788 -0.029622662211868489 -0.031905824058376053 0.015629804513430112 8.0628210251999907e-05 -0.001205394932320812 0.23193359638310207 -0.038472503898261096 -0.090611539397111723 0.0068638267961078471 -0.10135364509968499 -0.076267441695146793 -0.018010251877666025
leaf_weight=155.282285627909 1023.6653779959306 5390.2664800584316 1.8147786986082781 21.537829549983144 202.1199170909822 133.58079595770687 301.36109653860331 87.985227104276419 4.6165879517793647 450.50331552140415 2705.2439846582711 70.872535422444344 242.77811239659786 120.21952365338802 243.6326470002532 431.7398773226887 645.49855072423816 8.0895871594548208 5.2428372949361792 58.640235364437103 320.65372779965401 5.2805210053920728 62.420314349234104 3.1736092939972878 173.91027765069157 7.915633486583828 109.33127012476325 5.023026078939437 7.1822021510452023 59.965475475415587
leaf_count=9061 17475 24208 34 828 2205 5715 7915 1252 42 5093 20438 357 1141 650 1671 8963 6121 65 33 460 2779 51 444 29 7023 268 3200 36 192 1479
internal_value=-0.000566275 0.00223748 -0.0205656 -0.0394492 -0.0126292 -0.0169278 -0.0259649 -0.00305556 -0.00708521 -9.15404e-05 -0.000841764 0.0073538 0.00772042 0.00695065 -0.00172669 -0.0066119 0.00141034 0.0095271 0.0821755 0.00739735 0.0140619 -0.00934036 0.0093299 0.0871163 -0.0269546 -0.0132317 -0.00413557 -0.00443052 0.00173939 -0.0408288
internal_weight=13059.5 11453.8 1605.74 475.159 1130.58 928.462 494.907 5629.67 2385.94 3243.73 3155.75 5824.14 5753.26 5510.49 1362.27 433.555 1118.64 468.117 13.3324 454.785 325.27 129.515 70.8744 8.45413 319.877 145.967 124.429 650.522 116.513 193.546
internal_count=129228 82345 46883 20572 26311 24106 15109 55989 29206 26783 25531 26356 25999 24858 11731 8997 10060 3903 98 3805 2821 984 524 80 11511 4488 3660 6157 3392 7194
is_linear=0
shrinkage=0.1


Tree=31
num_leaves=31
num_cat=0
split_feature=3 3 2 2 4 4 2 0 3 1 2 3 3 4 2 0 1 1 0 4 3 0 4 2 4 2 4 4 2 0
split_gain=60.6555 25.1781 21.427 11.0471 17.0952 9.96802 6.79342 6.45452 6.42139 5.77542 7.4779 20.4463 6.30937 7.91317 6.84859 6.35108 5.63242 5.51207 7.77567 5.44215 7.99779 5.4093 15.0809 7.77386 6.54682 6.3805 5.65909 5.54432 5.53559 5.35357
threshold=-0.10549999999999998 0.08450000000000002 -1.1159999999999999 0.30400000000000005 -31.041499999999996 -35.974999999999987 -2.5609999999999995 4.5000000000000009 -0.12549999999999997 2.5000000000000004 0.33600000000000008 -0.11149999999999999 -0.10949999999999999 -7.3584999999999985 1.4510000000000003 3.5000000000000004 1.0000000180025095e-35 1.5000000000000002 3.5000000000000004 -23.274999999999995 -0.20049999999999998 3.5000000000000004 29.225000000000005 0.45900000000000007 1.5750000000000002 -0.097499999999999989 0.77500000000000013 10.358500000000001 2.4425000000000003 5.5000000000000009
decision_type=2 2 2 2 2 2 2 2 2 2 2 2 2 2 2 2 2 2 2 2 2 2 2 2 2 2 2 2 2 2
left_child=2 17 6 4 -4 -5 -1 -6 -8 10 11 -7 19 -14 15 -15 -12 18 -2 20 -11 23 25 24 26 27 -3 -23 -25 -21
right_child=1 21 3 5 7 9 8 -9 -10 12 16 -13 13 14 -16 -17 -18 -19 -20 29 -22 22 -24 28 -26 -27 -28 -29 -30 -31
leaf_value=-0.087983029040453201 -0.001959224508195041 0.030414651380869295 -0.069241706226360653 0.087454238812264051 -0.0097364480159659299 0.0095195899592450135 -0.052032158667829599 -0.028827266954671662 -0.0053306145047339638 -0.054233942863428544 0.099387873980159441 0.39280691333420081 -0.0026049031582844272 0.089288658497179846 0.029228551914052062 0.31290244512936 -0.022038050511493233 -8.4220253534663184e-05 -0.013763102949300108 0.0040656712588531463 0.03756684094365742 0.012109167310308833 -0.073835600647782246 0.010155799770561476 0.0028324661646025907 -0.0039527131872319097 0.14746937695833148 0.11032919735758358 0.03755888984088207 -0.029342340046280925
leaf_weight=37.529193379916251 1474.4272102899849 23.163875862956051 70.130901558324695 11.697360292077063 432.19463912211359 10.531820729374884 121.56481652986258 300.04734670463949 38.851424121297896 11.215993037447332 3.8793612942099562 1.6036943793296803 9.8210653364658373 2.4773353338241559 4.016447551548481 2.6064882464706898 249.96137998625636 3243.1245366986841 897.93878607358783 128.91876408830285 61.67899727076292 14.951619416475298 29.978986099362373 2844.4455343037844 2582.0785787701607 237.19769302010536 5.0263930708169928 9.3354292660951597 75.677832171320915 76.389195960015059
leaf_count=2977 15726 134 3857 243 10913 282 6172 11446 1450 234 75 31 108 27 30 35 5250 26783 13480 1759 872 88 129 12914 11495 1157 28 49 362 1122
internal_value=-0.000520168 0.0020135 -0.0189178 -0.0144959 -0.0220765 -0.00391412 -0.0496819 -0.0175592 -0.0407214 -0.00581213 -0.0165161 0.0601706 0.00376976 0.0596462 0.126828 0.203936 -0.0201823 -0.00276384 -0.00642698 -3.05493e-05 0.0234419 0.00662149 -0.0066563 0.00732125 0.00335575 0.00104575 0.0512858 0.0498629 0.010866 -0.00836449
internal_weight=13012.5 11437.3 1575.12 1377.17 802.373 574.798 197.945 732.242 160.416 563.101 265.976 12.1355 297.124 18.9213 9.10027 5.08382 253.841 5615.49 2372.37 278.203 72.895 5821.86 291.464 5530.39 2610.27 261.485 28.1903 24.287 2920.12 205.308
internal_count=129228 82345 46883 36284 26216 10068 10599 22359 7622 9825 5638 313 4187 200 92 62 5325 55989 29206 3987 1106 26356 1423 24933 11657 1294 162 137 13276 2881
is_linear=0
shrinkage=0.1


Tree=32
num_leaves=31
num_cat=0
split_feature=4 2 3 2 4 2 1 3 4 4 2 0 3 2 3 3 3 3 2 3 2 4 2 3 3 4 0 0 4 2
split_gain=50.8118 20.563 19.5412 15.4417 11.5598 12.5988 10.804 7.34226 7.29426 6.70051 11.5437 6.00094 6.05587 5.98484 5.96913 5.58431 12.8383 5.64119 5.4272 4.85106 10.6947 4.79244 9.62179 9.94952 4.65268 9.32148 4.42142 4.39185 5.73505 5.73166
threshold=-12.024999999999997 -2.5609999999999995 0.26850000000000007 0.84250000000000014 -31.041499999999996 0.40250000000000008 1.0000000180025095e-35 -0.17549999999999996 -32.141499999999994 -37.774999999999999 0.67250000000000021 1.5000000000000002 0.079500000000000015 2.0040000000000004 -0.04349999999999999 -0.19249999999999998 -0.17749999999999996 -0.22849999999999998 1.2175000000000002 -0.23549999999999996 -3.1924999999999994 -12.241499999999998 0.22100000000000003 -0.052499999999999991 0.38350000000000006 46.775000000000013 4.5000000000000009 4.5000000000000009 -10.024999999999997 0.74750000000000016
decision_type=2 2 2 2 2 2 2 2 2 2 2 2 2 2 2 2 2 2 2 2 2 2 2 2 2 2 2 2 2 2
left_child=1 19 7 4 5 -3 -5 13 15 10 -7 14 21 -2 -6 17 -17 -8 -4 20 -1 -13 -23 -24 -20 -26 -10 29 -29 -9
right_child=2 3 18 6 11 9 8 27 26 -11 -12 12 -14 -15 -16 16 -18 -19 24 -21 -22 22 23 -25 25 -27 -28 28 -30 -31
leaf_value=-0.10115906585513419 -0.042286933013858691 -0.063604898148289388 0.0058356422065564519 0.23452445701021582 0.093555659623607373 0.25790301977732943 0.1616713246986976 -0.0021177600637450463 0.033370505151733017 -0.0052168843320138545 -0.10835734704370173 -0.016901837416691098 0.26148009589753496 0.21529857373716005 -0.047825647673165356 0.3659408970571002 0.06378421860061842 -0.065587813426215252 0.034368350619337178 -0.087929959586048087 0.70604237735845787 -0.10121428217278108 -0.042099574934528095 0.22056756938882183 -0.010714121875277004 0.018140098013023593 -0.0046495105438104662 0.013876367865226183 -0.010449774213827959 0.0040146415956091646
leaf_weight=0.48633432667702436 52.774153923615813 99.01917561981827 3012.5461896210909 2.0330005139112464 9.4147325269877893 2.7405243739485772 1.4501967020332811 4183.6460530906916 34.563557628542185 12.972228748723863 1.2544100172817705 1137.8814349761233 0.77673250436782737 0.91769170016050239 4.373480048030614 1.67611462622881 8.7317297868430579 4.425432343035939 108.78709590435028 44.045168072916567 0.24775247741490503 17.398114580661062 4.6364517286419868 2.0931067243218413 141.70370490849018 533.41446429491043 265.86002131924033 110.83023191429675 771.88827326893806 2397.5653429925442
leaf_count=43 1332 5792 12872 28 89 56 17 40296 340 316 21 32980 5 10 39 22 97 64 439 3475 21 347 83 21 634 2756 3382 1664 7687 14300
internal_value=-0.000478436 -0.0168383 0.00191621 -0.0149807 -0.019842 -0.049962 0.00473294 -0.00103714 0.00325787 0.0296567 0.142897 -0.0168727 -0.0176504 -0.0378843 0.048711 0.068444 0.112445 -0.00949672 0.00776434 -0.0836808 0.171269 -0.017837 -0.0619396 0.0395983 0.0151763 0.0120838 -0.00027533 -0.000772077 -0.00739549 0.000116302
internal_weight=12970.2 1656.08 11314.1 1611.3 1292.56 115.986 318.74 7517.62 316.707 16.9672 3.99493 1176.57 1162.79 53.6918 13.7882 16.2835 10.4078 5.87563 3796.45 44.7793 0.734087 1162.01 24.1277 6.72956 783.905 675.118 300.424 7463.93 882.719 6581.21
internal_count=129228 47238 81990 43699 39749 6185 3950 65289 3922 393 77 33564 33436 1342 128 200 119 81 16701 3539 64 33431 451 104 3829 3390 3722 63947 9351 54596
is_linear=0
shrinkage=0.1


Tree=33
num_leaves=31
num_cat=0
split_feature=3 2 3 2 0 2 3 3 2 0 4 3 2 2 0 0 4 2 4 3 3 4 3 4 4 4 2 4 2 0
split_gain=43.3496 17.4383 17.0002 8.27204 8.65128 6.24934 5.65656 5.61336 5.80058 5.27847 6.89208 5.28972 5.6688 5.14061 7.45288 6.81567 6.57794 5.61207 5.29858 4.88499 11.4081 5.39548 4.81744 14.1853 8.81225 8.81428 7.70396 4.5293 4.49065 8.83322
threshold=-0.10549999999999998 -1.1159999999999999 0.079500000000000015 1.1975000000000002 4.5000000000000009 -2.5609999999999995 -0.12549999999999997 -0.16749999999999998 -0.33749999999999997 4.5000000000000009 -6.2584999999999988 0.65650000000000019 -0.23749999999999996 2.3060000000000005 5.5000000000000009 5.5000000000000009 -32.141499999999994 -0.0074999999999999989 0.25850000000000006 0.044500000000000005 0.020500000000000004 8.9750000000000032 -0.16049999999999998 -18.924999999999997 -9.8084999999999987 -14.774999999999997 -0.56399999999999983 -34.608499999999992 -1.0959999999999999 5.5000000000000009
decision_type=2 2 2 2 2 2 2 2 2 2 2 2 2 2 2 2 2 2 2 2 2 2 2 2 2 2 2 2 2 2
left_child=1 5 13 4 -3 -1 -7 28 22 10 -4 -12 -13 14 -2 19 17 -16 -18 20 -15 -21 23 -9 25 26 -25 -10 29 -6
right_child=2 3 9 -5 7 6 -8 8 27 -11 11 12 -14 15 16 -17 18 -19 -20 21 -22 -23 -24 24 -26 -27 -28 -29 -30 -31
leaf_value=-0.085447221181027128 -0.0018455934426205478 -0.0069575046993495121 0.12683529212445349 0.0062796957399560219 -0.10208644735587757 -0.047989652319490997 -0.003439130580639803 -0.042638436414597643 0.075471334010188393 -0.020773741447090408 0.0053169425813031496 -0.087573362706541202 0.040355623230921803 -0.0035568677631778027 -0.012618037784857705 0.06714680092105374 -0.015035861413506081 0.2988379031091864 -0.061452852750696799 0.064556129279448995 0.095368903003412275 -0.061117773816712601 -0.046266040904957215 0.40747045214402111 -0.10295625441242309 0.71519105930213456 -0.10272235776731704 -0.012092984125383127 -0.039630141504551339 0.45233932188864179
leaf_weight=31.903094003908336 5073.367726537399 573.154556395486 4.6962618082761756 203.01351564750075 0.61195485293865093 112.81864643190056 38.133356803096831 6.7498731464147568 6.0348959174007168 76.060907080769539 5763.975406140089 3.6618999093770972 64.029197558760643 49.420158848166466 1.1084042349830272 23.284325256943703 279.26249784789979 1.210207276046275 26.967502363026142 4.2859320193529156 15.255803987383841 16.83393457531929 84.991862547583878 0.78452363610267639 0.55346591584384253 0.48906010389328014 0.47526692040264606 279.0349622759968 188.26869700103998 0.54177015088498592
leaf_count=2977 50068 13603 28 2205 31 6172 1450 389 162 391 26097 16 370 255 48 124 4570 18 193 20 71 76 3651 35 20 20 19 7554 8555 40
internal_value=-0.000440328 -0.0162599 0.00167881 -0.01232 -0.0156273 -0.0452342 -0.0367353 -0.0243675 -0.0173439 0.00539974 0.00574084 0.00564332 0.033435 -0.00232771 -0.00276331 0.0191643 -0.017853 0.149947 -0.0191235 0.00614224 0.0197778 -0.0356143 -0.0388797 0.0304716 0.244814 0.354874 0.214996 -0.0102393 -0.0384248 0.158263
internal_weight=12931 1527.56 11403.4 1344.7 1141.69 182.855 150.952 568.536 379.114 5912.42 5836.36 5831.67 67.6911 5491 5381.92 109.08 308.549 2.31861 306.23 85.7958 64.676 21.1199 94.0441 9.05219 2.30232 1.74885 1.25979 285.07 189.422 1.15373
internal_count=129228 46883 82345 36284 34079 10599 7622 20476 11850 26902 26511 26483 386 55443 54897 546 4829 66 4763 422 326 96 4134 483 94 74 54 7716 8626 71
is_linear=0
shrinkage=0.1


Tree=34
num_leaves=31
num_cat=0
split_feature=3 2 0 4 2 4 2 4 0 3 2 3 4 4 2 4 3 2 4 2 4 0 4 2 4 3 2 3 4 4
split_gain=35.8388 15.3235 14.2515 11.0824 7.12072 6.93825 6.06933 10.4913 5.82729 7.77806 6.31762 10.8761 5.96083 5.58233 5.56986 5.13565 9.62679 11.3027 8.81416 5.34447 9.2817 6.90858 5.80129 5.26936 5.04178 4.58321 4.50713 5.09412 6.27493 5.08068
threshold=-0.10549999999999998 -0.55249999999999988 1.5000000000000002 -26.024999999999995 0.081000000000000016 40.358500000000006 0.45900000000000007 14.941500000000001 5.5000000000000009 -0.15949999999999998 1.5225000000000002 -0.20649999999999996 -2.2084999999999995 -20.108499999999996 1.1975000000000002 -24.991499999999998 -0.091499999999999984 0.41250000000000003 -26.508499999999994 2.2110000000000007 39.591500000000003 5.5000000000000009 44.741500000000009 1.2375000000000003 -28.174999999999997 -0.07149999999999998 0.13100000000000003 -0.062499999999999993 -11.341499999999998 -9.1584999999999983
decision_type=2 2 2 2 2 2 2 2 2 2 2 2 2 2 2 2 2 2 2 2 2 2 2 2 2 2 2 2 2 2
left_child=1 3 6 -1 5 -4 13 -8 14 10 12 -12 -10 -2 -3 16 17 18 -6 20 21 26 -21 -19 -16 -15 27 29 -29 -17
right_child=2 8 4 -5 15 -7 7 -9 9 -11 11 -13 -14 25 24 19 -18 23 -20 22 -22 -23 -24 -25 -26 -27 -28 28 -30 -31
leaf_value=-0.056415595708947511 0.11017093666412042 -0.007262463818166429 -0.0062994268213568978 -0.020557347502254006 0.15423113966710089 -0.14263001480651069 0.14569399851259746 0.0092607519265678236 -0.049808735784818613 -0.0078295225376085863 0.21218188934963786 -0.015475777180884534 0.29698193488825136 -0.091298549334942761 0.096831286185832491 -0.083584428170471889 -0.011380897817154109 -0.036116947611686184 0.57342868533691682 0.012471195545677159 -0.04576668333015383 -0.016975692078943526 0.11941129608820554 0.14344401552402389 0.011680438846453898 0.0023892203865857409 0.00041901919439629449 0.1358100025475916 0.023821628345265924 0.010733907264142206
leaf_weight=124.01158365048468 4.7971414774656287 667.6243991907686 1931.3903623400256 282.60551629215479 1.1583203766494992 3.7402778267860404 5.6509706676006308 2164.6610695272684 108.67081660497934 205.10447023436427 2.4497721120715168 14.634569957852362 0.49791707657277484 5.2324954010546199 7.5253533869981757 8.4646935500204581 10.77821274846792 2.846063069999218 0.88466941937804389 243.06963147222996 44.589517287909985 225.34257280826569 5.1808677166700354 3.8385126702487469 91.513248007744551 2507.6264977641404 4104.3257579952478 5.27828699722886 96.063959412276745 17.557405021041632
leaf_count=8909 49 15760 25591 11170 28 22 32 9929 4918 4947 26 176 13 71 51 139 144 55 21 1140 193 2595 21 26 913 11378 29827 64 780 240
internal_value=-0.000404863 -0.0149101 0.00151088 -0.0314935 -0.00144665 -0.00656293 0.0057406 0.00961599 -0.0087689 -0.01985 -0.0393778 0.0171687 -0.048227 0.00239987 -0.00397958 0.000629231 0.0518359 0.129906 0.335755 0.000418946 -0.000368774 8.54004e-05 0.014703 0.0669931 0.0181505 0.00219414 0.000993924 0.0195203 0.0296544 -0.0199468
internal_weight=12897.1 1504.64 11392.5 406.617 6704.51 1935.13 4687.97 2170.31 1098.02 331.358 126.253 17.0843 109.169 2517.66 766.663 4769.38 19.5058 8.72757 2.04299 4749.87 4501.62 4457.03 248.25 6.68458 99.0386 2512.86 4231.69 127.364 101.342 26.0221
internal_count=129228 46883 82345 20079 60886 25613 21459 9961 26804 10080 5133 202 4931 11498 16724 35273 274 130 49 34999 33838 33645 1161 81 964 11449 31050 1223 844 379
is_linear=0
shrinkage=0.1


Tree=35
num_leaves=31
num_cat=0
split_feature=3 2 2 0 3 2 0 3 1 3 4 3 4 4 0 4 2 3 3 2 4 2 2 0 1 4 2 2 0 4
split_gain=37.2791 18.9958 11.1759 11.2687 8.79835 12.9657 7.30143 6.99172 6.56521 9.67462 9.51412 9.51724 7.45264 5.52642 7.60221 7.05573 7.63518 6.70399 6.59161 7.05274 6.02697 4.87191 9.1278 7.29345 6.54729 6.53739 4.83917 6.90367 8.70766 5.22929
threshold=-0.095499999999999988 -1.1159999999999999 0.57750000000000001 5.5000000000000009 -0.093499999999999986 0.81600000000000006 4.5000000000000009 0.56050000000000011 2.5000000000000004 -0.18349999999999997 -31.391499999999997 -0.10049999999999999 29.225000000000005 -29.374999999999996 5.5000000000000009 -30.008499999999994 1.4975000000000003 -0.15549999999999997 -0.099499999999999991 1.6675000000000002 -0.22499999999999998 0.70900000000000007 0.74750000000000016 2.5000000000000004 1.5000000000000002 58.425000000000004 -0.030999999999999996 0.091000000000000011 4.5000000000000009 -37.774999999999999
decision_type=2 2 2 2 2 2 2 2 2 2 2 2 2 2 2 2 2 2 2 2 2 2 2 2 2 2 2 2 2 2
left_child=1 6 3 -2 5 -4 -1 21 10 26 11 -3 13 15 20 -11 17 -17 -16 -20 -15 23 -23 24 -6 -26 -10 28 -28 -29
right_child=2 8 4 -5 7 -7 -8 -9 9 12 -12 -13 -14 14 18 16 -18 -19 19 -21 -22 22 -24 -25 25 -27 27 29 -30 -31
leaf_value=-0.023600446656994574 0.00045895821127294622 -0.058401488821423035 -0.083858178403928008 -0.03459590204780038 0.046024943458917639 0.11433111178813518 -0.062717692634044031 0.018005622584628032 -0.073530000834346881 0.02470908024811927 -0.011422278572737718 0.46289022268530156 0.2386847486513303 0.022215097416537519 -0.024262441101833229 -0.1063139354265305 0.30028422873942962 0.18797088864446879 -0.043153336764313675 0.15723164443523532 -0.010214979489142901 -0.019127883135901941 0.0046469320696933547 -0.00044099865057652468 0.016712537565128988 -0.10214548248635087 0.29707853732318379 0.060671839784953711 0.0096808999109923161 -0.039286536332906193
leaf_weight=98.379317660816014 5807.2496961569414 52.535280594602227 4.1796408370137241 93.172993558458984 88.446324720978737 15.700846511870621 92.659224862232804 444.24846836924553 20.645188820548356 24.590429642237726 1015.6367708528414 0.35257716663181682 1.3767455630004395 180.493991330266 113.52147975191474 1.4249708428978922 2.0974409282207489 1.6947660259902466 2.9999526068568221 4.2372407019138336 83.965093910694122 168.31601836532354 3978.9516876377165 229.10474674403667 259.72274795174599 4.7114550322294226 1.494173415005206 5.9060185421258202 3.5804546009749174 45.971543642692268
leaf_count=4265 45042 3161 65 2125 492 167 7009 2453 1043 428 28311 10 11 3035 1751 33 15 34 41 30 1131 1097 22421 1976 1334 21 38 141 207 1110
internal_value=0.000741496 -0.0128074 0.00288313 -9.45896e-05 0.00626625 0.0726641 -0.0425734 0.0060111 -0.00916816 0.000365066 -0.0135756 -0.0549263 0.00640623 0.0056357 0.00242578 0.0471191 0.152746 0.0535534 -0.0183634 0.0741683 0.0119186 0.00488438 0.00368204 0.0134524 0.0224725 0.0145948 -0.032053 -0.0170175 0.0943023 -0.0279067
internal_weight=12847.4 1753.56 11093.8 5900.42 5193.38 19.8805 191.039 5173.5 1562.52 493.999 1068.52 52.8879 416.402 415.025 385.218 29.8076 5.21718 3.11974 120.759 7.23719 264.459 4729.25 4147.27 581.985 352.881 264.434 77.5974 56.9522 5.07463 51.8776
internal_count=128997 51804 77193 47167 30026 232 11274 29794 40530 9048 31482 3171 6509 6498 5988 510 82 67 1822 71 4166 27341 23518 3823 1847 1355 2539 1496 245 1251
is_linear=0
shrinkage=0.1


Tree=36
num_leaves=31
num_cat=0
split_feature=3 2 1 3 2 2 0 0 3 3 2 4 2 3 4 3 3 3 2 2 4 2 4 2 2 4 2 2 3 3
split_gain=30.9317 15.8268 9.86833 8.40239 8.90975 7.92606 7.76297 7.34376 5.55312 5.33406 8.15211 4.72589 4.9251 7.53931 15.3191 8.97137 6.58703 4.57553 4.54417 4.27411 4.14557 12.8381 4.0267 7.053 12.7717 10.4267 4.01055 4.03207 3.93944 6.45163
threshold=-0.08649999999999998 -2.5609999999999995 1.5000000000000002 -0.20049999999999998 2.2110000000000007 0.57750000000000001 5.5000000000000009 4.5000000000000009 0.56050000000000011 -0.19749999999999998 1.6360000000000003 -30.324999999999996 -0.16899999999999998 -0.17149999999999996 -34.608499999999992 -0.15349999999999997 -0.11749999999999998 -0.23549999999999996 0.55400000000000016 -3.1924999999999994 -24.991499999999998 1.256 -6.708499999999999 -0.088999999999999982 -0.42249999999999993 -24.991499999999998 0.84250000000000014 0.67250000000000021 -0.084499999999999992 -0.083499999999999991
decision_type=2 2 2 2 2 2 2 2 2 2 2 2 2 2 2 2 2 2 2 2 2 2 2 2 2 2 2 2 2 2
left_child=1 17 7 4 -4 6 28 -3 -7 10 22 12 -9 -14 15 -15 -16 19 -8 -1 21 -13 23 24 -5 -26 27 -10 -2 -30
right_child=5 2 3 9 -6 8 18 11 26 -11 -12 20 13 14 16 -17 -18 -19 -20 -21 -22 -23 -24 -25 25 -27 -28 -29 29 -31
leaf_value=-0.10086243337534546 0.033474657754073912 -0.0098223378553526398 -0.039374071068949724 -0.10225187928442998 0.25411052586425392 0.0046154418237604779 -0.034206230285595447 -0.067557389032683685 0.0075303861087290397 -0.00083255306691126709 0.38117244733043726 -0.0065937021724094035 -0.10185190488674763 0.62182679318592493 -0.074531254518288237 0.13424876169271793 0.22814339018140509 -0.09041613387722057 0.17477001265271155 0.36946236102941732 -0.029519962565879965 0.51066960454664412 0.25391491187602372 -0.041608349586704937 0.79697377098706834 0.11654057464891404 0.011924822837297146 0.054429587921637539 -0.056578501612416579 0.00062880674196544588
leaf_weight=0.35485688503831625 36.3042520461604 581.39146397542208 72.692876562476158 0.76837648078799248 1.0493475422263134 4671.8724667653441 75.88289045356214 47.218442070297897 29.286271139979362 912.2425912572071 0.81256898865103711 81.514484358951449 3.6810840256512165 0.68614584021270275 3.5638001356273885 0.83858587779104687 0.90074469707906102 28.433427297510207 1.0550116598606099 0.42419063299894588 245.41757021751255 0.48265909776091476 0.83408834040164759 4.7629473879933357 0.44510464929044247 0.45583973824977853 361.8346389234066 49.006981298327446 19.783332062885165 5593.4814562350512
leaf_count=42 630 15571 3015 41 7 26608 1626 3611 149 17145 10 4411 231 22 166 28 24 3106 16 22 8539 6 18 150 30 18 2049 255 341 41110
internal_value=0.000661315 -0.0108018 -0.00971269 -0.00271856 -0.0351978 0.0027649 0.000209883 -0.0169123 0.00562706 -0.000116111 0.0807819 -0.0276382 -0.0542418 0.0107754 0.0799975 0.353664 -0.0134651 -0.0838652 -0.0313406 0.155229 -0.0230158 -0.00354894 0.0471903 0.0203838 0.197261 0.452703 0.0163652 0.0368865 0.00063955 0.000427186
internal_weight=12827.5 1988.97 1959.76 994.064 73.7422 10838.5 5726.51 965.695 5112 920.322 8.07893 384.304 56.8888 9.67036 5.98928 1.52473 4.46454 29.2125 76.9379 0.779048 327.415 81.9971 7.26636 6.43227 1.66932 0.900944 440.128 78.2933 5649.57 5613.26
internal_count=128997 56213 53043 20434 3022 72784 43723 32609 29061 17412 267 17038 4082 471 240 50 190 3170 1642 64 12956 4417 257 239 89 48 2453 404 42081 41451
is_linear=0
shrinkage=0.1


Tree=37
num_leaves=31
num_cat=0
split_feature=4 2 0 3 2 0 3 0 2 0 2 3 2 2 2 3 3 3 4 2 0 2 2 3 3 4 3 4 4 2
split_gain=25.8962 13.6004 12.563 8.45114 6.75954 6.06712 5.69664 7.82037 7.13732 9.81781 8.76149 6.30746 7.14609 6.06493 6.06242 5.96903 33.4272 5.65256 6.36999 5.50415 5.30483 4.90052 15.3839 9.03434 6.27274 8.7895 5.37039 5.93551 5.07862 4.85515
threshold=-12.024999999999997 -0.80099999999999993 1.5000000000000002 -0.10049999999999999 0.57750000000000001 3.5000000000000004 -0.16749999999999998 4.5000000000000009 -0.088999999999999982 2.5000000000000004 -0.022499999999999996 -0.18149999999999997 0.40250000000000008 -0.74249999999999983 -0.063999999999999987 -0.07149999999999998 -0.075499999999999984 -0.19449999999999998 -31.041499999999996 -0.77099999999999991 5.5000000000000009 -1.2409999999999999 -1.3039999999999996 -0.035499999999999997 -0.08249999999999999 -18.924999999999997 -0.097499999999999989 -24.508499999999994 -27.891499999999997 -1.1159999999999999
decision_type=2 2 2 2 2 2 2 2 2 2 2 2 2 2 2 2 2 2 2 2 2 2 2 2 2 2 2 2 2 2
left_child=1 3 -3 29 20 -6 7 8 19 -10 14 12 -12 15 -11 16 -8 18 -14 -4 -2 22 26 24 25 -24 27 -5 -23 -1
right_child=4 2 6 21 5 -7 13 -9 9 10 11 -13 17 -15 -16 -17 -18 -19 -20 -21 -22 28 23 -25 -26 -27 -28 -29 -30 -31
leaf_value=-0.051946254212327569 0.00018479282771129621 0.19204596041571609 0.2149523154409331 -0.10220087788949406 0.0068563777001338453 -0.00089214756393848113 0.045293098485438284 -0.032072865473314692 0.28619375738191061 0.036474932664927094 -0.020173766099583948 -0.069971544535894145 0.19940342365359554 -0.0050365875230941196 0.42210644028315497 -0.049453462305450835 0.74792393541726265 0.29861903948958174 -0.10590468113134091 -0.031799197394702765 -0.038253789774890808 0.14792679719442894 0.30616034321707936 -0.10884796635151701 0.31500934008068254 -0.10465012273431336 -0.011943494859552329 0.18597937877915982 -0.033271689461149279 -0.021064567514412397
leaf_weight=140.43088659644127 5932.8695636922494 3.1824889853596678 0.94469364546239631 0.96372979041188989 3926.5780913867056 1360.7005430255085 18.776010822504762 161.18158845789731 1.7858848869800592 0.713503522798419 4.7630297970026749 5.5052752606570659 1.5844126716256139 964.2846738146618 0.95104637369513934 5.256356753408908 0.70241949707269924 1.7115465737879274 1.201682858169079 20.988923540338874 36.122112688608468 1.5844889543950547 0.97610556520521674 1.0172482766211022 2.8475759383291011 1.1165727395564311 63.685215162113309 2.7659853268414727 65.0461042560637 79.861411966383457
leaf_count=9946 49683 23 39 61 21141 10428 634 7271 38 22 133 134 14 20414 29 100 13 31 27 735 666 47 31 14 59 27 1833 109 1343 3952
internal_value=0.000588037 -0.0115134 -0.00637314 -0.0285414 0.00225854 0.00486227 -0.00690363 -0.0222363 0.0172524 0.063517 0.0393135 0.0147957 0.0651881 -0.0037824 0.256807 0.045112 0.070631 0.155587 0.0677197 -0.0211715 -4.78231e-05 -0.00932997 0.00849885 0.162532 0.218412 0.0869677 -0.00511314 0.111516 -0.0289628 -0.0407509
internal_weight=12810.1 1553.83 1193.53 360.295 11256.3 5287.28 1190.35 201.332 40.15 18.2164 16.4305 14.7659 9.26067 989.019 1.66455 24.7348 19.4784 4.49764 2.7861 21.9336 5968.99 140.003 73.3724 5.9575 4.94025 2.09268 67.4149 3.72972 66.6306 220.292
internal_count=128997 47079 29657 17422 81918 31569 29634 8473 1202 428 390 339 205 21161 51 747 647 72 41 774 50349 3524 2134 131 117 58 2003 170 1390 13898
is_linear=0
shrinkage=0.1


Tree=38
num_leaves=31
num_cat=0
split_feature=3 2 1 3 2 4 3 2 3 2 2 3 4 3 0 3 2 3 4 4 4 4 4 2 3 3 2 4 4 2
split_gain=21.7574 13.625 7.72202 6.55269 6.68747 6.2639 6.15864 5.61025 6.96653 5.40798 5.95593 5.33869 4.65573 8.92784 7.03761 5.57733 5.33122 9.05239 6.53803 5.32231 4.36203 10.2102 4.31756 4.50132 4.26755 5.292 4.81945 6.70034 6.57844 12.4586
threshold=-0.08649999999999998 -2.5609999999999995 1.5000000000000002 -0.20049999999999998 2.2110000000000007 -31.391499999999997 -0.25749999999999995 -0.16899999999999998 -0.11249999999999999 0.40250000000000008 0.35900000000000004 0.56050000000000011 -18.924999999999997 -0.11449999999999999 2.5000000000000004 -0.19749999999999998 -0.89749999999999985 -0.17949999999999997 -21.541499999999996 -30.008499999999994 -34.608499999999992 -35.241499999999995 -18.024999999999995 0.31400000000000006 -0.084499999999999992 -0.083499999999999991 -1.2409999999999999 -11.341499999999998 -1.0914999999999997 -0.047499999999999994
decision_type=2 2 2 2 2 2 2 2 2 2 2 2 2 2 2 2 2 2 2 2 2 2 2 2 2 2 2 2 2 2
left_child=1 6 5 4 -4 7 -1 -3 20 10 22 -11 13 14 -5 19 17 -17 -19 -16 21 -9 23 -2 26 -26 -24 -28 -29 -30
right_child=9 2 3 12 -6 -7 -8 8 -10 11 -12 -13 -14 -15 15 16 -18 18 -20 -21 -22 -23 24 -25 25 -27 27 28 29 -31
leaf_value=0.55069249133783071 -0.021965061369346398 -0.065609881030168848 -0.035605668089061147 0.25481381653886259 0.20387476744346583 -0.012839122739853298 -0.085250130611737765 0.0071347836746686703 0.33418586054319765 0.0034137876304514963 -0.017083186079294623 0.014418121410290717 -0.004200710193684897 0.048640933022734992 -0.015960307501529471 0.5520828051067016 -0.0035507778409425875 -0.1020805967121669 0.36785203315505249 0.18730971598666257 -0.075062189455549266 0.50218202777422583 -0.10552159993587672 0.1485656289792355 -0.059116741889890925 0.00094275577972973963 0.13853337532095841 -0.03221740136088002 -0.01856411898416532 0.20553198635470771
leaf_weight=0.15319398976862686 104.27758982311934 39.158946493640542 68.777826761826873 1.0967923738062371 1.1861724704504002 895.42664345540106 25.585404043551534 2.6452198224142198 0.67896532453596492 5452.6568707711995 200.04459458962083 479.64821510016918 663.86463131476194 52.067089634016156 2.2174106575548649 0.45881309919059265 193.46996654290706 0.97688542492687691 0.42479781527072091 3.07357467804104 3.709116724319756 0.49450431019067753 2.140717692673209 1.5711920149624337 14.718247828073798 4558.1661040345207 6.5421950500458541 10.67537756450475 5.612730648368597 4.445985205471505
leaf_count=11 2409 3276 3015 17 7 28961 3159 115 13 31731 1350 2676 11101 833 83 29 5174 54 17 104 222 22 48 31 265 33831 126 174 86 57
internal_value=0.00052058 -0.00918824 -0.00822422 -0.00204583 -0.0315455 -0.014701 -0.0814651 -0.0504109 0.0286525 0.00227191 -0.000183613 0.00430353 0.000203304 0.0117236 0.00219451 0.00081345 -0.0019307 0.166539 0.0403384 0.102121 -0.0016368 0.0851044 0.000534432 -0.0194337 0.000993683 0.000749449 0.0389599 0.0502992 0.0224588 0.0804871
internal_weight=12796 1955.47 1929.73 987.614 69.964 942.113 25.7386 46.6868 7.52781 10840.5 4908.19 5932.31 917.65 253.785 201.718 200.621 195.33 1.8605 1.40168 5.29099 6.84884 3.13972 4708.15 105.849 4602.3 4572.88 29.417 27.2763 20.7341 10.0587
internal_count=128997 56213 53043 20434 3022 32609 3170 3648 372 72784 38377 34407 17412 6311 5478 5461 5274 100 71 187 359 137 37027 2440 34587 34096 491 443 317 143
is_linear=0
shrinkage=0.1


Tree=39
num_leaves=31
num_cat=0
split_feature=4 2 2 0 3 2 2 4 0 4 2 4 3 3 4 1 2 2 2 4 3 3 2 1 3 3 0 2 2 2
split_gain=18.6708 11.1955 6.88588 9.06371 6.10343 5.35902 9.44653 5.29333 4.95768 7.64954 5.20509 9.42179 5.40717 4.47411 5.87443 4.47168 5.58314 5.66916 4.43636 13.7044 8.13908 22.2768 5.13701 7.79806 4.37073 4.36494 6.33649 5.2049 6.35475 5.0735
threshold=-12.024999999999997 -3.0274999999999994 -0.80099999999999993 1.5000000000000002 -0.10049999999999999 -1.2409999999999999 -1.3039999999999996 -14.524999999999997 1.5000000000000002 -10.241499999999998 2.1275000000000004 40.358500000000006 -0.12949999999999998 0.61550000000000005 48.875000000000007 1.0000000180025095e-35 -0.22749999999999998 -0.022499999999999996 -1.9374999999999998 4.3750000000000009 -0.099499999999999991 -0.11549999999999999 -0.5159999999999999 1.5000000000000002 -0.097499999999999989 -0.16749999999999998 4.5000000000000009 -0.088999999999999982 -0.055999999999999994 -0.78599999999999992
decision_type=2 2 2 2 2 2 2 2 2 2 2 2 2 2 2 2 2 2 2 2 2 2 2 2 2 2 2 2 2 2
left_child=1 -1 4 -4 -3 6 24 -8 9 -2 11 18 -12 -11 -15 -16 -17 -18 19 20 21 -10 23 -20 -6 26 27 -5 -29 -27
right_child=8 2 3 25 5 -7 7 -9 10 13 12 -13 -14 14 15 16 17 -19 22 -21 -22 -23 -24 -25 -26 29 -28 28 -30 -31
leaf_value=-0.094548247119137341 0.14681240926327516 -0.033163134508622766 0.15360131233585339 -0.018556161930266334 0.10502611544800498 -0.026251670632683917 0.17104221750342444 -0.04110731972095439 -0.010697481954547087 0.0036037750009958675 0.1271584661838901 -0.050540423646269921 0.011338075291816312 0.062401495119295929 -0.098321096207937581 0.11844271288831315 -0.098432751807840807 0.014512473999463352 -0.0047731334377478117 0.2631483586531761 -0.019712940389114128 0.84462395948187885 0.00060293053735846318 -0.038880001055188282 -0.0051372346317612987 0.086406645314230188 -0.02887691923558576 0.26122383073804012 0.03733283277137861 -0.0038340056103998107
leaf_weight=15.471081973053513 3.7668913602828971 194.5940535585396 3.5704491361975661 21.281414321623743 3.8341671535745254 64.574724018573761 5.3946341592818499 1.5039916336536396 1.0927705857902763 4462.7429848797619 4.0858972594141951 37.420373873785138 299.34118480235338 26.977724269032478 3.5874733030796042 5.0134205818176261 4.5757166594266883 154.48863331973553 534.75629108119756 2.5936374180018893 10.91455357801169 0.42213284224271674 5624.9620826588944 76.642838852480054 59.341511712409556 6.2701787259429684 154.40459841117263 1.3642817400395895 17.912367569282651 977.6375939771533
leaf_count=1964 32 12150 23 774 145 1390 106 25 54 20198 34 183 1423 149 18 22 22 923 8432 39 164 16 49076 1133 1642 180 7271 34 394 20981
internal_value=0.000462134 -0.00991332 -0.00904713 -0.00548576 -0.0218374 -0.00546957 0.0136815 0.124791 0.00187015 0.00436628 0.000105215 -0.000512007 0.0128977 0.00425107 0.0190921 0.0121235 0.0145383 0.0112634 -0.00021254 0.0540639 0.0104345 0.227641 -0.000343289 -0.00904865 0.00154864 -0.00596759 -0.0196372 0.0155382 0.0531784 -0.00325893
internal_weight=12780.5 1527.16 1511.68 1182.44 329.243 134.649 70.0743 6.89863 11253.4 4661.15 6592.23 6288.8 303.427 4657.39 194.643 167.665 164.078 159.064 6251.38 15.0231 12.4295 1.5149 6236.36 611.399 63.1757 1178.87 194.963 40.5581 19.2766 983.908
internal_count=128997 47079 45115 29657 15458 3308 1918 131 81918 21364 60554 59097 1457 21332 1134 985 967 945 58914 273 234 70 58641 9565 1787 29634 8473 1202 428 21161
is_linear=0
shrinkage=0.1


Tree=40
num_leaves=31
num_cat=0
split_feature=4 1 2 0 3 2 1 2 4 4 2 4 2 3 4 3 2 2 2 2 2 0 3 3 4 2 2 2 2 3
split_gain=16.7787 11.8293 7.72888 7.32138 7.45735 6.95995 5.75156 6.89614 6.37452 6.90308 6.60101 5.41404 7.71424 6.25298 5.01524 6.50498 5.14197 9.07129 7.96161 14.0806 11.4071 4.99427 4.95958 8.31584 4.84094 4.67498 4.58669 5.03185 6.24803 5.39581
threshold=-16.624999999999996 1.5000000000000002 -2.4089999999999994 2.5000000000000004 -0.12249999999999998 1.7740000000000002 2.5000000000000004 1.4975000000000003 13.708500000000003 16.241500000000006 -0.14899999999999997 24.591500000000003 2.6475000000000004 0.21250000000000002 -16.391499999999997 -0.11349999999999999 -0.12249999999999998 0.86900000000000011 -0.93599999999999994 -0.58899999999999986 -0.34749999999999992 5.5000000000000009 -0.080499999999999988 -0.081499999999999989 -7.8084999999999996 1.3825000000000001 0.19100000000000003 1.0910000000000004 0.8025000000000001 -0.022499999999999996
decision_type=2 2 2 2 2 2 2 2 2 2 2 2 2 2 2 2 2 2 2 2 2 2 2 2 2 2 2 2 2 2
left_child=1 2 -1 5 -5 6 7 -2 22 10 -10 14 -13 -14 15 -6 18 -18 -17 -20 -21 -4 23 -8 -24 -19 -12 28 29 -28
right_child=3 -3 21 4 11 -7 8 -9 9 -11 26 12 13 -15 -16 16 17 25 19 20 -22 -23 24 -25 -26 -27 27 -29 -30 -31
leaf_value=-0.070049098582550484 0.00090875926826099835 -0.000457742036446152 -0.013234537018938336 -0.015925288127412004 -0.10549182966944107 0.015672617603582399 0.014586170977398304 -0.022443776906523983 -0.089196852815649055 0.0078168236451263886 0.13369465061809852 -0.018508016421787482 0.096322640177768371 -0.029670202156499105 -0.00030995560229692132 -0.0022850432878349851 -0.063319715639633775 0.25761900418237227 0.55321245777391559 -0.10625516248306384 0.34085595377828554 -0.034854324405004564 0.098584790393899335 0.27252372861930063 -0.016375496295690559 0.036885539073852017 -0.044246716591435975 0.076584603662792253 -0.044039046358774821 0.084364173220645933
leaf_weight=32.114426606334746 4486.1750277485698 440.16499422909692 368.86687677167356 362.5081954728812 2.1503450861200681 404.63188272714615 45.293418953195214 130.12344758212566 3.5908615365624419 1581.6110168807209 5.9479832835495463 267.61351143568754 10.907376110553743 6.1657983362674704 4142.7691036728211 1.940983106382191 4.513164781033991 1.8940710574388506 1.0616099014878271 1.1666894312947991 1.1168666966259473 150.42057641316205 3.7288128584623328 1.2853760793805111 207.47034715861082 1.9445828720927236 4.3869345597922829 22.205867774784565 11.454463079571722 12.722829282283785
leaf_count=3873 28609 11147 13157 9139 51 2049 703 644 37 7621 51 1300 45 25 39426 50 77 23 22 23 21 8612 34 12 1550 17 49 116 67 80
internal_value=-0.000191758 -0.0126826 -0.0224413 0.000864452 -0.00213406 0.00294665 0.00215639 0.000250502 0.00678774 0.00908298 0.0422881 -0.00100889 -0.0143502 0.0508216 -9.55693e-05 0.0561582 0.0816462 0.0327957 0.158827 0.25231 0.112423 -0.0194971 -0.00783183 0.0217041 -0.0143458 0.1458 0.0506125 0.0408789 0.0131213 0.0513884
internal_weight=12717.9 991.567 551.402 11726.4 4805.75 6920.63 6516 4616.3 1899.7 1641.92 60.3089 4443.24 284.687 17.0732 4158.56 15.7883 13.638 8.35182 5.28615 3.34517 2.28356 519.287 257.778 46.5788 211.199 3.83865 56.7181 50.7701 28.5642 17.1098
internal_count=128630 36789 25642 91841 50219 41622 39573 29253 10320 8021 400 41080 1370 70 39710 284 233 117 116 66 44 21769 2299 715 1584 40 363 312 196 129
is_linear=0
shrinkage=0.1


Tree=41
num_leaves=31
num_cat=0
split_feature=0 2 0 2 1 4 4 2 2 3 0 2 2 2 2 1 2 2 4 3 4 4 2 2 4 2 2 4 3 3
split_gain=14.5881 10.8996 7.52383 7.90349 6.66292 6.4008 7.56451 6.20557 6.06005 6.03384 5.60813 7.41902 5.06527 7.88466 5.84954 5.76886 6.8961 5.86616 4.87239 4.42143 4.37817 4.32276 5.08574 9.811 4.13008 4.83517 4.61046 12.4762 4.69296 10.1566
threshold=5.5000000000000009 2.4425000000000003 2.5000000000000004 -2.4089999999999994 1.5000000000000002 -18.708499999999997 -22.258499999999994 0.28250000000000003 2.1275000000000004 -0.13049999999999998 3.5000000000000004 -2.7189999999999999 -1.0739999999999996 -1.1624999999999999 -1.2709999999999997 1.0000000180025095e-35 -1.9374999999999998 -1.5809999999999997 -10.024999999999997 -0.13449999999999998 -21.774999999999995 -2.2084999999999995 0.92900000000000016 0.97600000000000009 24.591500000000003 2.6475000000000004 0.30400000000000005 -21.291499999999996 -0.10849999999999999 -0.096499999999999989
decision_type=2 2 2 2 2 2 2 2 2 2 2 2 2 2 2 2 2 2 2 2 2 2 2 2 2 2 2 2 2 2
left_child=2 4 5 10 19 6 -1 12 -7 -5 11 18 13 14 15 -8 -17 -18 -4 -2 -3 22 -21 -24 26 -26 -11 28 -28 -30
right_child=1 20 3 9 -6 8 7 -9 -10 24 -12 -13 -14 -15 -16 16 17 -19 -20 21 -22 -23 23 -25 25 -27 27 -29 29 -31
leaf_value=-0.011681539343256213 -0.049193558299004604 -0.066469079961589059 0.028420553828670078 -0.012816234389391827 -0.0096263803732138525 0.0021069862040341415 -0.039763695969314262 0.31122393759504252 0.021631486153966827 -0.0041066152347432276 -0.089738331034672048 -0.11509726686087714 0.021911834565276216 0.39532271774834776 -0.11329084826925845 0.39379745183254022 -0.03994048240793531 0.22252759544402198 0.38105832128710659 -0.02070241618149414 0.068042288335750878 -0.083437745517758719 0.28793993336427454 0.011337621783152944 -0.016030198635816416 0.039493592296330426 0.022250511848122521 0.0018532351321520154 0.24120124123108166 0.057073074089663917
leaf_weight=12.680043471045794 82.025349997449666 2.7359875068068531 0.76747482223436236 472.5542437909171 455.93564909370616 6771.8055297820829 1.4804526041261876 1.1718321256339539 162.79203067719936 1752.0277592903003 16.078236997593194 1.2932324875146175 9.1026784889400005 0.98603602685034353 1.1469781938940284 1.1976345777511612 1.432095954194667 2.1004995536059106 0.80049123056232951 119.4079478783533 20.936542436480522 9.9487217478454095 1.518618308007716 8.241714943200348 262.87671649828553 16.678978517651558 11.237841382622721 2482.3846684992313 4.1312086731195441 10.8996923007071
leaf_count=501 7065 16 69 16082 9585 41161 47 12 833 25435 1728 43 205 23 31 35 36 52 9 4622 111 82 27 125 1286 68 161 18991 55 134
internal_value=-0.000178508 -0.0142031 0.000640633 -0.00230583 -0.0165351 0.00276898 0.04789 0.0884616 0.00256533 -0.00206222 -0.0667832 0.0622111 0.0734992 0.129779 0.0941924 0.13251 0.186428 0.116124 0.208452 -0.030779 0.0524959 -0.0199215 -0.0150294 0.0543744 -0.000942932 -0.0127175 -0.000170368 0.00257868 0.0711332 0.10768
internal_weight=12698.4 700.751 11997.6 5031.73 677.078 6965.9 31.2983 18.6182 6934.6 5012.79 18.9394 2.8612 17.4464 8.3437 7.35766 6.21068 4.73023 3.5326 1.56797 221.142 23.6725 139.117 129.168 9.76033 4540.24 279.556 4260.68 2508.65 26.2687 15.0309
internal_count=128630 21633 106997 64061 21506 42936 942 441 41994 62212 1849 121 429 224 201 170 123 88 78 11921 127 4856 4774 152 46130 1354 44776 19341 350 189
is_linear=0
shrinkage=0.1


Tree=42
num_leaves=31
num_cat=0
split_feature=0 2 1 0 2 3 0 2 2 4 4 1 2 4 4 2 3 2 2 3 4 4 3 2 4 2 3 3 2 3
split_gain=12.0211 8.76503 6.22069 6.10139 6.99492 4.96317 4.90109 5.35568 4.88168 4.9115 5.32831 4.82303 5.51571 5.22968 5.34005 5.38288 4.18073 6.28759 4.13594 5.04588 4.08256 5.75404 4.94392 4.17933 4.26647 4.47939 9.68906 5.42798 4.18542 7.52163
threshold=5.5000000000000009 2.4425000000000003 1.0000000180025095e-35 2.5000000000000004 -2.4089999999999994 -0.13049999999999998 3.5000000000000004 -2.7189999999999999 1.7740000000000002 -18.708499999999997 -22.258499999999994 2.5000000000000004 1.4975000000000003 13.708500000000003 16.241500000000006 -0.14899999999999997 -0.053499999999999992 0.28250000000000003 -1.7659999999999998 -0.09849999999999999 0.25850000000000006 4.3750000000000009 0.11150000000000002 0.18100000000000002 -33.541499999999992 0.21100000000000002 -0.18749999999999997 -0.20949999999999996 0.62600000000000011 -0.21749999999999997
decision_type=2 2 2 2 2 2 2 2 2 2 2 2 2 2 2 2 2 2 2 2 2 2 2 2 2 2 2 2 2 2
left_child=3 2 -2 8 6 -6 7 -5 9 10 -1 12 -11 -13 15 -15 17 18 19 -12 22 -22 23 -4 28 26 27 -26 -25 -30
right_child=1 -3 20 4 5 -7 -8 -9 -10 11 16 13 -14 14 -16 -17 -18 -19 -20 -21 21 -23 -24 24 25 -27 -28 -29 29 -31
leaf_value=-0.010629583170946413 -0.059439022846871373 0.046160931712865387 -0.024541210903141791 0.15971046807534897 -0.011678217159468545 -0.00085205534980830992 -0.088446130438118914 -0.11365795716834647 0.013173332858471949 0.00048640176507656403 0.010488627470692728 -0.007372094559877764 -0.020385685335298158 -0.086047542875627117 0.0068353601382136241 0.043936832971161792 -0.042215266012984656 0.31687300248497324 0.054043270225052537 0.31552626637813158 -0.0896390318873726 -0.0090692401890157155 0.2327768832334568 -0.01836462158633614 0.67341578762827792 -0.0095961760461977727 0.026707501088912913 0.14812775335703843 0.25788408462815632 0.041652549802125599
leaf_weight=12.548661131411789 30.247387381736189 24.178726904094219 172.72439395356923 1.815169792622328 467.04606785904616 4537.3408549744636 14.750134088099003 1.1842261152341969 402.79899573326111 4504.9984019226395 0.87800924992188845 257.26210326887667 130.27176266908646 3.3700935505330554 1579.2552850954235 58.291772477328777 2.7477753497660151 1.146322414278983 13.930480495095255 1.4182446049526394 16.316713679581881 19.40640376880765 0.83027218282222648 8.1303685745224374 0.38704563304781914 401.5179320499301 4.5934852268546811 0.40003941673785437 1.8841007817536581 11.00539345666766
leaf_count=501 2934 127 10596 78 16082 46130 1728 43 2049 28978 44 2302 644 37 7621 363 31 10 324 32 140 140 5 315 24 6967 158 23 40 164
internal_value=-0.000166883 -0.0129861 -0.0151287 0.000572505 -0.00208469 -0.00186243 -0.0647503 0.0517787 0.00248741 0.00183188 0.0405089 0.00163848 -0.000100197 0.00588426 0.00796259 0.0368326 0.0724022 0.0905304 0.0745406 0.19889 -0.0130253 -0.0458699 -0.0110746 -0.0114117 -0.00611211 -0.00838159 0.0822552 0.406436 0.03782 0.0732598
internal_weight=12682.7 691.622 667.444 11991.1 5022.14 5004.39 17.7495 2.9994 6968.92 6566.12 32.6695 6533.45 4635.27 1898.18 1640.92 61.6619 20.1208 17.3731 16.2267 2.29625 637.196 35.7231 601.473 600.643 427.918 406.899 5.38057 0.787085 21.0199 12.8895
internal_count=128630 21633 21506 106997 64061 62212 1849 121 42936 40887 942 39945 29622 10323 8021 400 441 410 400 76 18572 280 18292 18287 7691 7172 205 47 519 204
is_linear=0
shrinkage=0.1


end of trees

feature_importances:
レース内全国勝率差=442
レース内コース別1着率差=362
レース内コース別複勝率差=245
枠番=166
級別=75

parameters:
[boosting: gbdt]
[objective: binary]
[metric: binary_logloss]
[tree_learner: serial]
[device_type: cpu]
[data_sample_strategy: bagging]
[data: ]
[valid: ]
[num_iterations: 1000]
[learning_rate: 0.1]
[num_leaves: 31]
[num_threads: 0]
[seed: 42]
[deterministic: 0]
[force_col_wise: 0]
[force_row_wise: 0]
[histogram_pool_size: -1]
[max_depth: -1]
[min_data_in_leaf: 20]
[min_sum_hessian_in_leaf: 0.001]
[bagging_fraction: 0.8]
[pos_bagging_fraction: 1]
[neg_bagging_fraction: 1]
[bagging_freq: 5]
[bagging_seed: 400]
[bagging_by_query: 0]
[feature_fraction: 0.9]
[feature_fraction_bynode: 1]
[feature_fraction_seed: 30056]
[extra_trees: 0]
[extra_seed: 12879]
[early_stopping_round: 0]
[early_stopping_min_delta: 0]
[first_metric_only: 0]
[max_delta_step: 0]
[lambda_l1: 0]
[lambda_l2: 0]
[linear_lambda: 0]
[min_gain_to_split: 0]
[drop_rate: 0.1]
[max_drop: 50]
[skip_drop: 0.5]
[xgboost_dart_mode: 0]
[uniform_drop: 0]
[drop_seed: 17869]
[top_rate: 0.2]
[other_rate: 0.1]
[min_data_per_group: 100]
[max_cat_threshold: 32]
[cat_l2: 10]
[cat_smooth: 10]
[max_cat_to_onehot: 4]
[top_k: 20]
[monotone_constraints: ]
[monotone_constraints_method: basic]
[monotone_penalty: 0]
[feature_contri: ]
[forcedsplits_filename: ]
[refit_decay_rate: 0.9]
[cegb_tradeoff: 1]
[cegb_penalty_split: 0]
[cegb_penalty_feature_lazy: ]
[cegb_penalty_feature_coupled: ]
[path_smooth: 0]
[interaction_constraints: ]
[verbosity: 0]
[saved_feature_importance_type: 0]
[use_quantized_grad: 0]
[num_grad_quant_bins: 4]
[quant_train_renew_leaf: 0]
[stochastic_rounding: 1]
[linear_tree: 0]
[max_bin: 255]
[max_bin_by_feature: ]
[min_data_in_bin: 3]
[bin_construct_sample_cnt: 200000]
[data_random_seed: 175]
[is_enable_sparse: 1]
[enable_bundle: 1]
[use_missing: 1]
[zero_as_missing: 0]
[feature_pre_filter: 1]
[pre_partition: 0]
[two_round: 0]
[header: 0]
[label_column: ]
[weight_column: ]
[group_column: ]
[ignore_column: ]
[categorical_feature: ]
[forcedbins_filename: ]
[precise_float_parser: 0]
[parser_config_file: ]
[objective_seed: 16083]
[num_class: 1]
[is_unbalance: 0]
[scale_pos_weight: 1]
[sigmoid: 1]
[boost_from_average: 1]
[reg_sqrt: 0]
[alpha: 0.9]
[fair_c: 1]
[poisson_max_delta_step: 0.7]
[tweedie_variance_power: 1.5]
[lambdarank_truncation_level: 30]
[lambdarank_norm: 1]
[label_gain: ]
[lambdarank_position_bias_regularization: 0]
[eval_at: ]
[multi_error_top_k: 1]
[auc_mu_weights: ]
[num_machines: 1]
[local_listen_port: 12400]
[time_out: 120]
[machine_list_filename: ]
[machines: ]
[gpu_platform_id: -1]
[gpu_device_id: -1]
[gpu_use_dp: 0]
[num_gpu: 1]

end of parameters

pandas_categorical:[]
