レースID,選手登番,艇番,レース場番号,級別コード,全国勝率差,全国2連率差,当地勝率差,当地2連率差,モーター2連率差,ボート2連率差,級別差,能力指数差,平均ST差,コース別複勝率差,コース別ST差
202602212401,3769,1,24,2,-0.38333333333333286,-9.418333333333333,-0.07833333333333314,0.6366666666666632,-6.3316666666666706,-5.219999999999999,-0.6666666666666665,-1.3333333333333357,0.01999999999999999,20.816666666666666,0.004999999999999977
202602212401,4700,2,24,3,1.0066666666666668,15.421666666666667,1.7316666666666665,26.486666666666657,6.648333333333333,6.050000000000004,0.3333333333333335,2.6666666666666643,-0.03,19.816666666666666,-0.025000000000000022
202602212401,4803,3,24,2,-1.623333333333333,-19.788333333333334,-2.2183333333333333,-24.21333333333334,-3.19166666666667,-6.729999999999997,-0.6666666666666665,-6.333333333333336,0.01999999999999999,-24.583333333333332,0.004999999999999977
202602212401,3282,4,24,2,-1.2233333333333327,-15.30833333333333,-0.878333333333333,-12.833333333333336,1.4083333333333314,6.130000000000003,-0.6666666666666665,-3.3333333333333357,0.03,-12.883333333333333,0.044999999999999984
202602212401,4171,5,24,3,0.6466666666666674,6.861666666666672,0.7516666666666669,4.846666666666664,2.048333333333332,2.3800000000000026,0.3333333333333335,3.6666666666666643,0.0,-3.583333333333332,-0.015000000000000013
202602212401,4812,6,24,4,1.576666666666667,22.23166666666667,0.6916666666666664,5.076666666666661,-0.5816666666666706,-2.6099999999999994,1.3333333333333335,4.666666666666664,-0.04000000000000001,0.41666666666666785,-0.015000000000000013
202602212402,4623,1,24,2,0.3966666666666665,3.785,0.9916666666666663,-7.334999999999999,-0.4849999999999923,1.19166666666667,-0.5,2.1666666666666643,-0.03,26.633333333333336,-0.010000000000000009
202602212402,3973,2,24,2,-0.4033333333333333,-9.105,-3.4683333333333337,-22.715,-0.19499999999999318,-0.03833333333332689,-0.5,0.1666666666666643,0.01999999999999999,-2.766666666666662,0.01999999999999999
202602212402,3813,3,24,4,1.4766666666666666,18.584999999999997,2.961666666666666,34.425,-3.2949999999999946,10.15166666666667,1.5,6.166666666666664,0.0,21.033333333333335,-0.020000000000000018
202602212402,5373,4,24,1,-2.483333333333334,-27.285,-3.4683333333333337,-22.715,8.085000000000008,-4.238333333333326,-1.5,-12.833333333333336,0.06999999999999998,-23.366666666666664,0.1
202602212402,5326,5,24,2,-0.7533333333333339,-8.235,-1.2883333333333336,-16.835,-7.484999999999996,-3.3483333333333256,-0.5,-4.833333333333336,0.0,-16.266666666666666,-0.020000000000000018
202602212402,4772,6,24,4,1.7666666666666666,22.255,4.2716666666666665,35.175,3.375000000000007,-3.7183333333333266,1.5,9.166666666666664,-0.06000000000000001,-5.266666666666662,-0.07000000000000002
202602212403,4511,1,24,2,-0.1566666666666663,-7.335000000000001,-0.16666666666666696,-7.428333333333331,4.0433333333333294,-2.461666666666666,-0.6666666666666665,-0.8333333333333357,-0.010000000000000009,34.83333333333333,0.021666666666666667
202602212403,4761,2,24,3,0.583333333333333,4.765000000000001,0.5533333333333328,6.071666666666669,7.953333333333333,0.23833333333333684,0.3333333333333335,5.166666666666664,-0.05000000000000002,1.5333333333333314,0.011666666666666659
202602212403,3623,3,24,4,2.3633333333333333,30.525,3.4433333333333325,38.271666666666675,-5.146666666666668,-2.671666666666667,1.3333333333333335,9.166666666666664,-0.04000000000000001,45.13333333333334,0.0016666666666666774
202602212403,5380,4,24,1,-3.746666666666667,-31.515,-4.446666666666667,-31.42833333333333,-3.6366666666666703,2.088333333333331,-1.6666666666666665,-17.833333333333336,0.11999999999999997,-31.766666666666666,-0.13833333333333334
202602212403,5254,5,24,2,-0.7666666666666666,-10.615000000000002,-1.1466666666666674,-21.42833333333333,-5.416666666666668,-0.6016666666666666,-0.6666666666666665,-1.8333333333333357,-0.010000000000000009,-25.566666666666666,0.07166666666666666
202602212403,3576,6,24,4,1.7233333333333336,14.174999999999997,1.7633333333333328,15.941666666666666,2.203333333333333,3.4083333333333314,1.3333333333333335,6.166666666666664,-0.010000000000000009,-24.166666666666664,0.031666666666666676
202602212404,5086,1,24,2,-1.413333333333333,-14.841666666666669,0.25,1.048333333333332,-0.13333333333333286,4.578333333333333,-0.8333333333333335,-3.0,0.01833333333333334,11.583333333333336,0.043333333333333335
202602212404,5252,2,24,3,0.8566666666666665,8.068333333333332,-0.05999999999999961,-3.551666666666666,0.336666666666666,8.538333333333334,0.16666666666666652,2.0,-0.021666666666666667,3.683333333333337,-0.026666666666666644
202602212404,5250,3,24,2,-1.623333333333333,-16.87166666666667,-1.9199999999999995,-19.701666666666668,-3.7433333333333323,-1.1216666666666626,-0.8333333333333335,-4.0,0.02833333333333335,2.683333333333337,-0.016666666666666663
202602212404,4451,4,24,4,0.8766666666666669,10.60833333333333,1.2200000000000006,10.588333333333331,9.35666666666667,-0.6116666666666646,1.1666666666666665,5.0,-0.011666666666666659,-0.3166666666666629,0.003333333333333355
202602212404,4264,5,24,4,1.6966666666666663,19.42833333333333,1.5700000000000003,24.038333333333334,-0.8033333333333346,-2.5216666666666647,1.1666666666666665,4.0,-0.021666666666666667,6.583333333333336,-0.03666666666666665
202602212404,3863,6,24,2,-0.39333333333333353,-6.391666666666669,-1.0599999999999996,-12.421666666666667,-5.013333333333332,-8.861666666666665,-0.8333333333333335,-4.0,0.008333333333333331,-24.216666666666665,0.033333333333333354
202602212405,3986,1,24,2,-0.75,-9.246666666666666,-0.08833333333333382,5.895000000000003,3.826666666666668,3.960000000000001,-0.8333333333333335,-1.8333333333333357,0.023333333333333345,38.15,-2.7755575615628914e-17
202602212405,4769,2,24,3,0.41000000000000014,5.133333333333333,0.7016666666666662,12.145000000000003,9.046666666666667,-7.069999999999997,0.16666666666666652,1.1666666666666643,-0.03666666666666665,-0.2500000000000071,-0.030000000000000027
202602212405,4685,3,24,4,1.6100000000000003,20.493333333333332,1.591666666666666,12.145000000000003,-5.493333333333332,-5.2499999999999964,1.1666666666666665,7.166666666666664,-0.006666666666666654,27.449999999999996,-2.7755575615628914e-17
202602212405,4661,4,24,2,-0.7799999999999994,-16.42666666666667,-0.578333333333334,-8.304999999999996,1.7166666666666686,6.310000000000002,-0.8333333333333335,-4.833333333333336,0.033333333333333354,-27.750000000000004,0.03999999999999998
202602212405,4754,5,24,4,0.33000000000000007,5.803333333333335,-0.3383333333333338,-12.854999999999997,-2.4933333333333323,0.4100000000000037,1.1666666666666665,1.1666666666666643,-0.006666666666666654,-14.550000000000004,-2.7755575615628914e-17
202602212405,4213,6,24,2,-0.8199999999999994,-5.756666666666668,-1.288333333333334,-9.024999999999999,-6.603333333333332,1.6400000000000006,-0.8333333333333335,-2.8333333333333357,-0.006666666666666654,-23.050000000000004,-0.010000000000000037
202602212406,4036,1,24,4,0.8616666666666664,12.108333333333327,0.5083333333333337,7.104999999999997,11.874999999999993,-0.16499999999999915,1.1666666666666665,2.6666666666666643,-0.0016666666666666774,59.95,-0.013333333333333336
202602212406,4988,2,24,2,-1.2983333333333338,-7.381666666666671,-0.921666666666666,-7.755000000000003,-6.445000000000004,0.34499999999999886,-0.8333333333333335,-8.333333333333336,-0.0016666666666666774,-25.25,0.016666666666666663
202602212406,4607,3,24,3,0.3316666666666661,1.2083333333333286,0.17833333333333368,-7.185000000000002,7.554999999999993,1.0649999999999977,0.16666666666666652,0.6666666666666643,0.018333333333333313,18.049999999999997,-0.003333333333333355
202602212406,3744,4,24,4,1.0916666666666668,12.228333333333332,0.49833333333333396,5.154999999999994,-4.755000000000003,-3.705000000000002,1.1666666666666665,8.666666666666664,-0.031666666666666676,15.75,-0.033333333333333354
202602212406,3769,5,24,2,0.061666666666666536,-7.631666666666671,0.20833333333333393,4.244999999999997,-4.775000000000006,-5.215000000000003,-0.8333333333333335,-1.3333333333333357,0.02833333333333332,-34.25,0.04666666666666666
202602212406,3773,6,24,2,-1.0483333333333338,-10.53166666666667,-0.4716666666666667,-1.5650000000000048,-3.4550000000000054,7.674999999999997,-0.8333333333333335,-2.3333333333333357,-0.011666666666666686,-34.25,-0.013333333333333336
202602212407,4761,1,24,3,0.7699999999999996,7.696666666666662,0.6433333333333335,13.395,6.106666666666662,3.9916666666666636,0.5,2.8333333333333357,-0.031666666666666704,21.666666666666664,-0.03833333333333333
202602212407,5326,2,24,2,-0.6500000000000004,-9.533333333333339,-2.1766666666666663,-18.225,-9.253333333333341,0.19166666666666288,-0.5,-7.166666666666664,0.008333333333333304,53.56666666666667,0.08166666666666667
202602212407,3482,3,24,3,0.14999999999999947,0.22666666666665947,-0.026666666666666394,-3.275000000000002,18.566666666666663,8.29166666666666,0.5,1.8333333333333357,-0.0016666666666667052,-7.333333333333329,-0.02833333333333332
202602212407,4065,4,24,2,-0.03000000000000025,7.556666666666661,2.203333333333333,27.745,-6.353333333333339,5.931666666666661,-0.5,2.8333333333333357,0.008333333333333304,3.56666666666667,-0.008333333333333331
202602212407,4856,5,24,4,2.26,20.366666666666664,2.1433333333333335,4.465,-9.67333333333334,-9.79833333333334,1.5,10.833333333333336,-0.021666666666666695,-25.03333333333333,-0.01833333333333334
202602212407,5200,6,24,1,-2.5,-26.31333333333334,-2.786666666666666,-24.105,0.606666666666662,-8.608333333333338,-1.5,-11.166666666666664,0.0383333333333333,-46.43333333333333,0.011666666666666659
202602212408,4451,1,24,4,0.833333333333333,7.983333333333334,1.1100000000000003,6.736666666666665,6.598333333333336,-2.748333333333335,1.3333333333333335,5.833333333333336,-0.015000000000000013,62.05000000000001,-0.01999999999999999
202602212408,5047,2,24,2,-0.8766666666666669,-11.866666666666667,0.6600000000000001,-4.373333333333335,-0.12166666666666259,-0.01833333333333087,-0.6666666666666665,-1.1666666666666643,0.024999999999999994,1.350000000000005,0.05000000000000002
202602212408,4752,3,24,2,-0.6866666666666674,-7.896666666666665,-1.4899999999999998,-24.803333333333335,-4.191666666666663,3.3016666666666694,-0.6666666666666665,-3.1666666666666643,-0.0050000000000000044,1.350000000000005,0.04000000000000001
202602212408,3623,4,24,4,2.133333333333333,28.843333333333334,2.7199999999999998,31.99666666666667,-8.111666666666665,-1.6383333333333354,1.3333333333333335,7.833333333333336,-0.035,-23.649999999999995,-0.15
202602212408,5373,5,24,1,-2.7966666666666673,-33.196666666666665,-5.17,-37.70333333333333,5.198333333333338,-3.418333333333333,-1.6666666666666665,-14.166666666666664,0.06499999999999997,-23.649999999999995,0.1
202602212408,4700,6,24,3,1.3933333333333326,16.133333333333333,2.17,28.14666666666666,0.6283333333333374,4.521666666666668,0.3333333333333335,4.833333333333336,-0.035,-17.449999999999996,-0.01999999999999999
202602212409,4661,1,24,2,-0.6766666666666659,-13.131666666666668,-0.2566666666666677,-6.175000000000001,2.0516666666666623,4.993333333333332,-0.8333333333333335,-3.6666666666666643,0.021666666666666667,19.383333333333333,-0.023333333333333345
202602212409,3282,2,24,2,-1.336666666666666,-17.611666666666665,-0.916666666666667,-9.195,-3.308333333333337,2.913333333333334,-0.8333333333333335,-2.6666666666666643,0.031666666666666676,-16.416666666666668,0.026666666666666672
202602212409,4754,3,24,4,0.43333333333333357,9.098333333333336,-0.016666666666667496,-10.725000000000001,-2.1583333333333385,-0.9066666666666663,1.1666666666666665,2.3333333333333357,-0.01833333333333334,40.98333333333333,-0.023333333333333345
202602212409,4264,4,24,4,1.1533333333333333,13.788333333333334,0.9833333333333325,22.165,-2.25833333333334,-6.346666666666668,1.1666666666666665,3.3333333333333357,-0.01833333333333334,1.9833333333333343,-0.013333333333333336
202602212409,4623,5,24,2,-0.4166666666666661,-5.141666666666666,-1.1866666666666674,-20.345,-2.068333333333335,0.3233333333333306,-0.8333333333333335,-0.6666666666666643,-0.02833333333333332,-17.016666666666666,-0.023333333333333345
202602212409,4518,6,24,3,0.8433333333333337,12.998333333333335,1.3933333333333326,24.275,7.74166666666666,-0.9766666666666666,0.16666666666666652,1.3333333333333357,0.011666666666666659,-28.916666666666668,0.05666666666666667
202602212410,3813,1,24,4,0.13000000000000078,2.7449999999999974,0.41666666666666696,14.67333333333334,-5.18333333333333,11.87833333333333,0.5,-0.8333333333333357,0.015000000000000013,46.150000000000006,-0.008333333333333331
202602212410,4171,2,24,3,8.881784197001252e-16,-2.354999999999997,0.34666666666666757,1.7433333333333394,-2.973333333333329,1.7583333333333329,-0.5,0.1666666666666643,0.015000000000000013,-1.9500000000000028,0.011666666666666659
202602212410,4769,3,24,3,-0.019999999999999574,1.5150000000000006,0.6566666666666672,7.5333333333333385,9.076666666666668,-5.791666666666668,-0.5,-1.8333333333333357,-0.035,-4.75,-0.02833333333333335
202602212410,4036,4,24,4,-0.22999999999999954,1.1049999999999969,-0.18333333333333268,0.393333333333338,5.296666666666667,-0.7916666666666643,0.5,-0.8333333333333357,0.0050000000000000044,-2.450000000000003,0.011666666666666659
202602212410,4388,5,24,3,0.03000000000000025,-1.9450000000000003,-1.5133333333333328,-17.46666666666666,-6.213333333333331,-1.951666666666668,-0.5,-0.8333333333333357,0.024999999999999994,-7.950000000000003,0.03166666666666665
202602212410,4075,6,24,4,0.09000000000000075,-1.0649999999999977,0.2766666666666673,-6.876666666666658,-0.0033333333333303017,-5.101666666666667,0.5,4.166666666666664,-0.024999999999999994,-29.05,-0.01833333333333334
202602212411,4685,1,24,4,1.2166666666666668,17.33166666666667,1.5033333333333339,10.840000000000003,-7.839999999999996,-6.239999999999998,0.5,4.666666666666664,-0.003333333333333355,38.033333333333324,-0.008333333333333331
202602212411,3576,2,24,4,0.49666666666666703,3.0216666666666683,0.1533333333333342,8.21,-2.1399999999999935,3.0799999999999983,0.5,-0.3333333333333357,0.016666666666666663,14.733333333333327,-0.008333333333333331
202602212411,5252,3,24,3,-0.18333333333333357,-4.028333333333329,-1.0566666666666658,-8.859999999999996,-3.799999999999997,5.039999999999999,-0.5,-2.3333333333333357,-0.003333333333333355,-10.06666666666667,-0.008333333333333331
202602212411,4772,4,24,4,0.456666666666667,6.87166666666667,1.6833333333333345,18.730000000000004,-0.8899999999999935,-4.259999999999998,0.5,2.6666666666666643,-0.04333333333333335,7.033333333333324,-0.03833333333333333
202602212411,4607,5,24,3,-0.7233333333333336,-9.338333333333331,-0.5566666666666658,-10.589999999999996,-1.3999999999999986,-1.8299999999999983,-0.5,-2.3333333333333357,0.026666666666666644,-25.266666666666673,0.041666666666666685
202602212411,3482,6,24,3,-1.2633333333333336,-13.85833333333333,-1.7266666666666657,-18.33,16.070000000000007,4.210000000000001,-0.5,-2.3333333333333357,0.006666666666666654,-24.466666666666672,0.021666666666666667
202602212412,4856,1,24,4,2.321666666666667,20.721666666666668,1.8550000000000004,4.70333333333333,-2.8166666666666664,-11.598333333333333,1.6666666666666665,12.333333333333336,-0.023333333333333345,50.9,-0.016666666666666635
202602212412,5086,2,24,2,-0.9783333333333326,-12.498333333333335,0.665,11.033333333333328,5.083333333333332,3.3616666666666646,-0.3333333333333335,-1.6666666666666643,0.026666666666666644,-11.399999999999999,0.023333333333333345
202602212412,5254,3,24,2,-0.5183333333333326,-7.328333333333337,-1.3449999999999998,-13.86666666666667,-0.4066666666666663,1.3516666666666666,-0.3333333333333335,-2.6666666666666643,0.006666666666666654,0.8999999999999986,0.003333333333333355
202602212412,4988,4,24,2,-0.878333333333333,-3.488333333333337,-0.24499999999999922,4.133333333333329,-6.046666666666667,-0.26833333333333087,-0.3333333333333335,-5.666666666666664,-0.003333333333333355,-10.2,-0.026666666666666644
202602212412,4213,5,24,2,0.2616666666666676,5.521666666666665,0.03500000000000014,4.963333333333328,0.40333333333333243,2.931666666666665,-0.3333333333333335,0.3333333333333357,-0.013333333333333364,2.200000000000003,-0.006666666666666654
202602212412,4752,6,24,2,-0.20833333333333304,-2.9283333333333346,-0.9649999999999994,-10.96666666666667,3.783333333333335,4.221666666666671,-0.3333333333333335,-2.6666666666666643,0.006666666666666654,-32.4,0.023333333333333345
202602212201,4773,1,22,3,2.226666666666667,19.52833333333333,2.4283333333333332,20.608333333333334,0.0,0.0,1.3333333333333333,9.0,0.004999999999999977,50.550000000000004,-0.013333333333333336
202602212201,5164,2,22,1,-1.1533333333333333,-9.47166666666667,-0.6316666666666668,-13.641666666666667,0.0,0.0,-0.6666666666666667,-4.0,0.014999999999999986,-20.35,0.05666666666666664
202602212201,4844,3,22,2,1.1366666666666663,9.988333333333332,-3.151666666666667,-17.991666666666667,0.0,0.0,0.33333333333333326,4.0,-0.015000000000000013,2.349999999999998,-0.013333333333333336
202602212201,5194,4,22,2,0.7866666666666666,6.398333333333332,3.5483333333333333,42.00833333333333,0.0,0.0,0.33333333333333326,4.0,-0.03500000000000003,8.149999999999999,-0.043333333333333335
202602212201,4990,5,22,1,-0.7533333333333334,-10.72166666666667,-0.15166666666666684,-12.991666666666667,0.0,0.0,-0.6666666666666667,-1.0,0.014999999999999986,-20.35,-0.003333333333333355
202602212201,5397,6,22,1,-2.243333333333333,-15.72166666666667,-2.041666666666667,-17.991666666666667,0.0,0.0,-0.6666666666666667,-12.0,0.014999999999999986,-20.35,0.016666666666666663
202602212202,5148,1,22,2,0.7550000000000003,6.783333333333333,2.2900000000000005,16.168333333333333,0.0,0.0,0.33333333333333326,0.3333333333333357,-0.006666666666666654,26.000000000000004,2.7755575615628914e-17
202602212202,3357,2,22,2,0.19500000000000028,3.243333333333334,1.73,5.398333333333333,0.0,0.0,0.33333333333333326,0.3333333333333357,0.003333333333333355,-2.4999999999999964,0.010000000000000037
202602212202,4897,3,22,1,0.9050000000000007,8.813333333333334,-2.44,-14.601666666666667,0.0,0.0,-0.6666666666666667,5.333333333333336,0.003333333333333355,2.1000000000000014,0.030000000000000027
202602212202,3289,4,22,2,-0.5449999999999995,-10.946666666666667,-2.44,-14.601666666666667,0.0,0.0,0.33333333333333326,2.3333333333333357,0.003333333333333355,-1.9999999999999964,-0.03999999999999998
202602212202,3604,5,22,2,0.5850000000000004,5.913333333333332,3.3000000000000003,22.238333333333337,0.0,0.0,0.33333333333333326,2.3333333333333357,0.003333333333333355,-3.4999999999999964,2.7755575615628914e-17
202602212202,5387,6,22,1,-1.8949999999999996,-13.806666666666667,-2.44,-14.601666666666667,0.0,0.0,-0.6666666666666667,-10.666666666666664,-0.006666666666666654,-20.099999999999998,2.7755575615628914e-17
202602212203,5144,1,22,2,1.4083333333333332,19.50166666666667,0.15666666666666673,0.5033333333333339,0.0,0.0,0.0,7.0,0.03833333333333333,26.833333333333332,0.035
202602212203,4765,2,22,2,0.6183333333333332,3.3516666666666666,1.4266666666666672,21.03333333333333,0.0,0.0,0.0,10.0,-0.011666666666666686,22.333333333333332,0.0050000000000000044
202602212203,5218,3,22,3,2.2783333333333333,23.14166666666667,1.016666666666667,6.453333333333333,0.0,0.0,1.0,13.0,0.018333333333333313,7.533333333333335,0.0050000000000000044
202602212203,5265,4,22,2,-0.8316666666666666,-9.568333333333332,-0.983333333333333,-0.8966666666666683,0.0,0.0,0.0,2.0,0.03833333333333333,-15.166666666666668,0.044999999999999984
202602212203,5340,5,22,2,-0.5016666666666665,-12.718333333333332,1.1366666666666672,-8.546666666666667,0.0,0.0,0.0,6.0,0.04833333333333331,-13.866666666666667,0.044999999999999984
202602212203,5438,6,22,1,-2.9716666666666667,-23.708333333333332,-2.753333333333333,-18.546666666666667,0.0,0.0,-1.0,-38.0,-0.13166666666666668,-27.666666666666668,-0.135
202602212204,4893,1,22,2,0.34333333333333194,5.191666666666666,-0.0066666666666659324,-0.11333333333333684,0.0,0.0,-0.16666666666666652,2.1666666666666643,0.0016666666666666774,46.599999999999994,-0.0016666666666666496
202602212204,5213,2,22,3,0.6833333333333327,7.771666666666665,1.543333333333334,27.666666666666664,0.0,0.0,0.8333333333333335,3.1666666666666643,0.011666666666666659,26.599999999999998,-0.0016666666666666496
202602212204,4300,3,22,2,0.043333333333332114,-0.8883333333333319,-0.056666666666665755,-2.6733333333333356,0.0,0.0,-0.16666666666666652,-0.8333333333333357,0.0016666666666666774,-8.400000000000002,0.008333333333333331
202602212204,5320,4,22,2,-1.6966666666666677,-18.638333333333332,-2.1766666666666663,-33.443333333333335,0.0,0.0,-0.16666666666666652,-7.833333333333336,0.0016666666666666774,-21.300000000000004,-0.011666666666666659
202602212204,4909,5,22,2,0.7433333333333323,5.87166666666667,-0.016666666666666607,12.006666666666668,0.0,0.0,-0.16666666666666652,2.1666666666666643,-0.01833333333333334,-15.100000000000001,-0.021666666666666667
202602212204,5078,6,22,2,-0.11666666666666803,0.6916666666666664,0.7133333333333338,-3.443333333333335,0.0,0.0,-0.16666666666666652,1.1666666666666643,0.0016666666666666774,-28.400000000000002,0.02833333333333335
202602212205,4313,1,22,1,2.66,27.470000000000002,-1.8233333333333333,-7.761666666666667,0.0,0.0,-0.6666666666666667,10.0,-0.006666666666666626,-14.716666666666667,0.0016666666666666496
202602212205,4730,2,22,3,1.4800000000000004,13.639999999999997,2.3966666666666665,14.458333333333332,0.0,0.0,1.3333333333333333,12.0,0.023333333333333373,35.28333333333333,0.0016666666666666496
202602212205,4720,3,22,2,0.11000000000000032,-8.91,2.376666666666667,12.238333333333333,0.0,0.0,0.33333333333333326,10.0,0.04333333333333336,8.283333333333333,0.08166666666666667
202602212205,4408,4,22,2,-0.4599999999999995,-3.3000000000000007,-1.8233333333333333,-7.761666666666667,0.0,0.0,0.33333333333333326,5.0,0.033333333333333354,0.5833333333333339,0.06166666666666665
202602212205,5164,5,22,1,-1.4499999999999997,-13.05,0.6966666666666668,-3.411666666666667,0.0,0.0,-0.6666666666666667,1.0,0.05333333333333337,-14.716666666666667,0.0016666666666666496
202602212205,5437,6,22,1,-2.34,-15.850000000000001,-1.8233333333333333,-7.761666666666667,0.0,0.0,-0.6666666666666667,-38.0,-0.14666666666666664,-14.716666666666667,-0.14833333333333334
202602212206,4714,1,22,2,1.103333333333333,8.845000000000002,3.0516666666666663,17.325000000000003,0.0,0.0,0.0,3.5,-0.013333333333333308,48.78333333333333,0.00833333333333336
202602212206,4678,2,22,2,1.1333333333333333,10.865000000000002,-2.5483333333333333,-12.674999999999999,0.0,0.0,0.0,4.5,-0.013333333333333308,12.88333333333333,0.02833333333333335
202602212206,3289,3,22,2,-0.9866666666666668,-14.485,-2.5483333333333333,-12.674999999999999,0.0,0.0,0.0,0.5,0.01666666666666669,-20.416666666666668,0.018333333333333368
202602212206,4224,4,22,3,1.2233333333333332,14.175,2.0816666666666666,12.325000000000001,0.0,0.0,1.0,4.5,-0.003333333333333327,-0.41666666666666785,0.03833333333333336
202602212206,5397,5,22,1,-2.756666666666667,-17.345,-1.4383333333333332,-12.674999999999999,0.0,0.0,-1.0,-14.5,0.01666666666666669,-20.416666666666668,-0.15166666666666664
202602212206,4924,6,22,2,0.28333333333333277,-2.0549999999999997,1.4016666666666668,8.375000000000002,0.0,0.0,0.0,1.5,-0.003333333333333327,-20.416666666666668,0.05833333333333335
202602212207,4990,1,22,1,-1.538333333333333,-15.36,-1.3650000000000002,-18.015,0.0,0.0,-1.1666666666666665,-4.333333333333336,0.015000000000000041,-21.916666666666668,0.003333333333333327
202602212207,4501,2,22,3,0.8916666666666666,9.39,-0.11500000000000021,-5.155000000000001,0.0,0.0,0.8333333333333335,4.666666666666664,-0.04499999999999996,23.88333333333333,-0.04666666666666666
202602212207,4744,3,22,2,0.4016666666666673,-1.8999999999999986,0.5750000000000002,0.5150000000000006,0.0,0.0,-0.16666666666666652,0.6666666666666643,0.03500000000000003,-1.9166666666666679,0.053333333333333316
202602212207,4347,4,22,3,1.701666666666667,17.4,2.585,31.034999999999997,0.0,0.0,0.8333333333333335,7.666666666666664,-0.004999999999999977,9.583333333333332,0.013333333333333336
202602212207,3357,5,22,2,-0.5183333333333331,-3.3099999999999987,-0.19500000000000028,-3.0150000000000006,0.0,0.0,-0.16666666666666652,-2.3333333333333357,0.015000000000000041,-1.9166666666666679,-0.026666666666666672
202602212207,5265,6,22,2,-0.938333333333333,-6.219999999999999,-1.4850000000000003,-5.365000000000002,0.0,0.0,-0.16666666666666652,-6.333333333333336,-0.014999999999999958,-7.716666666666669,0.003333333333333327
202602212208,4897,1,22,1,0.4933333333333336,2.288333333333334,-1.6733333333333336,-2.7133333333333334,0.0,0.0,-1.0,9.666666666666664,0.051666666666666666,36.04999999999998,0.0333333333333333
202602212208,5192,2,22,3,0.47333333333333316,4.668333333333333,1.7666666666666664,13.566666666666668,0.0,0.0,1.0,10.666666666666664,0.011666666666666659,33.64999999999999,0.0333333333333333
202602212208,5189,3,22,3,2.2533333333333334,21.07833333333333,0.7066666666666663,-2.7133333333333334,0.0,0.0,1.0,11.666666666666664,0.04166666666666666,7.849999999999991,0.053333333333333316
202602212208,4844,4,22,2,0.6533333333333329,5.378333333333334,-1.6733333333333336,-2.7133333333333334,0.0,0.0,0.0,7.666666666666664,0.021666666666666667,-24.750000000000007,0.023333333333333317
202602212208,5438,5,22,1,-2.7766666666666664,-20.331666666666667,-0.5633333333333335,-2.7133333333333334,0.0,0.0,-1.0,-39.333333333333336,-0.14833333333333334,-30.550000000000008,-0.1466666666666667
202602212208,5320,6,22,2,-1.0966666666666667,-13.081666666666667,1.4366666666666663,-2.7133333333333334,0.0,0.0,0.0,-0.3333333333333357,0.021666666666666667,-22.250000000000007,0.0033333333333332993
202602212209,4730,1,22,3,0.6066666666666665,7.9233333333333285,-1.0183333333333335,-10.98166666666667,0.0,0.0,1.0,3.5,0.0,49.133333333333326,-0.010000000000000009
202602212209,4885,2,22,1,1.1566666666666663,13.443333333333332,0.31166666666666654,12.248333333333335,0.0,0.0,-1.0,1.5,-0.010000000000000009,7.4333333333333265,0.0
202602212209,5148,3,22,2,-0.3433333333333337,-4.426666666666669,-0.5083333333333329,-2.4316666666666684,0.0,0.0,0.0,-2.5,0.01999999999999999,-5.866666666666671,0.04999999999999999
202602212209,4300,4,22,2,-0.04333333333333389,-0.016666666666669272,-0.00833333333333286,-2.4316666666666684,0.0,0.0,0.0,-0.5,0.0,-4.466666666666672,-0.010000000000000009
202602212209,5194,5,22,2,-0.38333333333333375,-2.8966666666666683,1.461666666666667,26.798333333333332,0.0,0.0,0.0,0.5,-0.020000000000000018,-25.86666666666667,-0.05
202602212209,5340,6,22,2,-0.9933333333333336,-14.026666666666669,-0.23833333333333329,-23.201666666666668,0.0,0.0,0.0,-2.5,0.009999999999999981,-20.36666666666667,0.01999999999999999
202602212210,4536,1,22,3,1.4116666666666662,15.628333333333337,-0.6449999999999996,-9.056666666666668,0.0,0.0,0.8333333333333335,3.3333333333333357,-0.006666666666666654,52.349999999999994,-0.03666666666666665
202602212210,3604,2,22,2,-0.8983333333333334,-9.781666666666666,0.20500000000000096,5.563333333333336,0.0,0.0,-0.16666666666666652,-2.6666666666666643,0.023333333333333345,-17.450000000000003,0.04333333333333336
202602212210,4714,3,22,2,0.061666666666666536,-3.311666666666664,0.06500000000000039,-1.2766666666666673,0.0,0.0,-0.16666666666666652,0.3333333333333357,-0.006666666666666654,-6.950000000000003,-0.03666666666666665
202602212210,5078,4,22,2,-0.5883333333333338,-2.921666666666667,0.46500000000000075,-1.2766666666666673,0.0,0.0,-0.16666666666666652,-0.6666666666666643,-0.006666666666666654,-2.650000000000002,0.013333333333333364
202602212210,4773,5,22,3,0.6716666666666669,5.748333333333335,0.04500000000000082,7.323333333333334,0.0,0.0,0.8333333333333335,3.3333333333333357,0.013333333333333336,-2.650000000000002,-0.006666666666666654
202602212210,5230,6,22,1,-0.6583333333333332,-5.361666666666665,-0.1349999999999989,-1.2766666666666673,0.0,0.0,-1.1666666666666665,-3.6666666666666643,-0.016666666666666663,-22.650000000000002,0.023333333333333345
202602212211,4443,1,22,3,0.4083333333333341,3.645000000000003,2.421666666666667,18.293333333333333,0.0,0.0,0.5,3.8333333333333357,0.024999999999999994,41.56666666666667,0.024999999999999994
202602212211,4224,2,22,3,0.19833333333333414,3.205000000000002,0.2716666666666665,-1.1466666666666647,0.0,0.0,0.5,0.8333333333333357,0.014999999999999986,3.1666666666666714,0.024999999999999994
202602212211,5118,3,22,2,0.788333333333334,10.865000000000002,0.8416666666666668,3.8533333333333353,0.0,0.0,-0.5,-0.1666666666666643,0.014999999999999986,5.966666666666669,-0.014999999999999986
202602212211,4765,4,22,2,-0.24166666666666625,-1.254999999999999,0.9316666666666666,13.433333333333334,0.0,0.0,-0.5,-1.1666666666666643,-0.04500000000000001,-14.93333333333333,-0.045
202602212211,4997,5,22,2,-1.291666666666666,-17.894999999999996,-4.358333333333333,-26.146666666666665,0.0,0.0,-0.5,-5.166666666666664,0.014999999999999986,-8.43333333333333,0.024999999999999994
202602212211,4501,6,22,3,0.13833333333333364,1.4350000000000023,-0.10833333333333339,-8.286666666666665,0.0,0.0,0.5,1.8333333333333357,-0.024999999999999994,-27.33333333333333,-0.014999999999999986
202602212212,5218,1,22,3,0.9566666666666661,13.803333333333342,0.6733333333333338,-1.6933333333333316,0.0,0.0,0.3333333333333335,0.3333333333333357,-0.026666666666666672,42.050000000000004,0.016666666666666663
202602212212,4347,2,22,3,0.48666666666666636,4.713333333333338,2.743333333333334,27.356666666666666,0.0,0.0,0.3333333333333335,3.3333333333333357,0.003333333333333327,11.350000000000001,-0.003333333333333327
202602212212,5213,3,22,3,-0.2333333333333334,0.6133333333333368,2.623333333333334,34.41666666666667,0.0,0.0,0.3333333333333335,-0.6666666666666643,0.003333333333333327,14.350000000000001,-0.003333333333333327
202602212212,4678,4,22,2,-0.3533333333333335,-4.836666666666659,-4.206666666666666,-26.69333333333333,0.0,0.0,-0.6666666666666665,-0.6666666666666643,-0.006666666666666654,-12.149999999999999,-0.003333333333333327
202602212212,5189,5,22,3,0.7366666666666664,8.363333333333337,-1.8266666666666662,-26.69333333333333,0.0,0.0,0.3333333333333335,0.3333333333333357,0.013333333333333336,-19.95,-0.013333333333333336
202602212212,4720,6,22,2,-1.5933333333333337,-22.65666666666666,-0.0066666666666659324,-6.693333333333332,0.0,0.0,-0.6666666666666665,-2.6666666666666643,0.013333333333333336,-35.65,0.006666666666666654
202602212101,4330,1,21,3,1.1150000000000002,11.485,1.7833333333333332,13.850000000000005,0.509999999999998,3.1316666666666677,0.8333333333333335,5.333333333333336,-0.02833333333333335,55.650000000000006,-0.03166666666666665
202602212101,3471,2,21,2,-0.4249999999999998,-9.795000000000002,-0.47666666666666657,-2.8199999999999967,4.530000000000001,2.671666666666674,-0.16666666666666652,-1.6666666666666643,0.011666666666666659,1.6500000000000021,0.02833333333333335
202602212101,3620,3,21,2,-0.04499999999999993,2.724999999999998,2.203333333333333,20.26,14.530000000000001,-0.8583333333333272,-0.16666666666666652,0.3333333333333357,0.011666666666666659,-13.549999999999997,0.01833333333333334
202602212101,5305,4,21,2,-2.125,-21.015,-4.3966666666666665,-29.74,-4.949999999999999,-3.2383333333333297,-0.16666666666666652,-7.666666666666664,0.0016666666666666496,-19.349999999999998,-0.04166666666666666
202602212101,3930,5,21,2,0.9249999999999998,7.615000000000002,1.3933333333333335,5.970000000000002,-12.48,1.681666666666672,-0.16666666666666652,3.3333333333333357,-0.00833333333333336,-15.049999999999997,-0.011666666666666659
202602212101,4031,6,21,2,0.5549999999999997,8.985,-0.5066666666666664,-7.52,-2.1400000000000006,-3.3883333333333283,-0.16666666666666652,0.3333333333333357,0.011666666666666659,-9.349999999999998,0.03833333333333336
202602212102,3499,1,21,3,1.7433333333333332,18.068333333333335,2.253333333333334,19.19666666666667,0.4966666666666697,-1.2133333333333312,0.6666666666666665,5.333333333333336,-0.033333333333333326,51.333333333333336,-0.045
202602212102,5048,2,21,2,0.18333333333333357,-0.46166666666666245,-0.086666666666666,-8.223333333333333,6.376666666666672,0.8866666666666703,-0.3333333333333335,0.3333333333333357,0.016666666666666663,-12.466666666666661,0.015000000000000013
202602212102,3305,3,21,2,-0.6466666666666665,-5.111666666666665,-0.5766666666666662,-7.27333333333333,11.60666666666667,10.946666666666665,-0.3333333333333335,-0.6666666666666643,0.006666666666666682,-4.766666666666662,0.015000000000000013
202602212102,4584,4,21,4,2.2633333333333336,22.578333333333333,2.8033333333333337,33.71666666666667,11.046666666666667,-5.153333333333332,1.6666666666666665,10.333333333333336,-0.043333333333333335,24.63333333333334,-0.045
202602212102,4272,5,21,2,-0.05666666666666664,-6.351666666666663,0.3033333333333337,-6.61333333333333,-16.833333333333332,-1.2533333333333303,-0.3333333333333335,1.3333333333333357,-0.003333333333333327,-26.266666666666662,0.0050000000000000044
202602212102,5418,6,21,1,-3.4866666666666664,-28.721666666666664,-4.696666666666666,-30.80333333333333,-12.693333333333332,-4.213333333333331,-1.3333333333333335,-16.666666666666664,0.05666666666666667,-32.46666666666666,0.05499999999999999
202602212103,4210,1,21,3,0.3100000000000005,-0.3399999999999963,0.578333333333334,-6.533333333333331,-1.2299999999999969,-0.788333333333334,0.3333333333333335,1.0,0.003333333333333355,32.23333333333333,0.003333333333333355
202602212103,3434,2,21,2,0.1299999999999999,2.4000000000000057,0.38833333333333364,4.806666666666668,-5.259999999999998,1.1916666666666629,-0.6666666666666665,-2.0,0.003333333333333355,-3.06666666666667,0.013333333333333336
202602212103,4256,3,21,4,1.1100000000000003,11.250000000000007,2.6383333333333336,24.52666666666667,2.490000000000002,4.441666666666663,1.3333333333333335,11.0,-0.03666666666666665,21.93333333333333,-0.03666666666666665
202602212103,5295,4,21,2,-1.38,-16.009999999999994,-4.421666666666666,-26.53333333333333,2.460000000000001,-6.388333333333335,-0.6666666666666665,-8.0,0.033333333333333354,-13.06666666666667,0.003333333333333355
202602212103,3158,5,21,3,0.11000000000000032,6.850000000000001,1.6783333333333337,17.766666666666666,3.1600000000000037,0.35166666666666657,0.3333333333333335,1.0,-0.016666666666666663,-12.06666666666667,-0.04666666666666666
202602212103,3455,6,21,2,-0.27999999999999936,-4.149999999999995,-0.8616666666666659,-14.033333333333331,-1.6199999999999974,1.1916666666666629,-0.6666666666666665,-3.0,0.013333333333333336,-25.96666666666667,0.06333333333333335
202602212104,4102,1,21,4,0.9483333333333341,11.701666666666668,1.536666666666667,22.116666666666664,-3.134999999999998,0.22333333333333627,1.3333333333333335,4.0,-0.011666666666666659,56.83333333333332,-0.008333333333333331
202602212104,3745,2,21,2,0.07833333333333403,-4.438333333333329,0.9866666666666672,15.666666666666668,1.865000000000002,-1.826666666666668,-0.6666666666666665,0.0,0.00833333333333336,-1.4666666666666757,0.0016666666666666774
202602212104,4958,3,21,3,1.0083333333333337,7.471666666666671,1.1066666666666674,8.786666666666665,3.885000000000005,3.0733333333333377,0.3333333333333335,1.0,-0.02166666666666664,12.833333333333329,-0.018333333333333313
202602212104,4706,4,21,3,0.6683333333333339,10.271666666666668,-0.19333333333333336,-3.623333333333335,-4.774999999999999,2.173333333333332,0.3333333333333335,2.0,0.00833333333333336,-13.966666666666672,0.011666666666666686
202602212104,5208,5,21,2,-1.1216666666666661,-9.30833333333333,-2.523333333333333,-24.233333333333334,2.075000000000003,-7.466666666666665,-0.6666666666666665,-5.0,-0.011666666666666659,-34.76666666666667,-0.018333333333333313
202602212104,5296,6,21,2,-1.581666666666666,-15.69833333333333,-0.9133333333333331,-18.713333333333335,0.08500000000000085,3.8233333333333377,-0.6666666666666665,-2.0,0.02833333333333335,-19.466666666666672,0.031666666666666676
202602212105,4294,1,21,4,2.62,28.790000000000003,1.5300000000000002,15.463333333333335,-1.6149999999999949,-6.721666666666668,1.5,17.5,-0.009999999999999981,47.0,-0.003333333333333327
202602212105,3684,2,21,3,1.3899999999999997,14.660000000000007,1.08,4.103333333333335,4.675000000000004,-1.1916666666666664,0.5,10.5,0.020000000000000018,23.8,-0.003333333333333327
202602212105,5268,3,21,2,-2.24,-19.939999999999998,-1.98,-15.336666666666666,6.225000000000001,0.26833333333333087,-0.5,-4.5,0.08000000000000002,-14.599999999999998,0.05666666666666667
202602212105,5151,4,21,2,-0.5400000000000005,-13.299999999999995,0.5700000000000003,-0.8966666666666647,3.365000000000002,2.6883333333333326,-0.5,5.5,0.06,-20.1,0.07666666666666666
202602212105,4654,5,21,3,1.71,16.080000000000002,2.63,17.563333333333336,1.3250000000000028,1.8383333333333312,0.5,11.5,0.0,-4.899999999999999,0.016666666666666663
202602212105,5443,6,21,1,-2.9400000000000004,-26.289999999999996,-3.83,-20.896666666666665,-13.974999999999994,3.1183333333333323,-1.5,-40.5,-0.15,-31.2,-0.14333333333333334
202602212106,3620,1,21,2,-0.8966666666666665,-8.293333333333333,2.203333333333333,22.018333333333334,10.293333333333337,0.9650000000000034,-0.5,-3.0,0.003333333333333355,30.499999999999993,0.0
202602212106,4228,2,21,3,0.26333333333333364,0.6666666666666714,0.8733333333333331,17.468333333333337,-8.716666666666665,1.7049999999999983,0.5,0.0,0.013333333333333336,-4.600000000000001,0.06
202602212106,5048,3,21,2,-0.5966666666666667,-8.77333333333333,0.21333333333333382,-5.401666666666667,5.06333333333334,-2.2149999999999963,-0.5,-3.0,0.013333333333333336,-14.700000000000003,-0.03
202602212106,4853,4,21,1,-1.5066666666666668,-17.03333333333333,-0.2866666666666662,-16.871666666666666,-4.606666666666662,0.5050000000000026,-1.5,-2.0,0.023333333333333345,-5.400000000000002,0.03
202602212106,4302,5,21,3,1.4933333333333332,23.46666666666667,1.3933333333333335,10.768333333333334,-2.896666666666661,0.6550000000000011,0.5,3.0,-0.03666666666666665,-4.300000000000001,-0.04000000000000001
202602212106,3952,6,21,4,1.2433333333333332,9.966666666666669,-4.3966666666666665,-27.981666666666666,0.8633333333333368,-1.615000000000002,1.5,5.0,-0.016666666666666663,-1.5,-0.020000000000000018
202602212107,3444,1,21,2,-0.6233333333333331,-5.226666666666667,-0.0066666666666663765,0.06499999999999773,-10.691666666666666,4.5433333333333366,0.16666666666666674,-2.0,0.008333333333333331,3.0666666666666664,0.021666666666666667
202602212107,3305,2,21,2,0.13666666666666671,7.113333333333333,0.7233333333333336,7.805,13.108333333333334,10.963333333333331,0.16666666666666674,2.0,-0.0016666666666666496,5.266666666666666,0.0016666666666666496
202602212107,3455,3,21,2,1.326666666666667,13.733333333333334,0.16333333333333355,-3.2250000000000014,-6.281666666666666,-0.31666666666667,0.16666666666666674,3.0,0.008333333333333331,8.066666666666666,0.0016666666666666496
202602212107,4325,4,21,2,0.42666666666666675,-0.7866666666666653,2.0133333333333336,13.904999999999998,-2.261666666666663,-4.596666666666668,0.16666666666666674,4.0,-0.03166666666666665,1.7666666666666657,-0.04833333333333334
202602212107,4440,5,21,2,0.22666666666666657,-2.746666666666666,0.5033333333333334,-2.825000000000001,5.638333333333335,-0.14666666666666828,0.16666666666666674,3.0,-0.0016666666666666496,-1.2333333333333343,0.03166666666666665
202602212107,5346,6,21,1,-1.4933333333333332,-12.086666666666666,-3.3966666666666665,-15.725000000000001,0.48833333333333684,-10.446666666666665,-0.8333333333333333,-10.0,0.01833333333333334,-16.933333333333334,-0.008333333333333331
202602212108,3930,1,21,2,0.4616666666666669,0.5133333333333354,0.7666666666666666,-0.6633333333333269,-9.53166666666667,5.281666666666666,-0.5,2.3333333333333357,-0.015000000000000013,38.416666666666664,-0.023333333333333345
202602212108,4715,2,21,4,1.2716666666666665,8.723333333333336,1.7766666666666664,7.626666666666672,10.338333333333331,-3.2683333333333344,1.5,9.333333333333336,-0.04500000000000001,32.81666666666667,-0.043333333333333335
202602212108,3731,3,21,2,-0.3483333333333327,-3.706666666666667,-0.32333333333333325,-12.323333333333327,4.318333333333335,5.0816666666666634,-0.5,-0.6666666666666643,0.014999999999999986,-14.583333333333332,0.006666666666666654
202602212108,4950,4,21,3,1.0716666666666672,10.703333333333333,0.9766666666666666,16.56666666666667,3.8883333333333283,-4.498333333333335,0.5,2.3333333333333357,0.0050000000000000044,-6.083333333333332,-0.003333333333333327
202602212108,5418,5,21,1,-3.878333333333333,-33.11666666666667,-5.023333333333333,-36.37333333333333,-6.821666666666669,-5.538333333333334,-1.5,-17.666666666666664,0.05499999999999999,-32.38333333333333,0.07666666666666666
202602212108,3792,6,21,3,1.4216666666666669,16.883333333333333,1.8266666666666662,25.16666666666667,-2.19166666666667,2.941666666666663,0.5,4.333333333333336,-0.015000000000000013,-18.183333333333334,-0.013333333333333336
202602212109,3158,1,21,3,0.8133333333333335,12.00833333333333,1.5616666666666665,18.48,1.384999999999998,-2.460000000000001,0.5,3.6666666666666643,-0.010000000000000009,45.150000000000006,0.008333333333333331
202602212109,4272,2,21,2,-0.17666666666666675,-6.851666666666667,0.4616666666666669,-1.6299999999999955,-12.445000000000004,-2.539999999999999,-0.5,0.6666666666666643,0.0,3.450000000000003,-0.021666666666666667
202602212109,5305,3,21,2,-2.3166666666666664,-24.221666666666668,-4.538333333333333,-25.819999999999997,-3.485000000000003,0.3999999999999986,-0.5,-8.333333333333336,0.0,-10.350000000000001,-0.021666666666666667
202602212109,3684,4,21,3,0.9433333333333334,11.728333333333335,0.37166666666666703,-0.8199999999999967,7.994999999999997,-3.09,0.5,3.6666666666666643,0.010000000000000009,4.25,0.008333333333333331
202602212109,3906,5,21,2,-0.7866666666666666,-4.901666666666667,0.2816666666666672,-4.389999999999997,3.2449999999999974,3.519999999999996,-0.5,-3.3333333333333357,0.01999999999999999,-10.75,0.02833333333333332
202602212109,4958,6,21,3,1.5233333333333334,12.238333333333333,1.8616666666666672,14.180000000000003,3.3049999999999997,4.170000000000002,0.5,3.6666666666666643,-0.01999999999999999,-31.75,-0.0016666666666666774
202602212110,4302,1,21,3,1.5183333333333326,26.136666666666663,1.498333333333333,16.276666666666667,1.998333333333342,1.75,0.16666666666666652,2.1666666666666643,-0.02833333333333332,32.83333333333333,-0.02166666666666664
202602212110,5151,2,21,2,-1.6216666666666675,-21.373333333333335,0.10833333333333339,-2.4733333333333327,5.878333333333337,0.07000000000000028,-0.8333333333333335,-4.833333333333336,0.051666666666666666,-8.766666666666666,0.04833333333333334
202602212110,4330,3,21,3,0.2883333333333331,3.136666666666663,1.8883333333333328,21.11666666666667,1.1683333333333366,6.049999999999997,0.16666666666666652,1.1666666666666643,-0.02833333333333332,27.333333333333336,-0.03166666666666665
202602212110,5296,4,21,2,-1.701666666666667,-16.073333333333338,0.08833333333333293,-9.973333333333333,-1.3016666666666623,4.200000000000003,-0.8333333333333335,-2.8333333333333357,0.031666666666666676,-18.766666666666666,0.03833333333333336
202602212110,4210,5,21,3,0.37833333333333297,-0.3233333333333377,0.708333333333333,-2.4733333333333327,-3.8116666666666603,-4.32,0.16666666666666652,0.1666666666666643,0.011666666666666686,-4.366666666666667,-0.0016666666666666496
202602212110,4967,6,21,4,1.1383333333333328,8.496666666666663,-4.291666666666667,-22.473333333333333,-3.9316666666666613,-7.75,1.1666666666666665,4.166666666666664,-0.03833333333333333,-28.266666666666666,-0.03166666666666665
202602212111,4239,1,21,4,1.161666666666667,17.445,0.41999999999999993,15.535000000000004,0.6466666666666612,-1.4633333333333312,1.3333333333333335,2.1666666666666643,-0.013333333333333336,39.233333333333334,-0.013333333333333336
202602212111,4654,2,21,3,0.48166666666666735,5.055,0.7699999999999996,3.9950000000000045,3.336666666666659,0.8066666666666649,0.3333333333333335,1.1666666666666643,-0.003333333333333355,26.03333333333333,0.006666666666666654
202602212111,4853,3,21,1,-1.628333333333333,-17.314999999999998,-1.58,-23.354999999999997,-0.21333333333333826,3.1866666666666674,-1.6666666666666665,-2.8333333333333357,0.03666666666666665,-23.766666666666666,0.026666666666666672
202602212111,3499,4,21,3,0.8416666666666668,9.475000000000001,1.2599999999999998,15.535000000000004,3.576666666666661,-1.6333333333333329,0.3333333333333335,1.1666666666666643,-0.023333333333333345,-13.566666666666666,-0.023333333333333345
202602212111,4325,5,21,2,-1.2583333333333329,-21.604999999999997,-0.28000000000000025,-4.834999999999997,-0.6833333333333371,-5.033333333333335,-0.6666666666666665,-2.8333333333333357,-0.013333333333333336,-15.166666666666664,-0.003333333333333327
202602212111,4706,6,21,3,0.4016666666666673,6.945,-0.5900000000000007,-6.8749999999999964,-6.663333333333341,4.136666666666663,0.3333333333333335,1.1666666666666643,0.016666666666666663,-12.766666666666666,0.006666666666666654
202602212112,4256,1,21,4,-0.026666666666666394,-2.126666666666658,1.4683333333333337,9.515000000000008,-4.211666666666666,4.153333333333329,0.0,4.0,-0.0050000000000000044,29.999999999999993,-0.009999999999999995
202602212112,3952,2,21,4,0.06333333333333346,-0.7566666666666606,-5.591666666666666,-41.544999999999995,1.6383333333333354,2.723333333333329,0.0,-2.0,0.014999999999999986,10.899999999999984,0.03
202602212112,4102,3,21,4,-0.37666666666666604,-2.066666666666663,1.2383333333333342,11.785000000000004,-8.641666666666666,3.8433333333333337,0.0,-3.0,0.014999999999999986,6.79999999999999,0.010000000000000009
202602212112,4294,4,21,4,0.3333333333333339,7.323333333333338,-0.23166666666666558,-5.184999999999995,-3.221666666666664,-6.096666666666668,0.0,1.0,0.0050000000000000044,12.699999999999996,-0.01999999999999999
202602212112,4584,5,21,4,0.3033333333333337,3.5433333333333366,1.908333333333334,22.975,10.508333333333333,-3.916666666666668,0.0,0.0,-0.015000000000000013,-18.900000000000013,-0.009999999999999995
202602212112,4715,6,21,4,-0.29666666666666686,-5.916666666666657,1.208333333333334,2.4550000000000054,3.9283333333333346,-0.706666666666667,0.0,0.0,-0.015000000000000013,-41.500000000000014,0.0
202602211901,5070,1,19,2,-0.456666666666667,-5.186666666666671,-1.79,-16.996666666666663,-0.3883333333333354,-1.6049999999999933,-0.3333333333333335,-2.0,0.026666666666666644,29.533333333333335,0.04500000000000001
202602211901,3726,2,19,1,-1.0666666666666673,-6.776666666666671,-1.1900000000000004,-3.6666666666666643,-7.568333333333335,-3.304999999999996,-1.3333333333333335,-7.0,0.016666666666666663,12.433333333333334,-0.0050000000000000044
202602211901,4835,3,19,2,-0.3766666666666669,-10.01666666666667,0.05999999999999961,-6.746666666666663,6.131666666666668,-2.4749999999999943,-0.3333333333333335,-1.0,-0.003333333333333355,-6.966666666666665,-0.0050000000000000044
202602211901,4227,4,19,3,0.8733333333333331,10.733333333333327,1.5999999999999996,21.653333333333336,-0.6083333333333343,4.845000000000006,0.6666666666666665,6.0,-0.003333333333333355,1.3333333333333321,-0.0050000000000000044
202602211901,4009,5,19,3,0.4133333333333331,2.3733333333333313,0.7400000000000002,6.093333333333334,-0.3683333333333323,-1.2549999999999955,0.6666666666666665,2.0,-0.023333333333333345,-11.966666666666665,-0.035
202602211901,4086,6,19,3,0.6133333333333333,8.873333333333328,0.5800000000000001,-0.336666666666666,2.8016666666666694,3.795000000000009,0.6666666666666665,2.0,-0.013333333333333336,-24.366666666666667,0.0050000000000000044
202602211902,5081,1,19,3,0.20333333333333314,0.3500000000000014,-0.5283333333333324,-15.766666666666666,1.9200000000000017,3.2650000000000006,0.16666666666666652,0.8333333333333357,0.014999999999999986,35.41666666666667,0.024999999999999994
202602211902,4158,2,19,2,-0.3366666666666669,-2.8000000000000043,-0.23833333333333329,-0.2566666666666677,-3.7099999999999973,-6.174999999999997,-0.8333333333333335,-4.166666666666664,0.0050000000000000044,2.1166666666666707,0.004999999999999977
202602211902,3909,3,19,4,0.833333333333333,12.530000000000001,0.8416666666666668,12.803333333333335,2.969999999999999,0.34499999999999886,1.1666666666666665,5.833333333333336,-0.05500000000000001,18.816666666666674,-0.07500000000000001
202602211902,4888,4,19,2,-0.42666666666666675,-7.120000000000001,1.2416666666666671,12.803333333333335,-2.5799999999999983,2.565000000000005,-0.8333333333333335,-3.1666666666666643,0.044999999999999984,-8.183333333333326,0.024999999999999994
202602211902,4743,5,19,4,1.1533333333333333,11.149999999999999,0.19166666666666732,12.803333333333335,-6.049999999999997,0.34499999999999886,1.1666666666666665,5.833333333333336,-0.015000000000000013,-16.983333333333327,-0.015000000000000013
202602211902,4270,6,19,2,-1.4266666666666667,-14.110000000000003,-1.5083333333333329,-22.386666666666663,7.450000000000003,-0.34499999999999886,-0.8333333333333335,-5.166666666666664,0.0050000000000000044,-31.183333333333326,0.034999999999999976
202602211903,5173,1,19,2,0.39833333333333343,3.313333333333336,-0.5116666666666658,-6.784999999999997,-0.30999999999999517,2.7783333333333324,-0.16666666666666652,0.5,-0.00666666666666671,45.98333333333333,-0.015000000000000013
202602211903,5182,2,19,2,0.13833333333333364,0.9733333333333363,-0.011666666666665826,-10.564999999999998,-0.46999999999999176,-5.731666666666666,-0.16666666666666652,2.5,-0.01666666666666669,14.983333333333327,0.004999999999999977
202602211903,3801,3,19,1,-0.4616666666666669,1.2933333333333366,2.078333333333334,32.105000000000004,-7.439999999999994,8.618333333333336,-1.1666666666666665,0.5,0.013333333333333308,0.18333333333333002,-0.015000000000000013
202602211903,4478,4,19,3,1.5183333333333335,9.173333333333336,1.8883333333333345,23.125,6.210000000000008,-0.5016666666666652,0.8333333333333335,4.5,-0.00666666666666671,-2.116666666666667,-0.0050000000000000044
202602211903,4642,5,19,4,1.2583333333333329,12.693333333333339,0.788333333333334,-3.3149999999999977,2.1500000000000057,-0.6616666666666653,1.8333333333333335,7.5,0.0033333333333332993,-23.11666666666667,0.014999999999999986
202602211903,5413,6,19,1,-2.8516666666666666,-27.446666666666665,-4.231666666666666,-34.565,-0.13999999999999346,-4.501666666666665,-1.1666666666666665,-15.5,0.013333333333333308,-35.91666666666667,0.014999999999999986
202602211904,3654,1,19,4,0.3033333333333337,7.343333333333334,1.3950000000000005,-1.7083333333333321,3.221666666666671,2.4083333333333314,1.0,4.166666666666664,-0.003333333333333355,39.2,0.035
202602211904,4269,2,19,4,0.9733333333333336,11.783333333333331,1.5750000000000002,17.25166666666667,-2.8983333333333334,1.7483333333333348,1.0,4.166666666666664,-0.003333333333333355,12.799999999999997,0.015000000000000013
202602211904,3896,3,19,2,-0.046666666666666856,-3.4466666666666654,-4.715,-23.92833333333333,1.1616666666666688,-2.821666666666669,-1.0,-1.8333333333333357,0.016666666666666663,27.1,0.025000000000000022
202602211904,4211,4,19,2,-1.7466666666666666,-23.446666666666665,-1.4649999999999999,-11.428333333333331,-5.388333333333332,-4.96166666666667,-1.0,-5.833333333333336,-0.023333333333333345,-22.4,-0.044999999999999984
202602211904,4978,5,19,2,-0.4566666666666661,-8.616666666666667,-0.5049999999999999,-13.398333333333332,5.151666666666671,4.928333333333335,-1.0,-5.833333333333336,0.016666666666666663,-26.7,0.0050000000000000044
202602211904,3422,6,19,4,0.9733333333333336,16.383333333333333,3.715,33.21166666666667,-1.2483333333333313,-1.3016666666666694,1.0,5.166666666666664,-0.003333333333333355,-30.0,-0.03499999999999999
202602211905,5231,1,19,3,0.45833333333333304,3.663333333333334,1.23,10.27,-7.7216666666666605,-1.4016666666666708,0.8333333333333335,4.0,-0.010000000000000009,48.900000000000006,-0.021666666666666667
202602211905,4317,2,19,2,0.18833333333333346,2.9033333333333324,-3.6300000000000003,-19.46,1.6783333333333417,-5.931666666666672,-0.16666666666666652,0.0,0.0,0.40000000000000213,0.01833333333333334
202602211905,4534,3,19,2,-0.4816666666666669,-3.8066666666666684,0.3099999999999996,-2.789999999999999,4.43833333333334,-0.7416666666666671,-0.16666666666666652,-2.0,0.04999999999999999,-23.0,0.04833333333333334
202602211905,4183,4,19,3,1.0183333333333335,11.803333333333331,3.1299999999999994,26.490000000000002,14.43833333333334,6.158333333333331,0.8333333333333335,6.0,-0.03,14.8,-0.04166666666666667
202602211905,5146,5,19,2,1.1183333333333332,6.173333333333332,1.0799999999999996,4.949999999999999,-6.461666666666659,6.978333333333332,-0.16666666666666652,4.0,-0.010000000000000009,-11.499999999999996,-0.011666666666666659
202602211905,5391,6,19,1,-2.3016666666666667,-20.736666666666668,-2.12,-19.46,-6.371666666666659,-5.061666666666667,-1.1666666666666665,-12.0,0.0,-29.599999999999998,0.008333333333333331
202602211906,3554,1,19,4,1.705,22.58166666666667,1.4633333333333334,14.873333333333331,-2.9183333333333294,-3.928333333333331,1.3333333333333335,4.166666666666664,0.011666666666666659,53.86666666666667,0.009999999999999981
202602211906,4259,2,19,3,0.20500000000000007,2.2616666666666703,2.4633333333333334,14.873333333333331,0.561666666666671,6.4516666666666715,0.3333333333333335,1.1666666666666643,-0.01833333333333334,8.666666666666671,0.0
202602211906,3878,3,19,2,-0.6349999999999998,-8.64833333333333,0.4033333333333329,-2.6866666666666674,-0.26833333333333087,-6.05833333333333,-0.6666666666666665,-1.8333333333333357,0.011666666666666659,-27.73333333333333,0.009999999999999981
202602211906,4747,4,19,2,-0.8849999999999998,-7.55833333333333,-0.21666666666666679,-2.7266666666666666,0.7116666666666696,5.971666666666668,-0.6666666666666665,-2.8333333333333357,0.0016666666666666774,-15.333333333333329,-0.03
202602211906,4469,5,19,3,0.6550000000000002,4.421666666666674,-3.9066666666666667,-22.166666666666668,2.621666666666666,-2.2283333333333317,0.3333333333333335,1.1666666666666643,-0.008333333333333331,5.866666666666667,-0.020000000000000018
202602211906,4177,6,19,2,-1.045,-13.05833333333333,-0.20666666666666655,-2.166666666666668,-0.7083333333333321,-0.20833333333333215,-0.6666666666666665,-1.8333333333333357,0.0016666666666666774,-25.33333333333333,0.03
202602211907,5013,1,19,2,1.455,13.941666666666666,0.5249999999999999,2.288333333333334,-4.088333333333331,-10.536666666666665,0.0,4.833333333333336,-0.013333333333333336,23.23333333333333,0.003333333333333327
202602211907,3334,2,19,3,1.6150000000000002,14.981666666666666,2.4150000000000005,27.548333333333336,8.571666666666673,-3.576666666666668,1.0,6.833333333333336,0.016666666666666663,14.73333333333333,0.033333333333333326
202602211907,4045,3,19,2,0.025000000000000355,2.2316666666666656,1.3249999999999997,15.248333333333331,-4.068333333333332,13.843333333333334,0.0,3.8333333333333357,-0.023333333333333345,11.933333333333334,-0.04666666666666666
202602211907,5362,4,19,1,-2.235,-23.798333333333336,-3.695,-23.801666666666666,7.781666666666666,-0.456666666666667,-1.0,-9.166666666666664,-0.003333333333333355,-23.866666666666667,-0.016666666666666663
202602211907,4775,5,19,3,1.9249999999999998,16.441666666666666,1.725,2.5183333333333344,-3.518333333333331,-2.7566666666666677,1.0,7.833333333333336,-0.033333333333333354,3.6333333333333293,-0.026666666666666672
202602211907,5406,6,19,1,-2.785,-23.798333333333336,-2.295,-23.801666666666666,-4.678333333333331,3.4833333333333343,-1.0,-14.166666666666664,0.05666666666666664,-29.666666666666668,0.053333333333333316
202602211908,4086,1,19,3,-0.45833333333333215,-3.8716666666666697,0.915,-0.21333333333333826,5.06333333333334,2.1600000000000037,-0.16666666666666652,-1.5,-0.01666666666666669,27.06666666666667,-0.025000000000000022
202602211908,4743,2,19,4,0.9216666666666677,10.758333333333333,0.7450000000000001,16.456666666666663,-5.676666666666662,-1.7000000000000028,0.8333333333333335,2.5,-0.00666666666666671,22.666666666666664,-0.005000000000000032
202602211908,4227,3,19,3,-0.19833333333333236,-2.0116666666666703,1.9349999999999996,21.776666666666664,1.653333333333336,3.210000000000001,-0.16666666666666652,2.5,-0.00666666666666671,4.666666666666664,0.004999999999999977
202602211908,3896,4,19,2,-0.628333333333333,-10.031666666666666,-4.955,-33.54333333333334,0.36333333333333684,-4.73,-1.1666666666666665,-3.5,0.013333333333333308,-26.433333333333334,0.024999999999999967
202602211908,4269,5,19,4,0.3916666666666675,5.198333333333331,1.335,7.636666666666663,-3.6966666666666654,-0.1599999999999966,0.8333333333333335,2.5,-0.00666666666666671,3.9666666666666686,-0.015000000000000013
202602211908,5081,6,19,3,-0.028333333333332433,-0.0416666666666643,0.025000000000000355,-12.113333333333337,2.2933333333333366,1.2199999999999989,-0.16666666666666652,-2.5,0.02333333333333329,-31.933333333333334,0.014999999999999986
202602211909,5146,1,19,2,0.3116666666666674,-1.6666666666666714,-0.0066666666666659324,-9.970000000000002,-3.335000000000001,8.291666666666664,-0.16666666666666652,1.0,-0.0050000000000000044,34.15,-0.0050000000000000044
202602211909,5231,2,19,3,-0.3483333333333327,-4.176666666666669,0.14333333333333442,-4.650000000000002,-4.595000000000002,-0.08833333333333826,0.8333333333333335,1.0,-0.0050000000000000044,32.449999999999996,-0.024999999999999994
202602211909,4478,3,19,3,1.2516666666666678,8.173333333333328,2.2633333333333345,23.309999999999995,7.765000000000001,-5.328333333333337,0.8333333333333335,3.0,-0.0050000000000000044,-20.85,-0.015000000000000013
202602211909,3801,4,19,1,-0.7283333333333326,0.29333333333332945,2.453333333333334,32.29,-5.885000000000002,3.7916666666666643,-1.1666666666666665,-1.0,0.015000000000000013,14.649999999999999,0.014999999999999986
202602211909,4317,5,19,2,-0.6183333333333323,-4.936666666666671,-4.716666666666666,-34.38,4.805,-4.618333333333339,-0.16666666666666652,-3.0,0.0050000000000000044,-26.650000000000002,-0.015000000000000013
202602211909,5173,6,19,2,0.1316666666666677,2.313333333333329,-0.13666666666666583,-6.600000000000001,1.2449999999999974,-2.048333333333339,-0.16666666666666652,-1.0,-0.0050000000000000044,-33.75,0.044999999999999984
202602211910,4177,1,19,2,-1.496666666666667,-18.121666666666663,-2.465,-17.693333333333335,-3.018333333333338,-3.866666666666667,-1.3333333333333335,-6.0,0.026666666666666672,30.41666666666667,0.010000000000000009
202602211910,4009,2,19,3,-0.23666666666666636,-8.22166666666666,-0.1349999999999998,2.066666666666663,1.6816666666666649,-0.7966666666666669,-0.3333333333333335,-1.0,-0.013333333333333336,-31.18333333333333,0.0
202602211910,3422,3,19,4,0.8133333333333335,11.948333333333338,2.2649999999999997,19.446666666666665,-2.2583333333333364,-1.1166666666666671,0.6666666666666665,4.0,0.006666666666666654,11.016666666666666,0.03
202602211910,3909,4,19,4,1.0233333333333334,14.288333333333341,0.1849999999999996,12.306666666666665,3.1316666666666606,0.39333333333333087,0.6666666666666665,3.0,-0.03333333333333334,12.516666666666666,-0.04000000000000001
202602211910,4259,5,19,3,-0.24666666666666703,-2.8016666666666623,0.20500000000000007,-0.653333333333336,-1.7483333333333348,2.7933333333333366,-0.3333333333333335,-3.0,0.006666666666666654,-8.983333333333334,0.010000000000000009
202602211910,3654,6,19,4,0.14333333333333353,2.9083333333333385,-0.054999999999999716,-15.473333333333336,2.211666666666666,2.5933333333333337,0.6666666666666665,3.0,0.006666666666666654,-13.783333333333331,-0.010000000000000009
202602211911,4642,1,19,4,0.7483333333333322,8.238333333333337,0.6633333333333322,2.870000000000001,-1.1016666666666666,-0.4350000000000023,1.3333333333333335,4.666666666666664,0.0,51.61666666666667,0.0
202602211911,4183,2,19,3,-0.031666666666667176,0.5083333333333329,1.5433333333333321,17.570000000000004,12.758333333333333,12.524999999999999,0.3333333333333335,1.6666666666666643,-0.03,4.716666666666669,-0.020000000000000018
202602211911,4775,3,19,3,0.8283333333333323,6.1683333333333366,0.20333333333333226,-2.0599999999999987,-5.061666666666667,-2.2150000000000034,0.3333333333333335,1.6666666666666643,-0.010000000000000009,-2.2833333333333314,-0.030000000000000013
202602211911,4534,4,19,2,-1.5316666666666676,-15.101666666666667,-1.2766666666666677,-11.709999999999997,2.758333333333333,5.625,-0.6666666666666665,-6.333333333333336,0.04999999999999999,-13.48333333333333,0.03
202602211911,5182,5,19,2,-0.37166666666666703,-3.4816666666666656,-0.1366666666666676,-4.379999999999999,-3.721666666666664,-5.505000000000003,-0.6666666666666665,-0.3333333333333357,-0.01999999999999999,-14.083333333333329,-0.020000000000000018
202602211911,5013,6,19,2,0.3583333333333325,3.6683333333333366,-0.9966666666666679,-2.289999999999999,-5.631666666666668,-9.995000000000001,-0.6666666666666665,-1.3333333333333357,0.010000000000000009,-26.48333333333333,0.03999999999999998
202602211912,4764,1,19,2,2.064999999999999,18.17,2.243333333333333,7.595,1.036666666666676,-3.621666666666666,0.5,8.5,-0.02833333333333335,48.36666666666667,-0.06666666666666668
202602211912,5108,2,19,1,-0.8350000000000004,-7.580000000000001,-1.1566666666666665,-4.405,-3.0633333333333255,5.188333333333333,-0.5,-2.5,0.10166666666666666,-13.533333333333331,0.2433333333333333
202602211912,5123,3,19,2,0.9849999999999994,5.369999999999999,2.3833333333333337,10.024999999999999,-3.6433333333333238,2.318333333333335,0.5,4.5,-0.04833333333333334,-1.8333333333333321,-0.05666666666666667
202602211912,5272,4,19,2,0.7349999999999994,8.299999999999999,-1.1566666666666665,-4.405,-7.0733333333333235,-8.011666666666667,0.5,3.5,-0.02833333333333335,-5.933333333333332,-0.06666666666666668
202602211912,5357,5,19,1,-1.5750000000000006,-12.13,-1.1566666666666665,-4.405,10.556666666666679,3.338333333333331,-0.5,-5.5,-0.01833333333333334,-13.533333333333331,-0.05666666666666667
202602211912,5399,6,19,1,-1.3750000000000004,-12.13,-1.1566666666666665,-4.405,2.1866666666666745,0.788333333333334,-0.5,-8.5,0.021666666666666667,-13.533333333333331,0.003333333333333327
202602211801,4053,1,18,3,1.79,18.95666666666667,1.7016666666666667,9.248333333333335,-4.514999999999997,5.588333333333331,1.1666666666666667,7.5,-0.023333333333333345,47.58333333333333,-0.015000000000000013
202602211801,3584,2,18,2,0.8000000000000007,6.106666666666669,1.4016666666666668,16.358333333333338,8.255000000000003,-1.7216666666666711,0.16666666666666674,3.5,-0.003333333333333327,7.183333333333334,0.014999999999999986
202602211801,5138,3,18,1,-0.49999999999999956,-9.113333333333333,-1.248333333333333,-18.021666666666665,-7.264999999999997,4.198333333333331,-0.8333333333333333,-3.5,0.006666666666666654,-21.916666666666668,-0.015000000000000013
202602211801,4154,4,18,2,0.7000000000000002,4.526666666666667,1.3216666666666668,16.458333333333332,0.8950000000000031,-5.091666666666669,0.16666666666666674,5.5,-0.003333333333333327,5.783333333333331,-0.015000000000000013
202602211801,3617,5,18,2,-0.3899999999999997,1.1166666666666671,-0.648333333333333,-6.021666666666665,3.935000000000006,-5.901666666666671,0.16666666666666674,-2.5,0.006666666666666654,-16.71666666666667,0.004999999999999977
202602211801,5342,6,18,1,-2.3999999999999995,-21.593333333333334,-2.5283333333333333,-18.021666666666665,-1.3049999999999962,2.9283333333333275,-0.8333333333333333,-10.5,0.016666666666666663,-21.916666666666668,0.024999999999999994
202602211802,5112,1,18,4,0.6316666666666659,8.605000000000004,2.3600000000000003,27.175,8.585,-9.183333333333334,0.8333333333333335,2.1666666666666643,-0.010000000000000009,32.88333333333333,-0.05166666666666665
202602211802,4790,2,18,3,-0.14833333333333432,0.9950000000000045,0.9799999999999995,7.215,7.575000000000003,-1.5533333333333346,-0.16666666666666652,-1.8333333333333357,0.009999999999999981,4.883333333333333,0.01833333333333334
202602211802,4278,3,18,4,0.6216666666666661,4.405000000000001,0.4900000000000002,0.6949999999999967,-4.674999999999997,-0.23333333333333428,0.8333333333333335,4.166666666666664,-0.030000000000000027,16.983333333333334,-0.04166666666666666
202602211802,4293,4,18,3,-1.2583333333333346,-10.574999999999996,-4.83,-30.885,-11.575,-4.183333333333334,-0.16666666666666652,-1.8333333333333357,-2.7755575615628914e-17,-14.116666666666667,-0.0016666666666666496
202602211802,4529,5,18,2,0.17166666666666597,-2.0049999999999955,0.6699999999999999,0.36499999999999844,-1.9649999999999963,9.276666666666667,-1.1666666666666665,-2.8333333333333357,-2.7755575615628914e-17,-11.316666666666666,0.01833333333333334
202602211802,4991,6,18,3,-0.018333333333334423,-1.4249999999999972,0.33000000000000007,-4.565000000000001,2.0549999999999997,5.876666666666669,-0.16666666666666652,0.1666666666666643,0.02999999999999997,-29.316666666666666,0.05833333333333335
202602211803,3629,1,18,3,0.8083333333333336,8.111666666666665,-0.0033333333333329662,3.240000000000002,-0.606666666666662,-3.3816666666666677,0.0,1.1666666666666643,-0.013333333333333336,33.95,-0.01999999999999999
202602211803,4889,2,18,2,-0.831666666666667,-5.568333333333335,-0.38333333333333286,-3.0999999999999943,-2.936666666666664,2.4883333333333333,-1.0,-4.833333333333336,-0.003333333333333355,-28.45,0.01999999999999999
202602211803,4791,3,18,3,-0.22166666666666668,0.711666666666666,-0.11333333333333329,-7.869999999999997,2.0933333333333337,2.908333333333335,0.0,1.1666666666666643,0.016666666666666663,32.650000000000006,0.010000000000000009
202602211803,4033,4,18,4,0.628333333333333,7.031666666666666,0.42666666666666675,8.800000000000004,3.0533333333333346,0.5883333333333347,1.0,2.1666666666666643,-0.023333333333333345,6.25,-0.03
202602211803,3581,5,18,2,-1.5516666666666667,-19.918333333333337,-0.583333333333333,-10.869999999999997,4.873333333333335,-2.3516666666666666,-1.0,-3.8333333333333357,0.03666666666666665,-25.65,0.03
202602211803,4985,6,18,4,1.168333333333333,9.63166666666666,0.6566666666666672,9.800000000000004,-6.476666666666667,-0.25166666666666515,1.0,4.166666666666664,-0.013333333333333336,-18.75,-0.010000000000000009
202602211804,4910,1,18,4,2.7749999999999995,33.721666666666664,1.9883333333333337,20.273333333333333,13.329999999999998,0.35166666666666657,1.6666666666666665,10.666666666666664,-0.030000000000000027,59.81666666666666,-0.024999999999999994
202602211804,4142,2,18,3,1.1449999999999996,7.151666666666667,1.7083333333333335,15.25333333333333,0.6399999999999935,-3.6283333333333374,0.6666666666666665,5.666666666666664,-0.010000000000000009,12.016666666666666,0.014999999999999986
202602211804,3459,3,18,2,-0.8050000000000006,-15.03833333333333,0.5783333333333336,1.4733333333333292,-0.990000000000002,-11.278333333333336,-0.3333333333333335,-2.3333333333333357,-0.010000000000000009,-11.383333333333333,0.0050000000000000044
202602211804,4992,4,18,2,-0.28500000000000014,-0.428333333333331,0.15833333333333366,5.213333333333331,7.3799999999999955,3.0416666666666643,-0.3333333333333335,-1.3333333333333357,-0.020000000000000018,-4.483333333333334,-0.024999999999999994
202602211804,5415,5,18,1,-2.9750000000000005,-24.89833333333333,-3.8416666666666663,-21.10666666666667,-9.630000000000006,12.361666666666665,-1.3333333333333335,-14.333333333333336,0.06999999999999998,-27.983333333333334,-0.024999999999999994
202602211804,3605,6,18,2,0.14499999999999957,-0.5083333333333293,-0.5916666666666663,-21.10666666666667,-10.730000000000004,-0.8483333333333363,-0.3333333333333335,1.6666666666666643,-2.7755575615628914e-17,-27.983333333333334,0.05499999999999999
202602211805,3965,1,18,3,1.126666666666667,13.934999999999995,0.6333333333333329,11.369999999999997,-0.3149999999999977,13.065000000000005,0.5,2.8333333333333357,0.008333333333333304,34.416666666666664,-0.023333333333333345
202602211805,4288,2,18,4,1.6466666666666665,18.934999999999995,1.753333333333333,15.919999999999995,8.065000000000005,0.7050000000000054,1.5,5.833333333333336,-0.031666666666666704,28.31666666666667,-0.033333333333333354
202602211805,3685,3,18,2,0.43666666666666654,5.394999999999996,0.8733333333333331,13.839999999999996,0.24500000000000455,-3.394999999999996,-0.5,1.8333333333333357,-0.0016666666666667052,10.31666666666667,-0.003333333333333355
202602211805,5342,4,18,1,-3.3633333333333333,-34.595000000000006,-3.956666666666667,-34.080000000000005,-10.834999999999997,-0.054999999999999716,-1.5,-14.166666666666664,0.028333333333333294,-33.68333333333333,0.016666666666666635
202602211805,3256,5,18,3,0.6866666666666665,6.204999999999998,0.9733333333333327,15.919999999999995,5.945,-5.614999999999995,0.5,3.8333333333333357,-0.021666666666666695,-5.68333333333333,-0.003333333333333355
202602211805,4785,6,18,2,-0.5333333333333332,-9.875000000000004,-0.2766666666666673,-22.970000000000006,-3.104999999999997,-4.704999999999998,-0.5,-0.1666666666666643,0.018333333333333285,-33.68333333333333,0.046666666666666634
202602211806,4525,1,18,2,-1.078333333333334,-12.184999999999999,0.086666666666666,7.81666666666667,-1.2016666666666644,-1.6649999999999991,-0.6666666666666665,-3.0,0.0016666666666666496,43.199999999999996,-0.021666666666666695
202602211806,4053,2,18,3,0.211666666666666,3.095000000000006,0.086666666666666,-4.91333333333333,-8.121666666666666,2.5050000000000026,0.3333333333333335,1.0,0.0016666666666666496,24.5,-0.0016666666666666774
202602211806,4529,3,18,2,0.43166666666666664,2.075000000000003,0.03666666666666618,-0.93333333333333,1.5583333333333371,2.075000000000003,-0.6666666666666665,-1.0,0.0016666666666666496,-5.300000000000004,-0.03166666666666669
202602211806,3233,4,18,2,-1.1783333333333337,-18.275,-1.6333333333333337,-18.85333333333333,-1.1316666666666642,2.2850000000000037,-0.6666666666666665,-2.0,0.021666666666666667,-18.6,0.008333333333333304
202602211806,4446,5,18,4,1.3516666666666666,18.425000000000004,1.3866666666666658,24.06666666666667,3.8583333333333343,-8.004999999999999,1.3333333333333335,5.0,-0.01833333333333334,-20.5,0.008333333333333304
202602211806,5054,6,18,3,0.2616666666666667,6.865000000000002,0.03666666666666618,-7.18333333333333,5.038333333333334,2.8049999999999997,0.3333333333333335,0.0,-0.008333333333333331,-23.3,0.0383333333333333
202602211807,4273,1,18,2,-0.753333333333333,-7.526666666666664,0.006666666666666821,-3.0533333333333346,3.115000000000002,-3.8283333333333367,-0.6666666666666665,-3.8333333333333357,0.016666666666666635,28.583333333333332,0.0016666666666666774
202602211807,4911,2,18,2,-0.07333333333333325,-5.026666666666664,-2.2633333333333336,-14.303333333333335,-2.294999999999998,0.601666666666663,-0.6666666666666665,-3.8333333333333357,-0.023333333333333345,-7.216666666666669,-0.008333333333333331
202602211807,5140,3,18,2,-1.043333333333333,-8.476666666666663,-0.4633333333333338,-3.4233333333333356,-5.224999999999998,1.5416666666666607,-0.6666666666666665,-4.833333333333336,0.026666666666666644,-6.916666666666668,0.021666666666666667
202602211807,3550,4,18,3,-0.11333333333333329,2.953333333333333,0.11666666666666625,6.476666666666667,-4.914999999999996,7.451666666666664,0.3333333333333335,-0.8333333333333357,-0.003333333333333355,0.9833333333333307,0.0016666666666666774
202602211807,4831,5,18,4,1.4466666666666672,6.603333333333339,2.1866666666666665,9.256666666666668,-0.2849999999999966,-3.858333333333338,1.3333333333333335,13.166666666666664,-0.013333333333333364,-4.516666666666669,-0.03833333333333333
202602211807,4790,6,18,3,0.5366666666666671,11.473333333333336,0.4166666666666661,5.046666666666667,9.605000000000004,-1.9083333333333385,0.3333333333333335,0.1666666666666643,-0.003333333333333355,-10.916666666666668,0.021666666666666667
202602211808,4281,1,18,2,-0.06333333333333258,-3.7333333333333343,1.5266666666666668,13.235,4.134999999999998,-6.261666666666667,-0.5,1.1666666666666643,-0.03666666666666665,44.266666666666666,-0.04166666666666671
202602211808,4808,2,18,4,1.126666666666667,9.996666666666666,-3.6733333333333333,-23.435000000000002,0.40499999999999403,1.4683333333333337,1.5,6.166666666666664,-0.016666666666666663,30.766666666666666,-0.021666666666666723
202602211808,3584,3,18,2,0.1466666666666674,-0.6533333333333324,1.5766666666666667,10.945,1.8049999999999926,-3.0616666666666674,-0.5,0.1666666666666643,-0.006666666666666654,-15.733333333333334,-0.011666666666666714
202602211808,4991,4,18,3,1.166666666666667,11.756666666666664,1.4866666666666668,2.884999999999998,2.7349999999999923,0.41833333333333655,0.5,5.166666666666664,0.003333333333333327,-13.133333333333333,0.008333333333333276
202602211808,4015,5,18,3,1.206666666666667,12.456666666666667,2.7566666666666664,19.805,-0.11500000000000199,-7.241666666666667,0.5,4.166666666666664,-0.016666666666666663,-15.433333333333334,-0.011666666666666714
202602211808,5415,6,18,1,-3.583333333333333,-29.823333333333334,-3.6733333333333333,-23.435000000000002,-8.965000000000007,14.678333333333335,-1.5,-16.833333333333336,0.07333333333333333,-30.733333333333334,0.07833333333333328
202602211809,3256,1,18,3,1.1783333333333337,11.053333333333335,2.3000000000000007,24.21666666666667,10.429999999999993,-2.384999999999998,0.5,3.6666666666666643,-0.01833333333333334,49.43333333333334,-0.021666666666666695
202602211809,4992,2,18,2,-0.711666666666666,-6.74666666666667,0.05000000000000071,0.5366666666666688,9.449999999999996,6.945,-0.5,-4.333333333333336,0.0016666666666666496,-7.866666666666664,0.008333333333333304
202602211809,3617,3,18,2,-0.8616666666666664,-7.036666666666669,-0.7499999999999991,-13.783333333333331,-1.110000000000003,-5.655000000000001,-0.5,-6.333333333333336,0.02166666666666664,-0.5666666666666629,0.008333333333333304
202602211809,5180,4,18,1,-1.6916666666666664,-14.99666666666667,-0.02999999999999936,-10.40333333333333,-4.560000000000006,10.695,-1.5,-3.3333333333333357,0.02166666666666664,-30.566666666666663,0.018333333333333313
202602211809,4985,5,18,4,1.9783333333333335,16.51333333333333,2.380000000000001,25.21666666666667,-4.720000000000006,-1.5449999999999982,1.5,7.666666666666664,-0.01833333333333334,0.9333333333333371,-0.011666666666666686
202602211809,4293,6,18,3,0.10833333333333339,1.2133333333333312,-3.9499999999999993,-25.78333333333333,-9.490000000000006,-8.055,0.5,2.6666666666666643,-0.00833333333333336,-11.366666666666664,-0.0016666666666667052
202602211810,4154,1,18,2,-0.8416666666666677,-14.151666666666667,-0.26833333333333353,-3.635000000000005,-6.591666666666669,-2.523333333333337,-0.8333333333333335,-2.1666666666666643,0.013333333333333336,33.18333333333334,-0.023333333333333317
202602211810,3685,2,18,2,-0.1416666666666675,-0.2816666666666663,0.7116666666666669,9.805,2.288333333333334,2.1566666666666627,-0.8333333333333335,-2.1666666666666643,0.003333333333333327,-0.7166666666666686,0.016666666666666663
202602211810,4422,3,18,2,-0.7316666666666674,-5.181666666666665,-0.8383333333333338,1.884999999999998,-5.031666666666666,-8.363333333333337,-0.8333333333333335,-5.166666666666664,0.013333333333333336,-14.416666666666668,0.016666666666666663
202602211810,4278,4,18,4,0.918333333333333,5.6683333333333294,-0.11833333333333318,-6.535000000000004,-5.031666666666666,-1.7833333333333385,1.1666666666666665,4.833333333333336,-0.03666666666666668,4.68333333333333,-0.033333333333333326
202602211810,4910,5,18,4,1.2783333333333324,16.87833333333333,0.3916666666666666,3.2650000000000006,12.958333333333336,6.576666666666664,1.1666666666666665,3.8333333333333357,-0.006666666666666682,-5.516666666666666,-0.033333333333333326
202602211810,4791,6,18,3,-0.48166666666666735,-2.931666666666665,0.12166666666666615,-4.785000000000004,1.4083333333333314,3.936666666666664,0.16666666666666652,0.8333333333333357,0.013333333333333336,-17.21666666666667,0.05666666666666667
202602211811,3233,1,18,2,-0.5433333333333339,-10.958333333333332,-1.291666666666667,-18.10333333333334,-4.126666666666662,5.836666666666666,-0.8333333333333335,-0.8333333333333357,0.013333333333333336,24.733333333333334,0.01999999999999999
202602211811,5317,2,18,2,-0.4833333333333334,-8.07833333333333,-1.2816666666666672,-18.273333333333337,-3.226666666666663,-6.513333333333335,-0.8333333333333335,-0.8333333333333357,0.023333333333333317,-0.6666666666666643,0.01999999999999999
202602211811,4033,3,18,4,0.9666666666666659,13.521666666666672,0.9783333333333326,18.566666666666663,3.2533333333333374,-0.4833333333333343,1.1666666666666665,4.166666666666664,-0.026666666666666672,9.733333333333334,-0.04000000000000001
202602211811,4288,4,18,4,1.666666666666666,23.39166666666667,1.9083333333333332,18.566666666666663,10.99333333333334,4.156666666666666,1.1666666666666665,4.166666666666664,-0.026666666666666672,11.233333333333334,-0.03
202602211811,3550,5,18,3,0.09666666666666579,3.871666666666666,0.38833333333333275,8.096666666666664,-6.416666666666661,4.156666666666666,0.16666666666666652,0.1666666666666643,0.003333333333333327,-8.666666666666668,0.0
202602211811,3459,6,18,2,-1.703333333333334,-21.74833333333333,-0.7016666666666671,-8.853333333333339,-0.47666666666665947,-7.153333333333336,-0.8333333333333335,-6.833333333333336,0.013333333333333336,-36.36666666666667,0.03
202602211812,4446,1,18,4,1.076666666666668,15.126666666666665,0.5816666666666661,12.63166666666666,0.8900000000000006,-4.684999999999999,0.8333333333333335,2.5,-0.025000000000000022,44.78333333333334,-0.038333333333333344
202602211812,3965,2,18,3,0.23666666666666814,7.776666666666664,-0.3583333333333334,1.8316666666666634,2.6400000000000006,16.285000000000004,-0.16666666666666652,-2.5,0.014999999999999986,5.683333333333337,0.04166666666666666
202602211812,4831,3,18,4,0.7466666666666679,-3.0933333333333337,1.3116666666666665,-1.3083333333333371,-1.759999999999998,-7.384999999999998,0.8333333333333335,10.5,-0.005000000000000032,19.083333333333336,0.0016666666666666496
202602211812,4015,4,18,3,0.006666666666667709,0.05666666666666487,0.16166666666666618,-0.3783333333333374,-0.23999999999999488,-5.664999999999999,-0.16666666666666652,-1.5,0.004999999999999977,2.7833333333333385,-0.02833333333333335
202602211812,4142,5,18,3,-0.6633333333333322,-10.17333333333334,-0.7183333333333337,-7.25833333333334,1.1799999999999997,0.26500000000000057,-0.16666666666666652,-2.5,0.014999999999999986,-31.416666666666664,0.021666666666666667
202602211812,4889,6,18,2,-1.4033333333333324,-9.693333333333335,-0.9783333333333335,-5.518333333333338,-2.7099999999999973,1.1850000000000023,-1.1666666666666665,-6.5,-0.005000000000000032,-40.916666666666664,0.0016666666666666496
202602211701,4850,1,17,4,1.7316666666666656,18.988333333333333,0.9083333333333332,6.266666666666669,-8.620000000000001,2.883333333333333,1.6666666666666665,6.166666666666664,-0.05666666666666667,58.083333333333336,-0.043333333333333335
202602211701,3212,2,17,2,-0.13833333333333453,-3.631666666666664,0.24833333333333307,3.326666666666668,-10.100000000000001,-5.106666666666666,-0.3333333333333335,0.1666666666666643,-0.006666666666666654,-15.316666666666666,-0.003333333333333355
202602211701,4558,3,17,2,-1.2883333333333344,-9.901666666666664,-0.4016666666666664,-6.173333333333332,-1.3299999999999983,-0.28666666666666885,-0.3333333333333335,-6.833333333333336,0.053333333333333344,-14.416666666666668,0.03666666666666665
202602211701,4220,4,17,2,0.0916666666666659,2.1783333333333346,0.6383333333333336,9.296666666666667,2.2399999999999984,7.00333333333333,-0.3333333333333335,0.1666666666666643,-0.006666666666666654,0.38333333333333286,-0.023333333333333345
202602211701,4603,5,17,2,0.18166666666666575,0.9783333333333353,-0.3416666666666668,-0.22333333333333272,5.370000000000001,5.7933333333333366,-0.3333333333333335,2.1666666666666643,-0.006666666666666654,-9.116666666666667,-0.013333333333333336
202602211701,5031,6,17,2,-0.578333333333334,-8.611666666666665,-1.0516666666666667,-12.493333333333332,12.440000000000001,-10.286666666666665,-0.3333333333333335,-1.8333333333333357,0.023333333333333345,-19.616666666666667,0.04666666666666666
202602211702,4411,1,17,3,-0.11833333333333407,-0.12499999999999645,-0.7633333333333336,-13.833333333333336,6.851666666666674,0.16499999999999915,0.3333333333333335,0.1666666666666643,0.0016666666666666496,56.68333333333334,-0.01833333333333334
202602211702,4016,2,17,2,-0.538333333333334,-8.194999999999997,0.9666666666666659,18.89666666666666,-11.938333333333325,5.714999999999996,-0.6666666666666665,-3.8333333333333357,-0.00833333333333336,-14.116666666666667,0.011666666666666659
202602211702,3411,3,17,2,-1.4283333333333337,-17.514999999999997,-1.4633333333333338,-20.203333333333337,7.451666666666675,0.4749999999999943,-0.6666666666666665,-4.833333333333336,0.02166666666666664,-23.416666666666668,0.011666666666666659
202602211702,4049,4,17,3,0.7616666666666658,2.945000000000004,0.3866666666666658,3.2266666666666666,5.491666666666674,-9.135000000000005,0.3333333333333335,3.1666666666666643,0.011666666666666659,1.5833333333333286,0.02166666666666664
202602211702,4336,5,17,2,-0.1583333333333341,0.30500000000000327,-0.3933333333333344,-5.223333333333336,-5.048333333333325,5.414999999999999,-0.6666666666666665,0.1666666666666643,-0.00833333333333336,-25.31666666666667,-0.00833333333333336
202602211702,4535,6,17,4,1.4816666666666665,22.585000000000004,1.2666666666666657,17.136666666666663,-2.8083333333333265,-2.635000000000005,1.3333333333333335,5.166666666666664,-0.01833333333333334,4.583333333333329,-0.01833333333333334
202602211703,4358,1,17,2,-0.8133333333333335,-8.470000000000002,0.6816666666666671,2.7366666666666646,9.100000000000001,2.66,-0.5,-3.0,0.035,22.000000000000007,0.0016666666666666774
202602211703,4822,2,17,3,0.9166666666666661,11.969999999999999,2.601666666666667,4.656666666666666,-7.569999999999997,-5.349999999999998,0.5,3.0,0.0050000000000000044,22.300000000000004,0.0016666666666666774
202602211703,4184,3,17,4,1.9866666666666664,24.18,0.9716666666666671,10.516666666666666,18.590000000000003,10.030000000000005,1.5,4.0,-0.0050000000000000044,15.800000000000004,0.011666666666666686
202602211703,3889,4,17,2,-1.0233333333333334,-12.890000000000004,-3.4283333333333332,-19.483333333333334,-7.569999999999997,-3.5799999999999983,-0.5,-1.0,-0.015000000000000013,-17.599999999999994,0.031666666666666676
202602211703,4674,5,17,3,0.336666666666666,1.1999999999999957,2.601666666666667,21.056666666666665,-2.019999999999996,-7.039999999999996,0.5,2.0,-0.015000000000000013,-8.299999999999997,-0.018333333333333313
202602211703,3246,6,17,1,-1.4033333333333338,-15.990000000000002,-3.4283333333333332,-19.483333333333334,-10.529999999999994,3.2800000000000047,-1.5,-5.0,-0.0050000000000000044,-34.199999999999996,-0.02833333333333332
202602211704,5235,1,17,1,-2.2600000000000002,-25.125,-3.668333333333333,-33.30833333333333,-1.9116666666666653,14.161666666666665,-1.6666666666666665,-11.666666666666664,0.008333333333333331,-6.416666666666664,-0.006666666666666682
202602211704,4375,2,17,3,0.34999999999999964,4.174999999999997,0.2516666666666669,0.021666666666668277,7.188333333333333,-2.7583333333333364,0.3333333333333335,1.3333333333333357,-0.0016666666666666496,-4.7166666666666615,0.003333333333333327
202602211704,3564,3,17,2,-0.6900000000000004,-7.725000000000001,0.3416666666666668,4.19166666666667,9.028333333333336,-6.648333333333337,-0.6666666666666665,-1.6666666666666643,0.008333333333333331,-6.416666666666664,0.013333333333333336
202602211704,3024,4,17,4,1.7999999999999998,26.085,1.541666666666667,20.41166666666667,-5.431666666666668,-1.888333333333339,1.3333333333333335,6.333333333333336,-0.021666666666666667,60.28333333333334,-0.026666666666666672
202602211704,4006,5,17,2,-0.20000000000000018,-3.875,0.37166666666666703,3.5316666666666734,-1.0416666666666643,-3.3383333333333383,-0.6666666666666665,1.3333333333333357,-0.0016666666666666496,-24.71666666666666,0.003333333333333327
202602211704,3966,6,17,4,1.0,6.465000000000003,1.161666666666667,5.151666666666671,-7.831666666666667,0.47166666666666046,1.3333333333333335,4.333333333333336,0.008333333333333331,-18.016666666666662,0.013333333333333336
202602211705,4406,1,17,2,-1.498333333333333,-9.788333333333334,-0.4783333333333326,-3.77333333333333,2.9183333333333294,-0.31833333333333513,-0.6666666666666665,-6.333333333333336,-0.0016666666666666774,51.65,-0.021666666666666667
202602211705,4396,2,17,3,-0.25833333333333286,-4.078333333333333,-0.6783333333333328,-9.66333333333333,-7.801666666666669,3.74166666666666,0.3333333333333335,-1.3333333333333357,0.02833333333333332,4.550000000000004,0.02833333333333332
202602211705,4593,3,17,3,0.5116666666666667,2.671666666666667,0.7016666666666671,8.886666666666667,16.548333333333332,-9.288333333333338,0.3333333333333335,-1.3333333333333357,-0.0016666666666666774,8.150000000000006,-0.031666666666666676
202602211705,3081,4,17,2,-0.8383333333333329,-9.058333333333334,0.7416666666666671,8.886666666666667,4.80833333333333,10.191666666666663,-0.6666666666666665,-3.3333333333333357,0.008333333333333331,-23.949999999999996,0.03833333333333333
202602211705,4883,5,17,2,0.5216666666666665,11.851666666666667,-2.258333333333333,-27.84333333333333,-3.721666666666671,-0.3083333333333371,-0.6666666666666665,-3.3333333333333357,0.008333333333333331,-11.949999999999996,-0.0016666666666666774
202602211705,4166,6,17,4,1.5616666666666665,8.401666666666664,1.9716666666666676,23.50666666666667,-12.751666666666672,-4.018333333333338,1.3333333333333335,15.666666666666664,-0.041666666666666685,-28.449999999999996,-0.011666666666666659
202602211706,4168,1,17,4,1.0766666666666662,15.126666666666665,0.7199999999999998,8.149999999999999,-2.3399999999999963,-6.421666666666667,1.3333333333333335,9.666666666666664,-0.03666666666666665,55.949999999999996,-0.043333333333333335
202602211706,4315,2,17,2,-0.7633333333333336,-7.163333333333334,-0.6100000000000003,-6.18,3.980000000000004,-7.341666666666669,-0.6666666666666665,-5.333333333333336,0.023333333333333345,-1.6500000000000021,0.026666666666666672
202602211706,4220,3,17,2,-0.4033333333333333,-3.503333333333334,-0.29000000000000004,-0.6300000000000026,-0.8299999999999983,10.458333333333329,-0.6666666666666665,-3.3333333333333357,0.003333333333333355,14.149999999999999,0.006666666666666654
202602211706,3655,4,17,3,0.17666666666666675,1.096666666666664,0.7999999999999998,10.869999999999997,1.8000000000000043,1.9783333333333317,0.3333333333333335,-1.3333333333333357,0.003333333333333355,-20.85,-0.013333333333333336
202602211706,3961,5,17,3,1.0766666666666662,9.646666666666668,0.4899999999999993,1.75,1.3200000000000003,2.028333333333329,0.3333333333333335,2.6666666666666643,-0.006666666666666654,-14.75,-0.013333333333333336
202602211706,4615,6,17,2,-1.163333333333333,-15.203333333333333,-1.1100000000000003,-13.96,-3.929999999999996,-0.701666666666668,-0.6666666666666665,-2.3333333333333357,0.013333333333333336,-32.85,0.03666666666666665
202602211707,4666,1,17,1,-1.0350000000000006,-13.543333333333333,-0.8216666666666663,-7.051666666666669,-4.013333333333332,-3.248333333333335,-1.5,-5.333333333333336,-0.016666666666666663,37.71666666666667,-0.03
202602211707,3350,2,17,3,0.544999999999999,6.196666666666669,-0.7316666666666656,-6.291666666666668,-13.283333333333331,2.0116666666666667,0.5,3.6666666666666643,-0.026666666666666672,17.716666666666672,-0.03
202602211707,4049,3,17,3,1.294999999999999,9.776666666666667,0.9583333333333339,12.298333333333336,6.926666666666669,-5.1683333333333366,0.5,5.666666666666664,-0.006666666666666654,-16.38333333333333,-0.020000000000000018
202602211707,5028,4,17,4,1.3549999999999995,18.986666666666668,1.5583333333333345,23.548333333333336,13.846666666666671,-4.718333333333334,1.5,5.666666666666664,-0.016666666666666663,11.11666666666667,-0.010000000000000009
202602211707,4081,5,17,2,-0.9650000000000007,-13.633333333333333,0.018333333333334423,-9.071666666666669,0.046666666666666856,3.181666666666665,-0.5,-3.3333333333333357,0.013333333333333336,-21.28333333333333,-0.03
202602211707,4558,6,17,2,-1.1950000000000007,-7.783333333333331,-0.9816666666666656,-13.431666666666668,-3.52333333333333,7.941666666666663,-0.5,-6.333333333333336,0.053333333333333344,-28.88333333333333,0.11999999999999997
202602211708,3212,1,17,2,0.6066666666666665,1.0966666666666711,1.518333333333333,8.491666666666664,-7.22666666666667,-5.771666666666672,0.16666666666666674,2.5,0.003333333333333355,17.916666666666668,-0.006666666666666654
202602211708,3568,2,17,2,0.24666666666666703,7.506666666666671,0.6083333333333334,6.131666666666664,-5.22666666666667,8.59833333333333,0.16666666666666674,3.5,0.003333333333333355,10.316666666666674,0.003333333333333355
202602211708,4336,3,17,2,1.0266666666666664,9.74666666666667,2.028333333333333,16.271666666666665,1.4533333333333331,0.48833333333332973,0.16666666666666674,4.5,-0.016666666666666663,-1.8833333333333293,-0.026666666666666644
202602211708,3277,4,17,2,0.4466666666666663,4.436666666666671,1.3283333333333336,6.841666666666665,2.553333333333331,-2.7616666666666703,0.16666666666666674,1.5,0.003333333333333355,1.7166666666666721,0.003333333333333355
202602211708,3889,5,17,2,0.11666666666666714,-2.59333333333333,-3.2416666666666667,-18.868333333333336,-0.8366666666666696,-11.331666666666674,0.16666666666666674,2.5,-0.016666666666666663,-3.18333333333333,0.003333333333333355
202602211708,5363,6,17,1,-2.4433333333333334,-20.193333333333328,-2.2416666666666667,-18.868333333333336,9.283333333333331,10.778333333333329,-0.8333333333333333,-14.5,0.023333333333333345,-24.88333333333333,0.023333333333333345
202602211709,4603,1,17,2,-0.17499999999999982,-2.1900000000000013,-0.19333333333333336,-3.9200000000000017,2.2333333333333343,7.570000000000007,-0.6666666666666665,-0.1666666666666643,0.006666666666666654,50.966666666666676,-0.013333333333333364
202602211709,3966,2,17,4,1.2750000000000004,13.830000000000002,1.7666666666666666,10.73,-8.386666666666667,-4.799999999999997,1.3333333333333335,2.8333333333333357,0.016666666666666635,11.56666666666667,0.006666666666666654
202602211709,4789,3,17,3,0.28500000000000014,8.760000000000002,-0.09333333333333371,-5.0,5.163333333333334,3.3400000000000034,0.3333333333333335,-0.1666666666666643,0.006666666666666654,3.6666666666666714,0.016666666666666635
202602211709,3246,4,17,1,-1.3649999999999998,-13.59,-4.363333333333333,-27.73,-9.806666666666665,-2.029999999999994,-1.6666666666666665,-6.166666666666664,-0.003333333333333355,-19.73333333333333,-0.003333333333333355
202602211709,3411,5,17,2,-1.3449999999999998,-15.970000000000002,-0.1633333333333331,-7.57,7.943333333333335,-2.009999999999998,-0.6666666666666665,-5.166666666666664,0.016666666666666635,-38.43333333333333,0.03666666666666665
202602211709,4762,6,17,4,1.3250000000000002,9.16,3.046666666666667,33.489999999999995,2.8533333333333317,-2.069999999999993,1.3333333333333335,8.833333333333336,-0.04333333333333336,-8.033333333333331,-0.04333333333333336
202602211710,4000,1,17,3,0.8016666666666667,6.731666666666666,1.3083333333333327,16.868333333333332,0.30833333333333357,3.0316666666666663,0.8333333333333335,4.166666666666664,-0.003333333333333327,56.483333333333334,-0.018333333333333313
202602211710,4883,2,17,2,1.0316666666666663,17.121666666666666,-1.6416666666666675,-22.361666666666665,-0.15166666666666728,0.011666666666670267,-0.16666666666666652,2.1666666666666643,-0.003333333333333327,9.483333333333338,0.021666666666666695
202602211710,5235,3,17,1,-1.8383333333333334,-18.268333333333334,-2.9716666666666676,-22.361666666666665,0.3583333333333343,9.891666666666673,-1.1666666666666665,-9.833333333333336,0.006666666666666654,-15.116666666666665,-0.008333333333333304
202602211710,5031,4,17,2,-0.7883333333333331,-12.288333333333334,-0.8116666666666674,-10.821666666666665,12.128333333333334,-7.508333333333329,-0.16666666666666652,-0.8333333333333357,0.026666666666666672,-12.016666666666666,0.0016666666666666774
202602211710,4822,5,17,3,1.1016666666666666,13.861666666666668,1.7583333333333329,1.778333333333336,-4.021666666666668,-9.658333333333331,0.8333333333333335,5.166666666666664,-0.003333333333333327,-12.616666666666665,0.011666666666666686
202602211710,4016,6,17,2,-0.30833333333333357,-7.158333333333335,2.3583333333333325,36.89833333333333,-8.621666666666666,4.231666666666669,-0.16666666666666652,-0.8333333333333357,-0.023333333333333345,-26.216666666666665,-0.008333333333333304
202602211711,4674,1,17,3,-0.47666666666666746,-8.671666666666667,0.49166666666666625,5.310000000000002,2.2300000000000004,-8.64833333333333,-0.5,-2.6666666666666643,-2.7755575615628914e-17,17.633333333333333,0.008333333333333331
202602211711,3024,2,17,4,1.2233333333333327,21.178333333333335,0.9716666666666658,18.490000000000002,-2.460000000000001,-3.458333333333332,0.5,1.3333333333333357,-2.7755575615628914e-17,8.733333333333334,-0.0016666666666666774
202602211711,4850,3,17,4,0.5233333333333325,3.548333333333332,-0.11833333333333407,-4.929999999999996,-8.23,8.361666666666668,0.5,0.3333333333333357,-0.030000000000000027,11.133333333333333,-0.041666666666666685
202602211711,4168,4,17,4,0.3633333333333324,5.368333333333332,0.6216666666666661,6.880000000000003,1.120000000000001,-4.39833333333333,0.5,7.333333333333336,-0.020000000000000018,11.133333333333333,-0.021666666666666667
202602211711,4411,5,17,3,-0.8866666666666676,-10.851666666666667,-0.6383333333333336,-8.699999999999996,10.870000000000001,1.3816666666666713,-0.5,-3.6666666666666643,0.009999999999999981,-22.266666666666666,-0.031666666666666676
202602211711,4396,6,17,3,-0.746666666666667,-10.571666666666665,-1.328333333333334,-17.049999999999997,-3.5299999999999976,6.761666666666667,-0.5,-2.6666666666666643,0.03999999999999998,-26.366666666666667,0.08833333333333332
202602211712,5028,1,17,4,-0.29666666666666774,-2.393333333333331,0.8633333333333342,13.488333333333337,3.7233333333333363,-6.300000000000001,0.5,0.3333333333333357,0.0016666666666666496,47.21666666666666,-0.023333333333333345
202602211712,3961,2,17,3,0.013333333333331865,-3.93333333333333,0.14333333333333353,-5.641666666666666,-7.926666666666669,5.219999999999995,-0.5,1.3333333333333357,0.0016666666666666496,-5.483333333333334,-0.003333333333333355
202602211712,4535,3,17,4,0.3633333333333324,8.036666666666669,1.1433333333333335,16.148333333333333,-11.496666666666666,-0.25000000000000355,0.5,2.3333333333333357,-0.01833333333333334,29.416666666666664,-0.023333333333333345
202602211712,4593,4,17,3,-0.326666666666668,-7.643333333333331,-0.19666666666666632,-4.62166666666667,8.113333333333337,-5.100000000000001,-0.5,-1.6666666666666643,0.0016666666666666496,-18.883333333333333,0.026666666666666644
202602211712,4375,5,17,3,-0.576666666666668,-4.553333333333335,-0.5666666666666664,-8.021666666666668,-2.546666666666667,-3.16,-0.5,-2.6666666666666643,0.011666666666666659,-20.083333333333332,0.006666666666666654
202602211712,4184,6,17,4,0.8233333333333324,10.486666666666672,-1.3866666666666658,-11.351666666666667,10.133333333333333,9.59,0.5,0.3333333333333357,0.0016666666666666496,-32.18333333333334,0.016666666666666635
202602211501,4034,1,15,2,0.2766666666666673,2.938333333333336,1.0599999999999996,6.775,-2.341666666666672,2.6566666666666663,0.33333333333333326,8.833333333333336,0.0383333333333333,42.25,0.05166666666666665
202602211501,5379,2,15,1,-1.673333333333333,-16.801666666666666,-3.0700000000000003,-14.584999999999999,5.228333333333332,-6.803333333333335,-0.6666666666666667,-4.166666666666664,0.05833333333333332,-20.25,-0.09833333333333334
202602211501,3643,3,15,2,1.4066666666666672,11.058333333333334,2.3499999999999996,16.185000000000002,-0.4816666666666727,-3.1033333333333317,0.33333333333333326,11.833333333333336,0.02833333333333332,-1.25,0.07166666666666667
202602211501,4675,4,15,2,1.4066666666666672,13.098333333333336,1.08,0.7950000000000017,3.9083333333333314,-0.36333333333332973,0.33333333333333326,10.833333333333336,-0.011666666666666686,19.75,-0.008333333333333345
202602211501,5429,5,15,1,-2.633333333333333,-18.411666666666665,-3.0700000000000003,-14.584999999999999,-0.27166666666667183,9.406666666666666,-0.6666666666666667,-38.166666666666664,-0.1416666666666667,-20.25,-0.09833333333333334
202602211501,4416,6,15,2,1.2166666666666668,8.118333333333336,1.6499999999999995,5.415000000000001,-6.041666666666671,-1.793333333333333,0.33333333333333326,10.833333333333336,0.02833333333333332,-20.25,0.08166666666666665
202602211502,4258,1,15,2,-0.3000000000000007,-2.376666666666665,0.813333333333333,11.01833333333333,7.276666666666671,3.211666666666666,-0.5,-0.3333333333333357,-0.006666666666666682,47.716666666666676,-0.03166666666666666
202602211502,4139,2,15,2,-0.2600000000000007,-1.6266666666666652,0.6133333333333328,10.158333333333331,-8.57333333333333,-3.388333333333332,-0.5,-2.3333333333333357,0.013333333333333336,-8.383333333333333,0.03833333333333333
202602211502,4574,3,15,2,-0.05000000000000071,3.0133333333333354,1.4033333333333329,10.158333333333331,6.716666666666669,4.87166666666667,-0.5,-2.3333333333333357,0.013333333333333336,-4.68333333333333,-0.0016666666666666496
202602211502,4969,4,15,2,-0.05000000000000071,-2.7266666666666666,0.7433333333333327,2.888333333333332,4.866666666666667,-0.25833333333333286,-0.5,0.6666666666666643,0.003333333333333327,-10.48333333333333,0.01833333333333334
202602211502,4679,5,15,4,0.5199999999999987,5.143333333333331,-3.686666666666667,-17.111666666666668,-3.6033333333333317,3.0416666666666714,1.5,2.6666666666666643,0.003333333333333327,3.31666666666667,0.01833333333333334
202602211502,3805,6,15,3,0.1399999999999988,-1.4266666666666659,0.11333333333333284,-17.111666666666668,-6.683333333333334,-7.478333333333332,0.5,1.6666666666666643,-0.026666666666666672,-27.48333333333333,-0.04166666666666666
202602211503,4143,1,15,2,-0.7599999999999998,-9.498333333333335,-0.7750000000000004,-8.605000000000002,-10.894999999999996,5.489999999999995,-0.5,-3.0,0.0033333333333332993,35.483333333333334,0.04000000000000001
202602211503,5000,2,15,2,-0.4400000000000004,-5.348333333333333,0.8849999999999998,1.014999999999997,3.485000000000003,-3.700000000000003,-0.5,-2.0,-0.0266666666666667,-5.516666666666666,-0.03
202602211503,3710,3,15,2,-0.1900000000000004,-1.8083333333333336,0.48499999999999943,-0.45500000000000185,-4.664999999999996,-5.060000000000006,-0.5,-1.0,0.013333333333333308,-3.5166666666666657,0.0
202602211503,3303,4,15,2,0.3600000000000003,3.831666666666667,1.6049999999999995,13.154999999999998,-6.024999999999999,-2.560000000000006,-0.5,-2.0,0.04333333333333331,-4.516666666666666,0.03
202602211503,4539,5,15,4,1.1799999999999997,15.921666666666663,1.995,18.874999999999996,7.165000000000003,-3.4100000000000037,1.5,7.0,-0.01666666666666669,-4.516666666666666,-0.010000000000000009
202602211503,3848,6,15,3,-0.15000000000000036,-3.0983333333333327,-4.195,-23.985000000000003,10.935000000000006,9.239999999999995,0.5,1.0,-0.01666666666666669,-17.416666666666664,-0.03
202602211504,3647,1,15,2,-1.1116666666666672,-14.473333333333336,-1.3666666666666667,-23.405,3.3449999999999918,4.466666666666669,-0.5,-4.833333333333336,0.033333333333333326,6.333333333333332,0.04000000000000001
202602211504,4442,2,15,2,-0.4516666666666671,-5.7833333333333385,1.733333333333333,12.185000000000002,1.5249999999999915,1.7766666666666708,-0.5,-0.8333333333333357,-0.006666666666666682,-10.966666666666665,0.020000000000000018
202602211504,4705,3,15,2,-1.1416666666666675,-5.833333333333336,0.563333333333333,8.024999999999999,8.304999999999993,2.5466666666666704,-0.5,-5.833333333333336,0.003333333333333327,1.533333333333335,0.0
202602211504,5014,4,15,2,-0.12166666666666703,-3.5933333333333373,0.6433333333333331,6.004999999999999,8.794999999999995,3.516666666666673,-0.5,-0.8333333333333357,-0.026666666666666672,4.833333333333336,-0.039999999999999994
202602211504,4042,5,15,3,0.9783333333333326,9.996666666666663,2.3733333333333335,20.595,-7.565000000000005,-4.513333333333328,0.5,5.166666666666664,0.043333333333333335,-1.966666666666665,0.04000000000000001
202602211504,4236,6,15,4,1.8483333333333327,19.68666666666666,-3.9466666666666668,-23.405,-14.405000000000005,-7.7933333333333294,1.5,7.166666666666664,-0.046666666666666676,0.23333333333333428,-0.06
202602211505,4216,1,15,2,-0.4299999999999988,-1.9649999999999963,-4.151666666666666,-26.14833333333333,-1.6133333333333297,-8.788333333333327,-0.3333333333333335,-2.5,-0.03166666666666662,49.0,-0.04499999999999996
202602211505,4813,2,15,2,-1.9299999999999993,-19.355,-1.7116666666666664,-15.03833333333333,6.616666666666671,6.531666666666673,-0.3333333333333335,-6.5,0.00833333333333336,-6.800000000000001,0.02500000000000005
202602211505,5087,3,15,3,0.9900000000000011,11.674999999999997,2.6383333333333336,23.85166666666667,2.40666666666667,-2.948333333333327,0.6666666666666665,1.5,-0.02166666666666664,8.400000000000002,-0.014999999999999958
202602211505,3566,4,15,2,-0.7899999999999991,-9.044999999999998,0.5683333333333334,5.85166666666667,4.606666666666673,3.5316666666666734,-0.3333333333333335,-2.5,0.00833333333333336,-6.0,0.015000000000000041
202602211505,4677,5,15,1,0.7700000000000005,6.814999999999998,2.0583333333333336,25.13166666666667,-6.243333333333329,3.891666666666673,-1.3333333333333335,-0.5,0.028333333333333377,-17.8,0.005000000000000032
202602211505,4237,6,15,4,1.3900000000000006,11.875,0.5983333333333336,-13.64833333333333,-5.77333333333333,-2.2183333333333266,1.6666666666666665,10.5,0.00833333333333336,-26.8,0.015000000000000041
202602211506,4839,1,15,3,0.5549999999999997,9.018333333333334,2.4833333333333334,19.845,-2.285,0.9950000000000045,0.6666666666666665,6.0,-0.05000000000000002,41.46666666666667,-0.01666666666666669
202602211506,4487,2,15,2,-0.10500000000000043,-2.5216666666666647,0.19333333333333336,-14.585,-1.9350000000000023,4.134999999999998,-0.3333333333333335,3.0,0.009999999999999981,3.4666666666666686,0.04333333333333331
202602211506,5379,3,15,1,-2.3150000000000004,-25.441666666666666,-4.236666666666666,-28.875,6.615000000000002,-7.125,-1.3333333333333335,-12.0,0.03,-31.233333333333334,-0.1366666666666667
202602211506,3849,4,15,4,3.1549999999999994,35.638333333333335,2.3233333333333333,24.225,16.134999999999998,5.024999999999999,1.6666666666666665,9.0,-0.05000000000000002,28.766666666666666,-0.04666666666666669
202602211506,4568,5,15,3,0.7850000000000001,7.128333333333334,3.4733333333333336,28.265,-10.655000000000001,1.2550000000000026,0.6666666666666665,6.0,-0.010000000000000009,-11.233333333333334,0.053333333333333316
202602211506,5404,6,15,1,-2.075,-23.821666666666665,-4.236666666666666,-28.875,-7.875,-4.285,-1.3333333333333335,-12.0,0.06999999999999998,-31.233333333333334,0.1033333333333333
202602211507,4969,1,15,2,-0.6566666666666672,-8.166666666666657,-0.03000000000000025,-1.163333333333334,5.108333333333331,3.835000000000001,-0.6666666666666665,-2.0,0.003333333333333327,34.833333333333336,-0.018333333333333313
202602211507,3574,2,15,3,0.5833333333333321,11.543333333333344,0.11000000000000032,5.026666666666667,12.298333333333328,-3.384999999999998,0.3333333333333335,-2.0,-0.006666666666666682,2.133333333333333,-0.02833333333333332
202602211507,4739,3,15,4,0.753333333333333,5.903333333333343,2.1799999999999997,28.486666666666665,3.918333333333333,1.6649999999999991,1.3333333333333335,9.0,-0.016666666666666663,35.13333333333333,-0.04833333333333331
202602211507,4416,4,15,2,-0.6666666666666679,-10.206666666666656,0.2599999999999998,-1.163333333333334,-6.931666666666668,0.7050000000000018,-0.6666666666666665,-3.0,0.013333333333333336,-1.56666666666667,-0.02833333333333332
202602211507,5214,5,15,2,-0.48666666666666725,-7.386666666666656,-1.6,-17.713333333333335,-6.701666666666668,1.1650000000000027,-0.6666666666666665,-2.0,0.003333333333333327,-32.666666666666664,0.031666666666666676
202602211507,3327,6,15,3,0.4733333333333327,8.31333333333334,-0.9199999999999999,-13.473333333333333,-7.69166666666667,-3.9849999999999994,0.3333333333333335,0.0,0.003333333333333327,-37.86666666666667,0.0916666666666667
202602211508,4188,1,15,4,2.17,21.050000000000004,1.5999999999999996,8.346666666666668,-5.440000000000001,3.8599999999999923,1.5,17.5,-0.0016666666666666774,57.18333333333333,-0.005000000000000032
202602211508,4583,2,15,3,0.5599999999999996,1.6700000000000017,1.37,13.506666666666664,-6.440000000000001,1.1999999999999957,0.5,8.5,0.008333333333333331,5.183333333333337,0.024999999999999967
202602211508,3303,3,15,2,0.16999999999999993,-1.029999999999994,0.9399999999999995,7.026666666666667,-1.1600000000000037,-10.740000000000006,-0.5,3.5,0.06833333333333333,-22.216666666666665,0.034999999999999976
202602211508,3944,4,15,3,1.5299999999999994,18.650000000000006,1.3099999999999996,3.216666666666665,-3.8800000000000026,3.1599999999999966,0.5,8.5,0.03833333333333333,1.0833333333333357,0.024999999999999967
202602211508,4258,5,15,2,-0.41000000000000014,-5.709999999999994,-0.3600000000000003,-1.9833333333333343,12.8,-1.0400000000000063,-0.5,5.5,0.018333333333333313,-7.316666666666663,0.044999999999999984
202602211508,5429,6,15,1,-4.0200000000000005,-34.629999999999995,-4.86,-30.113333333333333,4.119999999999997,3.559999999999995,-1.5,-43.5,-0.13166666666666668,-33.916666666666664,-0.12500000000000003
202602211509,3711,1,15,3,0.666666666666667,8.153333333333329,1.1133333333333333,11.105000000000004,1.3983333333333263,5.824999999999996,0.5,2.8333333333333357,0.011666666666666659,40.849999999999994,0.006666666666666654
202602211509,4675,2,15,2,-0.1733333333333329,-1.8866666666666667,-0.24666666666666615,-11.354999999999999,-4.561666666666667,-3.134999999999998,-0.5,-1.1666666666666643,-0.008333333333333331,-8.75,0.006666666666666654
202602211509,3805,3,15,3,-0.1633333333333331,-3.5266666666666673,-0.5966666666666667,-26.735,-14.021666666666672,-8.655000000000001,0.5,0.8333333333333357,-0.008333333333333331,18.950000000000003,-0.023333333333333345
202602211509,3848,4,15,3,-0.5333333333333332,-6.726666666666667,-4.3966666666666665,-26.735,2.9383333333333326,4.134999999999998,0.5,-0.1666666666666643,0.0016666666666666774,-7.25,0.006666666666666654
202602211509,3987,5,15,2,0.42666666666666675,8.11333333333333,3.9333333333333336,51.045,3.758333333333333,4.704999999999998,-0.5,-1.1666666666666643,0.011666666666666659,-6.550000000000001,0.016666666666666663
202602211509,5014,6,15,2,-0.22333333333333272,-4.126666666666669,0.19333333333333336,2.6750000000000007,10.48833333333333,-2.875,-0.5,-1.1666666666666643,-0.008333333333333331,-37.25,-0.013333333333333336
202602211510,4042,1,15,3,1.041666666666666,10.906666666666663,0.7733333333333343,6.046666666666667,1.43333333333333,-8.979999999999997,0.5,5.0,0.031666666666666676,46.766666666666666,0.031666666666666676
202602211510,3566,2,15,2,-0.2183333333333337,-3.693333333333335,-0.8266666666666662,-5.953333333333333,3.643333333333331,3.3400000000000034,-0.5,-1.0,0.011666666666666659,7.066666666666663,0.0016666666666666774
202602211510,4568,3,15,3,0.011666666666666714,2.226666666666663,2.163333333333334,19.186666666666667,-13.20666666666667,0.730000000000004,0.5,2.0,-0.008333333333333331,-8.233333333333334,-0.008333333333333331
202602211510,3746,4,15,3,0.22166666666666668,0.3766666666666616,-0.3966666666666656,4.356666666666669,13.943333333333328,14.43,0.5,0.0,0.0016666666666666774,5.766666666666666,0.0016666666666666774
202602211510,5000,5,15,2,-0.6583333333333341,-7.533333333333335,-0.4666666666666659,-12.953333333333333,2.7933333333333294,-6.8799999999999955,-0.5,-3.0,-0.03833333333333333,-29.233333333333334,-0.02833333333333332
202602211510,4139,6,15,2,-0.39833333333333343,-2.283333333333335,-1.2466666666666661,-10.683333333333334,-8.60666666666667,-2.639999999999997,-0.5,-3.0,0.0016666666666666774,-22.133333333333333,0.0016666666666666774
202602211511,4679,1,15,4,0.006666666666666821,-0.8883333333333283,-4.5249999999999995,-26.785,0.029999999999997584,6.856666666666669,1.1666666666666665,0.8333333333333357,0.0050000000000000044,35.43333333333333,-0.018333333333333313
202602211511,5087,2,15,3,1.1866666666666674,11.65166666666667,2.2650000000000006,23.215,5.109999999999996,-0.07333333333333414,0.16666666666666652,1.8333333333333357,-0.0050000000000000044,18.533333333333324,0.0016666666666666774
202602211511,3327,3,15,3,0.5666666666666673,7.721666666666671,-0.9849999999999994,-19.095,-4.300000000000004,-4.263333333333335,0.16666666666666652,0.8333333333333357,0.0050000000000000044,-12.366666666666674,0.021666666666666667
202602211511,4839,4,15,3,-0.5933333333333328,-1.2583333333333258,2.1950000000000003,21.935,-1.1700000000000017,3.536666666666669,0.16666666666666652,0.8333333333333357,-0.035,0.93333333333333,-0.048333333333333325
202602211511,3710,5,15,2,-0.7833333333333332,-9.368333333333325,0.15500000000000025,-3.254999999999999,-1.6900000000000013,-5.173333333333336,-0.8333333333333335,-3.1666666666666643,0.015000000000000013,-13.766666666666673,0.021666666666666667
202602211511,3643,6,15,2,-0.38333333333333286,-7.858333333333327,0.8950000000000005,3.9849999999999994,2.019999999999996,-0.8833333333333329,-0.8333333333333335,-1.1666666666666643,0.015000000000000013,-28.766666666666673,0.021666666666666667
202602211512,3849,1,15,4,0.6183333333333332,11.284999999999997,1.459999999999999,20.33833333333334,13.489999999999995,6.096666666666664,0.0,-3.6666666666666643,-0.01666666666666669,42.7,-0.02500000000000001
202602211512,4236,2,15,4,0.14833333333333343,1.144999999999996,-5.1000000000000005,-32.76166666666666,-5.5000000000000036,-10.663333333333334,0.0,-1.6666666666666643,-0.026666666666666686,5.0,-0.02500000000000001
202602211512,4188,3,15,4,0.37833333333333385,4.274999999999999,1.3599999999999994,5.698333333333338,-11.090000000000003,10.456666666666663,0.0,2.3333333333333357,-0.006666666666666682,9.299999999999997,-0.02500000000000001
202602211512,4237,4,15,4,0.19833333333333325,-2.2250000000000014,-0.35000000000000053,-20.261666666666663,-6.830000000000005,-0.8133333333333326,0.0,3.3333333333333357,0.04333333333333331,0.29999999999999716,0.035
202602211512,4739,5,15,4,-0.5416666666666661,-8.765,1.5399999999999991,16.888333333333335,3.549999999999997,-0.0833333333333357,0.0,2.3333333333333357,0.003333333333333327,-21.5,0.014999999999999986
202602211512,4539,6,15,4,-0.8016666666666667,-5.715000000000003,1.0899999999999999,10.098333333333336,6.3799999999999955,-4.993333333333332,0.0,-2.6666666666666643,0.003333333333333327,-35.8,0.024999999999999994
202602211301,5170,1,13,2,0.81,8.501666666666662,2.5916666666666672,20.965,-4.116666666666664,9.55,-0.16666666666666652,1.0,0.006666666666666682,16.799999999999997,0.06833333333333334
202602211301,5355,2,13,2,-1.7200000000000004,-15.548333333333337,-1.6083333333333327,-16.535,-4.736666666666665,-10.07,-0.16666666666666652,-6.0,0.006666666666666682,-16.5,-0.12166666666666666
202602211301,5034,3,13,4,2.53,29.311666666666664,3.4416666666666678,33.465,0.413333333333334,0.9300000000000033,1.8333333333333335,14.0,-0.04333333333333331,35.6,0.018333333333333354
202602211301,5273,4,13,2,0.6799999999999993,3.011666666666663,0.02166666666666739,-4.824999999999999,0.043333333333336554,3.3000000000000007,-0.16666666666666652,3.0,-0.003333333333333327,-2.9000000000000004,0.08833333333333333
202602211301,5407,5,13,1,-1.8500000000000003,-16.538333333333338,-3.0383333333333327,-16.535,12.893333333333338,3.3000000000000007,-1.1666666666666665,-8.0,0.03666666666666668,-16.5,-0.12166666666666666
202602211301,5353,6,13,2,-0.4500000000000002,-8.738333333333337,-1.4083333333333328,-16.535,-4.496666666666663,-7.010000000000002,-0.16666666666666652,-4.0,-0.003333333333333327,-16.5,0.06833333333333334
202602211302,5247,1,13,2,-0.703333333333334,-10.495000000000001,0.8316666666666666,-1.5050000000000008,0.23000000000000398,-2.3216666666666654,-0.16666666666666652,1.3333333333333357,0.003333333333333327,22.549999999999997,0.07333333333333335
202602211302,5351,2,13,2,-0.6133333333333333,-3.745000000000001,-2.9783333333333335,-15.625,-5.259999999999998,6.498333333333335,-0.16666666666666652,-3.6666666666666643,-0.006666666666666682,-10.75,-0.11666666666666665
202602211302,5344,3,13,2,-1.4433333333333338,-16.145,-1.5983333333333336,-15.625,-2.8999999999999986,-2.951666666666668,-0.16666666666666652,-6.666666666666664,0.003333333333333327,-10.75,-0.11666666666666665
202602211302,5278,4,13,4,1.9466666666666663,25.855,0.8316666666666666,9.375,10.75,2.6483333333333334,1.8333333333333335,6.333333333333336,-0.016666666666666663,20.45,0.03333333333333334
202602211302,5282,5,13,2,-0.5533333333333337,-9.614999999999998,0.09166666666666634,-0.9949999999999992,-2.1299999999999955,1.018333333333338,-0.16666666666666652,-2.6666666666666643,0.013333333333333336,-10.75,0.04333333333333335
202602211302,5228,6,13,1,1.3666666666666663,14.145,2.8216666666666663,24.375,-0.6899999999999977,-4.891666666666666,-1.1666666666666665,5.333333333333336,0.003333333333333327,-10.75,0.08333333333333336
202602211303,5210,1,13,1,-0.1850000000000005,-6.859999999999999,-1.436666666666667,-15.641666666666667,-4.096666666666664,0.653333333333336,-1.3333333333333335,-1.3333333333333357,-0.003333333333333355,26.683333333333334,0.0
202602211303,5089,2,13,4,1.8249999999999993,23.18,3.773333333333333,40.87833333333334,-0.6366666666666632,8.45333333333334,1.6666666666666665,9.666666666666664,-0.003333333333333355,36.18333333333332,0.0
202602211303,5216,3,13,3,0.8649999999999993,13.439999999999998,1.8633333333333328,9.358333333333333,9.333333333333336,6.303333333333342,0.6666666666666665,3.6666666666666643,-0.013333333333333364,23.38333333333333,-0.010000000000000009
202602211303,5386,4,13,2,-2.4850000000000008,-27.75,-1.266666666666667,-13.311666666666667,-0.8166666666666629,-7.306666666666661,-0.3333333333333335,-8.333333333333336,0.006666666666666654,-30.416666666666668,0.03
202602211303,5137,5,13,2,0.07499999999999929,-1.8599999999999994,-3.266666666666667,-15.641666666666667,-6.946666666666665,-3.70666666666666,-0.3333333333333335,-0.3333333333333357,0.006666666666666654,-30.416666666666668,-0.03
202602211303,5240,6,13,2,-0.09500000000000064,-0.14999999999999858,0.33333333333333304,-5.6416666666666675,3.163333333333334,-4.396666666666661,-0.3333333333333335,-3.3333333333333357,0.006666666666666654,-25.416666666666668,0.010000000000000009
202602211304,5275,1,13,3,1.7849999999999993,21.54333333333333,1.0283333333333338,8.841666666666667,6.041666666666664,5.8799999999999955,0.8333333333333335,3.6666666666666643,-0.011666666666666659,39.366666666666674,-0.015000000000000013
202602211304,5223,2,13,2,-0.14500000000000046,-0.8866666666666703,0.5883333333333334,8.841666666666667,4.951666666666661,-3.3300000000000054,-0.16666666666666652,1.6666666666666643,0.00833333333333336,7.666666666666668,0.014999999999999986
202602211304,5376,3,13,2,0.34499999999999886,4.263333333333328,-1.2716666666666665,-13.378333333333332,-0.8783333333333374,-4.710000000000008,-0.16666666666666652,-1.3333333333333357,0.00833333333333336,2.166666666666668,-0.005000000000000032
202602211304,5352,4,13,2,0.0649999999999995,-3.4466666666666725,-0.6616666666666666,-0.8783333333333321,-3.8483333333333363,3.8799999999999955,-0.16666666666666652,1.6666666666666643,-0.011666666666666659,-8.13333333333333,-0.005000000000000032
202602211304,5179,5,13,2,-0.6750000000000007,-4.026666666666671,0.5583333333333336,9.951666666666666,-6.128333333333337,10.149999999999991,-0.16666666666666652,-0.3333333333333357,-0.011666666666666659,-12.43333333333333,-0.015000000000000013
202602211304,5338,6,13,2,-1.3750000000000009,-17.446666666666673,-0.2416666666666667,-13.378333333333332,-0.13833333333333542,-11.870000000000008,-0.16666666666666652,-5.333333333333336,0.01833333333333334,-28.63333333333333,0.024999999999999967
202602211305,5313,1,13,2,-0.5799999999999996,-5.96166666666667,1.4016666666666668,-8.465,-7.465000000000003,4.686666666666667,-0.5,-4.333333333333336,0.018333333333333313,-27.849999999999998,-0.13
202602211305,5239,2,13,2,0.3600000000000003,1.2283333333333282,-2.348333333333333,-8.465,9.274999999999995,4.616666666666667,-0.5,2.6666666666666643,-0.0016666666666666774,30.95,0.04999999999999999
202602211305,5126,3,13,4,1.3600000000000003,17.11833333333333,2.5816666666666666,20.105,-8.245000000000005,1.4766666666666666,1.5,7.666666666666664,-0.011666666666666686,32.150000000000006,0.010000000000000009
202602211305,5010,4,13,3,1.2200000000000006,14.25833333333333,1.4316666666666666,13.754999999999999,3.4149999999999956,1.4666666666666615,0.5,5.666666666666664,-0.011666666666666686,8.45,0.03
202602211305,5353,5,13,2,-1.3799999999999994,-15.90166666666667,-0.7183333333333333,-8.465,-1.1350000000000016,-8.043333333333337,-0.5,-7.333333333333336,0.018333333333333313,-20.449999999999996,0.03
202602211305,5377,6,13,2,-0.9799999999999995,-10.74166666666667,-2.348333333333333,-8.465,4.154999999999998,-4.203333333333337,-0.5,-4.333333333333336,-0.011666666666666686,-23.25,0.010000000000000009
202602211306,5196,1,13,4,2.844999999999999,32.49666666666667,3.1916666666666664,15.318333333333333,3.8583333333333343,4.279999999999994,1.6666666666666665,9.333333333333336,-0.0050000000000000044,54.21666666666667,0.026666666666666672
202602211306,5325,2,13,2,-0.1250000000000009,-9.04333333333333,-1.0183333333333333,-8.211666666666668,5.73833333333333,-5.3700000000000045,-0.3333333333333335,-1.6666666666666643,-0.0050000000000000044,-25.78333333333333,-0.14333333333333334
202602211306,5282,3,13,2,-0.3150000000000013,-9.963333333333328,0.9116666666666666,6.418333333333333,-2.211666666666666,1.8200000000000003,-0.3333333333333335,-2.6666666666666643,0.0050000000000000044,-4.783333333333331,0.026666666666666672
202602211306,5092,4,13,3,1.6249999999999991,18.36666666666667,-2.158333333333333,-8.211666666666668,-4.481666666666669,4.68,0.6666666666666665,6.333333333333336,-0.04500000000000001,0.21666666666666856,-0.023333333333333345
202602211306,5206,5,13,2,-1.0850000000000013,-6.633333333333329,1.231666666666667,2.8983333333333317,-0.201666666666668,-1.3200000000000003,-0.3333333333333335,0.3333333333333357,-0.024999999999999994,1.9166666666666679,0.006666666666666654
202602211306,5378,6,13,1,-2.945000000000001,-25.22333333333333,-2.158333333333333,-8.211666666666668,-2.701666666666668,-4.090000000000003,-1.3333333333333335,-11.666666666666664,0.07499999999999998,-25.78333333333333,0.10666666666666666
202602211307,5221,1,13,4,1.1350000000000007,12.306666666666672,2.838333333333333,24.963333333333335,-1.7099999999999937,-2.500000000000007,1.5,8.166666666666664,-0.020000000000000018,53.89999999999999,-0.021666666666666695
202602211307,5273,2,13,2,-0.6549999999999994,-8.16333333333333,-0.12166666666666659,-6.506666666666664,-1.7099999999999937,-1.7000000000000028,-0.5,-2.8333333333333357,0.009999999999999981,14.599999999999994,0.008333333333333304
202602211307,5172,3,13,2,0.09500000000000064,-0.16333333333333044,1.6983333333333333,11.193333333333335,-3.7299999999999933,-12.290000000000003,-0.5,0.1666666666666643,0.03,-19.100000000000005,0.008333333333333304
202602211307,5154,4,13,2,-0.7449999999999992,-12.313333333333329,-3.1816666666666666,-18.216666666666665,6.630000000000003,7.969999999999999,-0.5,-1.8333333333333357,0.01999999999999999,-13.700000000000006,0.028333333333333294
202602211307,5351,5,13,2,-0.8149999999999986,-7.213333333333331,-3.1816666666666666,-18.216666666666665,-7.199999999999996,5.159999999999997,-0.5,-5.833333333333336,-0.020000000000000018,-9.100000000000005,-0.021666666666666695
202602211307,5216,6,13,3,0.9850000000000012,15.546666666666667,1.9483333333333333,6.783333333333335,7.720000000000006,3.3599999999999994,0.5,2.1666666666666643,-0.020000000000000018,-26.600000000000005,-0.0016666666666667052
202602211308,5257,1,13,4,2.5316666666666663,25.910000000000004,3.4166666666666665,32.94833333333334,-4.88333333333334,2.573333333333334,1.6666666666666665,10.0,-0.030000000000000027,48.33333333333333,0.0016666666666666774
202602211308,5246,2,13,2,1.2716666666666665,13.660000000000004,0.7466666666666666,-0.3916666666666657,3.4166666666666643,-4.636666666666663,-0.3333333333333335,3.0,0.009999999999999981,8.733333333333334,0.031666666666666676
202602211308,5386,3,13,2,-1.4983333333333335,-18.189999999999998,-0.3333333333333335,-6.391666666666666,-5.223333333333336,-2.596666666666664,-0.3333333333333335,-6.0,-0.010000000000000009,-19.766666666666666,-0.14833333333333332
202602211308,5338,4,13,2,-0.9283333333333337,-13.329999999999997,0.8366666666666664,-8.721666666666666,-3.7533333333333374,-6.266666666666666,-0.3333333333333335,-4.0,-2.7755575615628914e-17,-3.1666666666666643,0.011666666666666686
202602211308,5093,5,13,3,0.9416666666666664,12.21,-2.3333333333333335,-8.721666666666666,2.096666666666664,4.973333333333333,0.6666666666666665,7.0,-0.010000000000000009,-15.766666666666666,0.031666666666666676
202602211308,5407,6,13,1,-2.3183333333333334,-20.259999999999998,-2.3333333333333335,-8.721666666666666,8.346666666666664,5.953333333333337,-1.3333333333333335,-10.0,0.03999999999999998,-18.366666666666667,0.07166666666666668
202602211309,5234,1,13,3,1.2350000000000003,14.993333333333332,0.7133333333333338,9.375,5.106666666666669,6.70333333333333,0.6666666666666665,4.5,0.0016666666666666496,45.083333333333336,0.006666666666666654
202602211309,5240,2,13,2,-0.3849999999999998,-3.296666666666667,-0.12666666666666648,-11.875,1.7666666666666657,0.10333333333332817,-0.3333333333333335,-4.5,0.011666666666666659,-13.516666666666666,0.006666666666666654
202602211309,5228,3,13,1,0.7549999999999999,5.423333333333332,2.0733333333333333,18.125,-2.413333333333334,1.2133333333333276,-1.3333333333333335,3.5,0.0016666666666666496,7.883333333333333,-0.013333333333333336
202602211309,5376,4,13,2,-0.4850000000000003,-4.326666666666668,-1.5866666666666664,-21.875,-1.4833333333333343,0.6833333333333265,-0.3333333333333335,-3.5,0.011666666666666659,-25.916666666666664,0.03666666666666665
202602211309,5377,5,13,2,-1.795,-20.006666666666668,-3.7266666666666666,-21.875,-0.7433333333333323,-0.7266666666666737,-0.3333333333333335,-6.5,-0.00833333333333336,1.3833333333333329,0.006666666666666654
202602211309,5220,6,13,4,0.6749999999999998,7.213333333333331,2.6533333333333333,28.125,-2.2333333333333343,-7.976666666666674,1.6666666666666665,6.5,-0.01833333333333334,-14.916666666666664,-0.043333333333333335
202602211310,5089,1,13,4,1.6333333333333337,20.201666666666668,2.8600000000000003,32.71,1.0983333333333327,6.233333333333334,1.1666666666666665,6.166666666666664,0.004999999999999977,53.06666666666666,-0.010000000000000009
202602211310,5092,2,13,3,0.873333333333334,10.161666666666669,-4.18,-23.810000000000002,-2.9916666666666707,3.2633333333333354,0.16666666666666652,2.1666666666666643,-0.03500000000000003,37.06666666666666,-0.030000000000000027
202602211310,5247,3,13,2,-1.2166666666666668,-19.048333333333332,-0.36999999999999966,-9.690000000000003,1.6383333333333319,-2.9366666666666674,-0.8333333333333335,-2.8333333333333357,0.004999999999999977,-21.53333333333333,-2.7755575615628914e-17
202602211310,5034,4,13,4,0.8833333333333337,13.05166666666667,2.3000000000000007,26.189999999999998,2.0083333333333293,-3.346666666666664,1.1666666666666665,6.166666666666664,-0.015000000000000013,-5.033333333333331,-0.020000000000000018
202602211310,5223,5,13,2,-0.876666666666666,-9.30833333333333,-0.17999999999999972,-1.5900000000000034,7.478333333333328,-4.656666666666666,-0.8333333333333335,-2.8333333333333357,0.014999999999999986,-32.03333333333333,0.01999999999999999
202602211310,5313,6,13,2,-1.2966666666666664,-15.05833333333333,-0.4299999999999997,-23.810000000000002,-9.23166666666667,1.4433333333333351,-0.8333333333333335,-8.833333333333336,0.024999999999999967,-31.53333333333333,0.03999999999999998
202602211311,5278,1,13,4,0.7316666666666674,9.583333333333329,-0.398333333333333,-0.23833333333333329,6.708333333333329,-0.35333333333333883,0.8333333333333335,1.5,-0.01833333333333334,42.449999999999996,-0.014999999999999986
202602211311,5196,2,13,4,1.3916666666666675,16.57333333333333,1.1416666666666666,-1.7083333333333321,-0.10166666666666657,0.47666666666665947,0.8333333333333335,4.5,0.0016666666666666496,11.649999999999999,0.015000000000000013
202602211311,5221,3,13,4,0.12166666666666703,-0.4966666666666697,1.8116666666666665,17.941666666666666,-3.8116666666666674,-4.163333333333341,0.8333333333333335,5.5,-0.00833333333333336,11.149999999999999,-0.024999999999999994
202602211311,5239,4,13,2,-1.0583333333333327,-15.586666666666673,-4.208333333333333,-25.238333333333333,2.05833333333333,-1.0133333333333354,-1.1666666666666665,-2.5,0.0016666666666666496,-25.150000000000002,0.0050000000000000044
202602211311,5275,5,13,3,0.35166666666666746,5.403333333333329,0.23166666666666735,-3.0183333333333344,3.1183333333333323,2.1666666666666643,-0.16666666666666652,-1.5,-0.00833333333333336,3.75,-0.035
202602211311,5170,6,13,2,-1.5383333333333322,-15.476666666666674,1.4216666666666669,12.261666666666667,-7.971666666666668,2.886666666666663,-1.1666666666666665,-7.5,0.03166666666666665,-43.85,0.05499999999999999
202602211312,5126,1,13,4,0.9566666666666661,15.064999999999998,1.9666666666666663,14.78,-8.895,0.8150000000000048,1.5,6.0,-0.0050000000000000044,61.650000000000006,0.029999999999999985
202602211312,5352,2,13,2,-0.3533333333333335,-4.825000000000003,-0.21333333333333337,-1.290000000000001,-0.2049999999999983,5.135000000000005,-0.5,0.0,-0.0050000000000000044,-21.649999999999995,-0.10000000000000002
202602211312,5325,3,13,2,-0.5633333333333335,-10.205000000000002,-1.8233333333333335,-13.790000000000001,8.344999999999999,-4.204999999999998,-0.5,-3.0,0.0050000000000000044,-21.649999999999995,-0.10000000000000002
202602211312,5344,4,13,2,-1.643333333333334,-17.655,-1.5833333333333335,-13.790000000000001,-0.375,-0.9849999999999994,-0.5,-8.0,0.0050000000000000044,-8.349999999999994,0.039999999999999994
202602211312,5257,5,13,4,1.666666666666666,20.415,2.7866666666666666,27.880000000000003,2.375,-1.7749999999999986,1.5,7.0,-0.0050000000000000044,11.650000000000002,0.06999999999999999
202602211312,5210,6,13,1,-0.06333333333333346,-2.7950000000000017,-1.1333333333333333,-13.790000000000001,-1.2449999999999974,1.0150000000000006,-1.5,-2.0,0.0050000000000000044,-21.649999999999995,0.059999999999999984
202602211001,3692,1,10,3,-0.26333333333333275,-3.6716666666666704,1.308333333333334,11.353333333333335,0.3049999999999997,-8.341666666666669,0.8333333333333335,2.1666666666666643,-0.023333333333333345,39.53333333333334,-0.00833333333333336
202602211001,4327,2,10,2,-0.19333333333333336,-2.6316666666666713,0.23833333333333373,-2.756666666666664,0.9750000000000014,-4.091666666666669,-0.16666666666666652,-1.8333333333333357,0.026666666666666644,-23.76666666666666,0.04166666666666666
202602211001,5008,3,10,2,-0.05333333333333279,-1.5316666666666698,0.6483333333333339,0.07333333333333769,-0.5750000000000028,5.048333333333332,-0.16666666666666652,0.1666666666666643,-0.023333333333333345,-9.966666666666658,-0.00833333333333336
202602211001,3934,4,10,2,0.5866666666666669,4.678333333333331,0.27833333333333377,-4.616666666666664,-3.6449999999999996,2.838333333333331,-0.16666666666666652,1.1666666666666643,0.016666666666666663,1.2333333333333414,-0.00833333333333336
202602211001,4201,5,10,2,-0.6433333333333331,-7.26166666666667,-3.8016666666666663,-20.616666666666664,6.134999999999998,2.288333333333334,-0.16666666666666652,-0.8333333333333357,0.006666666666666654,-0.46666666666666146,0.011666666666666659
202602211001,4692,6,10,2,0.5666666666666673,10.418333333333333,1.3283333333333336,16.563333333333336,-3.1950000000000003,2.258333333333333,-0.16666666666666652,-0.8333333333333357,-0.003333333333333355,-6.566666666666659,-0.02833333333333335
202602211002,4579,1,10,4,1.1033333333333335,5.988333333333337,1.7183333333333337,18.224999999999998,4.061666666666667,-0.8583333333333343,1.5,4.5,0.0016666666666666496,51.43333333333333,-0.003333333333333327
202602211002,5002,2,10,3,1.0633333333333335,7.82833333333334,1.6383333333333336,24.175,2.1116666666666646,2.2316666666666656,0.5,3.5,-0.00833333333333336,23.333333333333336,-0.013333333333333336
202602211002,5020,3,10,2,-0.9966666666666661,-9.291666666666664,-1.1116666666666668,-16.375000000000004,-0.16833333333332945,2.5316666666666627,-0.5,-2.5,-0.00833333333333336,-18.066666666666663,-0.043333333333333335
202602211002,5107,4,10,2,0.11333333333333329,6.4083333333333385,-0.4716666666666667,-5.665000000000003,0.7816666666666663,0.831666666666667,-0.5,-1.5,0.011666666666666659,-21.466666666666665,0.04666666666666666
202602211002,3752,5,10,2,-1.416666666666666,-10.871666666666663,-0.9116666666666671,-11.915000000000003,-8.358333333333334,2.381666666666664,-0.5,-1.5,0.0016666666666666496,-10.666666666666664,-0.033333333333333326
202602211002,4898,6,10,2,0.13333333333333375,-0.06166666666666387,-0.8616666666666664,-8.445000000000004,1.5716666666666654,-7.118333333333336,-0.5,-2.5,0.0016666666666666496,-24.566666666666663,0.04666666666666666
202602211003,3918,1,10,3,1.2866666666666662,18.076666666666668,-0.09333333333333371,-11.495,-1.961666666666666,-3.31666666666667,0.6666666666666665,4.0,-0.005000000000000032,33.800000000000004,-0.011666666666666659
202602211003,4114,2,10,2,-0.2933333333333339,-7.033333333333331,-0.07333333333333414,5.315000000000001,-0.9316666666666649,-0.5566666666666649,-0.3333333333333335,0.0,0.024999999999999967,10.0,0.02833333333333335
202602211003,5073,3,10,3,0.8066666666666658,7.546666666666667,0.7466666666666661,7.995000000000001,-2.3816666666666677,5.493333333333332,0.6666666666666665,3.0,-0.025000000000000022,19.5,-0.03166666666666665
202602211003,2538,4,10,2,-1.0733333333333341,-13.453333333333331,-0.723333333333334,-12.145,-2.3816666666666677,3.0633333333333326,-0.3333333333333335,-5.0,0.024999999999999967,-16.699999999999996,0.01833333333333334
202602211003,4094,5,10,2,-0.7833333333333341,-11.31333333333333,-0.04333333333333389,3.6650000000000027,11.888333333333335,-2.4766666666666666,-0.3333333333333335,-1.0,-0.015000000000000013,-23.299999999999997,0.00833333333333336
202602211003,4876,6,10,2,0.056666666666665755,6.176666666666669,0.18666666666666654,6.665000000000003,-4.231666666666666,-2.2066666666666706,-0.3333333333333335,-1.0,-0.005000000000000032,-23.299999999999997,-0.011666666666666659
202602211004,4488,1,10,4,1.0116666666666658,11.128333333333337,0.8083333333333336,11.170000000000002,-6.809999999999999,3.558333333333337,1.3333333333333335,3.1666666666666643,0.01999999999999999,62.516666666666666,0.003333333333333355
202602211004,5082,2,10,2,-0.2283333333333335,-2.731666666666662,0.06833333333333336,-2.3800000000000026,4.170000000000002,1.528333333333336,-0.6666666666666665,-1.8333333333333357,0.03,-11.183333333333337,0.053333333333333344
202602211004,5055,3,10,3,0.35166666666666657,3.568333333333335,0.17833333333333368,7.149999999999999,7.170000000000002,1.3883333333333354,0.3333333333333335,1.1666666666666643,-0.020000000000000018,13.916666666666664,-0.03666666666666665
202602211004,4648,4,10,2,-0.538333333333334,-6.101666666666663,-0.8216666666666663,-11.71,1.75,-7.261666666666663,-0.6666666666666665,-0.8333333333333357,-0.020000000000000018,-16.883333333333336,-0.026666666666666644
202602211004,4788,5,10,3,0.9016666666666664,10.628333333333337,0.5583333333333336,5.670000000000002,-2.270000000000003,3.718333333333341,0.3333333333333335,4.166666666666664,-0.020000000000000018,-16.183333333333337,-0.016666666666666663
202602211004,4062,6,10,2,-1.498333333333334,-16.491666666666664,-0.7916666666666661,-9.900000000000002,-4.010000000000002,-2.9316666666666613,-0.6666666666666665,-5.833333333333336,0.009999999999999981,-32.18333333333334,0.023333333333333345
202602211005,4516,1,10,3,0.831666666666667,8.663333333333334,0.7850000000000001,6.986666666666672,3.4116666666666617,-1.181666666666672,0.5,2.3333333333333357,0.006666666666666654,44.86666666666667,0.004999999999999977
202602211005,5109,2,10,2,-0.6883333333333335,-8.526666666666664,-0.5549999999999997,-5.573333333333331,-1.3483333333333363,-2.591666666666672,-0.5,-1.6666666666666643,-0.013333333333333336,3.06666666666667,-0.0050000000000000044
202602211005,3606,3,10,2,0.30166666666666675,-1.3366666666666625,0.04500000000000082,-3.2733333333333334,-0.75833333333334,-1.9716666666666711,-0.5,0.3333333333333357,0.026666666666666644,-1.7333333333333272,0.004999999999999977
202602211005,5008,4,10,2,-0.7583333333333329,-9.566666666666663,-1.0749999999999993,-15.91333333333333,-0.07833333333334025,4.4183333333333294,-0.5,-1.6666666666666643,-0.023333333333333345,0.06666666666666998,-0.03500000000000002
202602211005,5135,5,10,3,0.0016666666666669272,2.603333333333339,0.3550000000000004,9.546666666666667,-1.028333333333336,-1.0316666666666734,0.5,0.3333333333333357,0.006666666666666654,-19.633333333333326,0.024999999999999994
202602211005,4059,6,10,3,0.31166666666666654,8.163333333333334,0.4450000000000003,8.226666666666667,-0.1983333333333377,2.358333333333327,0.5,0.3333333333333357,-0.003333333333333355,-26.633333333333326,0.004999999999999977
202602211006,5259,1,10,2,-1.2533333333333334,-13.116666666666664,-4.181666666666667,-27.828333333333333,-2.338333333333331,-0.393333333333338,-0.3333333333333335,-5.166666666666664,-0.011666666666666686,20.683333333333334,-0.065
202602211006,3436,2,10,3,0.3766666666666669,2.823333333333334,1.6083333333333334,17.001666666666665,-0.2083333333333357,0.5066666666666606,0.6666666666666665,3.8333333333333357,-0.041666666666666685,22.583333333333332,-0.035
202602211006,4695,3,10,2,-0.05333333333333368,-2.556666666666665,1.1483333333333334,5.501666666666665,-0.40833333333333144,0.356666666666662,-0.3333333333333335,0.8333333333333357,-0.0016666666666666774,-10.516666666666666,0.015000000000000013
202602211006,4327,4,10,2,-0.6733333333333338,-8.716666666666665,-0.1416666666666666,-9.968333333333334,-1.9483333333333306,-3.173333333333339,-0.3333333333333335,-1.1666666666666643,0.018333333333333313,-4.716666666666665,0.015000000000000013
202602211006,4660,5,10,1,-1.2333333333333334,-17.406666666666663,-1.0716666666666668,-13.018333333333333,-1.1783333333333346,-4.423333333333339,-1.3333333333333335,-3.1666666666666643,0.05833333333333332,-24.716666666666665,0.065
202602211006,4926,6,10,4,2.836666666666667,38.97333333333333,2.6383333333333336,28.311666666666667,6.0816666666666706,7.126666666666658,1.6666666666666665,4.833333333333336,-0.021666666666666667,-3.3166666666666664,0.0050000000000000044
202602211007,3963,1,10,2,1.123333333333333,13.083333333333332,1.1933333333333334,11.220000000000006,-1.3683333333333323,5.233333333333334,-0.16666666666666652,-0.3333333333333357,-0.003333333333333327,42.33333333333333,-0.011666666666666659
202602211007,3752,2,10,2,-0.9866666666666664,-6.426666666666666,-0.48666666666666725,-5.409999999999997,-4.818333333333335,-0.326666666666668,-0.16666666666666652,-0.3333333333333357,-0.003333333333333327,0.7333333333333343,-0.0016666666666666496
202602211007,3934,3,10,2,0.6533333333333333,5.893333333333334,-0.4666666666666668,-8.159999999999997,-1.7083333333333321,2.633333333333333,-0.16666666666666652,0.6666666666666643,0.006666666666666682,9.033333333333331,-0.02166666666666664
202602211007,5020,4,10,2,-0.5666666666666664,-4.846666666666668,-0.686666666666667,-9.869999999999997,3.3716666666666697,-0.17666666666666941,-0.16666666666666652,-1.3333333333333357,-0.013333333333333336,-12.566666666666666,-0.011666666666666659
202602211007,4114,5,10,2,-0.026666666666666394,-5.246666666666666,-0.11666666666666714,4.410000000000004,2.2816666666666663,1.1833333333333371,-0.16666666666666652,-0.3333333333333357,0.04666666666666666,-15.266666666666666,0.05833333333333335
202602211007,3692,6,10,3,-0.19666666666666632,-2.456666666666667,0.5633333333333335,7.810000000000002,2.241666666666667,-8.546666666666667,0.8333333333333335,1.6666666666666643,-0.033333333333333326,-24.266666666666666,-0.011666666666666659
202602211008,4876,1,10,2,0.25833333333333375,4.555,0.9266666666666667,9.795000000000002,-3.486666666666668,-1.0300000000000011,0.33333333333333326,0.3333333333333357,-0.008333333333333331,30.316666666666666,-0.030000000000000027
202602211008,4201,2,10,2,-0.6416666666666662,-9.455000000000002,-3.7633333333333336,-20.125,5.603333333333332,1.5200000000000031,0.33333333333333326,0.3333333333333357,-0.02833333333333332,9.716666666666665,-0.05000000000000002
202602211008,5107,3,10,2,0.4783333333333335,7.445,0.7366666666666664,4.875,1.8533333333333317,-2.4399999999999977,0.33333333333333326,1.3333333333333357,-0.018333333333333313,3.3166666666666664,-2.7755575615628914e-17
202602211008,4976,4,10,1,0.538333333333334,4.594999999999999,-0.26333333333333364,-7.625,-5.036666666666669,2.1400000000000006,-0.6666666666666667,0.3333333333333357,0.021666666666666667,-19.683333333333334,0.009999999999999981
202602211008,5082,5,10,2,0.6083333333333343,3.594999999999999,2.126666666666666,13.204999999999998,4.803333333333335,-0.3200000000000003,0.33333333333333326,1.3333333333333357,0.011666666666666686,-3.9833333333333343,-2.7755575615628914e-17
202602211008,3544,6,10,1,-1.2416666666666663,-10.735,0.23666666666666636,-0.125,-3.736666666666668,0.13000000000000256,-0.6666666666666667,-3.6666666666666643,0.021666666666666667,-19.683333333333334,0.06999999999999998
202602211009,4898,1,10,2,0.3333333333333339,2.7149999999999963,-0.8399999999999999,-8.343333333333337,1.6716666666666669,-8.10666666666667,-0.3333333333333335,-0.8333333333333357,-0.0016666666666666774,23.400000000000002,-0.0016666666666666496
202602211009,4094,2,10,2,-0.7466666666666661,-11.195000000000002,-0.4900000000000002,-3.6433333333333344,11.661666666666669,0.9833333333333343,-0.3333333333333335,-0.8333333333333357,0.008333333333333331,8.400000000000002,-0.0016666666666666496
202602211009,4062,3,10,2,-0.8266666666666662,-8.425000000000004,0.08000000000000007,-4.753333333333337,-4.348333333333333,-2.496666666666666,-0.3333333333333335,-3.8333333333333357,0.018333333333333313,-14.099999999999998,0.02833333333333335
202602211009,5073,4,10,3,0.8433333333333337,7.664999999999996,0.2999999999999998,0.6866666666666639,-2.6083333333333343,8.953333333333333,0.6666666666666665,3.1666666666666643,-0.0016666666666666774,-8.499999999999996,-0.0016666666666666496
202602211009,5109,5,10,2,-0.1466666666666665,-0.9450000000000038,0.019999999999999574,0.466666666666665,-3.348333333333329,-0.446666666666669,-0.3333333333333335,0.1666666666666643,-0.021666666666666667,-5.599999999999998,-0.051666666666666666
202602211009,5135,6,10,3,0.5433333333333339,10.184999999999999,0.9299999999999997,15.586666666666662,-3.028333333333329,1.1133333333333297,0.6666666666666665,2.1666666666666643,-0.0016666666666666774,-3.599999999999998,0.02833333333333335
202602211010,4692,1,10,2,-0.6483333333333325,-2.914999999999999,-0.6066666666666674,-0.75,-3.1316666666666677,1.9283333333333346,-0.8333333333333335,-3.8333333333333357,-0.015000000000000013,24.70000000000001,-0.016666666666666663
202602211010,4488,2,10,4,0.6316666666666668,6.314999999999998,0.8933333333333326,8.950000000000003,-5.581666666666667,2.1483333333333334,1.1666666666666665,2.1666666666666643,0.024999999999999994,12.900000000000006,0.033333333333333326
202602211010,4516,3,10,3,0.3216666666666672,3.364999999999995,0.5733333333333324,5.660000000000004,2.9783333333333317,-0.8816666666666677,0.16666666666666652,1.1666666666666643,-0.0050000000000000044,7.800000000000004,-0.006666666666666682
202602211010,4695,4,10,2,-0.7883333333333331,-9.805000000000003,-0.4066666666666672,-4.600000000000001,2.578333333333333,-0.8916666666666657,-0.8333333333333335,-2.8333333333333357,-0.0050000000000000044,-16.499999999999993,-0.006666666666666682
202602211010,3918,5,10,3,0.2716666666666674,5.314999999999998,-1.326666666666667,-26.17,-0.6216666666666697,-1.701666666666668,0.16666666666666652,1.1666666666666643,0.014999999999999986,1.1000000000000085,0.013333333333333336
202602211010,5002,6,10,3,0.2116666666666669,-2.2749999999999986,0.8733333333333331,16.910000000000004,3.778333333333329,-0.6016666666666666,0.16666666666666652,2.1666666666666643,-0.015000000000000013,-29.999999999999993,-0.016666666666666663
202602211011,4059,1,10,3,-0.17333333333333467,4.191666666666663,-0.05333333333333368,3.3900000000000006,-1.0316666666666663,1.9966666666666626,0.16666666666666652,-1.1666666666666643,-0.003333333333333327,50.63333333333333,-0.011666666666666659
202602211011,4788,2,10,3,0.546666666666666,7.141666666666666,0.35666666666666647,-0.05999999999999517,-1.44166666666667,1.6466666666666683,0.16666666666666652,2.8333333333333357,-0.003333333333333327,11.133333333333333,-0.011666666666666659
202602211011,4579,3,10,4,0.2766666666666655,-2.788333333333334,0.666666666666667,7.450000000000003,5.328333333333333,-4.353333333333335,1.1666666666666665,2.8333333333333357,0.006666666666666682,3.133333333333333,-0.0016666666666666496
202602211011,3606,4,10,2,-0.18333333333333446,-5.308333333333334,-0.45333333333333314,-8.11,-1.5916666666666686,-2.3333333333333357,-0.8333333333333335,-1.1666666666666643,0.026666666666666672,-15.866666666666667,0.02833333333333335
202602211011,3436,5,10,3,-0.3333333333333339,-3.0983333333333363,-0.2333333333333334,3.3900000000000006,2.3783333333333303,-1.403333333333336,0.16666666666666652,-0.1666666666666643,-0.033333333333333326,-16.866666666666667,-0.05166666666666665
202602211011,3963,6,10,2,-0.13333333333333464,-0.13833333333333542,-0.2833333333333332,-6.059999999999995,-3.6416666666666657,4.446666666666665,-0.8333333333333335,-3.1666666666666643,0.006666666666666682,-32.166666666666664,0.04833333333333334
202602211012,4960,1,10,4,0.38833333333333364,11.913333333333341,0.8083333333333336,6.801666666666669,-0.46000000000000085,-2.8350000000000044,0.0,-2.0,-0.006666666666666682,34.63333333333333,-0.0050000000000000044
202602211012,5051,2,10,4,-0.23166666666666647,-3.816666666666663,0.9683333333333337,5.19166666666667,3.289999999999999,5.014999999999997,0.0,-3.0,0.013333333333333308,10.333333333333336,0.014999999999999986
202602211012,4335,3,10,4,0.10833333333333339,-1.4266666666666623,-5.581666666666666,-40.25833333333333,2.1199999999999974,-0.6950000000000038,0.0,2.0,-0.0266666666666667,5.333333333333336,-0.015000000000000013
202602211012,4019,4,10,4,-0.13166666666666682,-7.026666666666664,0.6083333333333343,-2.758333333333333,-2.8000000000000007,-2.3150000000000013,0.0,6.0,0.013333333333333308,-0.2666666666666657,0.004999999999999977
202602211012,4512,5,10,4,0.08833333333333293,1.0333333333333385,1.158333333333334,9.741666666666667,-0.21999999999999886,6.855,0.0,0.0,0.013333333333333308,-29.366666666666664,-0.0050000000000000044
202602211012,4118,6,10,4,-0.22166666666666668,-0.6766666666666623,2.038333333333334,21.281666666666666,-1.9299999999999997,-6.025000000000002,0.0,-3.0,-0.006666666666666682,-20.666666666666664,0.004999999999999977
202602210701,4303,1,7,2,0.7950000000000008,8.494999999999997,2.1300000000000003,21.150000000000006,1.6533333333333289,1.7566666666666677,0.0,3.8333333333333357,0.0,46.93333333333334,-0.016666666666666663
202602210701,5027,2,7,2,0.025000000000000355,-0.5650000000000013,-3.85,-25.909999999999997,8.89333333333333,-4.803333333333331,0.0,-0.1666666666666643,0.0,-4.066666666666666,0.003333333333333355
202602210701,4703,3,7,3,1.4450000000000003,17.545,2.73,31.980000000000004,-9.13666666666667,-1.9633333333333312,1.0,3.8333333333333357,-0.03,21.633333333333333,-0.026666666666666644
202602210701,4854,4,7,1,0.46500000000000075,3.1050000000000004,1.15,4.090000000000003,2.0033333333333303,-0.7333333333333307,-1.0,1.8333333333333357,0.009999999999999981,-14.666666666666664,0.013333333333333336
202602210701,4229,5,7,2,-0.5849999999999991,-8.045000000000002,0.56,-5.399999999999995,-2.1366666666666703,5.236666666666668,0.0,0.8333333333333357,0.009999999999999981,-20.766666666666666,0.033333333333333354
202602210701,5381,6,7,2,-2.144999999999999,-20.535,-2.72,-25.909999999999997,-1.2766666666666708,0.5066666666666677,0.0,-10.166666666666664,0.009999999999999981,-29.066666666666666,-0.006666666666666654
202602210702,5181,1,7,2,0.23500000000000032,0.7233333333333363,0.39000000000000057,7.068333333333332,0.586666666666666,9.349999999999994,-0.3333333333333335,1.1666666666666643,0.0016666666666666774,51.95,0.013333333333333308
202602210702,5314,2,7,1,-1.9849999999999994,-17.076666666666664,-2.88,-17.93166666666667,-0.0833333333333357,0.7299999999999969,-1.3333333333333335,-11.833333333333336,0.011666666666666659,-28.049999999999997,-0.1466666666666667
202602210702,4596,3,7,4,1.3750000000000009,15.793333333333333,1.5200000000000005,5.39833333333333,5.556666666666665,2.6299999999999955,1.6666666666666665,6.166666666666664,-0.02833333333333332,19.550000000000004,-0.01666666666666669
202602210702,4941,4,7,2,-0.3949999999999996,-6.246666666666663,-1.3399999999999999,-17.93166666666667,-11.873333333333335,2.489999999999995,-0.3333333333333335,-1.8333333333333357,0.051666666666666666,-21.849999999999998,0.1033333333333333
202602210702,3517,5,7,3,0.45500000000000096,6.393333333333334,1.2800000000000002,15.39833333333333,6.106666666666669,-1.4100000000000037,0.6666666666666665,3.1666666666666643,-0.01833333333333334,-3.049999999999997,0.0033333333333332993
202602210702,4432,6,7,2,0.3150000000000004,0.41333333333333755,1.0300000000000002,7.998333333333331,-0.29333333333333655,-13.790000000000006,-0.3333333333333335,3.1666666666666643,-0.01833333333333334,-18.549999999999997,0.04333333333333331
202602210703,4393,1,7,2,-0.3383333333333338,-7.5433333333333294,-0.9049999999999998,-3.058333333333332,-7.781666666666666,-1.7533333333333374,-0.5,-1.5,0.013333333333333336,30.950000000000006,-0.023333333333333345
202602210703,3489,2,7,3,0.8516666666666666,9.786666666666672,2.5549999999999997,14.86166666666667,-4.891666666666666,-0.7233333333333363,0.5,3.5,-0.016666666666666663,2.9500000000000064,0.006666666666666654
202602210703,4866,3,7,2,-0.10833333333333339,-4.473333333333333,0.375,-2.628333333333332,8.438333333333333,-1.5333333333333385,-0.5,-2.5,-0.016666666666666663,12.650000000000002,-0.023333333333333345
202602210703,5306,4,7,2,-2.2783333333333333,-20.80333333333333,-1.605,-14.168333333333331,1.4483333333333341,-5.763333333333335,-0.5,-9.5,0.043333333333333335,-19.549999999999997,0.046666666666666634
202602210703,5143,5,7,2,-0.8283333333333331,-7.733333333333331,-3.125,-14.168333333333331,-1.1116666666666646,0.4066666666666663,-0.5,-2.5,0.013333333333333336,-15.049999999999995,0.006666666666666654
202602210703,4324,6,7,4,2.701666666666666,30.76666666666667,2.705,19.16166666666667,3.8983333333333334,9.36666666666666,1.5,12.5,-0.03666666666666665,-11.949999999999996,-0.013333333333333364
202602210704,3845,1,7,2,-0.3866666666666667,-2.3533333333333353,2.376666666666666,23.92333333333333,-1.1516666666666708,0.09499999999999886,-0.6666666666666665,0.0,0.03,53.800000000000004,0.009999999999999981
202602210704,3788,2,7,3,0.43333333333333357,10.486666666666665,-4.623333333333334,-30.486666666666668,-3.271666666666672,4.734999999999999,0.3333333333333335,0.0,-0.04000000000000001,12.600000000000001,-0.020000000000000018
202602210704,4128,3,7,2,-0.5566666666666666,-10.673333333333336,1.0566666666666658,19.513333333333332,0.9183333333333294,-8.835,-0.6666666666666665,-5.0,0.010000000000000009,-25.4,-2.7755575615628914e-17
202602210704,4555,4,7,3,0.21333333333333293,1.3066666666666649,0.22666666666666568,-4.016666666666669,-9.681666666666668,-3.355000000000004,0.3333333333333335,0.0,0.03,0.8000000000000043,0.009999999999999981
202602210704,3107,5,7,2,-1.2366666666666664,-19.773333333333333,-1.0233333333333339,-17.156666666666666,8.458333333333332,0.7449999999999974,-0.6666666666666665,-5.0,0.0,-22.7,-2.7755575615628914e-17
202602210704,4532,6,7,4,1.5333333333333332,21.006666666666668,1.9866666666666664,8.223333333333333,4.728333333333328,6.615000000000002,1.3333333333333335,10.0,-0.03,-19.099999999999998,-2.7755575615628914e-17
202602210705,4601,1,7,3,1.0666666666666664,12.666666666666671,1.251666666666667,10.579999999999998,0.21666666666666856,-7.231666666666666,0.6666666666666665,3.1666666666666643,-0.03,52.166666666666664,-0.035
202602210705,4051,2,7,4,1.1966666666666663,11.516666666666666,1.661666666666667,18.590000000000003,4.296666666666667,4.028333333333336,1.6666666666666665,5.166666666666664,0.0,3.4666666666666615,0.0050000000000000044
202602210705,4779,3,7,2,-0.3533333333333335,-7.793333333333333,-0.5383333333333331,-10.469999999999999,5.466666666666669,0.1983333333333377,-0.3333333333333335,-1.8333333333333357,-0.010000000000000009,-15.333333333333336,-0.015000000000000013
202602210705,5184,4,7,1,-2.123333333333334,-23.223333333333333,-4.068333333333333,-36.79,-17.69333333333333,2.818333333333335,-1.3333333333333335,-8.833333333333336,0.03999999999999998,-35.333333333333336,0.024999999999999994
202602210705,3904,5,7,1,-0.2833333333333341,-1.3333333333333286,0.7216666666666667,8.450000000000003,1.7466666666666697,2.488333333333337,-1.3333333333333335,1.1666666666666643,0.009999999999999981,14.666666666666664,-0.035
202602210705,4148,6,7,3,0.49666666666666615,8.166666666666671,0.9716666666666667,9.64,5.966666666666669,-2.3016666666666623,0.6666666666666665,1.1666666666666643,-0.010000000000000009,-19.633333333333336,0.05499999999999999
202602210706,3995,1,7,4,1.163333333333333,9.599999999999998,0.9266666666666667,7.488333333333337,-3.9516666666666644,0.4166666666666714,1.3333333333333335,5.833333333333336,-0.04000000000000001,56.16666666666666,-0.036666666666666695
202602210706,4229,2,7,2,-1.166666666666667,-14.400000000000002,-0.8433333333333328,-17.451666666666664,-4.811666666666664,4.466666666666672,-0.6666666666666665,-1.1666666666666643,0.01999999999999999,-5.933333333333334,0.04333333333333331
202602210706,5314,3,7,1,-2.366666666666667,-21.650000000000002,-4.123333333333333,-37.961666666666666,4.378333333333334,7.746666666666673,-1.6666666666666665,-13.166666666666664,0.01999999999999999,-28.933333333333334,-0.04666666666666669
202602210706,4099,4,7,4,1.2833333333333332,15.489999999999998,1.1366666666666667,10.51833333333333,3.5483333333333356,-0.8433333333333266,1.3333333333333335,3.8333333333333357,0.010000000000000009,16.066666666666666,0.0333333333333333
202602210706,5060,5,7,2,0.21333333333333293,3.889999999999997,-0.14333333333333265,-4.631666666666668,2.898333333333337,-10.003333333333327,-0.6666666666666665,1.8333333333333357,0.010000000000000009,-13.933333333333334,-0.006666666666666682
202602210706,3333,6,7,3,0.8733333333333331,7.069999999999997,3.0466666666666677,42.038333333333334,-2.061666666666664,-1.7833333333333279,0.3333333333333335,2.8333333333333357,-0.01999999999999999,-23.433333333333334,0.013333333333333308
202602210707,4083,1,7,4,1.7350000000000003,23.36,2.0733333333333324,28.478333333333335,5.7400000000000055,-5.171666666666667,1.3333333333333335,4.666666666666664,-0.023333333333333345,54.800000000000004,-0.04500000000000001
202602210707,3776,2,7,2,-2.0149999999999997,-23.310000000000002,-0.42666666666666764,-5.341666666666665,-4.099999999999998,2.988333333333337,-0.6666666666666665,-6.333333333333336,0.006666666666666654,-23.5,0.0050000000000000044
202602210707,4159,3,7,3,0.6750000000000007,7.960000000000001,0.46333333333333293,3.748333333333335,-6.669999999999998,-2.3516666666666666,0.3333333333333335,4.666666666666664,-0.013333333333333364,17.4,-0.024999999999999994
202602210707,4793,4,7,3,0.9650000000000007,15.339999999999996,0.6933333333333325,8.618333333333336,1.4700000000000024,-2.2716666666666683,0.3333333333333335,2.6666666666666643,-0.023333333333333345,4.199999999999996,-0.015000000000000013
202602210707,4941,5,7,2,-0.8849999999999998,-12.620000000000001,-1.8166666666666673,-23.521666666666665,-5.559999999999999,7.508333333333333,-0.6666666666666665,-3.3333333333333357,0.05666666666666664,-24.1,0.05499999999999999
202602210707,4866,6,7,2,-0.47499999999999964,-10.730000000000004,-0.9866666666666672,-11.981666666666666,9.120000000000001,-0.701666666666668,-0.6666666666666665,-2.3333333333333357,-0.003333333333333355,-28.8,0.024999999999999994
202602210708,3517,1,7,3,0.17666666666666764,5.326666666666664,0.15500000000000025,-2.0166666666666657,11.058333333333334,4.005000000000003,0.3333333333333335,-0.1666666666666643,-0.020000000000000018,53.21666666666667,-0.03166666666666665
202602210708,4074,2,7,4,1.2566666666666668,12.706666666666667,1.545,12.113333333333337,5.488333333333333,7.414999999999999,1.3333333333333335,5.833333333333336,-0.04000000000000001,11.516666666666666,-0.04166666666666666
202602210708,4393,3,7,2,-0.4933333333333332,-8.493333333333332,-2.9149999999999996,-24.236666666666665,-8.46166666666667,-0.5249999999999986,-0.6666666666666665,-3.1666666666666643,0.01999999999999999,-8.683333333333334,-0.011666666666666659
202602210708,3580,4,7,2,-1.0133333333333328,-9.253333333333334,-1.1649999999999996,-21.836666666666666,1.8183333333333316,-3.384999999999998,-0.6666666666666665,-0.1666666666666643,0.01999999999999999,-11.083333333333336,0.02833333333333335
202602210708,3251,5,7,3,0.2566666666666668,4.556666666666668,1.835,21.323333333333338,-8.71166666666667,-5.555,0.3333333333333335,1.8333333333333357,0.01999999999999999,-12.483333333333334,0.01833333333333334
202602210708,4128,6,7,2,-0.18333333333333268,-4.843333333333334,0.5449999999999999,14.653333333333336,-1.19166666666667,-1.9549999999999983,-0.6666666666666665,-4.166666666666664,0.0,-32.483333333333334,0.03833333333333336
202602210709,4441,1,7,3,1.456666666666666,15.165,2.1533333333333333,21.775,-12.655000000000003,-2.508333333333333,0.5,3.6666666666666643,-0.033333333333333326,50.06666666666667,-0.04666666666666666
202602210709,3904,2,7,1,-0.10333333333333439,0.6850000000000023,0.793333333333333,12.465000000000003,4.794999999999998,1.6216666666666697,-1.5,0.6666666666666643,0.006666666666666654,39.36666666666667,0.013333333333333336
202602210709,5306,3,7,2,-2.663333333333334,-27.155,-3.686666666666667,-32.775,2.9949999999999974,-5.9183333333333294,-0.5,-10.333333333333336,0.04666666666666666,-32.53333333333334,0.023333333333333345
202602210709,4303,4,7,2,0.086666666666666,0.24499999999999744,0.7733333333333334,14.285000000000004,1.6949999999999967,-1.9983333333333313,-0.5,0.6666666666666643,-0.003333333333333327,-13.333333333333336,-0.006666666666666654
202602210709,4596,5,7,4,0.8666666666666663,9.324999999999996,0.32333333333333325,-9.445,12.734999999999996,6.661666666666669,1.5,3.6666666666666643,-0.033333333333333326,-12.333333333333336,-0.016666666666666663
202602210709,4555,6,7,3,0.3566666666666656,1.7349999999999994,-0.35666666666666735,-6.305,-9.565000000000001,2.1416666666666657,0.5,1.6666666666666643,0.016666666666666663,-31.233333333333334,0.033333333333333354
202602210710,4786,1,7,4,1.048333333333333,14.555000000000007,0.31333333333333346,3.2650000000000006,4.41333333333333,13.135000000000005,1.1666666666666665,4.333333333333336,-0.020000000000000018,44.050000000000004,-0.01999999999999999
202602210710,3333,2,7,3,0.31833333333333336,0.5450000000000017,2.293333333333334,35.435,-0.696666666666669,-4.034999999999997,0.16666666666666652,1.3333333333333357,-0.010000000000000009,9.049999999999997,-0.010000000000000009
202602210710,5003,3,7,2,-1.1116666666666672,-8.164999999999996,-1.586666666666667,-18.244999999999997,4.263333333333332,-4.034999999999997,-0.8333333333333335,-5.666666666666664,0.01999999999999999,-8.850000000000001,0.01999999999999999
202602210710,3489,4,7,3,0.03833333333333311,-1.1949999999999932,-0.3266666666666671,-15.534999999999997,-4.696666666666669,-0.14499999999999602,0.16666666666666652,2.3333333333333357,0.009999999999999981,-17.35,0.0
202602210710,4703,5,7,3,0.3083333333333327,4.665000000000006,0.5733333333333333,13.325000000000003,-10.446666666666669,-4.984999999999996,0.16666666666666652,0.3333333333333357,-0.010000000000000009,-6.150000000000002,-0.01999999999999999
202602210710,4779,6,7,2,-0.6016666666666666,-10.404999999999998,-1.2666666666666666,-18.244999999999997,7.16333333333333,0.06500000000000483,-0.8333333333333335,-2.6666666666666643,0.009999999999999981,-20.75,0.03
202602210711,4099,1,7,4,0.7316666666666674,8.316666666666663,1.8916666666666666,18.949999999999996,3.5766666666666644,-5.293333333333333,1.3333333333333335,1.6666666666666643,0.011666666666666659,48.18333333333333,0.03
202602210711,4854,2,7,1,-0.668333333333333,-10.423333333333336,0.5016666666666669,0.46999999999999886,-0.6433333333333344,-5.953333333333333,-1.6666666666666665,-2.3333333333333357,0.02166666666666664,13.583333333333336,0.009999999999999981
202602210711,3788,3,7,3,0.15166666666666728,5.636666666666663,-4.498333333333333,-29.53,-5.843333333333337,8.766666666666666,0.3333333333333335,0.6666666666666643,-0.03833333333333336,4.683333333333337,-0.05000000000000002
202602210711,4148,4,7,3,0.2516666666666669,4.906666666666666,1.751666666666667,16.9,6.326666666666664,-4.633333333333333,0.3333333333333335,-0.3333333333333357,0.0016666666666666496,-26.916666666666664,-0.010000000000000009
202602210711,5181,5,7,2,-0.6983333333333333,-11.023333333333337,-0.09833333333333272,-4.530000000000001,5.076666666666664,11.916666666666664,-0.6666666666666665,-2.3333333333333357,0.011666666666666659,-20.716666666666665,0.0
202602210711,4159,6,7,3,0.23166666666666735,2.586666666666666,0.4516666666666671,-2.2600000000000016,-8.493333333333336,-4.803333333333335,0.3333333333333335,2.6666666666666643,-0.00833333333333336,-18.816666666666663,0.01999999999999999
202602210712,4074,1,7,4,-0.4983333333333331,-8.971666666666664,0.21333333333333382,2.0716666666666583,2.5950000000000024,2.3999999999999915,0.0,-0.5,-0.008333333333333331,30.15,-0.015000000000000013
202602210712,4083,2,7,4,0.19166666666666732,6.988333333333337,0.09333333333333371,6.6116666666666575,1.485000000000003,-9.790000000000006,0.0,-3.5,0.0016666666666666774,24.250000000000007,0.0050000000000000044
202602210712,4324,3,7,4,0.791666666666667,8.138333333333335,-0.6366666666666658,-12.058333333333344,0.3249999999999993,5.579999999999991,0.0,4.5,0.0016666666666666774,-1.5499999999999972,0.0050000000000000044
202602210712,4532,4,7,4,0.15166666666666728,5.1583333333333385,0.14333333333333442,-6.678333333333342,-0.27500000000000213,8.479999999999997,0.0,4.5,-0.008333333333333331,-4.649999999999999,-0.015000000000000013
202602210712,3995,5,7,4,-0.4883333333333324,-8.571666666666665,-0.2866666666666662,0.06166666666666032,-6.355,-6.200000000000006,0.0,-2.5,-0.01833333333333334,-16.549999999999997,-0.015000000000000013
202602210712,4051,6,7,4,-0.14833333333333254,-2.741666666666667,0.4733333333333345,9.99166666666666,2.224999999999998,-0.47000000000000597,0.0,-2.5,0.031666666666666676,-31.65,0.035
202602210601,4943,1,6,2,0.21666666666666634,1.5416666666666679,1.81,13.656666666666663,-0.6233333333333348,-10.266666666666673,0.16666666666666674,4.0,-0.033333333333333326,23.866666666666667,-0.033333333333333354
202602210601,5328,2,6,2,-0.3433333333333337,-5.418333333333333,-3.22,-18.603333333333335,-2.703333333333333,5.693333333333328,0.16666666666666674,-3.0,0.006666666666666654,-11.833333333333334,0.026666666666666644
202602210601,4110,3,6,2,0.6666666666666661,9.251666666666669,1.5899999999999994,14.726666666666663,10.35666666666667,-6.866666666666674,0.16666666666666674,2.0,-0.003333333333333327,4.7666666666666675,-0.003333333333333355
202602210601,4111,4,6,2,1.0166666666666657,6.811666666666667,0.44999999999999973,3.6166666666666636,-1.8033333333333346,10.513333333333328,0.16666666666666674,3.0,-0.003333333333333327,6.866666666666665,-0.043333333333333335
202602210601,5347,5,6,1,-1.9533333333333338,-18.458333333333332,-1.7200000000000002,-18.603333333333335,-6.043333333333333,1.5733333333333306,-0.8333333333333333,-9.0,0.03666666666666665,-11.833333333333334,0.03666666666666665
202602210601,3718,6,6,2,0.3966666666666665,6.271666666666668,1.0899999999999994,5.2066666666666634,0.81666666666667,-0.6466666666666754,0.16666666666666674,3.0,-0.003333333333333327,-11.833333333333334,0.016666666666666663
202602210602,3070,1,6,2,-0.4616666666666669,-3.7400000000000055,1.7383333333333333,22.40833333333334,0.47666666666665947,-0.32833333333333314,-0.6666666666666665,1.5,-0.003333333333333355,23.566666666666666,-0.0016666666666666913
202602210602,4137,2,6,4,1.298333333333333,16.46999999999999,1.3383333333333338,11.978333333333339,7.196666666666665,0.5316666666666663,1.3333333333333335,6.5,-0.023333333333333345,23.566666666666666,0.018333333333333326
202602210602,4308,3,6,4,1.5983333333333327,13.599999999999994,1.7683333333333335,14.36833333333334,-0.5733333333333377,-2.1183333333333323,1.3333333333333335,6.5,-0.003333333333333355,16.966666666666665,0.028333333333333308
202602210602,5066,4,6,3,1.0983333333333327,9.839999999999996,0.11833333333333318,-0.32166666666665833,-4.433333333333337,-0.20833333333333215,0.3333333333333335,3.5,0.006666666666666654,-15.333333333333334,0.028333333333333308
202602210602,5416,5,6,1,-2.431666666666667,-21.070000000000007,-3.5716666666666663,-32.14166666666666,-1.2333333333333343,-0.45833333333333215,-1.6666666666666665,-12.5,0.026666666666666644,-26.433333333333334,-0.12166666666666669
202602210602,5332,6,6,2,-1.1016666666666675,-15.100000000000005,-1.3916666666666666,-16.291666666666657,-1.4333333333333371,2.5816666666666634,-0.6666666666666665,-5.5,-0.003333333333333355,-22.333333333333336,0.048333333333333325
202602210603,5241,1,6,2,-0.9799999999999995,-7.436666666666671,-1.7350000000000003,-10.815000000000001,3.9199999999999946,-4.916666666666664,-0.8333333333333335,-4.5,0.0050000000000000044,-6.399999999999999,0.01999999999999999
202602210603,4040,2,6,3,0.5500000000000007,4.333333333333329,0.1349999999999998,9.184999999999999,-5.82,12.023333333333333,0.16666666666666652,2.5,-0.0050000000000000044,12.3,0.0
202602210603,4067,3,6,4,0.7100000000000009,10.54333333333333,0.7649999999999997,24.495,0.18999999999999773,-7.246666666666663,1.1666666666666665,2.5,0.015000000000000013,21.400000000000002,-0.01999999999999999
202602210603,5046,4,6,2,-0.8399999999999999,-12.336666666666673,-2.5250000000000004,-20.815,-1.2700000000000031,-0.36666666666666714,-0.8333333333333335,-3.5,0.0050000000000000044,-15.299999999999997,0.010000000000000009
202602210603,4082,5,6,2,-0.40999999999999925,-6.846666666666671,2.7649999999999997,-20.815,3.530000000000001,4.623333333333335,-0.8333333333333335,-0.5,-0.0050000000000000044,-4.799999999999997,0.0
202602210603,4470,6,6,4,0.9700000000000006,11.743333333333325,0.5949999999999998,18.764999999999997,-0.5500000000000007,-4.116666666666667,1.1666666666666665,3.5,-0.014999999999999986,-7.199999999999999,-0.010000000000000009
202602210604,4857,1,6,4,1.7433333333333332,18.986666666666668,1.6733333333333338,30.36833333333334,11.733333333333334,-2.7533333333333374,1.8333333333333335,8.0,-0.01833333333333334,66.55,-0.031666666666666676
202602210604,4104,2,6,2,0.503333333333333,7.316666666666666,1.0333333333333332,3.3783333333333374,-2.9566666666666634,-5.173333333333336,-0.16666666666666652,1.0,-0.03833333333333333,-0.15000000000000568,-0.051666666666666666
202602210604,5178,3,6,2,-0.24666666666666703,-3.793333333333333,-1.0366666666666666,-5.191666666666663,-1.1566666666666663,-15.883333333333333,-0.16666666666666652,-1.0,0.021666666666666667,-7.850000000000005,-0.0016666666666666774
202602210604,5327,4,6,1,-2.796666666666667,-24.523333333333333,-3.0166666666666666,-25.191666666666663,4.723333333333336,7.366666666666667,-1.1666666666666665,-13.0,0.04166666666666666,-27.850000000000005,0.05833333333333332
202602210604,4105,5,6,2,1.043333333333333,6.776666666666667,1.9533333333333331,10.288333333333334,-3.4166666666666643,8.566666666666663,-0.16666666666666652,4.0,-0.008333333333333331,-2.850000000000005,-0.021666666666666667
202602210604,3569,6,6,2,-0.24666666666666703,-4.763333333333332,-0.6066666666666665,-13.651666666666664,-8.926666666666662,7.876666666666665,-0.16666666666666652,1.0,0.0016666666666666496,-27.850000000000005,0.04833333333333334
202602210605,5328,1,6,2,-1.3833333333333337,-15.740000000000002,-4.715000000000001,-30.466666666666665,-1.298333333333332,8.76833333333333,-0.8333333333333335,-8.0,0.01999999999999999,-19.35,-0.12333333333333335
202602210605,3300,2,6,4,1.1066666666666665,14.579999999999998,2.4849999999999994,19.533333333333335,-9.248333333333331,-0.94166666666667,1.1666666666666665,4.0,-0.010000000000000009,26.049999999999997,0.016666666666666663
202602210605,4804,3,6,4,1.5966666666666658,17.22,1.0749999999999993,4.823333333333334,3.3916666666666657,-5.431666666666668,1.1666666666666665,8.0,0.010000000000000009,30.65,0.026666666666666644
202602210605,3509,4,6,2,-1.0033333333333339,-9.810000000000002,0.504999999999999,2.8633333333333333,-1.9383333333333326,0.30833333333333,-0.8333333333333335,-3.0,-0.01999999999999999,-10.350000000000001,-0.003333333333333355
202602210605,3777,5,6,3,1.3566666666666665,15.07,1.5249999999999995,14.363333333333333,15.12166666666667,-2.561666666666671,0.16666666666666652,3.0,0.010000000000000009,-7.650000000000002,0.04666666666666666
202602210605,4268,6,6,2,-1.6733333333333338,-21.32,-0.8750000000000009,-11.116666666666664,-6.028333333333332,-0.14166666666667282,-0.8333333333333335,-4.0,-0.010000000000000009,-19.35,0.03666666666666665
202602210606,5360,1,6,2,-1.7400000000000002,-20.173333333333332,-3.056666666666666,-33.714999999999996,7.276666666666671,-11.126666666666665,-0.6666666666666665,-9.666666666666664,0.016666666666666635,-27.383333333333336,-0.13166666666666668
202602210606,4111,2,6,2,-0.10000000000000053,-4.233333333333334,-1.456666666666666,-11.494999999999997,-4.343333333333334,10.553333333333335,-0.6666666666666665,-1.6666666666666643,0.006666666666666654,8.91666666666666,0.04833333333333331
202602210606,4261,3,6,4,0.96,7.996666666666666,0.9433333333333342,1.9950000000000045,-6.803333333333331,-3.1766666666666694,1.3333333333333335,5.333333333333336,-0.003333333333333355,17.616666666666664,0.02833333333333332
202602210606,3070,4,6,2,-0.1299999999999999,0.7266666666666666,1.5133333333333336,20.835,0.7366666666666646,-5.226666666666667,-0.6666666666666665,1.3333333333333357,-0.003333333333333355,-0.783333333333335,-0.011666666666666686
202602210606,4966,5,6,3,0.5199999999999996,9.626666666666669,1.2533333333333339,16.285000000000004,-1.8533333333333317,6.233333333333334,0.3333333333333335,2.3333333333333357,-0.023333333333333345,11.716666666666665,-0.0016666666666666774
202602210606,4131,6,6,3,0.4900000000000002,6.056666666666668,0.8033333333333337,6.095000000000006,4.986666666666665,2.7433333333333323,0.3333333333333335,2.3333333333333357,0.006666666666666654,-10.083333333333336,0.06833333333333333
202602210607,3715,1,6,3,0.9933333333333332,2.166666666666668,2.201666666666666,12.116666666666667,-3.719999999999999,-7.890000000000001,0.5,8.666666666666664,0.021666666666666667,41.6,0.05499999999999999
202602210607,3797,2,6,2,-0.43666666666666654,-8.173333333333332,-4.318333333333333,-31.36333333333333,-8.229999999999997,6.530000000000001,-0.5,4.666666666666664,0.061666666666666675,-14.300000000000004,0.05499999999999999
202602210607,4816,3,6,3,1.3033333333333337,15.996666666666666,3.0116666666666667,24.196666666666673,1.2700000000000031,0.519999999999996,0.5,10.666666666666664,0.021666666666666667,10.099999999999994,-0.0050000000000000044
202602210607,4943,4,6,2,-0.5866666666666664,-7.683333333333334,0.7116666666666669,0.8966666666666683,2.3200000000000003,-8.21,-0.5,4.666666666666664,0.011666666666666686,-0.10000000000000142,-0.0050000000000000044
202602210607,4342,5,6,4,2.0533333333333337,25.37666666666667,2.711666666666667,25.516666666666673,1.480000000000004,-1.1099999999999994,1.5,13.666666666666664,0.011666666666666686,-2.000000000000007,0.024999999999999994
202602210607,5444,6,6,1,-3.3266666666666667,-27.683333333333334,-4.318333333333333,-31.36333333333333,6.880000000000003,10.159999999999997,-1.5,-42.333333333333336,-0.12833333333333333,-35.300000000000004,-0.125
202602210608,4067,1,6,4,1.1733333333333338,15.613333333333333,1.4850000000000003,15.375,-5.473333333333336,-0.6483333333333299,1.6666666666666665,5.333333333333336,-0.0050000000000000044,51.83333333333333,-0.003333333333333327
202602210608,4152,2,6,2,0.3433333333333337,4.993333333333329,-0.054999999999999716,0.8349999999999973,-0.9433333333333351,0.9216666666666669,-0.3333333333333335,1.3333333333333357,-0.0050000000000000044,-2.0666666666666664,0.006666666666666654
202602210608,4562,3,6,2,-0.7966666666666669,-17.116666666666667,-1.0749999999999997,-18.825000000000003,-2.673333333333339,1.7616666666666667,-0.3333333333333335,-0.6666666666666643,0.004999999999999977,-14.866666666666664,0.006666666666666654
202602210608,5075,4,6,3,1.7033333333333331,14.873333333333331,2.535,29.155,2.566666666666663,-1.168333333333333,0.6666666666666665,7.333333333333336,-0.0050000000000000044,11.933333333333334,-0.013333333333333336
202602210608,4110,5,6,2,-0.3866666666666667,-1.7766666666666673,0.29499999999999993,3.394999999999996,7.656666666666666,-1.168333333333333,-0.3333333333333335,-1.6666666666666643,-0.0050000000000000044,-19.766666666666666,-0.013333333333333336
202602210608,5416,6,6,1,-2.0366666666666666,-16.586666666666666,-3.1849999999999996,-29.935000000000002,-1.1333333333333329,0.3016666666666694,-1.3333333333333335,-11.666666666666664,0.014999999999999986,-27.066666666666663,0.016666666666666663
202602210609,3911,1,6,3,0.4283333333333328,4.006666666666668,1.54,17.38666666666667,3.0816666666666706,7.391666666666666,0.5,2.6666666666666643,-0.008333333333333331,31.416666666666668,0.003333333333333355
202602210609,4804,2,6,4,1.5383333333333322,16.126666666666665,1.4500000000000002,12.67666666666667,3.981666666666669,-6.548333333333336,1.5,8.666666666666664,0.0016666666666666774,32.41666666666667,0.013333333333333336
202602210609,5046,3,6,2,-0.42166666666666774,-7.653333333333336,-1.63,-22.61333333333333,-2.2383333333333297,2.49166666666666,-0.5,-1.3333333333333357,-0.008333333333333331,-4.883333333333333,-0.03666666666666665
202602210609,5347,4,6,1,-3.0516666666666676,-29.873333333333335,-2.84,-22.61333333333333,-4.0483333333333285,3.5316666666666663,-1.5,-13.333333333333336,0.04166666666666666,-27.583333333333332,0.06333333333333335
202602210609,5066,5,6,3,1.4483333333333324,13.936666666666667,0.6799999999999997,9.20666666666667,0.3616666666666717,-3.188333333333336,0.5,3.6666666666666643,0.0016666666666666774,-3.7833333333333314,-0.006666666666666654
202602210609,4104,6,6,2,0.05833333333333268,3.4566666666666634,0.7999999999999998,5.9566666666666706,-1.1383333333333283,-3.678333333333338,-0.5,-0.3333333333333357,-0.02833333333333332,-27.583333333333332,-0.03666666666666665
202602210610,4137,1,6,4,0.9699999999999998,12.811666666666667,0.38833333333333364,6.916666666666664,10.778333333333336,-6.850000000000001,1.0,3.3333333333333357,-0.01833333333333334,43.08333333333333,-0.010000000000000009
202602210610,4105,2,6,2,-0.08000000000000007,-4.838333333333331,0.20833333333333304,-1.7233333333333363,-2.8116666666666674,5.659999999999997,-1.0,-0.6666666666666643,0.011666666666666659,8.783333333333331,-2.7755575615628914e-17
202602210610,4040,3,6,3,0.29000000000000004,1.2616666666666703,-0.48166666666666647,-7.203333333333333,-8.001666666666665,10.479999999999997,0.0,1.3333333333333357,-0.00833333333333336,12.783333333333331,-0.020000000000000018
202602210610,3718,4,6,2,-1.38,-12.89833333333333,-1.541666666666667,-13.393333333333334,1.5983333333333363,-3.0900000000000034,-1.0,-4.666666666666664,0.011666666666666659,-28.71666666666667,0.009999999999999981
202602210610,4131,5,6,3,-0.16999999999999993,-2.068333333333328,0.07833333333333314,2.606666666666669,8.30833333333333,0.259999999999998,0.0,-0.6666666666666643,0.011666666666666659,-17.416666666666668,0.009999999999999981
202602210610,3300,6,6,4,0.3700000000000001,5.731666666666669,1.3483333333333336,12.796666666666667,-9.871666666666666,-6.460000000000001,1.0,1.3333333333333357,-0.00833333333333336,-18.51666666666667,0.009999999999999981
202602210611,4966,1,6,3,-0.1899999999999995,-0.6416666666666657,0.07833333333333314,12.371666666666663,-0.5600000000000023,7.36333333333333,0.0,-0.8333333333333357,-0.006666666666666682,30.91666666666667,-0.010000000000000009
202602210611,3509,2,6,2,-1.7899999999999991,-20.80166666666667,-1.081666666666667,-4.298333333333339,-4.590000000000003,-1.5966666666666711,-1.0,-5.833333333333336,-0.006666666666666682,-20.483333333333334,0.009999999999999981
202602210611,4342,3,6,4,1.0300000000000011,13.288333333333334,0.7283333333333335,19.251666666666665,-2.710000000000001,-1.9966666666666697,1.0,5.166666666666664,-0.006666666666666682,30.316666666666663,-0.030000000000000027
202602210611,4644,4,6,3,1.1000000000000005,14.98833333333333,-0.9016666666666664,-7.628333333333337,-1.7700000000000031,-8.416666666666671,0.0,0.1666666666666643,0.0033333333333332993,-14.483333333333334,-0.020000000000000018
202602210611,4857,5,6,4,0.5700000000000012,5.228333333333332,-0.5216666666666665,17.931666666666665,10.309999999999995,-2.046666666666674,1.0,3.1666666666666643,0.013333333333333308,-7.183333333333337,0.01999999999999999
202602210611,4082,6,6,2,-0.7199999999999989,-12.061666666666667,1.6983333333333333,-37.62833333333334,-0.6799999999999997,6.693333333333328,-1.0,-1.8333333333333357,0.0033333333333332993,-19.083333333333336,0.02999999999999997
202602210612,4261,1,6,4,0.36666666666666625,2.9766666666666666,0.6533333333333333,3.6983333333333377,-3.7416666666666636,0.5266666666666673,1.0,2.8333333333333357,-0.003333333333333355,50.18333333333334,-0.011666666666666659
202602210612,3569,2,6,2,-1.3033333333333337,-13.273333333333333,-1.916666666666667,-20.471666666666664,-8.581666666666663,11.15666666666667,-1.0,-3.1666666666666643,0.016666666666666635,-5.716666666666669,0.00833333333333336
202602210612,5241,3,6,2,-1.1733333333333338,-7.403333333333332,-1.916666666666667,-22.011666666666663,1.4783333333333317,-0.2733333333333299,-1.0,-5.166666666666664,-0.003333333333333355,2.5833333333333357,-0.0016666666666666496
202602210612,4308,4,6,4,1.336666666666666,13.046666666666667,1.253333333333333,14.498333333333335,2.748333333333335,-3.313333333333329,1.0,3.8333333333333357,-0.003333333333333355,5.983333333333334,-0.011666666666666659
202602210612,3715,5,6,3,0.086666666666666,-4.673333333333332,1.1033333333333326,11.468333333333334,-6.141666666666666,-6.20333333333333,0.0,0.8333333333333357,-0.013333333333333364,-14.016666666666666,-0.011666666666666659
202602210612,3777,6,6,3,0.6866666666666665,9.326666666666668,0.8233333333333333,12.818333333333335,14.238333333333337,-1.8933333333333309,0.0,0.8333333333333357,0.006666666666666654,-39.016666666666666,0.02833333333333335
202602210401,3474,1,4,2,1.4316666666666666,13.873333333333335,1.5200000000000005,14.548333333333334,-0.769999999999996,-2.001666666666665,0.33333333333333326,13.166666666666664,0.025000000000000022,33.36666666666666,0.06333333333333334
202602210401,5203,2,4,2,0.8816666666666659,6.753333333333334,-0.3199999999999994,-14.021666666666667,8.93,3.7683333333333344,0.33333333333333326,10.166666666666664,0.0050000000000000044,8.866666666666664,0.05333333333333336
202602210401,4689,3,4,3,1.6916666666666664,15.573333333333334,4.010000000000001,41.538333333333334,2.5,-0.30166666666666586,1.3333333333333333,14.166666666666664,0.0050000000000000044,31.066666666666666,0.01333333333333335
202602210401,5361,4,4,1,-0.6783333333333337,-10.806666666666667,-1.1699999999999995,-14.021666666666667,3.6799999999999997,1.8183333333333387,-0.6666666666666667,2.1666666666666643,0.04500000000000001,-24.433333333333334,0.10333333333333335
202602210401,5410,5,4,1,-1.5383333333333336,-11.416666666666666,-1.2699999999999996,-14.021666666666667,-6.91,2.0583333333333336,-0.6666666666666667,-3.8333333333333357,0.065,-24.433333333333334,-0.11666666666666665
202602210401,5439,6,4,1,-1.7883333333333336,-13.976666666666667,-2.7699999999999996,-14.021666666666667,-7.43,-5.341666666666665,-0.6666666666666667,-35.833333333333336,-0.145,-24.433333333333334,-0.11666666666666665
202602210402,4339,1,4,2,-0.9016666666666673,-11.690000000000001,-1.0599999999999996,-14.111666666666672,14.381666666666668,-9.058333333333334,-0.6666666666666665,-4.0,0.011666666666666659,20.45,-0.0016666666666667052
202602210402,4575,2,4,4,0.7183333333333328,6.689999999999998,0.71,7.258333333333333,-7.888333333333332,3.751666666666665,1.3333333333333335,3.0,-0.02833333333333335,17.749999999999996,-0.021666666666666695
202602210402,4420,3,4,3,0.5983333333333327,7.3799999999999955,0.6299999999999999,5.12833333333333,3.3516666666666666,7.641666666666666,0.3333333333333335,2.0,0.0016666666666666496,18.05,-0.011666666666666686
202602210402,3514,4,4,3,0.39833333333333254,5.07,0.40000000000000036,6.528333333333329,-4.908333333333331,-6.688333333333336,0.3333333333333335,3.0,0.0016666666666666496,-16.25,-0.0016666666666667052
202602210402,3931,5,4,2,0.2883333333333322,4.009999999999998,0.40000000000000036,6.528333333333329,-8.898333333333333,-1.8183333333333351,-0.6666666666666665,0.0,0.0016666666666666496,-17.05,0.008333333333333304
202602210402,4527,6,4,2,-1.1016666666666675,-11.460000000000004,-1.08,-11.33166666666667,3.961666666666666,6.171666666666667,-0.6666666666666665,-4.0,0.011666666666666659,-22.950000000000003,0.028333333333333294
202602210403,3546,1,4,2,-1.4666666666666668,-19.211666666666666,-1.6349999999999998,-19.228333333333335,3.471666666666671,8.148333333333333,-1.0,-6.166666666666664,0.024999999999999994,12.449999999999996,0.013333333333333364
202602210403,4060,2,4,2,-0.49666666666666703,0.9883333333333368,-0.004999999999999893,4.81166666666666,-7.96833333333333,-3.181666666666665,-1.0,-3.1666666666666643,0.0050000000000000044,-1.250000000000007,-0.006666666666666654
202602210403,4073,3,4,3,0.4733333333333336,6.528333333333336,0.3949999999999996,3.191666666666663,-2.848333333333329,0.23833333333332973,0.0,0.8333333333333357,0.0050000000000000044,18.049999999999997,0.003333333333333355
202602210403,4398,4,4,4,1.1033333333333335,12.668333333333337,0.28500000000000014,3.8316666666666634,1.9216666666666669,6.538333333333334,1.0,4.833333333333336,-0.024999999999999994,8.849999999999994,-0.026666666666666644
202602210403,4043,5,4,3,-0.08666666666666689,-3.8716666666666626,1.1550000000000002,18.471666666666664,4.87166666666667,6.258333333333333,0.0,0.8333333333333357,-0.015000000000000013,-15.250000000000004,-0.006666666666666654
202602210403,4298,6,4,4,0.4733333333333336,2.8983333333333334,-0.19500000000000028,-11.078333333333337,0.5516666666666694,-18.00166666666667,1.0,2.8333333333333357,0.0050000000000000044,-22.850000000000005,0.023333333333333345
202602210404,4231,1,4,3,0.19833333333333414,-0.11666666666666359,0.36666666666666625,0.8283333333333331,-5.171666666666667,7.136666666666663,0.16666666666666652,-0.8333333333333357,-0.006666666666666654,37.333333333333336,0.0016666666666666496
202602210404,4505,2,4,3,1.118333333333334,14.623333333333338,0.7666666666666666,6.208333333333336,0.4383333333333326,2.786666666666669,0.16666666666666652,2.1666666666666643,-0.016666666666666663,20.133333333333333,-0.00833333333333336
202602210404,4181,3,4,2,-0.9816666666666656,-13.556666666666661,-0.7333333333333334,-3.931666666666665,0.6083333333333343,5.9566666666666634,-0.8333333333333335,-4.833333333333336,0.013333333333333336,-1.3666666666666671,0.011666666666666659
202602210404,4057,4,4,3,0.6983333333333341,13.273333333333337,-0.7333333333333334,-4.911666666666665,-1.3516666666666666,-2.1833333333333336,0.16666666666666652,1.1666666666666643,-0.016666666666666663,-15.966666666666665,0.0016666666666666496
202602210404,3461,5,4,2,-2.051666666666666,-18.936666666666664,-1.8333333333333335,-17.121666666666663,-3.94166666666667,-2.0233333333333334,-0.8333333333333335,-10.833333333333336,0.06333333333333332,-23.466666666666665,0.02166666666666664
202602210404,4504,6,4,4,1.0183333333333344,4.713333333333335,2.166666666666667,18.928333333333335,9.41833333333333,-11.673333333333332,1.1666666666666665,13.166666666666664,-0.03666666666666665,-16.666666666666664,-0.02833333333333335
202602210405,4544,1,4,4,2.55,34.68833333333333,1.663333333333333,20.051666666666662,-2.4283333333333346,-4.731666666666666,1.6666666666666665,10.166666666666664,-0.006666666666666654,66.38333333333333,-0.02833333333333332
202602210405,4197,2,4,2,-1.71,-22.551666666666666,-0.006666666666666821,-10.458333333333336,3.8816666666666677,4.818333333333335,-0.3333333333333335,-5.833333333333336,0.013333333333333336,-19.71666666666667,0.0016666666666666774
202602210405,5319,3,4,2,-0.25,-5.431666666666665,-3.3566666666666665,-26.248333333333335,-4.1683333333333294,7.308333333333337,-0.3333333333333335,-0.8333333333333357,-0.03666666666666665,-2.5166666666666693,-0.0383333333333333
202602210405,3772,4,4,2,0.2999999999999998,0.778333333333336,0.7333333333333334,0.07166666666666544,-2.30833333333333,-0.9916666666666671,-0.3333333333333335,1.1666666666666643,-0.016666666666666663,0.28333333333333144,-0.0383333333333333
202602210405,4093,5,4,2,-0.9100000000000001,-11.021666666666665,0.04333333333333389,4.051666666666666,-0.06833333333333513,-3.8616666666666646,-0.3333333333333335,-2.8333333333333357,0.023333333333333345,-19.71666666666667,0.031666666666666676
202602210405,3475,6,4,2,0.019999999999999574,3.538333333333334,0.9233333333333338,12.531666666666666,5.091666666666669,-2.5416666666666643,-0.3333333333333335,-1.8333333333333357,0.023333333333333345,-24.71666666666667,0.07166666666666668
202602210406,5185,1,4,2,0.42666666666666675,-1.0933333333333408,-0.3133333333333326,-14.508333333333331,-7.691666666666663,3.280000000000001,-0.6666666666666665,1.3333333333333357,-0.015000000000000013,28.36666666666667,0.008333333333333331
202602210406,4292,2,4,4,1.3266666666666662,9.86666666666666,1.4766666666666675,20.111666666666668,-1.971666666666664,-3.41,1.3333333333333335,4.333333333333336,-0.024999999999999994,30.26666666666667,-0.011666666666666686
202602210406,3159,3,4,4,1.6366666666666667,18.39666666666666,2.0266666666666673,23.771666666666665,3.028333333333336,-1.8900000000000006,1.3333333333333335,9.333333333333336,-0.0050000000000000044,-24.23333333333333,-0.13166666666666668
202602210406,4527,4,4,2,-1.0233333333333334,-12.353333333333342,-0.543333333333333,-4.888333333333332,9.278333333333336,5.700000000000003,-0.6666666666666665,-2.6666666666666643,0.0050000000000000044,-13.133333333333331,0.03833333333333333
202602210406,4403,5,4,3,1.0166666666666666,14.716666666666661,0.706666666666667,5.401666666666667,-0.7916666666666607,-4.469999999999999,0.3333333333333335,3.3333333333333357,-0.0050000000000000044,2.9666666666666686,0.018333333333333313
202602210406,5410,6,4,1,-3.3833333333333333,-29.533333333333342,-3.3533333333333326,-29.888333333333332,-1.851666666666663,0.7899999999999991,-1.6666666666666665,-15.666666666666664,0.044999999999999984,-24.23333333333333,0.07833333333333331
202602210407,4689,1,4,3,-0.3583333333333334,0.015000000000000568,1.0966666666666667,19.07333333333333,1.1483333333333334,-1.171666666666674,0.3333333333333335,-1.8333333333333357,-0.006666666666666682,43.53333333333333,-0.003333333333333355
202602210407,3931,2,4,2,0.16166666666666618,5.675000000000001,0.10666666666666647,6.373333333333328,-9.991666666666667,-1.8916666666666728,-0.6666666666666665,-2.8333333333333357,0.003333333333333327,-6.466666666666669,-0.013333333333333336
202602210407,4200,3,4,2,-0.9883333333333333,-7.555,-1.0533333333333337,-11.486666666666672,4.138333333333335,-4.9416666666666735,-0.6666666666666665,-4.833333333333336,0.013333333333333336,-30.266666666666666,0.006666666666666654
202602210407,4369,4,4,3,0.7816666666666663,15.345000000000002,-0.32333333333333325,0.8433333333333266,1.5883333333333312,9.528333333333329,0.3333333333333335,-0.8333333333333357,0.003333333333333327,26.83333333333333,0.006666666666666654
202602210407,4362,5,4,4,1.1516666666666664,4.364999999999998,1.6366666666666667,10.57333333333333,1.3183333333333351,-4.301666666666673,1.3333333333333335,15.166666666666664,-0.026666666666666672,-7.966666666666665,-0.013333333333333336
202602210407,3352,6,4,2,-0.7483333333333331,-17.845,-1.4633333333333338,-25.376666666666672,1.798333333333332,2.778333333333329,-0.6666666666666665,-4.833333333333336,0.013333333333333336,-25.666666666666664,0.016666666666666663
202602210408,3514,1,4,3,0.9749999999999996,11.311666666666675,1.0633333333333326,11.35666666666667,-5.979999999999997,-9.309999999999999,0.6666666666666665,5.5,-0.01833333333333334,61.19999999999999,-0.03166666666666665
202602210408,3945,2,4,2,-0.7950000000000004,-4.64833333333333,0.9733333333333327,18.49666666666667,-4.6299999999999955,-2.4099999999999966,-0.3333333333333335,-1.5,0.021666666666666667,-2.600000000000005,0.03833333333333333
202602210408,3546,3,4,2,-0.10500000000000043,-4.958333333333329,-0.6166666666666671,-12.063333333333329,1.480000000000004,9.160000000000004,-0.3333333333333335,-1.5,0.011666666666666659,-7.600000000000005,0.01833333333333334
202602210408,4653,4,4,4,2.3249999999999993,28.12166666666667,1.6433333333333326,16.64666666666667,5.340000000000003,0.8700000000000045,1.6666666666666665,6.5,-0.03833333333333333,4.199999999999996,-0.051666666666666666
202602210408,4181,5,4,2,-0.375,-8.038333333333327,0.06333333333333258,-2.93333333333333,1.4400000000000048,3.289999999999999,-0.3333333333333335,-0.5,0.011666666666666659,-27.600000000000005,0.03833333333333333
202602210408,5361,6,4,1,-2.0250000000000004,-21.788333333333327,-3.1266666666666674,-31.50333333333333,2.3500000000000014,-1.5999999999999943,-1.3333333333333335,-8.5,0.011666666666666659,-27.600000000000005,-0.011666666666666659
202602210409,4420,1,4,3,0.3850000000000007,4.439999999999998,1.041666666666667,15.883333333333333,0.018333333333323765,6.450000000000003,0.16666666666666652,1.5,-0.003333333333333355,48.0,-0.006666666666666654
202602210409,4298,2,4,4,1.0450000000000008,7.969999999999999,0.5716666666666672,2.013333333333332,-3.701666666666675,-15.559999999999999,1.1666666666666665,4.5,0.006666666666666654,13.100000000000005,0.003333333333333355
202602210409,4197,3,4,2,-1.7349999999999994,-24.94,-0.2983333333333329,-9.786666666666669,3.4083333333333243,6.130000000000003,-0.8333333333333335,-6.5,0.016666666666666635,-15.999999999999996,0.023333333333333345
202602210409,5203,4,4,2,-1.255,-13.41,-2.5283333333333324,-25.576666666666668,5.338333333333324,1.7800000000000011,-0.8333333333333335,-3.5,-0.013333333333333364,-6.9999999999999964,-0.016666666666666663
202602210409,4134,5,4,3,1.0450000000000008,16.33,1.4016666666666673,15.453333333333333,-2.2816666666666734,4.6200000000000045,0.16666666666666652,1.5,-0.003333333333333355,-17.299999999999997,0.003333333333333355
202602210409,4057,6,4,3,0.5150000000000006,9.61,-0.18833333333333258,2.013333333333332,-2.7816666666666734,-3.419999999999998,0.16666666666666652,2.5,-0.003333333333333355,-20.799999999999997,-0.006666666666666654
202602210410,3612,1,4,4,0.5966666666666658,8.718333333333334,0.32333333333333325,3.2250000000000014,9.976666666666667,-4.565000000000005,1.1666666666666665,2.1666666666666643,-0.025000000000000022,48.06666666666667,-0.023333333333333345
202602210410,4231,2,4,3,-0.26333333333333453,-5.961666666666666,0.21333333333333293,-3.4450000000000003,-4.083333333333329,5.664999999999992,0.16666666666666652,-0.8333333333333357,0.014999999999999986,14.666666666666664,0.006666666666666654
202602210410,4043,3,4,3,0.20666666666666522,-0.981666666666662,1.2233333333333336,20.365000000000002,3.1366666666666703,8.464999999999996,0.16666666666666652,1.1666666666666643,-0.005000000000000032,6.366666666666667,-0.003333333333333355
202602210410,3474,4,4,2,-0.9833333333333343,-8.471666666666664,-1.3866666666666667,-8.204999999999998,-1.8433333333333266,-4.225000000000005,-0.8333333333333335,-1.8333333333333357,0.014999999999999986,-16.633333333333333,0.006666666666666654
202602210410,3772,5,4,2,-0.0033333333333347426,-3.7916666666666643,-0.2566666666666668,-10.454999999999998,-0.2633333333333283,0.08499999999999375,-0.8333333333333335,-0.8333333333333357,-0.005000000000000032,-21.933333333333334,-0.003333333333333355
202602210410,4403,6,4,3,0.44666666666666544,10.488333333333337,-0.11666666666666714,-1.4849999999999994,-6.9233333333333285,-5.425000000000004,0.16666666666666652,0.1666666666666643,0.004999999999999977,-30.53333333333333,0.016666666666666663
202602210411,4292,1,4,4,0.6483333333333334,4.708333333333336,1.3666666666666663,18.313333333333336,-8.461666666666666,-5.276666666666667,1.1666666666666665,1.8333333333333357,-0.015000000000000013,46.983333333333334,0.003333333333333355
202602210411,4369,2,4,3,0.30833333333333357,7.628333333333337,0.3966666666666665,5.643333333333334,1.5083333333333329,7.263333333333335,0.16666666666666652,0.8333333333333357,0.004999999999999977,-4.516666666666666,0.003333333333333355
202602210411,4505,3,4,3,0.5483333333333338,7.848333333333336,1.3266666666666662,7.023333333333337,1.1683333333333366,0.403333333333336,0.16666666666666652,2.8333333333333357,0.004999999999999977,-5.016666666666666,0.003333333333333355
202602210411,4073,4,4,3,0.6583333333333341,8.488333333333337,1.1766666666666659,10.173333333333336,-4.941666666666663,1.5333333333333314,0.16666666666666652,1.8333333333333357,0.014999999999999986,9.083333333333336,0.003333333333333355
202602210411,4339,5,4,2,-1.501666666666666,-17.741666666666664,-0.6333333333333337,-9.466666666666665,13.208333333333336,-11.396666666666665,-0.8333333333333335,-5.166666666666664,0.014999999999999986,-23.016666666666666,0.013333333333333336
202602210411,5319,6,4,2,-0.6616666666666662,-10.931666666666665,-3.6333333333333337,-31.686666666666664,-2.481666666666662,7.473333333333336,-0.8333333333333335,-2.1666666666666643,-0.025000000000000022,-23.516666666666666,-0.026666666666666644
202602210412,3159,1,4,4,0.019999999999999574,4.524999999999999,0.1516666666666655,6.2366666666666575,-3.1199999999999974,-0.47333333333333627,0.0,-2.1666666666666643,0.016666666666666663,32.26666666666667,-0.0050000000000000044
202602210412,4504,2,4,4,-0.4900000000000002,-10.775000000000006,0.961666666666666,4.006666666666661,10.490000000000002,-10.773333333333333,0.0,4.833333333333336,-0.003333333333333327,-12.033333333333331,0.0050000000000000044
202602210412,4362,3,4,4,-0.2600000000000007,-12.065000000000005,0.5916666666666659,-0.36333333333333684,1.5800000000000054,-3.283333333333335,0.0,7.833333333333336,-0.013333333333333336,-14.133333333333333,-0.024999999999999994
202602210412,4575,4,4,4,-0.8200000000000003,-8.075000000000003,-0.6283333333333347,-3.8333333333333357,-8.719999999999995,4.696666666666665,0.0,-7.166666666666664,-0.013333333333333336,-10.833333333333336,-0.035
202602210412,4544,5,4,4,1.1999999999999993,20.474999999999994,-0.37833333333333474,-1.123333333333342,-0.3999999999999986,-1.283333333333335,0.0,-0.1666666666666643,0.016666666666666663,25.866666666666667,0.024999999999999994
202602210412,4398,6,4,4,0.34999999999999964,5.914999999999999,-0.6983333333333341,-4.923333333333339,0.1700000000000017,11.116666666666667,0.0,-3.1666666666666643,-0.003333333333333327,-21.133333333333333,0.035
202602210301,5042,1,3,4,-0.129999999999999,-6.810000000000002,-0.7716666666666656,-11.584999999999994,0.3099999999999987,4.81333333333334,0.0,3.0,-0.033333333333333354,41.733333333333334,-0.051666666666666694
202602210301,4543,2,3,4,0.02000000000000135,0.740000000000002,-0.4016666666666655,-10.974999999999994,-2.5699999999999967,-3.1466666666666647,0.0,-3.0,0.016666666666666663,-1.36666666666666,0.018333333333333313
202602210301,4604,3,3,4,0.6300000000000008,0.3200000000000003,0.4883333333333342,-2.9749999999999943,7.16,5.983333333333334,0.0,6.0,-0.003333333333333355,-2.86666666666666,0.008333333333333304
202602210301,4598,4,3,4,-0.9599999999999991,-7.939999999999998,-0.4116666666666653,-0.9749999999999943,-4.429999999999996,-2.8366666666666625,0.0,-4.0,-0.013333333333333336,-5.566666666666663,-0.011666666666666686
202602210301,4391,5,3,4,0.02000000000000135,2.8999999999999986,0.29833333333333467,8.595000000000006,-6.689999999999998,-4.366666666666664,0.0,0.0,0.016666666666666663,-4.166666666666657,-0.0016666666666666774
202602210301,4624,6,3,4,0.4200000000000008,10.79,0.7983333333333347,17.915000000000006,6.220000000000002,-0.44666666666666544,0.0,-2.0,0.016666666666666663,-27.76666666666666,0.0383333333333333
202602210302,4311,1,3,4,-0.031666666666667176,3.1766666666666623,-0.211666666666666,3.978333333333339,-6.731666666666669,4.636666666666663,0.0,-5.333333333333336,0.003333333333333327,40.31666666666666,-0.006666666666666682
202602210302,4366,2,3,4,0.1083333333333325,2.596666666666664,-0.2916666666666661,1.1883333333333397,10.958333333333336,-2.883333333333333,0.0,-6.333333333333336,0.013333333333333308,7.916666666666664,0.013333333333333308
202602210302,5017,3,3,4,-0.05166666666666764,1.9266666666666623,0.6783333333333337,1.8083333333333371,2.078333333333333,-4.003333333333337,0.0,2.6666666666666643,-0.006666666666666682,25.016666666666666,0.003333333333333327
202602210302,4586,4,3,4,0.3683333333333323,2.1766666666666623,-0.961666666666666,-20.41166666666666,-10.221666666666668,-6.393333333333334,0.0,8.666666666666664,-0.01666666666666669,-13.383333333333336,-0.026666666666666686
202602210302,4028,5,3,4,-0.3116666666666674,-3.663333333333334,-0.461666666666666,-5.3316666666666634,-1.1816666666666649,3.876666666666665,0.0,-2.3333333333333357,0.013333333333333308,-29.683333333333337,0.013333333333333308
202602210302,3716,6,3,4,-0.081666666666667,-6.213333333333338,1.248333333333334,18.76833333333333,5.098333333333329,4.766666666666666,0.0,2.6666666666666643,-0.006666666666666682,-30.183333333333337,0.003333333333333327
202602210303,4959,1,3,4,-0.008333333333333748,0.94166666666667,0.7183333333333328,13.910000000000004,-2.7166666666666686,7.458333333333329,0.0,0.0,0.006666666666666654,42.03333333333333,-0.0050000000000000044
202602210303,4266,2,3,4,-0.08833333333333382,-5.098333333333329,0.7883333333333331,9.410000000000004,-4.416666666666671,-6.341666666666672,0.0,6.0,-0.003333333333333327,-1.8666666666666671,-0.0050000000000000044
202602210303,4483,3,3,4,-0.19833333333333325,-3.2083333333333357,-0.17166666666666686,-2.069999999999993,-3.81666666666667,-0.7316666666666691,0.0,-1.0,-0.003333333333333327,7.43333333333333,-0.015000000000000013
202602210303,4614,4,3,4,-0.30833333333333357,-1.3183333333333351,-0.5116666666666667,-12.089999999999996,4.773333333333326,1.55833333333333,0.0,-5.0,-0.003333333333333327,2.633333333333333,-0.03500000000000002
202602210303,4370,5,3,4,0.38166666666666593,6.531666666666666,0.8083333333333327,8.150000000000006,-2.526666666666671,-0.10166666666667368,0.0,0.0,-0.003333333333333327,-10.766666666666666,0.024999999999999994
202602210303,5224,6,3,4,0.22166666666666668,2.151666666666671,-1.6316666666666668,-17.309999999999995,8.703333333333326,-1.8416666666666757,0.0,0.0,0.006666666666666654,-39.46666666666667,0.034999999999999976
202602210304,4290,1,3,4,-0.20500000000000007,-0.5583333333333371,-0.23666666666666636,-12.048333333333332,6.063333333333333,0.21499999999999986,0.0,3.0,-0.006666666666666682,37.199999999999996,-0.020000000000000018
202602210304,4084,2,3,4,-0.21499999999999986,-2.1683333333333366,0.2833333333333332,-1.05833333333333,1.1133333333333297,2.6350000000000016,0.0,-2.0,0.023333333333333317,3.8999999999999986,0.01999999999999999
202602210304,4013,3,3,4,0.3850000000000007,1.99166666666666,0.2333333333333334,7.881666666666668,-0.4166666666666643,1.8649999999999984,0.0,4.0,-0.006666666666666682,7.199999999999996,0.0
202602210304,4500,4,3,4,0.5550000000000006,2.791666666666657,0.6333333333333337,9.741666666666667,-2.3766666666666687,-0.7850000000000001,0.0,7.0,-0.01666666666666669,-10.899999999999999,-0.010000000000000009
202602210304,5191,5,3,4,-0.2450000000000001,-2.9183333333333366,-0.24666666666666615,3.3316666666666706,-5.316666666666666,-1.4149999999999991,0.0,-4.0,-0.006666666666666682,-8.600000000000001,0.0
202602210304,3940,6,3,4,-0.27499999999999947,0.8616666666666575,-0.6666666666666661,-7.848333333333329,0.93333333333333,-2.5150000000000006,0.0,-8.0,0.013333333333333308,-28.8,0.009999999999999981
202602210305,4397,1,3,4,-0.3466666666666667,-7.55833333333333,-0.15833333333333321,1.8733333333333348,5.74666666666667,6.2066666666666634,0.0,0.5,0.0,42.199999999999996,0.003333333333333327
202602210305,4337,2,3,4,0.32333333333333325,-0.9383333333333326,0.18166666666666664,-0.5266666666666708,-6.173333333333332,-0.30333333333333456,0.0,7.5,-0.010000000000000009,-8.8,-0.006666666666666682
202602210305,4826,3,3,4,0.15333333333333332,5.211666666666666,0.7416666666666671,11.39333333333333,1.8966666666666683,0.5266666666666637,0.0,-3.5,-0.010000000000000009,4.5,-0.01666666666666669
202602210305,4748,4,3,4,-0.10666666666666647,5.321666666666665,0.011666666666666714,2.0933333333333337,-2.1033333333333317,0.2466666666666626,0.0,-5.5,-0.010000000000000009,1.5,-0.026666666666666686
202602210305,4624,5,3,4,-0.03666666666666707,7.311666666666667,0.8116666666666674,19.883333333333333,1.8966666666666683,-2.683333333333337,0.0,-5.5,0.03,-12.100000000000001,0.023333333333333317
202602210305,4024,6,3,4,0.013333333333332753,-9.34833333333333,-1.588333333333333,-34.71666666666667,-1.2633333333333354,-3.9933333333333323,0.0,6.5,0.0,-27.3,0.023333333333333317
202602210306,4645,1,3,4,-0.20166666666666622,2.5416666666666714,-0.5016666666666669,-5.399999999999999,-7.436666666666667,-3.4016666666666637,0.0,-5.833333333333336,0.0,45.99999999999999,-0.023333333333333345
202602210306,4418,2,3,4,1.3583333333333334,5.661666666666669,1.288333333333333,16.510000000000005,7.593333333333334,-2.811666666666664,0.0,7.166666666666664,-0.010000000000000009,2.0,0.006666666666666654
202602210306,5042,3,3,4,-0.5716666666666663,-9.548333333333332,-0.8516666666666666,-12.519999999999996,-3.6766666666666694,4.82833333333334,0.0,-1.8333333333333357,-0.010000000000000009,7.699999999999996,-0.013333333333333336
202602210306,5017,4,3,4,-0.31166666666666654,-0.8283333333333331,0.5283333333333333,-1.9099999999999966,2.623333333333335,-0.961666666666666,0.0,1.1666666666666643,0.0,11.899999999999999,0.016666666666666663
202602210306,3978,5,3,4,-0.35166666666666657,-3.1583333333333314,0.25833333333333375,5.230000000000004,7.593333333333334,-4.271666666666665,0.0,2.1666666666666643,0.0,-21.0,-0.003333333333333327
202602210306,4776,6,3,4,0.07833333333333403,5.3316666666666706,-0.7216666666666667,-1.9099999999999966,-6.696666666666665,6.618333333333339,0.0,-2.8333333333333357,0.01999999999999999,-46.6,0.016666666666666663
202602210307,4688,1,3,4,-0.331666666666667,-10.038333333333334,-0.16999999999999993,-0.6666666666666643,3.068333333333335,-1.6516666666666637,0.0,5.166666666666664,-0.011666666666666686,46.13333333333333,-0.0016666666666666774
202602210307,4044,2,3,4,0.13833333333333275,-1.8483333333333363,1.8000000000000007,21.92333333333334,-5.941666666666663,2.6883333333333397,0.0,7.166666666666664,-0.011666666666666686,18.333333333333336,-0.021666666666666695
202602210307,4824,3,3,4,0.4283333333333328,9.931666666666665,-0.13999999999999968,3.3233333333333306,2.298333333333339,-4.9616666666666625,0.0,-2.8333333333333357,-0.021666666666666695,-2.066666666666663,-0.051666666666666694
202602210307,4379,4,3,4,-0.5116666666666667,-4.038333333333334,-0.3700000000000001,-2.606666666666669,-0.03166666666665918,2.728333333333339,0.0,-2.8333333333333357,0.018333333333333313,-16.66666666666666,-0.0016666666666666774
202602210307,4614,5,3,4,0.24833333333333307,4.0816666666666634,-0.7699999999999996,-12.466666666666669,6.1683333333333366,4.93833333333334,0.0,-2.8333333333333357,-0.0016666666666666774,-28.766666666666662,0.018333333333333313
202602210307,4543,6,3,4,0.02833333333333332,1.9116666666666688,-0.34999999999999964,-9.506666666666668,-5.56166666666666,-3.7416666666666636,0.0,-3.8333333333333357,0.02833333333333332,-16.96666666666666,0.05833333333333332
202602210308,4604,1,3,4,0.15499999999999936,-1.5349999999999966,0.3483333333333336,-0.37666666666666515,7.220000000000002,5.063333333333333,0.0,1.0,0.010000000000000009,33.33333333333332,-0.020000000000000018
202602210308,4832,2,3,4,0.33499999999999996,5.664999999999999,-0.31166666666666654,-3.376666666666665,-5.049999999999997,2.923333333333332,0.0,-5.0,0.010000000000000009,5.033333333333324,0.01999999999999999
202602210308,4266,3,3,4,-0.015000000000000568,-2.7249999999999943,0.3383333333333338,10.163333333333334,0.03000000000000469,-3.2866666666666653,0.0,4.0,2.7755575615628914e-17,10.233333333333327,0.0
202602210308,3874,4,3,4,-0.6850000000000005,0.49500000000000455,-0.17166666666666597,-0.7566666666666677,0.25000000000000355,2.0833333333333357,0.0,-6.0,0.010000000000000009,1.2333333333333272,0.01999999999999999
202602210308,4468,5,3,4,-0.47500000000000053,-6.234999999999999,0.038333333333333997,7.433333333333337,-1.9099999999999966,-2.6766666666666623,0.0,0.0,-0.009999999999999981,-12.666666666666671,-0.030000000000000013
202602210308,4344,6,3,4,0.6849999999999996,4.335000000000001,-0.24166666666666625,-13.086666666666666,-0.5399999999999956,-4.106666666666666,0.0,6.0,-0.01999999999999999,-37.16666666666667,0.009999999999999981
202602210309,3876,1,3,4,0.8716666666666653,16.78666666666667,0.991666666666668,17.988333333333337,2.863333333333337,3.318333333333335,0.0,-1.1666666666666643,-0.003333333333333327,43.56666666666667,-0.0016666666666666774
202602210309,4370,2,3,4,0.6916666666666647,7.496666666666663,0.28166666666666806,0.9083333333333385,0.5733333333333377,-4.591666666666665,0.0,0.8333333333333357,0.006666666666666682,21.56666666666667,0.008333333333333331
202602210309,4459,3,3,4,-0.22833333333333528,-8.623333333333335,0.661666666666668,2.5983333333333363,6.863333333333337,-0.7716666666666612,0.0,8.833333333333336,-0.013333333333333336,-1.6333333333333258,-0.02166666666666668
202602210309,4311,4,3,4,-0.08833333333333471,-0.10333333333333883,-0.4983333333333313,-4.201666666666661,-3.4866666666666646,8.038333333333334,0.0,-4.166666666666664,0.006666666666666682,-9.233333333333327,-0.0016666666666666774
202602210309,4933,5,3,4,-0.04833333333333467,-4.353333333333339,-0.8083333333333318,-10.92166666666666,-1.096666666666664,-3.5316666666666627,0.0,1.8333333333333357,-0.003333333333333327,-19.233333333333327,-0.011666666666666686
202602210309,4598,6,3,4,-1.198333333333335,-11.203333333333333,-0.6283333333333312,-6.371666666666663,-5.7166666666666615,-2.4616666666666625,0.0,-6.166666666666664,0.006666666666666682,-35.03333333333333,0.02833333333333332
202602210310,4586,1,3,4,0.29666666666666597,-0.22166666666667112,-0.9199999999999999,-21.64666666666667,-5.693333333333335,-1.0533333333333346,0.0,8.833333333333336,-0.015000000000000013,51.083333333333336,-0.03
202602210310,5191,2,3,4,-0.07333333333333414,-2.8916666666666657,-0.16999999999999993,0.5733333333333306,-3.8033333333333346,-1.413333333333334,0.0,-2.1666666666666643,-0.0050000000000000044,-8.516666666666659,0.0
202602210310,4391,3,3,4,-0.2333333333333334,0.5183333333333309,0.41000000000000014,10.14333333333333,-6.693333333333335,-2.0533333333333346,0.0,-3.1666666666666643,0.035,3.2833333333333385,0.01999999999999999
202602210310,4828,4,3,4,-0.8933333333333335,-10.381666666666668,-0.6900000000000004,-10.296666666666667,12.776666666666667,0.6066666666666656,0.0,-4.166666666666664,-0.0050000000000000044,-22.81666666666666,-0.03
202602210310,4095,5,3,4,0.3866666666666658,6.648333333333333,0.17999999999999972,6.133333333333333,-0.06333333333333613,2.8066666666666684,0.0,-0.1666666666666643,-0.0050000000000000044,-5.7166666666666615,0.010000000000000009
202602210310,4907,6,3,4,0.5166666666666666,6.328333333333333,1.1899999999999995,15.093333333333327,3.476666666666663,1.1066666666666656,0.0,0.8333333333333357,-0.0050000000000000044,-17.31666666666666,0.03
202602210311,3959,1,3,4,0.6516666666666664,5.12166666666667,1.158333333333334,7.5049999999999955,16.575000000000003,-1.0633333333333255,0.0,3.0,-0.0016666666666666774,41.65,-0.021666666666666695
202602210311,5224,2,3,4,0.43166666666666664,3.7716666666666754,-1.8216666666666654,-16.605000000000004,7.134999999999998,-0.7933333333333294,0.0,1.0,0.008333333333333304,12.050000000000004,0.018333333333333313
202602210311,4297,3,3,4,-0.38833333333333364,-2.368333333333325,-0.36166666666666547,0.22499999999999432,-5.045000000000002,5.296666666666674,0.0,-1.0,-0.021666666666666695,-1.3499999999999943,-0.021666666666666695
202602210311,4472,4,3,4,-0.2983333333333338,-1.55833333333333,-0.2616666666666658,-4.525000000000006,-6.254999999999999,3.9566666666666706,0.0,-4.0,0.018333333333333313,4.650000000000006,0.02833333333333332
202602210311,3940,5,3,4,-0.18833333333333346,0.6616666666666688,-0.5816666666666652,-9.605000000000004,-3.5050000000000026,-7.753333333333327,0.0,-5.0,0.008333333333333304,-20.249999999999996,0.008333333333333304
202602210311,4044,6,3,4,-0.20833333333333393,-5.62833333333333,1.868333333333335,23.005000000000003,-8.905000000000001,0.35666666666667624,0.0,6.0,-0.011666666666666686,-36.74999999999999,-0.011666666666666686
202602210312,4337,1,3,4,0.2283333333333326,1.2216666666666711,0.0,-2.1200000000000045,-5.32,1.3183333333333351,0.0,5.5,-0.0050000000000000044,48.283333333333346,-0.013333333333333336
202602210312,4296,2,3,4,-0.16166666666666796,3.0216666666666683,0.23000000000000043,-0.6000000000000014,3.3200000000000003,-5.721666666666664,0.0,-2.5,-0.0050000000000000044,-0.4166666666666572,0.006666666666666682
202602210312,4832,3,3,4,0.25833333333333286,6.201666666666668,-0.33999999999999986,-5.600000000000001,-8.580000000000002,3.2283333333333317,0.0,-5.5,0.014999999999999986,-3.3166666666666558,0.026666666666666672
202602210312,4418,4,3,4,1.2483333333333322,7.0816666666666706,1.2000000000000002,17.82,8.11,-3.4416666666666664,0.0,6.5,-0.015000000000000013,12.38333333333334,-0.013333333333333336
202602210312,4688,5,3,4,-0.8916666666666675,-12.528333333333329,-0.3899999999999997,-1.759999999999998,2.5899999999999963,-1.6716666666666669,0.0,0.5,-0.0050000000000000044,-17.716666666666658,-0.02333333333333333
202602210312,4028,6,3,4,-0.6816666666666675,-4.998333333333328,-0.6999999999999993,-7.740000000000002,-0.11999999999999744,6.288333333333334,0.0,-4.5,0.014999999999999986,-39.216666666666654,0.016666666666666663
