登番,名前漢字,名前カナ,支部,級,年号,生年月日,性別,年齢,身長,体重,血液型,勝率,複勝率,1着回数,2着回数,出走回数,優出回数,優勝回数,平均スタートタイミング,1コース進入回数,1コース複勝率,1コース平均スタートタイミング,1コース平均スタート順位,2コース進入回数,2コース複勝率,2コース平均スタートタイミング,2コース平均スタート順位,3コース進入回数,3コース複勝率,3コース平均スタートタイミング,3コース平均スタート順位,4コース進入回数,4コース複勝率,4コース平均スタートタイミング,4コース平均スタート順位,5コース進入回数,5コース複勝率,5コース平均スタートタイミング,5コース平均スタート順位,6コース進入回数,6コース複勝率,6コース平均スタートタイミング,6コース平均スタート順位,前期級,前々期級,前々々期級,前期能力指数,今期能力指数,年,期,算出期間自,算出期間至,養成期,1コース1着回数,1コース2着回数,1コース3着回数,1コース4着回数,1コース5着回数,1コース6着回数,1コースF回数,1コースL0回数,1コースL1回数,1コースK0回数,1コースK1回数,1コースS0回数,1コースS1回数,1コースS2回数,2コース1着回数,2コース2着回数,2コース3着回数,2コース4着回数,2コース5着回数,2コース6着回数,2コースF回数,2コースL0回数,2コースL1回数,2コースK0回数,2コースK1回数,2コースS0回数,2コースS1回数,2コースS2回数,3コース1着回数,3コース2着回数,3コース3着回数,3コース4着回数,3コース5着回数,3コース6着回数,3コースF回数,3コースL0回数,3コースL1回数,3コースK0回数,3コースK1回数,3コースS0回数,3コースS1回数,3コースS2回数,4コース1着回数,4コース2着回数,4コース3着回数,4コース4着回数,4コース5着回数,4コース6着回数,4コースF回数,4コースL0回数,4コースL1回数,4コースK0回数,4コースK1回数,4コースS0回数,4コースS1回数,4コースS2回数,5コース1着回数,5コース2着回数,5コース3着回数,5コース4着回数,5コース5着回数,5コース6着回数,5コースF回数,5コースL0回数,5コースL1回数,5コースK0回数,5コースK1回数,5コースS0回数,5コースS1回数,5コースS2回数,6コース1着回数,6コース2着回数,6コース3着回数,6コース4着回数,6コース5着回数,6コース6着回数,6コースF回数,6コースL0回数,6コースL1回数,6コースK0回数,6コースK1回数,6コースS0回数,6コースS1回数,6コースS2回数,コースなしL0回数,コースなしL1回数,コースなしK0回数,コースなしK1回数,出身地
2538,高橋二朗,タカハシ ジロウ,東京,B1,S,240426,1,76,163,53,AB,3.27,9.0,1,6,77,0,0,0.21,15,20.0,0.21,4.3,12,8.3,0.18,4.4,14,14.2,0.2,4.6,14,0.0,0.22,4.8,10,0.0,0.2,3.9,12,8.3,0.25,4.9,B1,B1,B1,45.0,43.0,2025,2,2024-11-01,2025-04-30,32,0,3,4,2,5,1,0,0,0,0,0,0,0,0,1,0,1,3,6,1,0,0,0,0,0,0,0,0,0,2,0,2,4,6,0,0,0,0,0,0,0,0,0,0,3,3,4,3,1,0,0,0,0,0,0,0,0,0,0,4,3,3,0,0,0,0,0,0,0,0,0,1,2,2,5,2,0,0,0,0,0,0,0,0,0,0,0,0,千葉
2878,富山弘幸,トミヤマ ヒロユキ,大阪,B1,S,330621,1,67,163,55,B,5.4,29.9,19,25,147,1,0,0.18,26,61.5,0.16,2.9,30,33.3,0.18,3.9,26,23.0,0.2,3.8,33,30.3,0.18,3.5,22,9.0,0.19,3.6,10,0.0,0.21,3.9,A2,A2,A2,51.0,51.0,2025,2,2024-11-01,2025-04-30,43,8,8,5,3,2,0,0,0,0,0,0,0,0,0,2,8,8,6,5,1,0,0,0,0,0,0,0,0,3,3,8,7,5,0,0,0,0,0,0,0,0,0,5,5,4,10,6,3,0,0,0,0,0,0,0,0,1,1,4,9,6,1,0,0,0,0,0,0,0,0,0,0,2,4,3,1,0,0,0,0,0,0,0,0,0,0,0,0,大阪
3024,西島義則,ニシジマ ヨシノリ,広島,A1,S,361030,1,63,166,58,AB,6.83,59.0,48,24,122,4,1,0.16,40,77.5,0.15,2.9,80,51.2,0.17,2.8,2,0.0,0.3,5.0,0,0.0,0.0,0.0,0,0.0,0.0,0.0,0,0.0,0.0,0.0,A1,A1,A1,54.0,53.0,2025,2,2024-11-01,2025-04-30,49,26,5,2,2,2,1,2,0,0,0,0,0,0,0,22,19,11,7,7,11,0,0,0,0,0,1,2,1,0,0,0,0,0,2,0,0,0,0,0,0,0,0,0,0,0,0,0,0,0,0,0,0,0,0,0,0,0,0,0,0,0,0,0,0,0,0,0,0,0,0,0,0,0,0,0,0,0,0,0,0,0,0,0,0,0,0,0,0,島根
3054,北川幸典,キタガワ ユキノリ,広島,B1,S,380112,1,62,163,57,A,5.12,33.7,16,10,77,1,0,0.17,12,50.0,0.2,3.5,10,50.0,0.15,3.1,20,40.0,0.15,2.8,14,14.2,0.19,2.9,15,33.3,0.16,2.9,6,0.0,0.19,5.0,B1,A2,A2,46.0,48.0,2025,2,2024-11-01,2025-04-30,50,5,1,3,1,2,0,0,0,0,0,0,0,0,0,0,5,0,3,2,0,0,0,0,0,0,0,0,0,6,2,3,1,3,4,0,0,0,0,0,0,1,0,2,0,4,2,3,3,0,0,0,0,0,0,0,0,3,2,2,1,3,4,0,0,0,0,0,0,0,0,0,0,0,1,2,3,0,0,0,0,0,0,0,0,0,0,0,0,広島
3070,山室展弘,ヤマムロ ノブヒロ,岡山,B2,S,360608,1,64,167,53,A,5.93,40.7,7,4,27,1,0,0.15,6,83.3,0.16,1.6,9,55.5,0.12,3.1,10,10.0,0.18,3.7,2,0.0,0.14,4.0,0,0.0,0.0,0.0,0,0.0,0.0,0.0,B1,A1,A2,47.0,50.0,2025,2,2024-11-01,2025-04-30,51,4,1,1,0,0,0,0,0,0,0,0,1,0,0,2,3,1,1,1,0,0,0,0,0,0,0,1,0,1,0,2,3,3,1,0,0,0,0,0,0,0,0,0,0,1,0,0,1,0,0,0,0,0,0,0,0,0,0,0,0,0,0,0,0,0,0,0,0,0,0,0,0,0,0,0,0,0,0,0,0,0,0,0,0,0,0,1,0,岡山
3072,西田靖,ニシダ ヤスシ,東京,B1,S,361028,1,63,160,56,B,4.32,25.5,10,15,98,0,0,0.18,16,56.2,0.17,2.6,72,22.2,0.18,3.4,10,0.0,0.22,4.7,0,0.0,0.0,0.0,0,0.0,0.0,0.0,0,0.0,0.0,0.0,B1,A2,B1,46.0,46.0,2025,2,2024-11-01,2025-04-30,51,8,1,2,2,1,2,0,0,0,0,0,0,0,0,2,14,10,9,24,13,0,0,0,0,0,0,0,0,0,0,1,1,5,2,1,0,0,0,0,0,0,0,0,0,0,0,0,0,0,0,0,0,0,0,0,0,0,0,0,0,0,0,0,0,0,0,0,0,0,0,0,0,0,0,0,0,0,0,0,0,0,0,0,0,0,0,0,0,神奈川
3075,中村裕将,ナカムラ ヒロノブ,埼玉,B1,S,370824,1,62,164,54,B,5.01,28.8,15,15,104,2,0,0.16,16,75.0,0.15,2.5,18,22.2,0.19,4.0,21,19.0,0.15,3.1,14,35.7,0.17,3.1,14,14.2,0.18,3.6,21,14.2,0.15,2.9,B1,B1,B1,47.0,49.0,2025,2,2024-11-01,2025-04-30,51,7,5,1,0,2,1,0,0,0,0,0,1,0,0,2,2,7,4,2,1,0,0,0,0,0,0,0,0,2,2,6,4,4,2,0,0,0,0,0,1,1,0,2,3,4,2,1,2,0,0,0,0,0,0,0,0,1,1,0,5,3,4,0,0,0,0,0,0,0,0,1,2,2,3,8,5,0,0,0,0,0,0,0,0,0,0,0,0,埼玉
3081,岡本慎治,オカモト シンジ,山口,A2,S,380713,1,61,160,51,O,5.63,37.2,14,18,86,0,0,0.17,13,61.5,0.15,2.9,16,50.0,0.17,3.8,15,46.6,0.16,3.5,15,33.3,0.18,3.5,12,25.0,0.18,3.2,15,6.6,0.19,4.5,B1,B1,B1,45.0,51.0,2025,2,2024-11-01,2025-04-30,51,5,3,3,1,0,1,0,0,0,0,0,0,0,0,3,5,4,1,1,2,0,0,0,0,0,0,0,0,2,5,4,2,2,0,0,0,0,0,0,0,0,0,3,2,4,5,0,1,0,0,0,0,0,0,0,0,1,2,2,2,2,3,0,0,0,0,0,0,0,0,0,1,1,4,6,3,0,0,0,0,0,0,0,0,0,0,0,0,山口
3105,内山文典,ウチヤマ フミノリ,東京,B1,S,380715,1,61,164,57,A,4.9,29.1,14,14,96,0,0,0.17,16,75.0,0.16,2.8,15,13.3,0.15,2.9,16,37.5,0.2,3.4,18,11.1,0.16,3.3,22,27.2,0.15,3.4,8,0.0,0.17,3.5,B1,B1,A2,48.0,48.0,2025,2,2024-11-01,2025-04-30,52,9,3,3,0,0,1,0,0,0,0,0,0,0,0,2,0,3,6,1,3,0,0,0,0,0,0,0,0,2,4,3,3,2,2,0,0,0,0,0,0,0,0,0,2,2,3,7,4,0,0,0,0,0,0,0,0,1,5,4,2,5,5,0,0,0,0,0,0,0,0,0,0,1,4,2,1,0,0,0,0,0,0,0,0,0,0,0,1,東京
3107,平岡重典,ヒラオカ シゲノリ,大阪,B1,S,381116,1,61,163,51,A,4.42,19.1,5,9,73,0,0,0.19,11,27.2,0.2,3.9,14,21.4,0.21,4.2,14,14.2,0.17,2.9,11,27.2,0.2,3.2,13,23.0,0.18,3.5,10,0.0,0.16,3.2,B1,B1,B1,48.0,48.0,2025,2,2024-11-01,2025-04-30,52,0,3,1,3,3,1,0,0,0,0,0,0,0,0,1,2,2,4,5,0,0,0,0,0,0,0,0,0,2,0,6,4,0,2,0,0,0,0,0,0,0,0,2,1,2,1,5,0,0,0,0,0,0,0,0,0,0,3,1,7,0,2,0,0,0,0,0,0,0,0,0,0,0,3,3,4,0,0,0,0,0,0,0,0,0,0,0,0,大阪
3156,金子良昭,カネコ ヨシアキ,静岡,B1,S,391029,1,60,160,55,O,4.68,22.9,6,16,96,0,0,0.17,18,38.8,0.15,3.4,25,32.0,0.18,3.9,19,21.0,0.18,3.6,20,10.0,0.18,3.4,5,0.0,0.13,4.0,9,11.1,0.18,4.1,B1,B1,B1,48.0,48.0,2025,2,2024-11-01,2025-04-30,54,4,3,4,4,2,1,0,0,0,0,0,0,0,0,2,6,4,8,4,1,0,0,0,0,0,0,0,0,0,4,7,3,3,2,0,0,0,0,0,0,0,0,0,2,2,7,3,6,0,0,0,0,0,0,0,0,0,0,0,1,2,2,0,0,0,0,0,0,0,0,0,1,2,2,3,1,0,0,0,0,0,0,0,0,0,0,0,0,静岡
3158,島川光男,シマカワ ミツオ,広島,A2,S,400128,1,60,161,54,O,5.55,38.9,26,18,113,1,0,0.15,26,84.6,0.16,2.4,15,60.0,0.15,3.4,22,22.7,0.16,3.2,13,38.4,0.12,2.9,23,13.0,0.16,3.3,14,0.0,0.17,3.0,A1,A1,A1,53.0,50.0,2025,2,2024-11-01,2025-04-30,54,17,5,1,2,1,0,0,0,0,0,0,0,0,0,4,5,1,2,2,1,0,0,0,0,0,0,0,0,1,4,4,6,4,3,0,0,0,0,0,1,0,0,3,2,2,1,5,0,0,0,0,0,0,0,0,0,1,2,4,4,6,6,0,0,0,0,0,0,0,0,0,0,3,3,5,3,0,0,0,0,0,0,0,0,0,0,0,0,広島
3159,江口晃生,エグチ アキオ,群馬,A1,S,400211,1,60,165,55,AB,7.37,63.8,37,32,108,9,2,0.16,35,71.4,0.16,3.6,73,60.2,0.16,3.5,0,0.0,0.0,0.0,0,0.0,0.0,0.0,0,0.0,0.0,0.0,0,0.0,0.0,0.0,A1,A1,A1,55.0,57.0,2025,2,2024-11-01,2025-04-30,54,22,3,2,3,3,2,0,0,0,0,0,0,0,0,15,29,12,7,6,2,1,0,0,0,0,0,0,1,0,0,0,0,0,0,0,0,0,0,0,0,0,0,0,0,0,0,0,0,0,0,0,0,0,0,0,0,0,0,0,0,0,0,0,0,0,0,0,0,0,0,0,0,0,0,0,0,0,0,0,0,0,0,0,0,0,0,0,0,群馬
3161,古場輝義,コバ テルヨシ,大阪,A2,S,350301,1,65,161,53,AB,5.55,34.8,15,30,129,1,0,0.19,24,70.8,0.16,3.2,25,40.0,0.21,3.7,31,35.4,0.17,3.5,25,12.0,0.22,4.3,21,19.0,0.21,4.4,3,0.0,0.2,4.7,A2,A2,A2,51.0,51.0,2025,2,2024-11-01,2025-04-30,55,10,7,4,2,0,1,0,0,0,0,0,1,0,0,3,7,6,4,3,2,0,0,0,0,0,0,0,0,2,9,7,8,1,4,0,0,0,0,0,0,0,0,0,3,6,5,9,2,0,0,0,0,0,0,0,0,0,4,5,5,5,2,0,0,0,0,0,1,0,0,0,0,2,0,0,1,0,0,0,0,0,0,0,0,0,0,1,0,長崎
3175,渡辺千草,ワタナベ チグサ,東京,B1,S,381215,2,61,157,49,B,5.06,29.5,12,19,105,1,0,0.17,18,38.8,0.17,3.1,20,40.0,0.16,3.3,21,38.1,0.18,3.5,15,26.6,0.13,2.8,17,17.6,0.18,3.0,14,7.1,0.16,3.7,B1,B1,B1,49.0,49.0,2025,2,2024-11-01,2025-04-30,55,5,2,3,3,4,1,0,0,0,0,0,0,0,0,3,5,4,5,0,2,1,0,0,0,0,0,0,0,3,5,4,4,4,1,0,0,0,0,0,0,0,0,0,4,4,3,0,4,0,0,0,0,0,0,0,0,1,2,4,4,6,0,0,0,0,0,0,0,0,0,0,1,1,3,4,5,0,0,0,0,0,0,0,0,0,0,0,0,神奈川
3176,長谷川巌,ハセガワ イワオ,山口,B1,S,390518,1,61,159,51,A,4.58,27.0,17,13,111,0,0,0.17,20,85.0,0.11,1.4,19,36.8,0.2,4.0,19,15.7,0.18,3.6,16,12.5,0.19,3.9,22,4.5,0.17,3.5,15,0.0,0.22,4.4,B1,B1,B1,47.0,47.0,2025,2,2024-11-01,2025-04-30,55,12,5,1,0,0,2,0,0,0,0,0,0,0,0,1,6,1,4,5,2,0,0,0,0,0,0,0,0,2,1,5,3,4,4,0,0,0,0,0,0,0,0,2,0,1,4,7,2,0,0,0,0,0,0,0,0,0,1,6,3,8,4,0,0,0,0,0,0,0,0,0,0,1,2,6,6,0,0,0,0,0,0,0,0,0,0,0,0,山口
3188,日高逸子,ヒダカ イツコ,福岡,A2,S,361007,2,63,154,45,A,5.71,41.4,18,21,94,0,0,0.18,20,80.0,0.19,3.2,16,37.5,0.18,3.3,12,33.3,0.22,4.3,16,43.7,0.18,3.5,16,25.0,0.15,2.4,14,14.2,0.19,4.1,A2,A2,A1,54.0,50.0,2025,2,2024-11-01,2025-04-30,56,12,4,2,1,0,0,1,0,0,0,0,0,0,0,2,4,3,3,2,1,1,0,0,0,0,0,0,0,1,3,2,3,1,2,0,0,0,0,0,0,0,0,2,5,5,1,1,2,0,0,0,0,0,0,0,0,1,3,2,3,3,4,0,0,0,0,0,0,0,0,0,2,2,2,3,5,0,0,0,0,0,1,0,0,1,0,0,0,宮崎
3202,三品隆浩,ミシナ タカヒロ,東京,B1,S,400416,1,60,158,55,A,4.73,27.7,9,21,108,0,0,0.2,20,60.0,0.18,3.6,22,27.2,0.19,4.1,16,18.7,0.23,4.8,15,26.6,0.19,4.3,16,18.7,0.17,3.9,19,10.5,0.25,5.1,B1,B1,B1,48.0,48.0,2025,2,2024-11-01,2025-04-30,56,6,6,1,4,2,1,0,0,0,0,0,0,0,0,1,5,6,4,4,2,0,0,0,0,0,0,0,0,1,2,1,5,5,2,0,0,0,0,0,0,0,0,1,3,3,3,3,2,0,0,0,0,0,0,0,0,0,3,5,3,4,1,0,0,0,0,0,0,0,0,0,2,1,3,7,5,1,0,0,0,0,0,0,0,0,0,0,0,東京
3207,田村美和,タムラ ミワ,東京,B2,S,401101,2,59,156,54,A,3.3,10.8,1,4,46,0,0,0.21,5,40.0,0.22,4.0,11,18.1,0.2,3.9,7,0.0,0.24,4.3,8,12.5,0.16,3.6,7,0.0,0.24,3.5,8,0.0,0.2,4.6,B1,B1,B2,47.0,42.0,2025,2,2024-11-01,2025-04-30,56,1,1,1,0,1,1,0,0,0,0,0,0,0,0,0,2,1,3,2,3,0,0,0,0,0,0,0,0,0,0,1,4,1,1,0,0,0,0,0,0,0,0,0,1,0,1,3,3,0,0,0,0,0,0,0,0,0,0,1,2,2,0,1,0,0,0,0,0,1,0,0,0,1,1,4,2,0,0,0,0,0,0,0,0,0,0,0,0,沖縄
3211,北川敏弘,キタガワ トシヒロ,佐賀,B1,S,370127,1,63,162,55,A,3.71,13.4,3,8,82,0,0,0.18,13,53.8,0.15,4.1,12,0.0,0.17,4.0,15,26.6,0.19,3.5,16,0.0,0.19,3.5,15,0.0,0.19,3.9,11,0.0,0.2,4.5,B1,B1,B1,47.0,44.0,2025,2,2024-11-01,2025-04-30,57,3,4,2,2,0,1,1,0,0,0,0,0,0,0,0,0,3,3,4,2,0,0,0,0,0,0,0,0,0,4,2,4,4,1,0,0,0,0,0,1,0,0,0,0,4,3,3,6,0,0,0,0,0,0,0,0,0,0,0,5,4,6,0,0,0,0,0,0,0,0,0,0,2,1,6,2,0,0,0,0,0,0,0,0,0,0,0,0,佐賀
3212,亀本勇樹,カメモト ユウキ,広島,B1,S,370208,1,63,162,61,A,3.78,16.3,0,9,55,0,0,0.17,7,57.1,0.12,3.1,16,12.5,0.18,3.7,14,14.2,0.19,3.5,9,11.1,0.16,3.3,7,0.0,0.16,4.4,2,0.0,0.18,3.5,B1,B1,B1,46.0,45.0,2025,2,2024-11-01,2025-04-30,57,0,4,2,0,1,0,0,0,0,0,0,0,0,0,0,2,3,1,6,3,0,0,0,0,0,0,1,0,0,2,3,4,3,2,0,0,0,0,0,0,0,0,0,1,0,2,4,2,0,0,0,0,0,0,0,0,0,0,0,3,1,3,0,0,0,0,0,0,0,0,0,0,1,0,1,0,0,0,0,0,0,0,0,0,0,0,0,0,広島
3224,栗山繁洋,クリヤマ シゲヒロ,佐賀,B1,S,400517,1,60,161,54,O,4.11,26.6,7,21,105,0,0,0.17,15,66.6,0.18,4.1,18,27.7,0.19,4.5,23,39.1,0.16,3.3,17,17.6,0.17,3.2,18,5.5,0.18,3.8,14,0.0,0.18,4.6,B1,B1,B1,47.0,45.0,2025,2,2024-11-01,2025-04-30,57,4,6,2,0,1,2,0,0,0,0,0,0,0,0,1,4,0,6,3,4,0,0,0,0,0,0,0,0,1,8,3,2,3,6,0,0,0,0,0,0,0,0,1,2,2,4,4,4,0,0,0,0,0,0,0,0,0,1,2,4,5,6,0,0,0,0,0,0,0,0,0,0,0,1,5,8,0,0,0,0,0,0,0,0,0,0,0,0,佐賀
3226,浦田信義,ウラタ ノブヨシ,東京,B1,S,400806,1,59,164,51,AB,4.4,19.0,8,13,110,0,0,0.2,13,61.5,0.2,3.9,19,26.3,0.2,4.1,24,20.8,0.18,3.7,24,12.5,0.17,3.7,22,0.0,0.26,4.4,8,0.0,0.24,4.3,B1,B1,B1,46.0,47.0,2025,2,2024-11-01,2025-04-30,57,6,2,2,0,2,1,0,0,0,0,0,0,0,0,1,4,3,8,0,2,0,0,0,0,0,0,1,0,1,4,7,3,6,3,0,0,0,0,0,0,0,0,0,3,3,10,5,3,0,0,0,0,0,0,0,0,0,0,4,5,8,4,1,0,0,0,0,0,0,0,0,0,2,2,3,1,0,0,0,0,0,0,0,0,0,0,0,0,東京
3232,山川美由紀,ヤマカワ ミユキ,香川,B1,S,411024,2,58,152,47,A,5.33,36.9,12,15,73,1,0,0.17,14,71.4,0.14,2.5,15,26.6,0.18,4.2,11,54.5,0.16,3.3,10,40.0,0.17,3.2,13,23.0,0.19,4.4,10,0.0,0.19,4.2,A1,A2,A2,56.0,54.0,2025,2,2024-11-01,2025-04-30,57,7,3,2,1,0,1,0,0,0,0,0,0,0,0,1,3,1,6,2,1,0,0,0,0,0,0,1,0,1,5,1,1,1,1,1,0,0,0,0,0,0,0,2,2,1,0,3,2,0,0,0,0,0,0,0,0,1,2,1,3,3,3,0,0,0,0,0,0,0,0,0,0,1,0,5,4,0,0,0,0,0,0,0,0,0,0,0,0,香川
3233,小畑実成,オバタ ミナリ,岡山,B1,S,420203,1,58,163,55,O,4.21,18.1,6,13,105,0,0,0.15,15,66.6,0.11,1.9,21,4.7,0.16,3.1,18,5.5,0.15,2.7,17,17.6,0.18,3.8,14,21.4,0.17,3.0,20,5.0,0.15,2.0,B1,B1,B1,45.0,47.0,2025,2,2024-11-01,2025-04-30,57,5,5,2,2,0,1,0,0,0,0,0,0,0,0,0,1,5,6,7,2,0,0,0,0,0,0,0,0,0,1,3,2,7,5,0,0,0,0,0,0,0,0,0,3,3,3,6,2,0,0,0,0,0,0,0,0,1,2,2,4,2,3,0,0,0,0,0,0,0,0,0,1,3,8,5,3,0,0,0,0,0,0,0,0,0,0,0,0,岡山
3246,星野政彦,ホシノ マサヒコ,兵庫,B1,S,390915,1,60,160,56,A,4.36,25.3,11,8,75,0,0,0.16,11,63.6,0.17,3.0,16,31.2,0.18,3.1,13,30.7,0.15,2.8,21,4.7,0.17,3.4,11,9.0,0.16,2.7,3,33.3,0.06,2.3,B1,B1,B1,46.0,46.0,2025,2,2024-11-01,2025-04-30,58,6,1,0,2,1,1,0,0,0,0,0,0,0,0,1,4,1,2,5,3,0,0,0,0,0,0,0,0,3,1,1,3,3,2,0,0,0,0,0,0,0,0,0,1,4,5,8,3,0,0,0,0,0,0,0,0,0,1,1,0,4,4,1,0,0,0,0,0,0,0,1,0,1,0,1,0,0,0,0,0,0,0,0,0,0,0,0,0,兵庫
3251,平石和男,ヒライシ カズオ,埼玉,A2,S,410714,1,58,164,52,B,6.06,41.9,35,22,136,6,2,0.2,32,84.3,0.17,3.5,26,38.4,0.21,4.4,16,43.7,0.2,4.1,19,47.3,0.2,4.1,20,10.0,0.18,4.3,23,8.7,0.23,5.5,A2,A2,A2,52.0,52.0,2025,2,2024-11-01,2025-04-30,58,22,5,2,3,0,0,0,0,0,0,0,0,0,0,5,5,5,5,4,2,0,0,0,0,0,0,0,0,3,4,5,2,2,0,0,0,0,0,0,0,0,0,2,7,2,2,3,3,0,0,0,0,0,0,0,0,1,1,6,7,2,3,0,0,0,0,0,0,0,0,2,0,4,7,2,7,0,0,0,0,0,0,1,0,0,0,0,0,埼玉
3256,三角哲男,ミスミ テツオ,東京,A1,S,420303,1,58,163,52,A,6.55,48.8,36,26,127,6,3,0.15,29,82.7,0.13,2.2,22,59.0,0.15,3.3,19,52.6,0.14,2.9,19,36.8,0.14,3.2,18,33.3,0.14,3.4,20,10.0,0.2,4.0,A1,A1,A1,54.0,58.0,2025,2,2024-11-01,2025-04-30,58,15,9,3,0,0,2,0,0,0,0,0,0,0,0,5,8,3,1,5,0,0,0,0,0,0,0,0,0,5,5,3,3,1,2,0,0,0,0,0,0,0,0,6,1,7,2,1,2,0,0,0,0,0,0,0,0,4,2,1,7,2,2,0,0,0,0,0,0,0,0,1,1,3,3,10,2,0,0,0,0,0,0,0,0,0,0,2,0,千葉
3257,田頭実,タドウ ミノル,福岡,B1,S,420329,1,58,157,51,O,6.91,59.6,21,13,57,3,1,0.12,17,100.0,0.11,1.6,37,45.9,0.12,2.3,2,0.0,0.11,2.0,1,0.0,0.21,5.0,0,0.0,0.0,0.0,0,0.0,0.0,0.0,A1,A1,A1,55.0,54.0,2025,2,2024-11-01,2025-04-30,58,13,4,0,0,0,0,0,0,0,0,0,0,0,0,8,9,7,4,4,3,2,0,0,0,0,0,0,0,0,0,0,0,0,2,0,0,0,0,0,0,0,0,0,0,0,0,1,0,0,0,0,0,0,0,0,0,0,0,0,0,0,0,0,0,0,0,0,0,0,0,0,0,0,0,0,0,0,0,0,0,0,0,0,0,0,0,2,0,福岡
3265,今村暢孝,イマムラ ノブタカ,福岡,A1,S,400119,1,60,162,51,O,6.69,53.3,26,22,90,1,0,0.15,26,73.0,0.16,2.8,59,42.3,0.15,3.1,5,80.0,0.11,2.4,0,0.0,0.0,0.0,0,0.0,0.0,0.0,0,0.0,0.0,0.0,A2,A1,A2,53.0,54.0,2025,2,2024-11-01,2025-04-30,59,12,7,3,1,1,2,0,0,0,0,0,0,0,0,13,12,11,14,5,4,0,0,0,0,0,0,0,0,1,3,0,0,1,0,0,0,0,0,0,0,0,0,0,0,0,0,0,0,0,0,0,0,0,0,0,0,0,0,0,0,0,0,0,0,0,0,0,0,0,0,0,0,0,0,0,0,0,0,0,0,0,0,0,0,0,0,0,0,福岡
3268,森竜也,モリ タツヤ,三重,B1,S,400513,1,60,162,54,AB,4.38,25.9,5,16,81,0,0,0.19,10,50.0,0.15,3.9,23,21.7,0.18,4.0,17,41.1,0.2,3.7,18,22.2,0.17,3.1,8,0.0,0.25,4.5,5,0.0,0.23,5.0,B2,B1,B1,43.0,46.0,2025,2,2024-11-01,2025-04-30,59,3,2,2,1,0,2,0,0,0,0,0,0,0,0,0,5,5,3,5,5,0,0,0,0,0,0,0,0,1,6,2,2,2,4,0,0,0,0,0,0,0,0,1,3,2,3,2,7,0,0,0,0,0,0,0,0,0,0,2,2,2,2,0,0,0,0,0,0,0,0,0,0,0,2,2,1,0,0,0,0,0,0,0,0,0,0,0,0,三重
3273,石田豪,イシダ ツヨシ,広島,B1,S,401121,1,59,158,53,A,4.86,27.1,10,15,92,0,0,0.18,14,57.1,0.19,3.3,16,18.7,0.19,3.3,16,43.7,0.17,3.2,18,38.8,0.18,3.1,12,0.0,0.17,3.1,16,0.0,0.17,3.6,B1,B1,B1,44.0,48.0,2025,2,2024-11-01,2025-04-30,59,6,2,2,0,3,1,0,0,0,0,0,0,0,0,0,3,5,3,2,3,0,0,0,0,0,0,0,0,1,6,5,0,2,2,0,0,0,0,0,0,0,0,3,4,5,4,1,1,0,0,0,0,0,0,0,0,0,0,2,3,4,3,0,0,0,0,0,0,0,0,0,0,1,4,6,5,0,0,0,0,0,0,0,0,0,0,0,0,広島
3277,齋藤勇,サイトウ イサム,東京,B1,S,410822,1,58,161,53,A,4.55,23.7,10,13,97,0,0,0.16,17,70.5,0.14,2.5,17,35.2,0.16,4.3,19,15.7,0.14,2.6,12,16.6,0.19,3.9,19,0.0,0.16,3.5,13,0.0,0.21,5.0,B1,B1,B1,46.0,47.0,2025,2,2024-11-01,2025-04-30,59,7,5,2,1,2,0,0,0,0,0,0,0,0,0,3,3,4,1,6,0,0,0,0,0,0,0,0,0,0,3,6,5,4,1,0,0,0,0,0,0,0,0,0,2,3,1,5,1,0,0,0,0,0,1,0,0,0,0,3,2,6,8,0,0,0,0,0,0,0,0,0,0,2,2,4,5,0,0,0,0,0,0,0,0,0,0,2,0,東京
3282,池本輝明,イケモト テルアキ,広島,B1,S,420213,1,58,162,52,O,4.68,25.0,13,16,116,0,0,0.18,17,76.4,0.15,2.9,18,27.7,0.19,4.4,25,28.0,0.17,3.2,21,14.2,0.18,4.2,20,5.0,0.18,4.6,15,0.0,0.25,5.1,B1,B1,B1,48.0,48.0,2025,2,2024-11-01,2025-04-30,59,9,4,4,0,0,0,0,0,0,0,0,0,0,0,1,4,5,3,4,1,0,0,0,0,0,0,0,0,2,5,4,8,0,6,0,0,0,0,0,0,0,0,1,2,3,6,6,3,0,0,0,0,0,0,0,0,0,1,2,5,8,4,0,0,0,0,0,0,0,0,0,0,0,5,9,1,0,0,0,0,0,0,0,0,0,0,0,0,広島
3284,渡邊伸太郎,ワタナベ シンタロウ,佐賀,B1,S,421019,1,57,161,53,A,5.18,31.5,18,17,111,1,0,0.18,17,82.3,0.15,2.7,26,34.6,0.19,3.3,19,31.5,0.18,4.1,25,8.0,0.19,3.4,22,13.6,0.19,3.8,2,50.0,0.34,6.0,B1,B1,B1,50.0,50.0,2025,2,2024-11-01,2025-04-30,59,11,3,1,0,2,0,0,0,0,0,0,0,0,0,3,6,4,5,8,0,0,0,0,0,0,0,0,0,2,4,3,5,3,2,0,0,0,0,0,1,0,0,2,0,7,7,7,2,0,0,0,0,0,0,0,0,0,3,3,4,8,4,0,0,0,0,0,0,0,0,0,1,0,0,0,1,0,0,0,0,0,0,0,0,0,0,1,0,佐賀
3286,坂東満,バンドウ ミツル,静岡,B1,S,430828,1,56,160,54,B,4.45,23.0,10,11,91,0,0,0.17,13,61.5,0.15,2.9,18,11.1,0.16,2.8,17,35.2,0.16,2.6,13,7.6,0.15,3.8,15,20.0,0.18,3.1,15,6.6,0.22,4.5,B1,B1,B1,47.0,46.0,2025,2,2024-11-01,2025-04-30,59,5,3,2,1,1,1,0,0,0,0,0,0,0,0,1,1,5,5,3,3,0,0,0,0,0,0,0,0,1,5,4,4,1,2,0,0,0,0,0,0,0,0,1,0,1,5,2,3,1,0,0,0,0,0,0,0,2,1,1,2,5,4,0,0,0,0,0,0,0,0,0,1,2,2,4,6,0,0,0,0,0,0,0,0,0,0,2,0,静岡
3289,高橋淳美,タカハシ アツミ,大阪,B2,S,380525,2,62,154,46,A,3.81,18.7,2,4,32,0,0,0.21,5,40.0,0.22,4.6,5,40.0,0.18,4.2,6,16.6,0.21,3.3,7,0.0,0.19,4.1,5,20.0,0.21,4.2,4,0.0,0.25,6.0,B2,B1,B1,43.0,44.0,2025,2,2024-11-01,2025-04-30,60,1,1,1,1,1,0,0,0,0,0,0,0,0,0,1,1,1,0,1,1,0,0,0,0,0,0,0,0,0,1,1,0,0,4,0,0,0,0,0,0,0,0,0,0,0,4,0,3,0,0,0,0,0,0,0,0,0,1,1,1,1,1,0,0,0,0,0,0,0,0,0,0,0,1,0,3,0,0,0,0,0,0,0,0,0,0,0,0,岡山
3293,宮内由紀英,ミヤウチ ユキヒデ,東京,B1,S,400816,1,59,161,54,B,3.91,15.4,6,9,97,0,0,0.2,12,41.6,0.15,2.9,21,23.8,0.2,4.4,17,23.5,0.18,3.4,17,0.0,0.21,4.4,17,5.8,0.19,4.7,12,0.0,0.22,4.3,B1,B1,B1,47.0,45.0,2025,2,2024-11-01,2025-04-30,60,2,3,0,3,3,1,0,0,0,0,0,0,0,0,2,3,4,4,2,6,0,0,0,0,0,0,0,0,2,2,0,6,4,3,0,0,0,0,0,0,0,0,0,0,3,8,4,2,0,0,0,0,0,0,0,0,0,1,3,8,2,3,0,0,0,0,0,0,0,0,0,0,2,0,4,6,0,0,0,0,0,0,0,0,0,0,1,1,東京
3294,野中義生,ノナカ ヨシオ,静岡,B1,S,400822,1,59,160,53,A,4.0,17.3,4,9,75,0,0,0.17,11,27.2,0.2,4.5,12,33.3,0.19,4.3,11,9.0,0.19,3.6,14,14.2,0.13,3.2,11,0.0,0.17,2.9,16,18.7,0.14,2.6,B1,B1,B1,49.0,45.0,2025,2,2024-11-01,2025-04-30,60,2,1,0,3,2,3,0,0,0,0,0,0,0,0,0,4,3,4,1,0,0,0,0,0,0,0,0,0,0,1,2,5,2,1,0,0,0,0,0,0,0,0,1,1,4,1,2,4,0,0,0,0,0,0,1,0,0,0,2,2,3,3,1,0,0,0,0,0,0,0,1,2,2,2,2,7,0,0,0,0,0,0,0,0,0,0,0,0,静岡
3297,藤丸光一,フジマル コウイチ,福岡,B1,S,420217,1,58,154,49,O,4.99,30.8,14,23,120,4,1,0.19,19,52.6,0.18,3.6,38,23.6,0.21,4.3,39,35.9,0.18,3.5,19,15.7,0.18,3.6,4,0.0,0.2,4.8,1,100.0,0.22,1.0,B1,B1,B1,50.0,49.0,2025,2,2024-11-01,2025-04-30,60,5,5,2,3,1,3,0,0,0,0,0,0,0,0,2,7,9,6,7,7,0,0,0,0,0,0,0,0,5,9,3,6,9,7,0,0,0,0,0,0,0,0,1,2,6,3,6,1,0,0,0,0,0,0,0,0,0,0,1,2,0,1,0,0,0,0,0,0,0,0,1,0,0,0,0,0,0,0,0,0,0,0,0,0,0,0,0,0,福岡
3300,川崎智幸,カワサキ トモユキ,岡山,A2,S,420419,1,58,161,54,O,5.93,44.1,31,37,154,2,0,0.14,30,80.0,0.17,2.9,27,62.9,0.14,3.2,26,23.0,0.16,3.0,23,43.4,0.12,1.6,30,23.3,0.11,2.4,18,22.2,0.13,3.1,A2,A2,A1,52.0,51.0,2025,2,2024-11-01,2025-04-30,60,17,7,2,1,1,2,0,0,0,0,0,0,0,0,7,10,2,0,6,2,0,0,0,0,0,0,0,0,1,5,8,8,3,1,0,0,0,0,0,0,0,0,3,7,5,6,0,2,0,0,0,0,0,0,0,0,3,4,5,9,7,1,1,0,0,0,0,0,0,0,0,4,2,1,6,5,0,0,0,0,0,1,0,0,0,0,0,0,岡山
3302,谷川里江,タニカワ リエ,愛知,B1,S,420709,2,57,141,45,A,5.24,36.7,22,14,98,2,0,0.17,18,55.5,0.19,2.8,16,43.7,0.19,3.1,17,35.2,0.18,2.7,18,50.0,0.12,1.8,17,23.5,0.18,3.4,12,0.0,0.2,4.1,B1,B1,B1,48.0,49.0,2025,2,2024-11-01,2025-04-30,60,6,4,2,2,3,1,0,0,0,0,0,0,0,0,3,4,5,2,1,1,0,0,0,0,0,0,0,0,3,3,2,3,3,3,0,0,0,0,0,0,0,0,8,1,1,3,2,3,0,0,0,0,0,0,0,0,2,2,1,4,3,5,0,0,0,0,0,0,0,0,0,0,0,1,5,6,0,0,0,0,0,0,0,0,0,0,0,0,愛知
3303,渡辺豊,ワタナベ ユタカ,東京,A2,S,420917,1,57,166,57,AB,5.69,38.8,20,39,152,1,0,0.18,28,85.7,0.18,3.5,26,53.8,0.16,3.1,27,25.9,0.18,3.6,25,24.0,0.18,3.7,26,26.9,0.17,3.6,20,5.0,0.22,5.4,A2,A2,A1,51.0,51.0,2025,2,2024-11-01,2025-04-30,60,13,11,2,1,1,0,0,0,0,0,0,2,0,0,4,10,3,3,2,2,0,0,0,0,0,0,1,1,1,6,8,7,3,2,0,0,0,0,0,0,0,0,0,6,7,8,2,2,0,0,0,0,0,0,0,0,2,5,7,6,3,2,0,0,0,0,0,0,1,0,0,1,4,5,5,5,0,0,0,0,0,0,0,0,0,0,1,0,神奈川
3304,烏野賢太,ウノ ケンタ,徳島,A1,S,421220,1,57,164,55,O,6.26,44.4,35,29,144,1,0,0.17,26,88.4,0.16,3.0,20,55.0,0.16,3.4,31,38.7,0.17,3.4,26,38.4,0.17,3.3,22,27.2,0.2,3.7,19,10.5,0.19,4.3,B1,A1,A2,50.0,56.0,2025,2,2024-11-01,2025-04-30,60,21,2,0,2,1,0,0,0,0,0,0,0,0,0,4,7,1,3,3,2,0,0,0,0,0,0,0,0,6,6,8,5,3,3,0,0,0,0,0,0,0,0,1,9,5,5,5,1,0,0,0,0,0,0,0,0,3,3,7,4,4,1,0,0,0,0,0,0,0,0,0,2,4,6,5,2,0,0,0,0,0,0,0,0,0,0,0,0,徳島
3305,小野信樹,オノ ノブキ,岡山,B1,S,421222,1,57,162,53,A,3.69,16.6,6,8,84,0,0,0.18,13,61.5,0.21,4.2,16,12.5,0.17,3.5,15,6.6,0.18,4.1,13,0.0,0.19,3.6,17,11.7,0.16,3.5,10,10.0,0.17,4.3,B1,B1,B1,45.0,44.0,2025,2,2024-11-01,2025-04-30,60,5,3,0,2,0,3,0,0,0,0,0,0,0,0,0,2,0,3,6,5,0,0,0,0,0,0,0,0,0,1,4,2,3,5,0,0,0,0,0,0,0,0,0,0,3,3,5,2,0,0,0,0,0,0,0,0,1,1,3,4,5,3,0,0,0,0,0,0,0,0,0,1,0,1,2,6,0,0,0,0,0,0,0,0,0,0,0,0,岡山
3306,武田正紀,タケダ マサノリ,埼玉,B1,S,430107,1,57,163,55,A,4.35,15.9,9,6,94,0,0,0.18,12,50.0,0.2,3.6,16,18.7,0.17,3.9,20,20.0,0.18,4.0,17,11.7,0.19,3.6,17,0.0,0.15,3.6,12,0.0,0.2,4.4,B1,B1,B1,47.0,46.0,2025,2,2024-11-01,2025-04-30,60,5,1,2,2,0,2,0,0,0,0,0,0,0,0,1,2,3,2,6,2,0,0,0,0,0,0,0,0,2,2,6,5,4,1,0,0,0,0,0,0,0,0,1,1,5,1,2,6,1,0,0,0,0,0,0,0,0,0,6,5,2,4,0,0,0,0,0,0,0,0,0,0,2,4,2,4,0,0,0,0,0,0,0,0,0,0,0,0,東京
3313,本吉正樹,モトヨシ マサジ,東京,B1,S,400806,1,59,162,58,A,3.73,12.8,3,6,70,0,0,0.19,8,50.0,0.21,3.6,14,7.1,0.21,4.1,10,20.0,0.18,3.5,15,13.3,0.18,3.7,11,0.0,0.16,4.4,12,0.0,0.22,5.1,B1,B1,B1,46.0,45.0,2025,2,2024-11-01,2025-04-30,61,2,2,0,2,2,0,0,0,0,0,0,0,0,0,0,1,3,2,4,4,0,0,0,0,0,0,0,0,0,2,1,4,3,0,0,0,0,0,0,0,0,0,1,1,4,3,4,2,0,0,0,0,0,0,0,0,0,0,1,4,6,0,0,0,0,0,0,0,0,0,0,0,1,1,5,5,0,0,0,0,0,0,0,0,0,0,0,0,東京
3315,広瀬聖仁,ヒロセ マサヒト,愛知,B1,S,401001,1,59,162,54,A,5.23,27.1,11,17,103,0,0,0.16,14,57.1,0.16,3.3,21,38.1,0.14,2.7,16,18.7,0.12,2.9,21,28.5,0.17,2.9,20,10.0,0.17,2.9,11,9.0,0.21,4.8,B1,B1,B1,50.0,50.0,2025,2,2024-11-01,2025-04-30,61,6,2,3,1,2,0,0,0,0,0,0,0,0,0,2,6,6,2,3,2,0,0,0,0,0,0,0,0,1,2,8,2,2,1,0,0,0,0,0,0,0,0,2,4,5,3,6,1,0,0,0,0,0,0,0,0,0,2,3,8,4,3,0,0,0,0,0,0,0,0,0,1,3,3,4,0,0,0,0,0,0,0,0,0,0,0,1,0,愛知
3319,山崎義明,ヤマザキ ヨシアキ,埼玉,B1,S,420222,1,58,165,54,O,5.35,33.3,16,23,117,1,0,0.15,22,63.6,0.14,2.8,19,31.5,0.18,3.1,22,45.4,0.15,3.0,18,11.1,0.13,2.6,18,22.2,0.12,2.7,18,16.6,0.2,4.3,A2,A2,A2,51.0,50.0,2025,2,2024-11-01,2025-04-30,61,11,3,2,3,1,1,1,0,0,0,0,0,0,0,1,5,2,5,3,3,0,0,0,0,0,0,0,0,3,7,5,4,1,2,0,0,0,0,0,0,0,0,0,2,5,4,5,2,0,0,0,0,0,0,0,0,1,3,5,3,4,2,0,0,0,0,0,1,0,0,0,3,6,1,4,4,0,0,0,0,0,0,0,0,0,0,1,0,埼玉
3327,野長瀬正孝,ノナガセ マサタカ,静岡,A1,S,420814,1,57,163,51,O,6.26,45.5,19,27,101,2,0,0.16,18,88.8,0.16,2.5,24,45.8,0.15,2.5,22,31.8,0.16,3.0,24,41.6,0.17,3.3,11,18.1,0.2,4.0,2,0.0,0.23,5.0,A2,A2,A2,51.0,53.0,2025,2,2024-11-01,2025-04-30,61,11,5,0,2,0,0,0,0,0,0,0,0,0,0,2,9,7,2,2,2,0,0,0,0,0,0,0,0,2,5,5,5,4,0,0,0,0,0,0,0,1,0,3,7,5,6,3,0,0,0,0,0,0,0,0,0,1,1,2,2,5,0,0,0,0,0,0,0,0,0,0,0,1,1,0,0,0,0,0,0,0,0,0,0,0,0,1,0,静岡
3333,丸尾義孝,マルオ ヨシタカ,徳島,A2,S,430606,1,57,161,54,A,6.11,44.0,22,19,93,2,0,0.16,19,84.2,0.15,3.1,14,57.1,0.16,3.2,17,29.4,0.16,2.9,19,31.5,0.15,2.9,13,23.0,0.16,3.5,11,27.2,0.22,4.2,A2,A2,A1,52.0,53.0,2025,2,2024-11-01,2025-04-30,61,11,5,1,2,0,0,0,0,0,0,0,0,0,0,3,5,2,3,0,1,0,0,0,0,0,0,0,0,2,3,4,5,0,1,2,0,0,0,0,0,0,0,4,2,5,2,3,3,0,0,0,0,0,0,0,0,1,2,2,2,3,3,0,0,0,0,0,0,0,0,1,2,2,1,4,1,0,0,0,0,0,0,0,0,0,0,0,0,徳島
3334,角ひとみ,スミ ヒトミ,広島,B1,S,430916,2,56,161,46,A,4.91,30.1,16,19,116,0,0,0.2,20,55.0,0.21,4.4,22,27.2,0.21,4.5,24,25.0,0.19,4.3,16,50.0,0.19,4.1,22,18.1,0.19,4.0,12,0.0,0.23,3.9,B1,B1,B1,49.0,48.0,2025,2,2024-11-01,2025-04-30,61,9,2,2,1,2,4,0,0,0,0,0,0,0,0,3,3,2,4,5,5,0,0,0,0,0,0,0,0,1,5,4,3,3,8,0,0,0,0,0,0,0,0,2,6,3,3,1,1,0,0,0,0,0,0,0,0,1,3,6,4,6,2,0,0,0,0,0,0,0,0,0,0,3,5,0,4,0,0,0,0,0,1,0,0,0,0,0,0,広島
3339,泉具巳,イズミ トモミ,兵庫,B1,S,400529,1,60,162,55,B,4.23,19.5,5,11,82,0,0,0.16,13,46.1,0.19,3.8,15,20.0,0.18,3.4,14,28.5,0.13,3.1,14,0.0,0.15,2.6,14,14.2,0.15,2.6,12,8.3,0.18,3.5,B1,B1,A2,48.0,46.0,2025,2,2024-11-01,2025-04-30,62,4,2,1,4,2,0,0,0,0,0,0,0,0,0,0,3,5,2,4,1,0,0,0,0,0,0,0,0,1,3,3,1,4,2,0,0,0,0,0,0,0,0,0,0,2,3,4,5,0,0,0,0,0,0,0,0,0,2,4,5,1,1,1,0,0,0,0,1,0,0,0,1,0,2,3,6,0,0,0,0,0,0,0,0,0,0,0,0,大阪
3340,池田雷太,イケダ ライタ,東京,B1,S,400711,1,59,167,55,A,4.69,27.0,14,22,133,0,0,0.16,20,70.0,0.16,2.7,27,25.9,0.16,3.1,24,33.3,0.16,2.7,22,13.6,0.18,3.5,27,11.1,0.16,3.7,13,7.6,0.18,3.8,B1,B1,B1,47.0,48.0,2025,2,2024-11-01,2025-04-30,62,7,7,3,2,1,0,0,0,0,0,0,0,0,0,2,5,5,8,6,1,0,0,0,0,0,1,0,0,2,6,4,3,6,2,0,0,0,0,0,0,1,0,2,1,2,6,6,5,0,0,0,0,0,0,0,0,0,3,4,6,7,7,0,0,0,0,0,0,0,0,1,0,1,3,7,1,0,0,0,0,0,0,0,0,0,0,0,0,東京
3346,宮本裕之,ミヤモト ヒロユキ,兵庫,B1,S,411213,1,58,164,52,O,4.01,19.5,8,9,87,0,0,0.17,13,38.4,0.18,3.0,16,25.0,0.17,4.1,18,27.7,0.17,3.3,17,5.8,0.16,3.4,12,16.6,0.19,3.3,11,0.0,0.19,4.5,B1,B1,B1,45.0,45.0,2025,2,2024-11-01,2025-04-30,62,4,1,1,2,2,3,0,0,0,0,0,0,0,0,1,3,2,4,3,3,0,0,0,0,0,0,0,0,1,4,2,3,5,2,0,0,0,0,0,0,1,0,1,0,4,5,3,4,0,0,0,0,0,0,0,0,1,1,1,2,4,3,0,0,0,0,0,0,0,0,0,0,0,2,7,2,0,0,0,0,0,0,0,0,0,0,1,0,大阪
3349,吉田一郎,ヨシダ イチロウ,長崎,A2,S,430127,1,57,161,54,A,5.6,35.1,20,19,111,1,0,0.16,22,81.8,0.15,3.0,37,29.7,0.16,3.3,20,35.0,0.17,3.6,19,10.5,0.16,2.6,8,12.5,0.18,2.8,5,0.0,0.17,3.4,A2,A1,B1,51.0,53.0,2025,2,2024-11-01,2025-04-30,62,13,5,3,0,0,1,0,0,0,0,0,0,0,0,4,7,4,12,6,4,0,0,0,0,0,0,0,0,2,5,4,3,3,3,0,0,0,0,0,0,0,0,1,1,8,4,2,2,1,0,0,0,0,0,0,0,0,1,0,2,5,0,0,0,0,0,0,0,0,0,0,0,1,3,0,1,0,0,0,0,0,0,0,0,0,0,0,0,長崎
3350,藤本佳史,フジモト ヨシフミ,山口,B1,S,430423,1,57,159,54,AB,4.37,22.8,8,18,114,0,0,0.16,22,63.6,0.15,2.5,17,35.2,0.14,2.9,19,10.5,0.15,3.1,17,23.5,0.16,2.9,14,0.0,0.19,3.4,24,0.0,0.17,3.7,A2,B1,A2,51.0,46.0,2025,2,2024-11-01,2025-04-30,62,7,7,2,2,0,3,0,0,0,0,0,0,0,1,1,5,4,1,1,5,0,0,0,0,0,0,0,0,0,2,2,6,5,3,0,0,0,0,0,0,1,0,0,4,3,3,1,6,0,0,0,0,0,0,0,0,0,0,5,2,3,4,0,0,0,0,0,0,0,0,0,0,4,10,7,3,0,0,0,0,0,0,0,0,0,0,0,1,山口
3352,小川晃司,オガワ コウジ,福岡,B1,S,430620,1,57,161,51,O,4.19,16.1,3,13,99,0,0,0.15,0,0.0,0.0,0.0,0,0.0,0.0,0.0,0,0.0,0.0,0.0,1,100.0,0.07,1.0,2,100.0,0.13,3.5,96,13.5,0.16,3.1,B1,B1,B1,47.0,47.0,2025,2,2024-11-01,2025-04-30,62,0,0,0,0,0,0,0,0,0,0,0,0,0,0,0,0,0,0,0,0,0,0,0,0,0,0,0,0,0,0,0,0,0,0,0,0,0,0,0,0,0,0,1,0,0,0,0,0,0,0,0,0,0,0,0,0,0,2,0,0,0,0,0,0,0,0,0,0,0,0,2,11,22,20,28,13,0,0,0,0,0,0,0,0,0,0,0,0,福岡
3353,前田光昭,マエダ ミツアキ,埼玉,B2,S,430625,1,57,158,52,O,3.5,11.7,1,3,34,0,0,0.19,5,0.0,0.26,4.4,7,0.0,0.12,3.1,6,16.6,0.12,1.8,6,33.3,0.15,3.0,6,16.6,0.26,3.7,4,0.0,0.31,4.8,B2,B1,B1,41.0,43.0,2025,2,2024-11-01,2025-04-30,62,0,0,2,0,3,0,0,0,0,0,0,0,0,0,0,0,0,3,2,2,0,0,0,0,0,0,0,0,0,1,1,2,2,0,0,0,0,0,0,0,0,0,1,1,0,2,1,0,0,0,0,0,0,0,0,1,0,1,1,2,1,1,0,0,0,0,0,0,0,0,0,0,0,0,1,2,1,0,0,0,0,1,0,0,0,0,0,0,埼玉
3355,橋谷田佳織,ハシヤダ カオリ,東京,B2,S,430810,2,56,150,41,A,3.6,0.0,0,0,10,0,0,0.27,2,0.0,0.28,4.5,2,0.0,0.27,5.5,2,0.0,0.25,5.0,2,0.0,0.37,6.0,2,0.0,0.2,5.5,0,0.0,0.0,0.0,B2,B2,B2,44.0,47.0,2025,2,2024-11-01,2025-04-30,62,0,0,0,2,0,0,0,0,0,0,0,0,0,0,0,0,1,1,0,0,0,0,0,0,0,0,0,0,0,0,0,2,0,0,0,0,0,0,0,0,0,0,0,0,0,1,0,1,0,0,0,0,0,0,0,0,0,0,0,1,0,1,0,0,0,0,0,0,0,0,0,0,0,0,0,0,0,0,0,0,0,0,0,0,0,0,0,0,千葉
3357,福島陽子,フクシマ ヨオコ,岡山,B1,S,431108,2,56,161,49,O,3.98,21.2,7,10,80,0,0,0.2,12,66.6,0.18,3.9,16,43.7,0.19,3.9,16,0.0,0.2,4.4,13,7.6,0.2,3.9,12,0.0,0.22,4.6,11,9.0,0.22,5.4,B1,B1,B1,48.0,45.0,2025,2,2024-11-01,2025-04-30,62,5,3,2,2,0,0,0,0,0,0,0,0,0,0,2,5,1,2,5,1,0,0,0,0,0,0,0,0,0,0,3,2,5,6,0,0,0,0,0,0,0,0,0,1,2,3,2,5,0,0,0,0,0,0,0,0,0,0,3,0,6,3,0,0,0,0,0,0,0,0,0,1,0,1,2,7,0,0,0,0,0,0,0,0,0,0,0,0,岡山
3361,岡部浩,オカベ ヒロシ,徳島,B1,S,440320,1,56,155,55,AB,3.66,17.0,4,11,88,0,0,0.19,12,33.3,0.17,3.6,13,7.6,0.18,3.4,16,18.7,0.17,3.4,19,15.7,0.2,4.2,14,14.2,0.21,4.5,14,14.2,0.22,5.0,B1,B1,B1,46.0,44.0,2025,2,2024-11-01,2025-04-30,62,2,2,1,1,4,1,1,0,0,0,0,0,0,0,0,1,1,4,4,3,0,0,0,0,0,0,0,0,1,2,5,3,2,3,0,0,0,0,0,0,0,0,1,2,0,5,6,5,0,0,0,0,0,0,0,0,0,2,1,2,5,4,0,0,0,0,0,0,0,0,0,2,0,4,4,4,0,0,0,0,0,0,0,0,0,0,0,0,徳島
3362,間嶋仁志,マシマ ヒトシ,三重,A2,S,440728,1,55,167,55,A,6.16,49.1,26,35,124,4,1,0.19,23,91.3,0.15,2.8,41,51.2,0.2,4.2,33,36.3,0.19,4.0,25,28.0,0.2,4.4,2,0.0,0.23,4.5,0,0.0,0.0,0.0,B1,A2,A1,50.0,52.0,2025,2,2024-11-01,2025-04-30,62,15,6,1,0,1,0,0,0,0,0,0,0,0,0,5,16,3,9,4,3,0,0,0,0,0,0,0,1,6,6,6,5,6,4,0,0,0,0,0,0,0,0,0,7,6,6,4,2,0,0,0,0,0,1,0,0,0,0,0,0,2,0,0,0,0,0,0,0,0,0,0,0,0,0,0,0,0,0,0,0,0,0,0,0,0,0,0,0,大阪
3370,坪内実,ツボウチ ミノル,大阪,B1,S,411113,1,58,165,55,A,4.09,18.4,8,11,103,0,0,0.2,17,64.7,0.17,3.7,17,17.6,0.19,4.5,15,6.6,0.2,3.9,20,15.0,0.18,3.4,19,0.0,0.19,4.2,15,6.6,0.27,5.3,B1,B1,B1,44.0,45.0,2025,2,2024-11-01,2025-04-30,63,7,4,4,0,1,1,0,0,0,0,0,0,0,0,0,3,3,4,4,3,0,0,0,0,0,0,0,0,0,1,3,4,2,5,0,0,0,0,0,0,0,0,1,2,7,1,1,8,0,0,0,0,0,0,0,0,0,0,3,6,6,4,0,0,0,0,0,0,0,0,0,1,0,2,4,8,0,0,0,0,0,0,0,0,0,0,1,0,大阪
3372,加藤雅之,カトウ マサユキ,広島,B1,S,411124,1,58,161,54,B,3.43,11.6,3,7,86,0,0,0.22,14,35.7,0.23,4.6,15,6.6,0.23,5.1,16,6.2,0.23,4.6,15,20.0,0.22,4.9,9,0.0,0.2,4.6,17,0.0,0.22,4.8,B1,B1,B1,43.0,44.0,2025,2,2024-11-01,2025-04-30,63,2,3,1,2,2,4,0,0,0,0,0,0,0,0,0,1,2,3,7,2,0,0,0,0,0,0,0,0,1,0,1,5,5,4,0,0,0,0,0,0,0,0,0,3,1,4,4,3,0,0,0,0,0,0,0,0,0,0,1,3,1,4,0,0,0,0,0,0,0,0,0,0,3,4,6,4,0,0,0,0,0,0,0,0,0,0,0,0,広島
3377,塚田修二,ツカダ シュウジ,東京,B2,S,420926,1,57,166,56,O,4.05,14.6,2,4,41,0,0,0.2,6,33.3,0.14,4.2,7,28.5,0.2,4.4,8,0.0,0.19,4.6,8,12.5,0.23,4.6,8,12.5,0.19,3.9,4,0.0,0.23,4.6,B1,B1,B1,49.0,46.0,2025,2,2024-11-01,2025-04-30,63,1,1,2,0,2,0,0,0,0,0,0,0,0,0,0,2,4,1,0,0,0,0,0,0,0,0,0,0,0,0,2,0,5,1,0,0,0,0,0,0,0,0,0,1,1,1,0,5,0,0,0,0,0,0,0,0,1,0,1,3,2,1,0,0,0,0,0,0,0,0,0,0,0,1,2,1,0,0,0,0,0,1,0,0,0,0,0,0,東京
3381,滝沢芳行,タキザワ ヨシユキ,埼玉,B1,S,430824,1,56,161,56,A,5.02,34.0,19,15,100,1,0,0.16,19,68.4,0.16,2.9,17,35.2,0.16,2.1,12,33.3,0.15,3.2,16,25.0,0.14,2.6,23,21.7,0.15,2.7,13,15.3,0.18,2.8,A2,B1,A2,50.0,48.0,2025,2,2024-11-01,2025-04-30,63,8,5,1,2,0,2,0,0,0,0,0,0,1,0,3,3,1,5,1,4,0,0,0,0,0,0,0,0,2,2,3,3,1,1,0,0,0,0,0,0,0,0,2,2,2,5,2,3,0,0,0,0,0,0,0,0,2,3,3,2,5,8,0,0,0,0,0,0,0,0,2,0,1,2,4,4,0,0,0,0,0,0,0,0,0,0,0,0,埼玉
3385,渡邉睦広,ワタナベ ノブヒロ,東京,B1,S,440317,1,56,162,53,O,5.35,31.6,20,23,136,1,0,0.17,21,66.6,0.18,3.6,20,40.0,0.18,3.3,27,25.9,0.17,3.3,22,31.8,0.14,3.1,24,25.0,0.18,3.2,22,4.5,0.17,3.9,A2,A2,A2,50.0,50.0,2025,2,2024-11-01,2025-04-30,63,8,6,3,1,1,2,0,0,0,0,0,0,0,0,4,4,6,2,2,2,0,0,0,0,0,0,0,0,3,4,4,8,3,5,0,0,0,0,0,0,0,0,2,5,5,8,1,1,0,0,0,0,0,0,0,0,3,3,6,7,3,2,0,0,0,0,0,0,0,0,0,1,5,3,7,6,0,0,0,0,0,0,0,0,0,0,0,0,神奈川
3388,今垣光太郎,イマガキ コウタロウ,福井,A1,S,440918,1,55,160,52,A,7.2,55.5,32,23,99,4,2,0.17,23,91.3,0.16,3.1,12,41.6,0.18,4.5,16,62.5,0.18,3.8,19,47.3,0.15,2.9,19,42.1,0.15,2.5,10,20.0,0.19,5.0,A1,A2,A1,58.0,65.0,2025,2,2024-11-01,2025-04-30,63,18,3,2,0,0,0,0,0,0,0,0,0,0,0,1,4,3,2,0,1,1,0,0,0,0,0,0,0,7,3,1,4,1,0,0,0,0,0,0,1,0,0,2,7,5,1,2,2,0,0,0,0,0,0,0,0,4,4,3,1,2,4,0,0,0,0,0,0,1,0,0,2,2,2,1,3,0,0,0,0,0,0,0,0,0,0,0,0,石川
3391,鈴木茂正,スズキ シゲマサ,東京,B2,S,400608,1,60,164,60,A,0.0,0.0,0,0,0,0,0,0.0,0,0.0,0.0,0.0,0,0.0,0.0,0.0,0,0.0,0.0,0.0,0,0.0,0.0,0.0,0,0.0,0.0,0.0,0,0.0,0.0,0.0,B2,B2,B2,0.0,0.0,2025,2,2024-11-01,2025-04-30,64,0,0,0,0,0,0,0,0,0,0,0,0,0,0,0,0,0,0,0,0,0,0,0,0,0,0,0,0,0,0,0,0,0,0,0,0,0,0,0,0,0,0,0,0,0,0,0,0,0,0,0,0,0,0,0,0,0,0,0,0,0,0,0,0,0,0,0,0,0,0,0,0,0,0,0,0,0,0,0,0,0,0,0,0,0,0,0,0,東京
3392,小森信雄,コモリ ノブオ,三重,B1,S,400816,1,59,161,54,A,4.17,12.3,3,8,89,0,0,0.19,13,30.7,0.19,4.1,15,6.6,0.18,4.1,19,10.5,0.16,2.8,16,18.7,0.2,4.3,12,8.3,0.2,4.3,14,0.0,0.19,3.7,B1,B1,B1,46.0,46.0,2025,2,2024-11-01,2025-04-30,64,3,1,3,3,3,0,0,0,0,0,0,0,0,0,0,1,6,4,2,1,0,0,0,0,0,0,1,0,0,2,5,3,5,3,1,0,0,0,0,0,0,0,0,3,6,3,4,0,0,0,0,0,0,0,0,0,0,1,5,1,3,2,0,0,0,0,0,0,0,0,0,0,0,4,5,5,0,0,0,0,0,0,0,0,0,0,0,0,三重
3401,上田隆章,ウエタ タカアキ,香川,B1,S,420829,1,57,159,55,O,4.66,27.1,15,14,107,0,0,0.19,16,50.0,0.14,2.5,19,57.8,0.18,3.9,17,35.2,0.17,3.1,21,19.0,0.22,4.3,12,0.0,0.21,4.3,22,0.0,0.21,5.0,B1,B1,B1,48.0,46.0,2025,2,2024-11-01,2025-04-30,64,6,2,1,3,2,2,0,0,0,0,0,0,0,0,5,6,3,1,3,1,0,0,0,0,0,0,0,0,2,4,7,1,0,2,1,0,0,0,0,0,0,0,2,2,2,1,6,7,0,0,0,0,0,0,1,0,0,0,4,1,4,3,0,0,0,0,0,0,0,0,0,0,5,4,3,10,0,0,0,0,0,0,0,0,0,0,0,0,高知
3406,中里英夫,ナカザト ヒデオ,群馬,A2,S,430810,1,56,162,54,A,5.49,30.1,14,17,103,1,0,0.18,17,58.8,0.15,3.1,18,44.4,0.16,3.7,14,21.4,0.16,3.4,22,22.7,0.2,4.3,19,21.0,0.18,3.9,13,7.6,0.2,4.8,B1,A2,B1,49.0,51.0,2025,2,2024-11-01,2025-04-30,64,6,4,4,2,1,0,0,0,0,0,0,0,0,0,3,5,3,3,4,0,0,0,0,0,0,0,0,0,1,2,4,2,2,2,1,0,0,0,0,0,0,0,3,2,7,8,0,2,0,0,0,0,0,0,0,0,1,3,5,6,2,2,0,0,0,0,0,0,0,0,0,1,3,3,6,0,0,0,0,0,0,0,0,0,0,0,0,0,栃木
3411,池上隆行,イケガミ タカユキ,広島,B1,S,440809,1,55,158,54,B,3.75,11.4,4,6,87,0,0,0.18,15,40.0,0.17,3.2,16,6.2,0.18,3.3,13,7.6,0.17,3.4,21,9.5,0.17,3.3,17,0.0,0.19,3.6,5,0.0,0.26,5.2,B1,B1,B1,45.0,45.0,2025,2,2024-11-01,2025-04-30,64,3,3,3,1,4,1,0,0,0,0,0,0,0,0,0,1,3,9,3,0,0,0,0,0,0,0,0,0,0,1,2,4,1,5,0,0,0,0,0,1,0,0,1,1,3,8,7,1,0,0,0,0,0,0,0,0,0,0,0,5,3,9,0,0,0,0,0,0,0,0,0,0,0,2,1,2,0,0,0,0,0,0,0,0,0,0,0,0,広島
3412,鈴木博,スズキ ヒロシ,埼玉,A1,S,440901,1,55,167,53,O,6.72,52.9,44,27,134,6,2,0.17,31,93.5,0.14,2.4,20,50.0,0.18,3.8,22,36.3,0.19,3.8,26,42.3,0.18,3.8,18,38.8,0.19,3.4,17,35.2,0.17,3.4,A1,A2,A1,52.0,56.0,2025,2,2024-11-01,2025-04-30,64,27,2,0,0,0,1,1,0,0,0,0,0,0,0,5,5,3,4,1,2,0,0,0,0,0,0,0,0,4,4,3,3,5,3,0,0,0,0,0,0,0,0,3,8,9,3,0,3,0,0,0,0,0,0,0,0,2,5,2,5,1,3,0,0,0,0,0,1,0,0,3,3,3,3,1,4,0,0,0,0,0,0,0,0,0,0,0,0,埼玉
3414,加瀬智宏,カセ トモヒロ,群馬,B1,S,441025,1,55,160,57,O,4.45,23.6,9,13,93,0,0,0.15,15,66.6,0.13,2.1,12,33.3,0.16,2.5,21,19.0,0.15,2.7,17,11.7,0.12,3.2,14,7.1,0.16,3.1,14,7.1,0.16,3.9,B1,B1,B1,46.0,47.0,2025,2,2024-11-01,2025-04-30,64,4,6,1,2,2,0,0,0,0,0,0,0,0,0,3,1,2,3,1,2,0,0,0,0,0,0,0,0,1,3,4,6,4,3,0,0,0,0,0,0,0,0,1,1,3,2,7,3,0,0,0,0,0,0,0,0,0,1,1,7,2,3,0,0,0,0,0,0,0,0,0,1,1,2,7,3,0,0,0,0,0,0,0,0,0,0,0,0,群馬
3415,松井繁,マツイ シゲル,大阪,A1,S,441111,1,55,168,52,O,6.78,42.5,29,28,134,3,1,0.16,29,82.7,0.17,3.9,26,46.1,0.17,3.8,28,35.7,0.17,3.8,32,25.0,0.15,4.2,15,20.0,0.15,3.3,4,0.0,0.19,3.8,A1,A1,A1,71.0,69.0,2025,2,2024-11-01,2025-04-30,64,19,5,2,1,1,1,0,0,0,0,0,0,0,0,4,8,3,3,4,3,0,0,0,0,0,0,1,0,4,6,11,2,2,3,0,0,0,0,0,0,0,0,2,6,8,5,11,0,0,0,0,0,0,0,0,0,0,3,1,4,5,2,0,0,0,0,0,0,0,0,0,0,1,1,2,0,0,0,0,0,0,0,0,0,0,0,0,0,大阪
3419,栗原謙治,クリハラ ケンジ,群馬,B1,S,441211,1,55,161,57,A,3.39,14.7,0,9,61,0,0,0.22,8,50.0,0.18,3.8,11,27.2,0.23,4.5,13,15.3,0.22,4.5,11,0.0,0.23,4.5,7,0.0,0.22,5.6,11,0.0,0.26,5.6,B1,B1,B1,45.0,43.0,2025,2,2024-11-01,2025-04-30,64,0,4,1,2,1,0,0,0,0,0,0,0,0,0,0,3,1,2,5,0,0,0,0,0,0,0,0,0,0,2,2,3,3,3,0,0,0,0,0,0,0,0,0,0,1,0,8,2,0,0,0,0,0,0,0,0,0,0,0,2,4,1,0,0,0,0,0,0,0,0,0,0,1,1,3,5,0,0,0,0,0,0,1,0,0,0,0,0,群馬
3422,服部幸男,ハットリ ユキオ,静岡,A1,S,460105,1,54,167,56,B,6.38,49.2,34,29,128,8,2,0.15,30,90.0,0.15,3.2,19,47.3,0.16,3.2,23,39.1,0.16,3.3,27,40.7,0.13,2.7,24,29.1,0.16,3.0,4,0.0,0.12,4.0,A1,A1,A1,55.0,57.0,2025,2,2024-11-01,2025-04-30,64,23,4,1,1,0,1,0,0,0,0,0,0,0,0,2,7,2,5,1,2,0,0,0,0,0,0,0,0,3,6,2,6,1,5,0,0,0,0,0,0,0,0,5,6,6,4,3,3,0,0,0,0,0,0,0,0,1,6,2,4,7,4,0,0,0,0,0,0,0,0,0,0,0,1,1,2,0,0,0,0,0,0,0,0,0,0,0,1,静岡
3430,角浜修,カクハマ オサム,広島,B1,S,430402,1,57,162,59,A,3.58,19.7,7,10,86,0,0,0.18,12,66.6,0.16,3.0,19,26.3,0.19,4.0,13,15.3,0.17,3.4,11,9.0,0.19,3.7,20,5.0,0.18,3.9,11,0.0,0.18,4.2,B1,B1,B1,43.0,42.0,2025,2,2024-11-01,2025-04-30,65,4,4,1,1,1,1,0,0,0,0,0,0,0,0,2,3,3,2,6,2,1,0,0,0,0,0,0,0,0,2,1,0,5,5,0,0,0,0,0,0,0,0,0,1,0,1,2,7,0,0,0,0,0,0,0,0,1,0,2,3,9,5,0,0,0,0,0,0,0,0,0,0,1,2,0,8,0,0,0,0,0,0,0,0,0,0,0,0,広島
3432,宮迫暢彦,ミヤサコ ノブヒコ,大阪,B1,S,430610,1,57,157,54,A,5.03,30.0,15,21,120,0,0,0.18,20,70.0,0.18,3.1,16,50.0,0.15,2.7,26,23.0,0.17,3.3,25,24.0,0.19,3.7,16,12.5,0.19,3.4,17,0.0,0.21,4.8,B1,A2,A2,49.0,49.0,2025,2,2024-11-01,2025-04-30,65,10,4,0,2,2,2,0,0,0,0,0,0,0,0,1,7,5,3,0,0,0,0,0,0,0,0,0,0,2,4,5,8,6,1,0,0,0,0,0,0,0,0,2,4,9,2,3,5,0,0,0,0,0,0,0,0,0,2,2,3,6,3,0,0,0,0,0,0,0,0,0,0,1,5,6,5,0,0,0,0,0,0,0,0,0,0,0,0,大阪
3434,松尾宣邦,マツオ ノブクニ,福岡,B1,S,440131,1,56,165,53,O,4.62,25.3,10,10,79,0,0,0.18,10,80.0,0.17,3.4,14,35.7,0.17,3.6,17,11.7,0.17,3.4,15,20.0,0.15,3.2,14,14.2,0.2,4.2,9,0.0,0.22,3.8,B1,B1,B1,47.0,47.0,2025,2,2024-11-01,2025-04-30,65,7,1,0,1,1,0,0,0,0,0,0,0,0,0,2,3,3,2,3,0,0,0,0,0,0,0,1,0,1,1,5,4,3,3,0,0,0,0,0,0,0,0,0,3,2,3,5,2,0,0,0,0,0,0,0,0,0,2,0,5,3,4,0,0,0,0,0,0,0,0,0,0,0,5,2,2,0,0,0,0,0,0,0,0,0,0,0,0,福岡
3435,寺田千恵,テラダ チエ,岡山,A1,S,440411,2,56,157,46,O,6.79,50.3,37,31,135,5,1,0.15,35,82.8,0.16,2.9,21,66.6,0.14,2.5,20,40.0,0.18,3.2,24,33.3,0.16,2.8,14,42.8,0.11,3.0,21,14.2,0.16,3.4,A1,A1,A1,57.0,59.0,2025,2,2024-11-01,2025-04-30,65,22,7,4,1,1,0,0,0,0,0,0,0,0,0,6,8,3,1,2,1,0,0,0,0,0,0,0,0,6,2,4,5,3,0,0,0,0,0,0,0,0,0,3,5,6,2,5,3,0,0,0,0,0,0,0,0,0,6,3,2,3,0,0,0,0,0,0,0,0,0,0,3,6,4,2,6,0,0,0,0,0,0,0,0,0,0,0,0,福岡
3436,柏野幸二,カシノ コウジ,岡山,B1,S,440424,1,56,159,52,B,5.46,32.0,13,20,103,1,0,0.13,18,72.2,0.1,1.6,18,44.4,0.1,1.4,20,20.0,0.16,2.8,18,38.8,0.14,2.6,17,0.0,0.15,3.1,12,8.3,0.14,2.8,A2,A2,A2,50.0,51.0,2025,2,2024-11-01,2025-04-30,65,9,4,3,1,1,0,0,0,0,0,0,0,0,0,1,7,1,6,2,1,0,0,0,0,0,0,0,0,2,2,7,5,0,3,0,0,0,0,0,0,1,0,1,6,4,6,1,0,0,0,0,0,0,0,0,0,0,0,3,8,5,1,0,0,0,0,0,0,0,0,0,1,1,6,1,3,0,0,0,0,0,0,0,0,0,0,1,0,岡山
3439,大平誉史明,オオヒラ ヨシアキ,大阪,B1,S,440718,1,55,161,53,A,5.25,36.6,18,23,112,3,1,0.16,16,68.7,0.15,2.6,21,42.8,0.16,3.0,18,50.0,0.15,3.4,19,42.1,0.15,2.9,21,14.2,0.16,3.4,17,5.8,0.2,4.1,B1,A2,A2,50.0,49.0,2025,2,2024-11-01,2025-04-30,65,7,4,1,1,1,1,0,0,0,0,0,0,1,0,1,8,1,4,3,4,0,0,0,0,0,0,0,0,4,5,2,3,2,2,0,0,0,0,0,0,0,0,5,3,3,3,3,2,0,0,0,0,0,0,0,0,1,2,4,4,6,4,0,0,0,0,0,0,0,0,0,1,3,6,1,6,0,0,0,0,0,0,0,0,0,0,0,0,大阪
3441,土屋太朗,ツチヤ タロウ,群馬,B1,S,440728,1,55,154,55,AB,5.16,27.2,8,25,121,1,0,0.19,17,47.0,0.21,3.8,21,57.1,0.18,3.2,25,20.0,0.16,3.0,24,16.6,0.2,4.1,27,14.8,0.19,4.3,7,0.0,0.16,4.0,B1,B1,B1,46.0,50.0,2025,2,2024-11-01,2025-04-30,65,4,4,4,0,5,0,0,0,0,0,0,0,0,0,4,8,4,4,0,1,0,0,0,0,0,0,0,0,0,5,9,9,2,0,0,0,0,0,0,0,0,0,0,4,5,11,2,2,0,0,0,0,0,0,0,0,0,4,3,8,5,7,0,0,0,0,0,0,0,0,0,0,2,2,3,0,0,0,0,0,0,0,0,0,0,0,0,0,群馬
3442,宮武英司,ミヤタケ エイジ,香川,B1,S,440818,1,55,167,58,A,5.25,32.3,13,20,102,0,0,0.17,20,75.0,0.17,2.9,16,56.2,0.17,3.1,22,9.0,0.16,3.4,16,31.2,0.14,2.8,13,15.3,0.16,3.2,15,0.0,0.19,4.3,B1,A2,A2,50.0,50.0,2025,2,2024-11-01,2025-04-30,65,8,7,1,3,1,0,0,0,0,0,0,1,0,0,2,7,4,2,1,0,0,0,0,0,0,0,0,0,1,1,6,7,3,4,0,0,0,0,0,0,0,0,2,3,4,4,2,1,0,0,0,0,0,0,0,0,0,2,0,4,2,5,0,0,0,0,0,0,0,0,0,0,2,6,4,3,0,0,0,0,0,1,0,0,0,0,0,0,香川
3444,香月大介,カツキ ダイスケ,福岡,B1,S,440927,1,55,160,56,A,3.9,19.0,7,12,100,0,0,0.15,12,50.0,0.18,2.8,20,15.0,0.17,3.1,21,14.2,0.15,2.4,16,25.0,0.12,2.1,22,9.0,0.17,3.0,9,11.1,0.13,1.6,B1,B1,B1,44.0,46.0,2025,2,2024-11-01,2025-04-30,65,3,3,1,4,0,1,0,0,0,0,0,0,0,0,0,3,3,2,11,1,0,0,0,0,0,0,0,0,1,2,3,3,11,1,0,0,0,0,0,0,0,0,2,2,0,7,4,1,0,0,0,0,0,0,0,0,0,2,1,4,9,6,0,0,0,0,0,0,0,0,1,0,1,0,3,4,0,0,0,0,0,0,0,0,0,0,0,0,福岡
3445,加藤高史,カトウ タカシ,埼玉,B2,S,441005,1,55,162,54,O,4.91,25.0,6,5,44,1,0,0.22,7,57.1,0.21,3.6,6,0.0,0.19,4.7,6,16.6,0.24,4.3,11,18.1,0.28,4.4,11,36.3,0.17,3.4,3,0.0,0.22,4.8,B1,B1,A2,47.0,49.0,2025,2,2024-11-01,2025-04-30,65,3,1,2,1,0,0,0,0,0,0,0,0,0,0,0,0,1,0,3,2,0,0,0,0,0,0,0,0,0,1,0,3,2,0,0,0,0,0,0,0,0,0,1,1,4,2,1,2,0,0,0,0,0,0,0,0,2,2,2,1,4,0,0,0,0,0,0,0,0,0,0,0,0,2,0,1,0,0,0,0,0,1,0,0,0,0,0,0,東京
3448,高山秀雄,タカヤマ ヒデオ,群馬,B1,S,450219,1,55,158,54,O,4.64,20.0,5,12,85,0,0,0.2,15,46.6,0.16,3.2,16,12.5,0.18,3.7,13,23.0,0.22,4.1,15,20.0,0.22,4.5,17,11.7,0.18,4.3,9,0.0,0.22,5.3,B1,B1,B1,47.0,48.0,2025,2,2024-11-01,2025-04-30,65,5,2,4,1,1,1,1,0,0,0,0,0,0,0,0,2,3,4,4,3,0,0,0,0,0,0,0,0,0,3,5,2,0,3,0,0,0,0,0,0,0,0,0,3,5,3,3,1,0,0,0,0,0,0,0,0,0,2,4,8,1,2,0,0,0,0,0,0,0,0,0,0,0,4,1,4,0,0,0,0,0,0,0,0,0,0,0,0,群馬
3454,井川大作,イカワ ダイサク,岡山,B1,S,460302,1,54,161,64,A,4.3,23.8,5,20,105,0,0,0.16,12,50.0,0.18,3.8,22,22.7,0.14,3.1,16,43.7,0.16,2.6,23,17.3,0.15,2.7,18,16.6,0.16,3.1,14,0.0,0.2,4.3,B1,B1,B1,47.0,46.0,2025,2,2024-11-01,2025-04-30,65,0,6,2,1,2,1,0,0,0,0,0,0,0,0,1,4,6,2,8,1,0,0,0,0,0,0,0,0,0,7,2,4,2,1,0,0,0,0,0,1,0,0,2,2,6,5,3,5,0,0,0,0,0,0,0,0,2,1,2,3,6,4,0,0,0,0,0,0,0,0,0,0,0,0,5,9,0,0,0,0,0,0,0,0,0,0,0,0,岡山
3455,谷本幸司,タニモト コウジ,愛知,B1,S,460326,1,54,165,53,B,5.17,35.9,11,26,103,0,0,0.18,17,70.5,0.17,3.2,17,47.0,0.16,3.2,19,36.8,0.17,3.5,14,28.5,0.17,3.1,22,22.7,0.19,3.1,14,7.1,0.19,4.4,B1,B2,B1,50.0,49.0,2025,2,2024-11-01,2025-04-30,65,8,4,0,4,1,0,0,0,0,0,0,0,0,0,0,8,1,5,2,1,0,0,0,0,0,1,0,0,1,6,3,3,4,2,0,0,0,0,0,0,0,0,1,3,3,2,2,3,0,0,0,0,0,0,0,0,1,4,6,2,4,4,1,0,0,0,0,1,0,0,0,1,1,5,4,3,0,0,0,0,0,0,0,0,0,0,0,0,愛知
3458,東健介,ヒガシ ケンスケ,岡山,B1,S,411019,1,58,163,55,AB,4.75,21.5,7,7,65,2,0,0.17,8,62.5,0.2,3.4,11,9.0,0.17,3.4,11,45.4,0.12,2.2,13,15.3,0.17,2.3,11,9.0,0.16,3.7,11,0.0,0.23,4.4,B1,B1,B1,47.0,48.0,2025,2,2024-11-01,2025-04-30,66,4,1,1,2,0,0,0,0,0,0,0,0,0,0,1,0,4,3,1,2,0,0,0,0,0,0,0,0,0,5,2,1,1,1,1,0,0,0,0,0,0,0,2,0,5,3,2,1,0,0,0,0,0,1,0,0,0,1,1,2,6,1,0,0,0,0,0,0,0,0,0,0,2,3,2,4,0,0,0,0,0,0,0,0,0,0,2,0,熊本
3459,中野和裕,ナカノ カズヒロ,佐賀,B1,S,420103,1,58,163,55,B,4.24,22.8,8,16,105,0,0,0.16,15,60.0,0.13,2.5,18,44.4,0.13,2.8,17,11.7,0.2,3.9,19,10.5,0.17,3.4,19,10.5,0.15,2.8,17,5.8,0.17,3.6,B1,B1,B1,43.0,46.0,2025,2,2024-11-01,2025-04-30,66,5,4,4,0,2,0,0,0,0,0,0,0,0,0,3,5,2,4,1,3,0,0,0,0,0,1,0,0,0,2,2,5,4,4,0,0,0,0,0,0,0,0,0,2,1,5,5,6,0,0,0,0,0,0,0,0,0,2,2,4,6,5,0,0,0,0,0,1,0,0,0,1,4,1,6,5,0,0,0,0,0,0,0,0,0,0,0,0,佐賀
3461,渡邊哲也,ワタナベ テツヤ,静岡,B1,S,420121,1,58,165,56,A,3.87,12.2,2,8,82,0,0,0.19,12,33.3,0.14,2.7,12,8.3,0.18,3.7,16,12.5,0.19,4.1,15,13.3,0.22,3.8,16,0.0,0.18,3.2,10,10.0,0.21,4.3,B1,B1,B1,42.0,45.0,2025,2,2024-11-01,2025-04-30,66,1,3,2,2,3,0,0,0,0,0,0,0,1,0,0,1,3,3,2,3,0,0,0,0,0,0,0,0,1,1,6,5,1,2,0,0,0,0,0,0,0,0,0,2,0,2,6,5,0,0,0,0,0,0,0,0,0,0,6,3,4,3,0,0,0,0,0,0,0,0,0,1,1,3,3,2,0,0,0,0,0,0,0,0,0,0,1,1,静岡
3462,竹上真司,タケウエ シンジ,岡山,B1,S,420615,1,58,156,53,B,3.65,14.7,5,8,88,0,0,0.2,11,18.1,0.18,3.7,16,12.5,0.19,4.1,19,15.7,0.21,4.0,11,18.1,0.16,4.2,16,18.7,0.22,3.9,15,6.6,0.21,4.9,B1,B1,B1,47.0,43.0,2025,2,2024-11-01,2025-04-30,66,2,0,3,2,1,1,1,0,0,0,0,0,1,0,1,1,4,1,5,4,0,0,0,0,0,0,0,0,1,2,6,3,3,4,0,0,0,0,0,0,0,0,0,2,0,1,4,4,0,0,0,0,0,0,0,0,1,2,2,1,5,5,0,0,0,0,0,0,0,0,0,1,1,2,6,5,0,0,0,0,0,1,0,0,0,0,0,0,岡山
3463,乙津康志,オツ ヤスシ,東京,B1,S,420727,1,57,153,53,AB,5.01,24.5,6,19,102,0,0,0.2,15,60.0,0.23,3.5,19,36.8,0.18,3.8,19,26.3,0.16,3.2,20,10.0,0.2,4.3,18,0.0,0.22,4.0,11,18.1,0.23,4.6,B1,B1,B1,47.0,50.0,2025,2,2024-11-01,2025-04-30,66,5,4,2,3,1,0,0,0,0,0,0,0,0,0,0,7,6,4,2,0,0,0,0,0,0,0,0,0,0,5,5,5,3,1,0,0,0,0,0,0,0,0,0,2,8,2,6,2,0,0,0,0,0,0,0,0,0,0,4,4,6,4,0,0,0,0,0,0,0,0,1,1,3,3,1,2,0,0,0,0,0,0,0,0,0,0,0,0,東京
3467,森弘行,モリ ヒロユキ,東京,B1,S,430917,1,56,166,54,A,3.79,18.5,6,9,81,0,0,0.17,14,57.1,0.2,3.4,14,28.5,0.15,3.5,15,6.6,0.15,2.9,11,18.1,0.22,3.8,18,0.0,0.16,3.8,9,0.0,0.17,3.1,B1,B1,B1,45.0,44.0,2025,2,2024-11-01,2025-04-30,66,4,4,1,1,2,1,0,0,0,0,0,0,0,1,1,3,2,1,6,1,0,0,0,0,0,0,0,0,0,1,3,7,2,2,0,0,0,0,0,0,0,0,1,1,1,2,4,2,0,0,0,0,0,0,0,0,0,0,0,4,9,5,0,0,0,0,0,0,0,0,0,0,0,2,1,6,0,0,0,0,0,0,0,0,0,0,0,0,東京
3470,新田芳美,ニッタ ヨシミ,徳島,B1,S,441204,2,55,154,49,B,4.49,19.6,4,6,51,0,0,0.17,7,57.1,0.15,2.3,11,27.2,0.18,3.2,9,22.2,0.19,3.3,9,0.0,0.17,3.9,10,10.0,0.17,3.8,5,0.0,0.19,4.0,B1,B1,B1,50.0,51.0,2025,2,2024-11-01,2025-04-30,66,1,3,0,0,1,1,0,0,0,0,0,0,1,0,1,2,2,2,3,1,0,0,0,0,0,0,0,0,2,0,2,5,0,0,0,0,0,0,0,0,0,0,0,0,3,1,4,1,0,0,0,0,0,0,0,0,0,1,2,3,1,3,0,0,0,0,0,0,0,0,0,0,0,1,2,2,0,0,0,0,0,0,0,0,0,0,0,0,徳島
3471,赤峰和也,アカミネ カズヤ,佐賀,B1,S,450114,1,55,167,56,O,4.46,19.5,8,8,82,0,0,0.17,9,44.4,0.18,3.0,17,23.5,0.16,3.7,17,5.8,0.16,3.7,15,20.0,0.18,3.6,14,21.4,0.15,3.4,10,10.0,0.2,3.6,B1,B1,B1,45.0,47.0,2025,2,2024-11-01,2025-04-30,66,4,0,1,3,0,1,0,0,0,0,0,0,0,0,1,3,4,3,3,3,0,0,0,0,0,0,0,0,0,1,3,4,4,5,0,0,0,0,0,0,0,0,1,2,2,4,4,2,0,0,0,0,0,0,0,0,2,1,3,4,3,1,0,0,0,0,0,0,0,0,0,1,2,4,1,2,0,0,0,0,0,0,0,0,0,0,1,0,佐賀
3473,石川真二,イシカワ シンジ,福岡,A1,S,450419,1,55,163,54,B,6.72,53.8,54,36,167,7,1,0.15,51,68.6,0.13,2.3,95,49.4,0.16,3.3,16,37.5,0.17,3.3,4,50.0,0.22,2.8,1,0.0,0.27,3.0,0,0.0,0.0,0.0,A1,A1,A1,54.0,55.0,2025,2,2024-11-01,2025-04-30,66,31,4,3,8,1,3,1,0,0,0,0,0,0,0,21,26,10,16,15,7,0,0,0,0,0,0,0,0,2,4,6,1,2,1,0,0,0,0,0,0,0,0,0,2,0,1,1,0,0,0,0,0,0,0,0,0,0,0,0,0,0,1,0,0,0,0,0,0,0,0,0,0,0,0,0,0,0,0,0,0,0,0,0,0,0,0,0,0,福岡
3474,松瀬弘美,マツセ ヒロミ,静岡,B1,S,450618,2,55,150,46,A,5.28,29.8,13,18,104,1,0,0.17,22,59.0,0.18,3.4,20,50.0,0.18,3.5,15,33.3,0.13,3.2,11,9.0,0.19,2.9,19,0.0,0.15,2.7,17,11.7,0.17,3.6,A2,B1,B1,50.0,50.0,2025,2,2024-11-01,2025-04-30,66,8,5,3,6,0,0,0,0,0,0,0,0,0,0,3,7,7,2,1,0,0,0,0,0,0,0,0,0,1,4,1,3,6,0,0,0,0,0,0,0,0,0,0,1,3,2,3,1,1,0,0,0,0,1,0,0,0,0,4,10,3,2,0,0,0,0,0,0,0,0,1,1,2,4,7,2,0,0,0,0,0,0,0,0,0,0,0,0,静岡
3475,橋本久和,ハシモト ヒサカズ,群馬,A2,S,450620,1,55,158,53,A,6.13,46.1,28,32,130,4,0,0.18,26,84.6,0.19,3.7,26,69.2,0.18,3.7,20,35.0,0.18,3.6,21,42.8,0.18,3.0,22,18.1,0.15,2.8,14,0.0,0.21,4.4,A2,A2,A2,50.0,52.0,2025,2,2024-11-01,2025-04-30,66,16,6,1,1,1,1,0,0,0,0,0,0,0,0,2,16,2,4,0,2,0,0,0,0,0,0,0,0,2,5,6,6,0,1,0,0,0,0,0,0,0,0,7,2,4,5,3,0,0,0,0,0,0,0,0,0,1,3,3,5,5,4,0,0,0,0,0,0,0,1,0,0,2,6,5,1,0,0,0,0,0,0,0,0,0,0,0,1,群馬
3477,近藤稔也,コンドウ トシヤ,徳島,B1,S,450902,1,54,163,53,A,4.31,17.3,5,13,104,0,0,0.19,16,25.0,0.2,4.2,18,33.3,0.18,3.2,21,4.7,0.18,4.4,15,20.0,0.19,4.3,18,16.6,0.2,3.7,16,6.2,0.18,4.5,B1,B1,B1,45.0,47.0,2025,2,2024-11-01,2025-04-30,66,1,3,3,3,5,1,0,0,0,0,0,0,0,0,3,3,6,2,4,0,0,0,0,0,0,0,0,0,0,1,4,10,3,3,0,0,0,0,0,0,0,0,1,2,6,0,5,1,0,0,0,0,0,0,0,0,0,3,2,4,5,4,0,0,0,0,0,0,0,0,0,1,2,4,2,7,0,0,0,0,0,0,0,0,0,0,0,0,徳島
3478,嶋田貴支,シマダ タカシ,香川,B1,S,451024,1,54,163,52,A,4.85,22.7,12,11,101,0,0,0.17,14,57.1,0.13,3.1,20,15.0,0.15,3.5,21,28.5,0.18,3.5,16,18.7,0.19,3.8,19,10.5,0.18,3.7,11,9.0,0.22,4.3,B1,B1,B1,48.0,49.0,2025,2,2024-11-01,2025-04-30,66,8,0,3,1,2,0,0,0,0,0,0,0,0,0,2,1,6,5,3,3,0,0,0,0,0,1,0,0,1,5,6,6,3,0,0,0,0,0,0,0,0,0,1,2,4,4,4,1,0,0,0,0,0,0,0,0,0,2,2,5,9,1,0,0,0,0,0,0,0,0,0,1,2,1,2,5,0,0,0,0,0,0,0,0,0,0,1,0,香川
3482,金子猛志,カネコ タケシ,群馬,B1,S,460131,1,54,164,59,O,5.04,29.4,17,16,112,1,0,0.16,17,82.3,0.17,2.4,18,16.6,0.18,3.5,22,18.1,0.17,3.3,18,33.3,0.11,2.5,17,23.5,0.14,2.6,20,10.0,0.19,3.8,B1,B1,B1,48.0,49.0,2025,2,2024-11-01,2025-04-30,66,11,3,2,0,0,1,0,0,0,0,0,0,0,0,1,2,5,5,4,1,0,0,0,0,0,0,0,0,1,3,6,2,7,3,0,0,0,0,0,0,0,0,3,3,2,6,2,2,0,0,0,0,0,0,0,0,1,3,3,2,4,4,0,0,0,0,0,0,0,0,0,2,3,5,3,7,0,0,0,0,0,0,0,0,0,0,0,0,群馬
3484,芝田浩治,シバタ コウジ,兵庫,A2,S,461017,1,53,168,53,B,6.25,49.3,18,19,75,1,0,0.17,17,94.1,0.15,2.4,8,37.5,0.17,3.3,17,52.9,0.17,3.2,12,41.6,0.16,3.1,12,16.6,0.16,3.6,9,22.2,0.18,3.0,A2,A2,A2,51.0,52.0,2025,2,2024-11-01,2025-04-30,66,13,3,0,1,0,0,0,0,0,0,0,0,0,0,1,2,1,1,1,2,0,0,0,0,0,0,0,0,2,7,5,1,0,2,0,0,0,0,0,0,0,0,2,3,3,2,2,0,0,0,0,0,0,0,0,0,0,2,2,1,4,3,0,0,0,0,0,0,0,0,0,2,0,6,0,1,0,0,0,0,0,0,0,0,0,0,0,0,兵庫
3489,大場敏,オオバ サトシ,静岡,A2,S,420301,1,58,165,55,A,5.75,34.3,23,24,137,2,0,0.15,27,70.3,0.15,2.3,23,43.4,0.13,2.8,24,45.8,0.13,2.4,30,16.6,0.16,3.5,18,11.1,0.17,3.6,15,0.0,0.17,5.1,A2,A2,A1,52.0,51.0,2025,2,2024-11-01,2025-04-30,67,17,2,3,3,1,0,0,0,0,0,0,0,0,1,3,7,7,1,4,1,0,0,0,0,0,0,0,0,2,9,11,1,1,0,0,0,0,0,0,0,0,0,1,4,9,9,3,2,0,0,0,0,0,0,2,0,0,2,2,6,7,1,0,0,0,0,0,0,0,0,0,0,4,3,4,4,0,0,0,0,0,0,0,0,0,0,0,0,静岡
3497,後藤浩,ゴトウ ヒロシ,埼玉,B1,S,430707,1,56,160,52,B,4.99,25.6,22,8,117,0,0,0.18,17,88.2,0.16,2.5,17,5.8,0.17,4.3,27,25.9,0.16,3.4,18,16.6,0.21,4.0,25,12.0,0.18,3.5,13,7.6,0.2,3.8,B1,B1,B1,48.0,48.0,2025,2,2024-11-01,2025-04-30,67,14,1,0,2,0,0,0,0,0,0,0,0,0,0,1,0,8,1,5,2,0,0,0,0,0,0,0,0,5,2,8,2,5,5,0,0,0,0,0,0,0,0,1,2,1,6,3,5,0,0,0,0,0,0,0,0,1,2,8,7,0,7,0,0,0,0,0,0,0,0,0,1,3,0,6,3,0,0,0,0,0,0,0,0,0,0,0,0,埼玉
3499,市川哲也,イチカワ テツヤ,広島,A2,S,431001,1,56,162,51,A,6.08,38.6,22,22,114,0,0,0.14,28,71.4,0.15,2.3,20,60.0,0.11,2.5,22,27.2,0.14,2.5,22,13.6,0.14,2.5,15,13.3,0.14,2.4,7,14.2,0.14,2.7,A1,A2,A1,54.0,54.0,2025,2,2024-11-01,2025-04-30,67,16,4,4,1,2,0,0,0,0,0,0,0,0,1,3,9,2,3,2,1,0,0,0,0,0,0,0,0,2,4,7,6,2,1,0,0,0,0,0,0,0,0,0,3,7,5,5,2,0,0,0,0,0,0,0,0,1,1,7,3,3,0,0,0,0,0,0,0,0,0,0,1,1,4,0,1,0,0,0,0,0,0,0,0,0,0,0,0,広島
3502,渡邉英児,ワタナベ エイジ,静岡,B1,S,440705,1,55,167,53,B,5.22,33.6,20,19,116,0,0,0.17,23,65.2,0.17,3.1,18,33.3,0.16,3.6,22,31.8,0.17,2.9,22,36.3,0.16,2.8,25,12.0,0.18,4.0,6,0.0,0.21,5.0,A2,B1,A2,50.0,49.0,2025,2,2024-11-01,2025-04-30,67,12,3,2,4,1,1,0,0,0,0,0,0,0,0,2,4,3,2,3,4,0,0,0,0,0,0,0,0,2,5,5,6,2,2,0,0,0,0,0,0,0,0,2,6,3,4,3,4,0,0,0,0,0,0,0,0,2,1,5,5,7,5,0,0,0,0,0,0,0,0,0,0,0,2,2,2,0,0,0,0,0,0,0,0,0,0,0,0,静岡
3503,堂原洋史,ドウハラ ヒロフミ,埼玉,B1,S,441218,1,55,164,51,AB,4.3,15.2,6,10,105,0,0,0.17,11,36.3,0.16,2.5,25,16.0,0.17,3.0,17,23.5,0.18,3.2,20,10.0,0.15,2.8,20,10.0,0.2,3.7,12,0.0,0.18,3.5,B1,B1,B1,45.0,47.0,2025,2,2024-11-01,2025-04-30,67,4,0,1,4,2,0,0,0,0,0,0,0,0,0,1,3,8,7,4,2,0,0,0,0,0,0,0,0,1,3,4,3,5,1,0,0,0,0,0,0,0,0,0,2,7,3,3,5,0,0,0,0,0,0,0,0,0,2,4,3,8,3,0,0,0,0,0,0,0,0,0,0,1,4,4,3,0,0,0,0,0,0,0,0,0,0,0,0,千葉
3505,山田竜一,ヤマダ リュウイチ,東京,A2,S,460325,1,54,156,56,O,5.68,38.4,18,35,138,1,0,0.15,27,74.0,0.15,2.5,23,52.1,0.16,3.2,25,28.0,0.16,2.2,27,33.3,0.13,2.3,22,22.7,0.14,2.5,14,0.0,0.17,3.2,A2,A2,B1,51.0,51.0,2025,2,2024-11-01,2025-04-30,67,11,9,5,0,0,1,0,0,0,0,0,0,0,1,2,10,3,5,2,1,0,0,0,0,0,0,0,0,2,5,9,3,3,3,0,0,0,0,0,0,0,0,2,7,10,3,1,4,0,0,0,0,0,0,0,0,1,4,2,6,5,4,0,0,0,0,0,0,0,0,0,0,3,4,4,3,0,0,0,0,0,0,0,0,0,0,1,0,東京
3507,藤井徹,フジイ トオル,大阪,B1,S,460607,1,54,165,52,B,4.22,21.8,5,7,55,0,0,0.19,9,66.6,0.15,3.6,11,9.0,0.17,3.8,8,25.0,0.2,3.0,16,6.2,0.2,3.8,10,20.0,0.19,4.5,1,0.0,0.25,2.0,B1,B1,B1,48.0,46.0,2025,2,2024-11-01,2025-04-30,67,2,4,2,0,1,0,0,0,0,0,0,0,0,0,1,0,3,1,4,2,0,0,0,0,0,1,0,0,2,0,1,2,3,0,0,0,0,0,0,0,0,0,0,1,2,4,3,5,0,0,0,0,0,0,1,0,0,2,0,2,3,3,0,0,0,0,0,0,0,0,0,0,0,1,0,0,0,0,0,0,0,0,0,0,0,0,0,0,大阪
3508,久富政弘,ヒサトミ マサヒロ,佐賀,B1,S,460804,1,53,162,56,O,4.94,26.2,13,8,80,0,0,0.21,14,85.7,0.18,3.9,11,27.2,0.2,4.0,14,21.4,0.19,4.4,15,20.0,0.2,4.5,14,0.0,0.2,4.6,12,0.0,0.27,5.7,B1,B1,B1,47.0,49.0,2025,2,2024-11-01,2025-04-30,67,10,2,1,0,1,0,0,0,0,0,0,0,0,0,2,1,0,5,0,3,0,0,0,0,0,0,0,0,0,3,7,3,1,0,0,0,0,0,0,0,0,0,1,2,3,4,2,3,0,0,0,0,0,0,0,0,0,0,1,5,7,1,0,0,0,0,0,0,0,0,0,0,0,5,5,2,0,0,0,0,0,0,0,0,0,0,1,0,佐賀
3509,池千夏,イケ チナツ,香川,B1,S,461102,2,53,165,50,A,4.44,24.5,7,8,61,0,0,0.15,9,66.6,0.11,1.8,10,20.0,0.16,2.4,11,27.2,0.15,2.4,10,20.0,0.12,2.1,11,18.1,0.16,2.5,9,0.0,0.18,4.2,B1,B1,B1,42.0,46.0,2025,2,2024-11-01,2025-04-30,67,5,1,1,0,1,1,0,0,0,0,0,0,0,0,0,2,3,2,1,2,0,0,0,0,0,0,0,0,1,2,2,0,6,0,0,0,0,0,0,1,0,0,1,1,2,1,2,3,0,0,0,0,0,0,0,0,0,2,0,5,2,2,0,0,0,0,0,0,0,0,0,0,2,1,3,3,0,0,0,0,0,0,0,0,0,0,0,1,愛媛
3514,山一鉄也,ヤマイチ テツヤ,福岡,B2,S,420417,1,58,162,52,A,5.91,35.5,14,2,45,1,0,0.16,11,81.8,0.15,3.4,5,20.0,0.18,3.6,5,20.0,0.21,4.6,10,30.0,0.15,3.6,9,22.2,0.17,3.4,5,0.0,0.18,3.6,A2,A2,A2,51.0,52.0,2025,2,2024-11-01,2025-04-30,68,8,1,1,1,0,0,0,0,0,0,0,0,0,0,1,0,2,1,0,1,0,0,0,0,0,0,0,0,1,0,1,1,2,0,0,0,0,0,0,0,0,0,2,1,3,2,1,1,0,0,0,0,0,0,0,0,2,0,0,3,4,0,0,0,0,0,0,0,0,0,0,0,1,2,2,0,0,0,0,0,0,0,0,0,0,0,0,0,福岡
3516,吉原聖人,ヨシハラ キヨト,広島,B1,S,421116,1,57,164,52,B,4.39,24.2,8,15,95,0,0,0.18,14,50.0,0.17,3.2,16,31.2,0.17,3.5,19,26.3,0.19,3.8,18,27.7,0.17,3.1,16,0.0,0.2,3.9,12,8.3,0.17,3.3,B1,B1,B1,48.0,47.0,2025,2,2024-11-01,2025-04-30,68,3,4,2,1,4,0,0,0,0,0,0,0,0,0,0,5,3,3,3,2,0,0,0,0,0,0,0,0,1,4,0,3,9,2,0,0,0,0,0,0,0,0,4,1,5,3,3,2,0,0,0,0,0,0,0,0,0,0,2,2,5,7,0,0,0,0,0,0,0,0,0,1,2,3,6,0,0,0,0,0,0,0,0,0,0,0,1,0,広島
3517,高橋勲,タカハシ イサオ,東京,A2,S,421222,1,57,165,58,O,5.71,42.1,28,31,140,3,0,0.14,24,79.1,0.12,2.2,30,60.0,0.13,2.6,30,33.3,0.17,3.3,28,21.4,0.16,3.1,20,30.0,0.13,2.6,8,0.0,0.2,2.8,B1,B1,B1,48.0,50.0,2025,2,2024-11-01,2025-04-30,68,16,3,0,2,3,0,0,0,0,0,0,0,0,0,4,14,1,4,5,2,0,0,0,0,0,0,0,0,3,7,6,6,3,5,0,0,0,0,0,0,0,0,2,4,6,7,4,5,0,0,0,0,0,0,0,0,3,3,5,3,1,4,0,0,0,0,0,0,1,0,0,0,2,1,2,2,0,0,0,0,0,0,1,0,0,0,0,0,神奈川
3518,倉田郁美,クラタ イクミ,静岡,B1,S,430229,2,57,154,50,A,4.61,21.2,6,11,80,0,0,0.21,9,44.4,0.23,4.1,15,46.6,0.22,4.3,16,6.2,0.19,3.2,17,17.6,0.18,2.9,13,7.6,0.22,3.8,10,10.0,0.25,4.7,B1,B1,B1,47.0,48.0,2025,2,2024-11-01,2025-04-30,68,2,2,1,1,3,0,0,0,0,0,0,0,0,0,2,5,3,2,3,0,0,0,0,0,0,0,0,0,0,1,3,7,4,1,0,0,0,0,0,0,0,0,2,1,5,3,3,3,0,0,0,0,0,0,0,0,0,1,1,5,5,1,0,0,0,0,0,0,0,0,0,1,3,2,0,4,0,0,0,0,0,0,0,0,0,0,0,0,愛知
3519,冨田秀幸,トミタ ヒデユキ,愛知,B1,S,430517,1,57,159,52,A,4.52,21.0,8,19,128,0,0,0.15,18,55.5,0.14,2.3,22,18.1,0.16,3.3,25,24.0,0.14,2.8,24,16.6,0.16,3.3,21,14.2,0.14,2.8,18,0.0,0.18,4.4,B1,B1,B1,48.0,48.0,2025,2,2024-11-01,2025-04-30,68,3,7,4,2,2,0,0,0,0,0,0,0,0,0,2,2,5,5,7,1,0,0,0,0,0,1,0,0,2,4,6,8,5,0,0,0,0,0,0,0,0,0,0,4,3,8,7,2,0,0,0,0,0,0,0,0,1,2,6,4,3,4,0,0,0,0,0,0,1,0,0,0,0,4,9,5,0,0,0,0,0,0,0,0,0,0,0,0,愛知
3523,寳田亮治,タカラダ リョウジ,福岡,B1,S,431114,1,56,164,54,AB,5.16,34.0,13,17,88,0,0,0.17,14,85.7,0.16,3.5,11,45.4,0.18,3.5,18,16.6,0.17,3.9,16,25.0,0.15,3.1,13,23.0,0.16,4.1,16,18.7,0.2,4.0,B1,A2,B1,47.0,49.0,2025,2,2024-11-01,2025-04-30,68,9,3,1,1,0,0,0,0,0,0,0,0,0,0,2,3,2,3,1,0,0,0,0,0,0,0,0,0,0,3,4,4,3,4,0,0,0,0,0,0,0,0,1,3,4,4,3,1,0,0,0,0,0,0,0,0,1,2,2,1,4,3,0,0,0,0,0,0,0,0,0,3,1,2,4,6,0,0,0,0,0,0,0,0,0,0,2,0,福岡
3527,中嶋誠一郎,ナカシマ セイイチロウ,長崎,B1,S,460113,1,54,163,53,B,5.44,29.9,14,21,117,0,0,0.17,19,73.6,0.16,2.6,16,31.2,0.17,3.9,19,31.5,0.17,3.2,24,20.8,0.2,3.7,23,13.0,0.17,3.7,16,12.5,0.15,2.9,B1,B1,A2,50.0,51.0,2025,2,2024-11-01,2025-04-30,68,10,4,1,4,0,0,0,0,0,0,0,0,0,0,1,4,3,4,3,1,0,0,0,0,0,0,0,0,1,5,7,2,2,2,0,0,0,0,0,0,0,0,1,4,6,7,5,1,0,0,0,0,0,0,0,0,1,2,8,4,5,3,0,0,0,0,0,0,0,0,0,2,5,5,3,1,0,0,0,0,0,0,0,0,0,0,0,0,長崎
3528,笠野友紀恵,カサノ ユキエ,愛知,B1,S,460324,2,54,162,48,O,3.41,11.2,4,4,71,0,0,0.22,10,30.0,0.27,4.5,13,23.0,0.22,3.8,12,16.6,0.2,4.8,10,0.0,0.18,3.5,13,0.0,0.23,5.2,13,0.0,0.24,4.4,B1,B1,B1,46.0,43.0,2025,2,2024-11-01,2025-04-30,68,2,1,2,2,1,2,0,0,0,0,0,1,0,0,1,2,3,3,2,2,0,0,0,0,0,0,0,0,1,1,1,3,2,4,0,0,0,0,0,0,0,0,0,0,3,2,3,2,0,0,0,0,0,0,0,0,0,0,0,3,7,3,0,0,0,0,0,0,0,0,0,0,0,0,8,5,0,0,0,0,0,0,0,0,0,0,0,0,愛知
3532,柴田光,シバタ ヒカル,群馬,A1,S,461206,1,53,166,54,O,7.49,61.7,39,24,102,4,1,0.16,32,81.2,0.16,3.1,34,55.8,0.17,3.3,16,56.2,0.13,2.6,16,43.7,0.17,3.6,4,50.0,0.15,3.3,0,0.0,0.0,0.0,A1,A1,A2,54.0,56.0,2025,2,2024-11-01,2025-04-30,68,24,2,4,0,0,2,0,0,0,0,0,0,0,0,7,12,7,4,2,2,0,0,0,0,0,0,0,0,4,5,4,2,1,0,0,0,0,0,0,1,0,0,4,3,5,2,2,0,0,0,0,0,0,0,0,0,0,2,1,1,0,0,0,0,0,0,0,0,0,0,0,0,0,0,0,0,0,0,0,0,0,0,0,0,0,0,0,0,群馬
3535,渡修平,ワタリ シュウヘイ,兵庫,B1,S,470810,1,52,166,52,AB,4.41,25.7,7,11,70,0,0,0.21,9,66.6,0.17,3.6,15,26.6,0.21,4.4,12,16.6,0.19,3.9,12,25.0,0.23,4.6,10,30.0,0.19,3.7,12,0.0,0.24,5.1,B1,B1,B1,43.0,46.0,2025,2,2024-11-01,2025-04-30,68,3,3,1,2,0,0,0,0,0,0,0,0,0,0,1,3,3,3,3,2,0,0,0,0,0,0,0,0,2,0,3,2,4,1,0,0,0,0,0,0,0,0,1,2,1,4,2,2,0,0,0,0,0,0,0,0,0,3,0,1,4,2,0,0,0,0,0,0,0,0,0,0,1,1,2,8,0,0,0,0,0,0,0,0,0,0,0,0,兵庫
3538,菊池峰晴,キクチ ミネハル,群馬,B1,S,430309,1,57,159,53,O,5.16,30.6,22,16,124,1,0,0.18,23,86.9,0.17,3.1,19,36.8,0.18,3.6,24,25.0,0.15,3.2,19,21.0,0.17,3.4,21,0.0,0.19,3.9,18,5.5,0.21,4.4,B1,A2,B1,51.0,49.0,2025,2,2024-11-01,2025-04-30,69,14,6,1,1,1,0,0,0,0,0,0,0,0,0,1,6,1,5,4,1,1,0,0,0,0,0,0,0,4,2,3,9,5,1,0,0,0,0,0,0,0,0,3,1,2,7,4,2,0,0,0,0,0,0,0,0,0,0,7,4,10,0,0,0,0,0,0,0,0,0,0,1,2,7,3,5,0,0,0,0,0,0,0,0,0,0,0,0,栃木
3539,金子順一,カネコ ジュンイチ,山口,B1,S,430315,1,57,162,55,B,3.99,18.0,4,14,100,0,0,0.17,16,25.0,0.17,3.3,22,22.7,0.14,3.3,20,30.0,0.15,3.2,22,13.6,0.17,3.4,17,0.0,0.23,4.4,3,0.0,0.18,3.0,B1,B1,B1,44.0,46.0,2025,2,2024-11-01,2025-04-30,69,1,3,9,1,1,1,0,0,0,0,0,0,0,0,1,4,2,5,3,7,0,0,0,0,0,0,0,0,2,4,2,3,2,7,0,0,0,0,0,0,0,0,0,3,2,9,5,3,0,0,0,0,0,0,0,0,0,0,1,3,8,5,0,0,0,0,0,0,0,0,0,0,0,0,3,0,0,0,0,0,0,0,0,0,0,0,0,0,山口
3541,三嶌誠司,ミシマ セイジ,香川,A1,S,430708,1,56,159,54,B,6.56,48.0,29,34,131,5,0,0.14,24,83.3,0.14,2.8,17,76.4,0.13,2.4,21,28.5,0.15,3.5,27,55.5,0.14,2.6,21,19.0,0.13,2.7,21,23.8,0.16,3.2,A1,A1,A1,55.0,59.0,2025,2,2024-11-01,2025-04-30,69,13,7,2,1,1,0,0,0,0,0,0,0,0,0,7,6,1,3,0,0,0,0,0,0,0,0,0,0,3,3,5,3,4,2,1,0,0,0,0,0,0,0,4,11,4,3,3,2,0,0,0,0,0,0,0,0,2,2,5,4,6,2,0,0,0,0,0,1,0,0,0,5,6,5,3,2,0,0,0,0,0,0,0,0,0,0,0,0,香川
3542,清水紀克,シミズ ノリカツ,愛知,B1,S,430914,1,56,165,57,O,3.91,21.9,3,15,82,0,0,0.18,13,38.4,0.15,3.2,52,17.3,0.18,3.8,15,26.6,0.18,3.5,2,0.0,0.32,6.0,0,0.0,0.0,0.0,0,0.0,0.0,0.0,B2,B1,B1,40.0,45.0,2025,2,2024-11-01,2025-04-30,69,2,3,0,0,4,4,0,0,0,0,0,0,0,0,1,8,8,9,14,12,0,0,0,0,0,0,0,0,0,4,2,3,1,5,0,0,0,0,0,0,0,0,0,0,0,0,2,0,0,0,0,0,0,0,0,0,0,0,0,0,0,0,0,0,0,0,0,0,0,0,0,0,0,0,0,0,0,0,0,0,0,0,0,0,0,0,0,0,愛知
3543,福田雅一,フクダ マサカズ,香川,A2,S,431010,1,56,165,56,A,5.89,39.6,31,19,126,3,0,0.16,23,86.9,0.14,2.6,22,50.0,0.15,3.0,18,44.4,0.16,3.2,29,20.6,0.2,3.9,19,15.7,0.14,2.7,15,13.3,0.18,3.5,A2,A2,A2,50.0,53.0,2025,2,2024-11-01,2025-04-30,69,14,6,1,0,0,2,0,0,0,0,0,0,0,0,8,3,4,2,3,2,0,0,0,0,0,0,0,0,3,5,3,1,4,2,0,0,0,0,0,0,0,0,3,3,5,7,5,6,0,0,0,0,0,0,0,0,2,1,7,7,1,1,0,0,0,0,0,0,0,0,1,1,3,2,7,1,0,0,0,0,0,0,0,0,0,0,0,0,香川
3544,豊田訓靖,トヨダ クニヤス,静岡,B2,S,431228,1,56,165,54,AB,4.79,35.7,5,5,28,0,0,0.16,5,100.0,0.15,3.6,5,60.0,0.2,4.8,4,0.0,0.13,3.3,5,0.0,0.17,4.0,3,33.3,0.12,3.7,6,16.6,0.17,4.5,B1,B1,B1,46.0,46.0,2025,2,2024-11-01,2025-04-30,69,3,2,0,0,0,0,0,0,0,0,0,0,0,0,1,2,0,0,1,1,0,0,0,0,0,0,0,0,0,0,1,0,2,1,0,0,0,0,0,0,0,0,0,0,0,2,0,2,0,0,0,0,0,0,1,0,0,1,0,0,1,1,0,0,0,0,0,0,0,0,1,0,1,2,1,1,0,0,0,0,0,0,0,0,0,0,0,0,静岡
3546,中里昌志,ナカサト マサシ,埼玉,B1,S,440331,1,56,165,52,B,4.55,21.2,9,12,99,0,0,0.18,17,64.7,0.17,3.2,16,25.0,0.2,4.0,17,5.8,0.2,3.3,21,14.2,0.16,3.0,18,11.1,0.15,3.2,10,0.0,0.21,3.5,B1,B1,B1,49.0,47.0,2025,2,2024-11-01,2025-04-30,69,5,6,3,0,0,2,0,0,0,0,0,0,0,1,2,2,3,3,4,2,0,0,0,0,0,0,0,0,1,0,5,2,7,2,0,0,0,0,0,0,0,0,1,2,7,4,6,1,0,0,0,0,0,0,0,0,0,2,2,7,5,2,0,0,0,0,0,0,0,0,0,0,1,3,3,3,0,0,0,0,0,0,0,0,0,0,0,0,埼玉
3548,室田泰史,ムロタ ヤスフミ,福井,A2,S,450220,1,55,164,55,A,5.95,42.3,29,26,130,1,0,0.14,28,85.7,0.12,1.5,17,41.1,0.11,2.1,23,47.8,0.15,2.1,26,30.7,0.15,2.9,19,21.0,0.13,2.8,17,5.8,0.15,3.5,A2,A2,B1,51.0,52.0,2025,2,2024-11-01,2025-04-30,69,21,3,1,0,1,1,1,0,0,0,0,0,0,0,1,6,4,1,3,2,0,0,0,0,0,0,0,0,5,6,6,3,0,3,0,0,0,0,0,0,0,0,2,6,5,5,5,3,0,0,0,0,0,0,0,0,0,4,4,5,5,1,0,0,0,0,0,1,0,0,0,1,4,4,5,3,0,0,0,0,0,0,0,0,0,0,0,0,福井
3550,都築正治,ツヅキ マサハル,愛知,B1,S,460626,1,54,162,55,B,5.17,35.6,21,26,132,0,0,0.16,17,88.2,0.15,2.9,28,53.5,0.16,3.1,25,20.0,0.15,2.9,25,32.0,0.17,2.8,24,16.6,0.17,3.2,13,0.0,0.16,3.8,B1,B1,A2,48.0,49.0,2025,2,2024-11-01,2025-04-30,69,13,2,1,0,0,1,0,0,0,0,0,0,0,0,3,12,5,1,2,5,0,0,0,0,0,0,0,0,2,3,5,5,8,2,0,0,0,0,0,0,0,0,1,7,5,5,5,2,0,0,0,0,0,0,0,0,2,2,1,6,9,4,0,0,0,0,0,0,0,0,0,0,1,3,5,4,0,0,0,0,0,0,0,0,0,0,0,0,愛知
3551,藤田美代,フジタ ミヨ,福岡,B1,S,460906,2,53,150,46,AB,4.24,20.2,6,12,89,0,0,0.18,10,60.0,0.19,4.2,15,26.6,0.2,4.1,16,18.7,0.18,3.3,18,0.0,0.18,3.1,17,23.5,0.16,2.9,13,7.6,0.15,3.5,B1,B1,B1,48.0,46.0,2025,2,2024-11-01,2025-04-30,69,4,2,3,0,0,1,0,0,0,0,0,0,0,0,0,4,4,3,2,2,0,0,0,0,0,0,0,0,1,2,2,4,4,3,0,0,0,0,0,0,0,0,0,0,1,8,4,4,0,0,0,0,0,0,0,1,0,4,3,4,5,1,0,0,0,0,0,0,0,0,1,0,1,2,3,6,0,0,0,0,0,0,0,0,0,0,0,0,福岡
3553,平池仁志,ヒライケ ヒトシ,香川,B1,S,470112,1,53,164,55,B,4.38,21.4,4,17,98,0,0,0.19,14,35.7,0.19,3.1,15,33.3,0.21,4.1,16,18.7,0.19,4.3,21,33.3,0.2,4.1,20,5.0,0.19,3.4,12,0.0,0.17,3.9,B1,B1,B1,47.0,47.0,2025,2,2024-11-01,2025-04-30,69,2,3,4,1,4,0,0,0,0,0,0,0,0,0,0,5,3,2,1,4,0,0,0,0,0,0,0,0,0,3,2,4,3,4,0,0,0,0,0,0,0,0,2,5,1,7,3,3,0,0,0,0,0,0,0,0,0,1,8,4,3,4,0,0,0,0,0,0,0,0,0,0,2,2,2,6,0,0,0,0,0,0,0,0,0,0,0,0,香川
3554,仲口博崇,ナカグチ ヒロタカ,愛知,A1,S,470803,1,52,163,53,A,6.53,50.0,38,30,136,5,0,0.17,33,78.7,0.15,2.9,29,51.7,0.17,3.6,37,43.2,0.19,3.8,28,32.1,0.19,3.9,6,16.6,0.18,3.0,3,33.3,0.15,3.3,A1,A2,A2,54.0,56.0,2025,2,2024-11-01,2025-04-30,69,22,4,2,3,2,0,0,0,0,0,0,0,0,0,7,8,2,3,5,4,0,0,0,0,0,0,0,0,6,10,7,7,5,2,0,0,0,0,0,0,0,0,3,6,5,9,3,2,0,0,0,0,0,0,0,0,0,1,1,1,2,1,0,0,0,0,0,0,0,0,0,1,1,0,1,0,0,0,0,0,0,0,0,0,0,0,1,0,愛知
3556,田中信一郎,タナカ シンイチロウ,大阪,A1,S,471208,1,52,166,53,AB,6.38,46.1,27,27,117,4,1,0.15,28,96.4,0.14,2.8,19,47.3,0.14,2.5,17,47.0,0.13,2.8,19,36.8,0.16,3.1,15,13.3,0.17,3.6,19,5.2,0.14,3.9,A1,A1,A1,57.0,60.0,2025,2,2024-11-01,2025-04-30,69,20,7,1,0,0,0,0,0,0,0,0,0,0,0,4,5,4,2,4,0,0,0,0,0,0,0,0,0,2,6,3,4,2,0,0,0,0,0,0,0,0,0,1,6,3,3,5,1,0,0,0,0,0,0,0,0,0,2,4,5,2,2,0,0,0,0,0,0,0,0,0,1,3,3,4,8,0,0,0,0,0,0,0,0,0,0,1,0,大阪
3557,太田和美,オオタ カズミ,大阪,A1,S,480106,1,52,165,55,A,6.55,44.0,32,27,134,3,1,0.16,31,83.8,0.14,3.0,24,45.8,0.14,3.7,23,56.5,0.15,3.2,22,22.7,0.16,3.9,21,19.0,0.18,3.9,13,0.0,0.22,4.6,A1,A1,A1,61.0,64.0,2025,2,2024-11-01,2025-04-30,69,20,6,2,0,0,2,1,0,0,0,0,0,0,0,3,8,4,5,3,1,0,0,0,0,0,0,0,0,4,9,3,3,3,1,0,0,0,0,0,0,0,0,2,3,7,6,2,2,0,0,0,0,0,0,0,0,3,1,5,4,4,4,0,0,0,0,0,0,0,0,0,0,3,5,2,3,0,0,0,0,0,0,0,0,0,0,0,0,奈良
3558,山本浩次,ヤマモト コウジ,岡山,B1,S,480219,1,52,167,53,A,4.48,26.5,8,13,79,1,0,0.18,13,69.2,0.17,3.5,12,41.6,0.15,3.2,16,25.0,0.19,3.7,15,13.3,0.19,3.3,17,0.0,0.17,3.6,6,16.6,0.18,3.7,B1,B1,A2,50.0,47.0,2025,2,2024-11-01,2025-04-30,69,3,6,0,1,1,2,0,0,0,0,0,0,0,0,2,3,3,1,2,1,0,0,0,0,0,0,0,0,1,3,1,4,4,3,0,0,0,0,0,0,0,0,1,1,3,3,6,1,0,0,0,0,0,0,0,0,0,0,3,4,7,3,0,0,0,0,0,0,0,0,1,0,0,0,2,3,0,0,0,0,0,0,0,0,0,0,3,0,大阪
3562,山下和彦,ヤマシタ カズヒコ,広島,A2,S,440518,1,56,156,53,O,5.67,38.5,24,30,140,2,0,0.17,30,70.0,0.18,3.9,26,42.3,0.18,3.2,22,50.0,0.17,3.0,18,33.3,0.16,2.8,22,13.6,0.15,3.3,21,9.5,0.2,4.3,A1,A2,A1,52.0,52.0,2025,2,2024-11-01,2025-04-30,70,16,5,3,4,2,0,0,0,0,0,0,0,0,0,3,8,6,0,6,2,0,0,0,0,0,0,1,0,4,7,1,4,4,2,0,0,0,0,0,1,0,0,1,5,3,5,3,1,0,0,0,0,0,0,0,0,0,3,4,6,6,3,0,0,0,0,0,0,0,0,0,2,7,6,4,2,0,0,0,0,0,0,0,0,0,0,0,1,広島
3563,堤昇,ツツミ ノボル,静岡,B1,S,441219,1,55,160,55,AB,5.14,30.6,22,24,150,1,0,0.17,29,68.9,0.17,2.9,25,36.0,0.16,2.8,33,21.2,0.15,3.0,28,25.0,0.18,3.7,22,9.0,0.18,3.6,13,7.6,0.15,3.7,A2,B1,A2,50.0,49.0,2025,2,2024-11-01,2025-04-30,70,15,5,6,2,1,0,0,0,0,0,0,0,0,0,3,6,4,5,2,5,0,0,0,0,0,0,0,0,3,4,8,8,7,3,0,0,0,0,0,0,0,0,0,7,6,5,3,7,0,0,0,0,0,1,0,0,1,1,4,5,4,7,0,0,0,0,0,0,0,0,0,1,3,1,3,5,0,0,0,0,0,0,0,0,0,0,0,0,静岡
3564,桑原啓,クワハラ アキラ,福岡,B1,S,450325,1,55,158,54,A,4.84,30.8,22,19,133,1,0,0.16,21,57.1,0.16,3.2,20,25.0,0.16,2.9,25,20.0,0.15,3.4,30,33.3,0.16,2.7,23,17.3,0.16,3.7,14,35.7,0.16,3.5,B1,B1,B1,46.0,48.0,2025,2,2024-11-01,2025-04-30,70,7,5,3,1,2,3,0,0,0,0,0,0,0,0,2,3,4,3,4,4,0,0,0,0,0,0,0,0,4,1,3,8,6,3,0,0,0,0,0,0,0,0,5,5,4,6,7,3,0,0,0,0,0,0,0,0,1,3,3,4,4,8,0,0,0,0,0,1,0,0,3,2,0,0,4,5,0,0,0,0,0,0,0,0,0,0,0,0,熊本
3566,川添英正,カワゾエ ヒデマサ,福岡,B1,S,450429,1,55,159,51,O,4.72,24.2,9,15,99,0,0,0.19,15,40.0,0.18,3.1,20,20.0,0.2,4.7,17,41.1,0.17,3.2,18,27.7,0.2,3.8,15,13.3,0.21,4.3,14,0.0,0.19,5.0,B1,B1,B1,48.0,49.0,2025,2,2024-11-01,2025-04-30,70,4,2,3,3,3,0,0,0,0,0,0,0,0,0,2,2,5,4,6,1,0,0,0,0,0,0,0,0,2,5,2,2,2,4,0,0,0,0,0,1,0,0,1,4,4,6,3,0,0,0,0,0,0,0,0,0,0,2,2,3,5,3,0,0,0,0,0,0,0,0,0,0,2,4,7,1,0,0,0,0,0,0,0,0,0,0,0,0,福岡
3567,吉岡誠,ヨシオカ マコト,山口,B1,S,450730,1,54,164,57,O,3.75,18.3,4,7,60,0,0,0.19,7,28.5,0.14,3.4,12,41.6,0.18,3.8,11,9.0,0.16,3.0,9,0.0,0.18,2.9,12,25.0,0.21,3.6,9,0.0,0.25,4.7,B1,B1,B1,45.0,44.0,2025,2,2024-11-01,2025-04-30,70,0,2,1,1,1,2,0,0,0,0,0,0,0,0,3,2,1,1,1,4,0,0,0,0,0,0,0,0,0,1,3,3,2,2,0,0,0,0,0,0,0,0,0,0,0,3,1,5,0,0,0,0,0,0,0,0,1,2,3,1,3,2,0,0,0,0,0,0,0,0,0,0,0,1,2,6,0,0,0,0,0,0,0,0,0,0,0,0,山口
3568,木村光宏,キムラ ミツヒロ,香川,B1,S,460216,1,54,162,56,A,4.25,24.6,10,8,73,0,0,0.18,10,70.0,0.16,3.7,15,20.0,0.18,4.6,18,33.3,0.21,3.7,13,7.6,0.2,4.2,10,10.0,0.16,3.6,7,0.0,0.14,4.0,B1,B1,B1,48.0,45.0,2025,2,2024-11-01,2025-04-30,70,5,2,0,1,0,1,1,0,0,0,0,0,0,0,1,2,2,1,6,3,0,0,0,0,0,0,0,0,4,2,3,6,2,1,0,0,0,0,0,0,0,0,0,1,0,5,3,4,0,0,0,0,0,0,0,0,0,1,1,2,3,3,0,0,0,0,0,0,0,0,0,0,0,0,3,4,0,0,0,0,0,0,0,0,0,0,0,0,香川
3569,増田進,マスダ ススム,東京,B1,S,460504,1,54,163,55,A,4.35,22.2,13,13,117,1,0,0.19,16,62.5,0.17,2.9,21,28.5,0.18,3.8,24,20.8,0.19,3.3,19,15.7,0.18,3.9,18,5.5,0.18,4.1,19,5.2,0.23,5.8,B1,B1,B1,47.0,46.0,2025,2,2024-11-01,2025-04-30,70,8,2,2,0,2,2,0,0,0,0,0,0,0,0,2,4,3,4,4,4,0,0,0,0,0,0,0,0,1,4,6,5,3,5,0,0,0,0,0,0,0,0,1,2,3,4,5,4,0,0,0,0,0,0,0,0,1,0,2,3,8,4,0,0,0,0,0,0,0,0,0,1,3,4,5,6,0,0,0,0,0,0,0,0,0,0,0,0,東京
3572,安田政彦,ヤスダ マサヒコ,兵庫,A2,S,460906,1,53,166,53,O,5.64,41.2,19,28,114,2,0,0.2,18,88.8,0.17,3.4,20,60.0,0.18,3.0,26,46.1,0.19,3.3,18,27.7,0.22,4.3,23,4.3,0.2,4.0,9,11.1,0.23,5.1,B1,B2,B2,50.0,50.0,2025,2,2024-11-01,2025-04-30,70,13,3,1,0,1,0,0,0,0,0,0,0,0,0,3,9,3,2,1,2,0,0,0,0,0,0,0,0,1,11,2,3,4,5,0,0,0,0,0,0,0,0,2,3,7,2,2,2,0,0,0,0,0,0,0,0,0,1,3,8,7,4,0,0,0,0,0,0,0,0,0,1,2,1,5,0,0,0,0,0,0,0,0,0,0,0,0,0,大阪
3574,大神康司,オオガミ コウジ,福岡,A2,S,470802,1,52,164,54,B,5.61,37.7,23,17,106,2,0,0.17,23,78.2,0.16,3.0,51,33.3,0.17,3.2,23,21.7,0.15,3.0,7,0.0,0.16,3.3,2,0.0,0.22,3.5,0,0.0,0.0,0.0,B1,A2,A2,49.0,50.0,2025,2,2024-11-01,2025-04-30,70,12,6,1,2,2,0,0,0,0,0,0,0,0,0,7,10,13,7,7,7,0,0,0,0,0,1,0,0,4,1,6,4,2,6,0,0,0,0,0,0,0,0,0,0,1,1,2,3,0,0,0,0,0,0,0,0,0,0,0,0,0,2,0,0,0,0,0,0,0,0,0,0,0,0,0,0,0,0,0,0,0,0,0,0,0,0,1,0,福岡
3576,白水勝也,シロウズ カツヤ,福岡,A1,S,471017,1,52,164,52,B,6.63,50.4,27,30,113,6,0,0.17,30,83.3,0.14,2.4,18,55.5,0.16,3.4,18,55.5,0.17,3.5,17,17.6,0.19,3.6,17,52.9,0.16,2.8,13,0.0,0.24,5.5,A1,A1,A1,53.0,54.0,2025,2,2024-11-01,2025-04-30,70,19,6,3,1,1,0,0,0,0,0,0,0,0,0,3,7,5,1,2,0,0,0,0,0,0,0,0,0,2,8,2,2,3,0,1,0,0,0,0,0,0,0,1,2,7,4,3,0,0,0,0,0,0,0,0,0,2,7,2,1,4,1,0,0,0,0,0,0,0,0,0,0,5,4,2,2,0,0,0,0,0,0,0,0,0,0,0,0,福岡
3577,向所浩二,ムカイジョ コウジ,兵庫,B1,S,471125,1,52,158,60,A,5.36,34.0,17,14,91,3,0,0.14,14,64.2,0.14,3.1,15,46.6,0.14,2.8,12,25.0,0.15,3.5,13,38.4,0.14,2.7,20,25.0,0.14,2.6,17,11.7,0.14,3.2,B1,A2,B1,46.0,50.0,2025,2,2024-11-01,2025-04-30,70,7,2,2,2,0,1,0,0,0,0,0,0,0,0,3,4,2,1,3,2,0,0,0,0,0,0,0,0,2,1,1,2,6,0,0,0,0,0,0,0,0,0,2,3,1,2,4,1,0,0,0,0,0,0,0,0,3,2,3,5,3,4,0,0,0,0,0,0,0,0,0,2,3,8,4,0,0,0,0,0,0,0,0,0,0,0,0,0,兵庫
3578,塩田雄一,シオタ ユウイチ,香川,B1,S,471204,1,52,160,52,AB,4.48,27.0,11,19,111,0,0,0.18,19,57.8,0.18,3.6,20,35.0,0.16,3.3,18,27.7,0.17,3.4,18,16.6,0.2,3.2,16,18.7,0.19,4.1,20,5.0,0.17,3.7,B1,B1,B1,45.0,47.0,2025,2,2024-11-01,2025-04-30,70,7,4,1,1,3,3,0,0,0,0,0,0,0,0,1,6,2,5,1,5,0,0,0,0,0,0,0,0,1,4,2,4,4,3,0,0,0,0,0,0,0,0,1,2,6,5,1,2,0,0,0,0,0,0,0,1,1,2,0,2,5,6,0,0,0,0,0,0,0,0,0,1,1,8,6,4,0,0,0,0,0,0,0,0,0,0,0,0,香川
3579,中里優子,ナカサト ユウコ,埼玉,B1,S,471227,2,52,152,49,A,5.11,30.0,15,12,90,0,0,0.16,14,71.4,0.12,2.8,18,27.7,0.16,3.5,14,7.1,0.17,3.1,19,31.5,0.17,2.8,18,27.7,0.17,3.4,7,0.0,0.21,3.9,B1,B1,A2,48.0,49.0,2025,2,2024-11-01,2025-04-30,70,6,4,3,0,0,1,0,0,0,0,0,0,0,0,2,3,4,3,3,2,1,0,0,0,0,1,0,0,0,1,5,2,4,2,0,0,0,0,0,0,0,0,3,3,3,4,4,2,0,0,0,0,0,0,0,0,4,1,2,2,6,3,0,0,0,0,0,0,0,0,0,0,2,2,1,2,0,0,0,0,0,0,0,0,0,0,0,0,東京
3580,水口由紀,ミナクチ ユキ,滋賀,B1,S,480107,2,52,157,49,O,4.36,19.5,7,10,87,0,0,0.19,12,50.0,0.2,3.8,15,13.3,0.19,3.7,17,35.2,0.17,3.7,17,5.8,0.18,3.8,12,16.6,0.2,4.2,14,0.0,0.24,5.4,B1,B1,B1,49.0,47.0,2025,2,2024-11-01,2025-04-30,70,4,2,2,2,2,0,0,0,0,0,0,0,0,0,0,2,7,2,4,0,0,0,0,0,0,1,0,0,2,4,3,2,4,2,0,0,0,0,0,0,0,0,0,1,3,5,5,3,0,0,0,0,0,0,0,0,1,1,1,5,3,1,0,0,0,0,0,0,0,0,0,0,1,1,5,7,0,0,0,0,0,0,0,0,0,0,0,0,京都
3581,加木郁,カギ カオル,山口,B1,S,480109,1,52,162,54,O,5.05,29.6,14,21,118,0,0,0.2,18,72.2,0.21,3.6,24,29.1,0.19,4.0,24,33.3,0.2,3.8,17,41.1,0.18,3.2,21,0.0,0.19,4.0,14,0.0,0.22,4.4,B1,B1,B1,50.0,50.0,2025,2,2024-11-01,2025-04-30,70,10,3,1,4,0,0,0,0,0,0,0,0,0,0,0,7,4,7,4,2,0,0,0,0,0,0,0,0,2,6,3,8,3,2,0,0,0,0,0,0,0,0,2,5,3,2,3,2,0,0,0,0,0,0,0,0,0,0,5,8,6,2,0,0,0,0,0,0,0,0,0,0,0,6,4,4,0,0,0,0,0,0,0,0,0,0,0,0,山口
3582,吉川昭男,ヨシカワ アキオ,滋賀,A2,S,480129,1,52,166,53,A,6.08,46.5,37,23,129,4,0,0.17,25,76.0,0.15,3.0,43,39.5,0.16,3.8,45,46.6,0.16,3.0,15,20.0,0.21,3.6,1,0.0,0.17,4.0,0,0.0,0.0,0.0,A1,A2,A2,54.0,53.0,2025,2,2024-11-01,2025-04-30,70,17,2,2,2,0,2,0,0,0,0,0,0,0,0,7,10,4,7,9,6,0,0,0,0,0,0,0,0,13,8,6,9,2,7,0,0,0,0,0,1,0,0,0,3,2,1,7,2,0,0,0,0,0,0,0,0,0,0,0,0,0,1,0,0,0,0,0,0,0,0,0,0,0,0,0,0,0,0,0,0,0,0,0,0,0,0,1,0,滋賀
3583,齋藤智裕,サイトウ トモヒロ,埼玉,B2,S,480201,1,52,163,61,A,3.42,13.3,2,4,45,0,0,0.16,6,50.0,0.12,1.7,6,0.0,0.18,2.7,8,37.5,0.16,2.6,10,0.0,0.18,3.9,9,0.0,0.18,4.0,6,0.0,0.14,2.8,B1,B1,B1,45.0,43.0,2025,2,2024-11-01,2025-04-30,70,1,2,0,2,1,0,0,0,0,0,0,0,0,0,0,0,0,1,3,2,0,0,0,0,0,0,0,0,1,2,3,0,0,2,0,0,0,0,0,0,0,0,0,0,0,6,1,3,0,0,0,0,0,1,0,0,0,0,1,2,3,3,0,0,0,0,0,0,0,0,0,0,0,0,2,4,0,0,0,0,0,0,0,0,0,0,1,0,東京
3584,佐々木英樹,ササキ ヒデキ,広島,B1,S,480221,1,52,163,55,O,4.64,27.7,7,23,108,0,0,0.18,16,50.0,0.16,2.9,19,42.1,0.18,3.4,20,30.0,0.18,4.0,19,21.0,0.17,4.2,17,11.7,0.17,3.8,17,11.7,0.22,4.6,B1,B1,B1,48.0,48.0,2025,2,2024-11-01,2025-04-30,70,2,6,1,3,3,1,0,0,0,0,0,0,0,0,0,8,4,1,4,2,0,0,0,0,0,0,0,0,3,3,5,6,1,2,0,0,0,0,0,0,0,0,2,2,1,5,6,3,0,0,0,0,0,0,0,0,0,2,1,6,6,1,0,0,0,0,0,0,1,0,0,2,1,5,7,2,0,0,0,0,0,0,0,0,0,0,0,0,広島
3587,武田信一,タケダ シンイチ,徳島,B1,S,480328,1,52,173,63,O,4.31,24.0,7,11,75,1,0,0.17,12,58.3,0.17,3.1,14,28.5,0.18,3.4,12,25.0,0.14,3.4,14,21.4,0.14,3.1,10,10.0,0.16,3.2,13,0.0,0.19,4.1,B2,B1,B1,40.0,46.0,2025,2,2024-11-01,2025-04-30,70,3,4,2,1,1,1,0,0,0,0,0,0,0,0,1,3,0,4,4,2,0,0,0,0,0,0,0,0,1,2,0,3,1,4,1,0,0,0,0,0,0,0,2,1,6,0,3,2,0,0,0,0,0,0,0,0,0,1,1,4,2,2,0,0,0,0,0,0,0,0,0,0,0,4,3,6,0,0,0,0,0,0,0,0,0,0,0,0,徳島
3589,西村勝,ニシムラ マサル,埼玉,B1,S,480831,1,51,157,58,AB,4.44,25.2,8,15,91,0,0,0.17,14,42.8,0.16,3.5,14,28.5,0.18,4.2,14,21.4,0.2,3.5,15,20.0,0.16,2.9,14,28.5,0.14,3.2,20,15.0,0.2,4.5,B1,B1,A2,47.0,46.0,2025,2,2024-11-01,2025-04-30,70,2,4,4,0,2,2,0,0,0,0,0,0,0,0,0,4,2,3,0,5,0,0,0,0,0,0,0,0,1,2,4,3,3,1,0,0,0,0,0,0,0,0,2,1,1,3,3,5,0,0,0,0,0,0,0,0,2,2,0,4,4,2,0,0,0,0,0,0,0,0,1,2,3,4,4,5,1,0,0,0,0,0,0,0,0,0,0,0,埼玉
3590,濱野谷憲吾,ハマノヤ ケンゴ,東京,A1,S,481108,1,51,169,56,A,6.78,46.4,37,21,125,2,2,0.14,26,88.4,0.13,2.7,24,45.8,0.14,3.4,17,58.8,0.14,3.2,18,22.2,0.13,2.5,21,33.3,0.14,3.8,19,15.7,0.15,4.1,A2,A1,A1,70.0,63.0,2025,2,2024-11-01,2025-04-30,70,19,4,1,1,0,1,0,0,0,0,0,0,0,0,5,6,4,3,3,3,0,0,0,0,0,0,0,0,6,4,2,4,0,1,0,0,0,0,0,0,0,0,2,2,2,6,3,2,1,0,0,0,0,0,0,0,4,3,3,2,4,5,0,0,0,0,0,0,0,0,1,2,6,6,3,1,0,0,0,0,0,0,0,0,0,0,0,0,東京
3591,後藤孝義,ゴトウ タカヨシ,静岡,B1,S,430715,1,56,164,51,A,3.65,11.7,4,4,68,0,0,0.18,11,54.5,0.16,2.6,12,0.0,0.16,3.8,9,11.1,0.2,3.4,13,7.6,0.2,4.2,17,0.0,0.16,3.4,6,0.0,0.23,4.7,B2,B1,B1,44.0,44.0,2025,2,2024-11-01,2025-04-30,71,4,2,1,1,1,2,0,0,0,0,0,0,0,0,0,0,3,6,2,1,0,0,0,0,0,0,0,0,0,1,0,2,2,4,0,0,0,0,0,1,0,0,0,1,2,2,5,3,0,0,0,0,0,0,0,0,0,0,5,2,7,3,0,0,0,0,0,0,0,0,0,0,0,1,2,3,0,0,0,0,0,0,0,0,0,0,0,0,静岡
3593,横井光弘,ヨコイ ミツヒロ,長崎,B2,S,430909,1,56,163,57,AB,0.0,0.0,0,0,0,0,0,0.0,0,0.0,0.0,0.0,0,0.0,0.0,0.0,0,0.0,0.0,0.0,0,0.0,0.0,0.0,0,0.0,0.0,0.0,0,0.0,0.0,0.0,B2,B1,B1,0.0,0.0,2025,2,2024-11-01,2025-04-30,71,0,0,0,0,0,0,0,0,0,0,0,0,0,0,0,0,0,0,0,0,0,0,0,0,0,0,0,0,0,0,0,0,0,0,0,0,0,0,0,0,0,0,0,0,0,0,0,0,0,0,0,0,0,0,0,0,0,0,0,0,0,0,0,0,0,0,0,0,0,0,0,0,0,0,0,0,0,0,0,0,0,0,0,0,0,0,0,0,長崎
3596,河上年昭,カワカミ トシアキ,埼玉,B1,S,440730,1,55,164,56,A,4.46,20.4,5,14,93,0,0,0.18,13,53.8,0.15,2.4,18,22.2,0.17,3.0,18,22.2,0.15,2.8,17,5.8,0.19,3.2,16,6.2,0.19,3.8,11,18.1,0.22,3.7,B1,B1,B1,48.0,48.0,2025,2,2024-11-01,2025-04-30,71,4,3,3,1,1,1,0,0,0,0,0,0,0,0,0,4,4,4,4,2,0,0,0,0,0,0,0,0,0,4,2,7,2,3,0,0,0,0,0,0,0,0,1,0,3,7,3,3,0,0,0,0,0,0,0,0,0,1,3,2,6,4,0,0,0,0,0,0,0,0,0,2,3,3,1,2,0,0,0,0,0,0,0,0,0,0,0,0,岡山
3600,玄馬徹,ゲンバ トオル,岡山,B1,S,450317,1,55,165,52,AB,3.81,23.0,5,18,100,0,0,0.2,14,35.7,0.17,3.9,18,50.0,0.19,3.7,20,30.0,0.17,3.8,15,6.6,0.2,4.4,21,9.5,0.22,5.0,12,0.0,0.24,5.2,B1,B1,B1,44.0,44.0,2025,2,2024-11-01,2025-04-30,71,4,1,0,4,1,4,0,0,0,0,0,0,0,0,0,9,0,2,1,6,0,0,0,0,0,0,0,0,1,5,2,3,6,3,0,0,0,0,0,0,0,0,0,1,2,6,1,5,0,0,0,0,0,0,0,0,0,2,2,3,6,8,0,0,0,0,0,0,0,0,0,0,1,1,3,7,0,0,0,0,0,1,0,0,0,0,0,0,岡山
3602,奥平拓也,オクダイラ タクヤ,東京,B1,S,450508,1,55,161,52,O,4.95,30.4,10,22,105,0,0,0.17,16,68.7,0.16,2.4,16,18.7,0.15,2.9,17,29.4,0.16,3.2,17,52.9,0.17,3.0,19,5.2,0.19,3.8,20,15.0,0.19,3.8,B1,B1,B1,49.0,49.0,2025,2,2024-11-01,2025-04-30,71,6,5,2,1,2,0,0,0,0,0,0,0,0,0,0,3,1,4,5,3,0,0,0,0,0,0,0,0,1,4,5,5,1,1,0,0,0,0,0,0,0,0,3,6,3,1,2,2,0,0,0,0,0,0,0,0,0,1,6,4,5,3,0,0,0,0,0,0,0,0,0,3,2,4,4,7,0,0,0,0,0,0,0,0,0,0,0,0,千葉
3604,武藤綾子,ムトウ アヤコ,福岡,B1,S,451001,2,54,160,48,A,4.01,14.2,4,9,91,0,0,0.22,13,46.1,0.22,4.3,19,15.7,0.21,4.5,17,5.8,0.25,3.6,12,0.0,0.21,4.2,18,5.5,0.19,3.8,12,16.6,0.22,4.2,B1,B1,B1,46.0,47.0,2025,2,2024-11-01,2025-04-30,71,2,4,3,3,1,0,0,0,0,0,0,0,0,0,0,3,3,4,8,1,0,0,0,0,0,0,0,0,1,0,6,4,4,2,0,0,0,0,0,0,0,0,0,0,2,2,6,2,0,0,0,0,0,1,0,0,1,0,2,5,7,3,0,0,0,0,0,0,0,0,0,2,0,4,3,3,0,0,0,0,0,0,0,0,0,0,0,0,福岡
3605,中村守成,ナカムラ モリシゲ,三重,B1,S,461010,1,53,164,55,O,4.5,23.3,10,11,90,0,0,0.18,15,60.0,0.13,3.3,16,31.2,0.22,4.5,14,14.2,0.19,3.0,11,36.3,0.18,4.1,18,5.5,0.19,3.7,16,0.0,0.17,4.1,B1,B1,B1,46.0,47.0,2025,2,2024-11-01,2025-04-30,71,7,2,1,1,2,1,1,0,0,0,0,0,0,0,2,3,3,2,6,0,0,0,0,0,0,0,0,0,1,1,5,2,3,2,0,0,0,0,0,0,0,0,0,4,4,1,2,0,0,0,0,0,0,0,0,0,0,1,1,5,6,5,0,0,0,0,0,0,0,0,0,0,2,3,8,3,0,0,0,0,0,1,0,0,0,0,0,0,三重
3606,川北浩貴,カワキタ ヒロタカ,滋賀,A2,S,461206,1,53,162,53,B,5.49,36.7,16,24,109,2,0,0.18,21,80.9,0.17,3.3,15,26.6,0.18,3.2,20,50.0,0.17,2.9,16,25.0,0.18,3.7,18,22.2,0.2,3.9,19,5.2,0.21,4.7,A2,A1,A2,51.0,50.0,2025,2,2024-11-01,2025-04-30,71,12,5,0,2,0,2,0,0,0,0,0,0,0,0,1,3,6,1,3,1,0,0,0,0,0,0,0,0,2,8,5,2,1,1,0,0,0,0,0,0,1,0,0,4,5,4,0,2,1,0,0,0,0,0,0,0,1,3,2,4,3,5,0,0,0,0,0,0,0,0,0,1,4,4,7,3,0,0,0,0,0,0,0,0,0,0,1,0,滋賀
3607,原田智和,ハラダ トモカズ,大阪,B2,S,470219,1,53,164,52,B,0.0,0.0,0,0,0,0,0,0.0,0,0.0,0.0,0.0,0,0.0,0.0,0.0,0,0.0,0.0,0.0,0,0.0,0.0,0.0,0,0.0,0.0,0.0,0,0.0,0.0,0.0,B2,B2,B2,0.0,0.0,2025,2,2024-11-01,2025-04-30,71,0,0,0,0,0,0,0,0,0,0,0,0,0,0,0,0,0,0,0,0,0,0,0,0,0,0,0,0,0,0,0,0,0,0,0,0,0,0,0,0,0,0,0,0,0,0,0,0,0,0,0,0,0,0,0,0,0,0,0,0,0,0,0,0,0,0,0,0,0,0,0,0,0,0,0,0,0,0,0,0,0,0,0,0,0,0,0,0,大阪
3611,岩崎芳美,イワサキ ヨシミ,徳島,A2,S,470817,2,52,157,50,B,6.2,45.0,22,28,111,3,0,0.15,21,80.9,0.14,2.4,23,60.8,0.16,2.7,14,42.8,0.15,3.2,19,36.8,0.16,3.1,16,6.2,0.16,2.9,18,27.7,0.14,3.4,A2,A2,A1,53.0,56.0,2025,2,2024-11-01,2025-04-30,71,11,6,1,2,0,1,0,0,0,0,0,0,0,0,7,7,4,3,2,0,0,0,0,0,0,0,0,0,1,5,0,3,0,4,1,0,0,0,0,0,0,0,2,5,5,3,3,1,0,0,0,0,0,0,0,0,0,1,6,3,6,0,0,0,0,0,0,0,0,0,1,4,3,1,5,4,0,0,0,0,0,0,0,0,0,0,0,0,熊本
3612,馬袋義則,バタイ ヨシノリ,兵庫,A1,S,471003,1,52,167,55,B,6.53,44.8,47,23,156,4,1,0.14,36,83.3,0.16,2.4,36,47.2,0.14,2.6,31,29.0,0.14,2.6,27,25.9,0.16,3.2,13,38.4,0.14,2.5,13,15.3,0.12,2.4,A2,A1,A2,51.0,54.0,2025,2,2024-11-01,2025-04-30,71,27,3,4,1,1,0,0,0,0,0,0,0,0,0,9,8,4,10,4,1,0,0,0,0,0,0,0,0,4,5,7,8,2,5,0,0,0,0,0,0,0,0,2,5,11,7,1,1,0,0,0,0,0,0,0,0,3,2,4,2,2,0,0,0,0,0,0,0,0,0,2,0,3,3,3,2,0,0,0,0,0,0,0,0,0,0,0,0,兵庫
3613,角谷健吾,スミヤ ケンゴ,東京,A2,S,471224,1,52,161,53,O,6.25,49.1,33,26,120,2,0,0.15,27,85.1,0.15,2.7,23,56.5,0.15,2.8,18,61.1,0.13,2.3,18,44.4,0.16,2.7,21,9.5,0.14,2.7,13,15.3,0.21,3.7,A2,A2,A1,51.0,51.0,2025,2,2024-11-01,2025-04-30,71,18,5,1,1,0,2,0,0,0,0,0,0,0,0,5,8,2,2,3,2,0,0,0,0,0,1,1,0,8,3,4,1,1,1,0,0,0,0,0,1,0,0,2,6,5,2,1,2,0,0,0,0,0,0,0,0,0,2,6,5,2,6,0,0,0,0,0,0,0,0,0,2,1,3,5,2,0,0,0,0,0,0,0,0,0,0,3,0,東京
3614,谷勝幸,タニ カツユキ,広島,B1,S,480110,1,52,160,55,B,4.52,26.0,13,18,119,1,0,0.16,17,41.1,0.16,2.6,19,47.3,0.18,3.8,23,13.0,0.15,3.3,25,32.0,0.15,2.3,18,16.6,0.14,3.0,17,5.8,0.21,4.7,B1,B1,B1,44.0,47.0,2025,2,2024-11-01,2025-04-30,71,5,2,4,2,2,2,0,0,0,0,0,0,0,0,2,7,3,5,1,1,0,0,0,0,0,0,0,0,0,3,3,6,3,8,0,0,0,0,0,0,0,0,3,5,4,5,5,3,0,0,0,0,0,0,0,0,2,1,2,2,7,4,0,0,0,0,0,0,0,0,1,0,1,2,5,8,0,0,0,0,0,0,0,0,0,0,0,0,広島
3615,横田茂,ヨコタ シゲル,広島,B1,S,480121,1,52,168,51,B,4.54,23.7,13,15,118,0,0,0.15,13,69.2,0.12,2.6,20,20.0,0.15,3.0,27,18.5,0.16,3.4,19,26.3,0.15,3.2,22,9.0,0.16,3.7,17,17.6,0.17,3.6,B1,B1,B1,46.0,47.0,2025,2,2024-11-01,2025-04-30,71,6,3,3,1,0,0,0,0,0,0,0,0,0,0,0,4,3,8,5,0,0,0,0,0,0,0,0,0,2,3,2,8,7,5,0,0,0,0,0,0,0,0,4,1,3,4,2,5,0,0,0,0,0,0,0,0,1,1,4,4,6,6,0,0,0,0,0,0,0,0,0,3,4,2,0,8,0,0,0,0,0,0,0,0,0,0,0,0,広島
3616,中村真,ナカムラ マコト,福岡,B1,S,480226,1,52,164,55,O,5.32,31.4,16,17,105,1,0,0.17,26,65.3,0.15,2.3,17,23.5,0.19,3.5,14,28.5,0.15,2.8,16,12.5,0.18,3.1,15,33.3,0.15,2.8,16,6.2,0.18,3.8,A2,A2,B1,51.0,50.0,2025,2,2024-11-01,2025-04-30,71,10,7,2,3,3,1,0,0,0,0,0,0,0,0,0,4,6,4,2,1,0,0,0,0,0,0,0,0,1,3,4,2,1,3,0,0,0,0,0,0,0,0,0,2,6,4,2,2,0,0,0,0,0,0,0,0,5,0,3,3,4,0,0,0,0,0,0,0,0,0,0,1,2,3,6,4,0,0,0,0,0,0,0,0,0,0,0,1,福岡
3617,竹田広樹,タケダ ヒロキ,佐賀,B1,S,480526,1,52,163,53,B,4.15,22.3,15,8,103,0,0,0.19,15,53.3,0.18,3.6,17,35.2,0.21,4.5,20,20.0,0.19,3.7,17,23.5,0.17,3.4,22,4.5,0.2,4.2,12,0.0,0.19,4.7,B1,B1,B1,45.0,45.0,2025,2,2024-11-01,2025-04-30,71,8,0,2,1,1,3,0,0,0,0,0,0,0,0,4,2,2,2,3,4,0,0,0,0,0,1,0,0,2,2,1,6,4,5,0,0,0,0,0,0,0,0,1,3,4,3,2,4,0,0,0,0,0,0,0,0,0,1,1,3,8,9,0,0,0,0,0,0,0,0,0,0,2,2,4,4,0,0,0,0,0,0,0,0,0,0,0,0,佐賀
3618,海野ゆかり,ウンノ ユカリ,広島,A2,S,481128,2,51,164,46,O,5.61,36.1,29,27,155,3,0,0.17,34,70.5,0.16,2.9,26,53.8,0.19,3.8,23,26.0,0.16,3.4,28,17.8,0.17,2.6,23,21.7,0.16,3.1,21,9.5,0.19,4.1,A1,A1,A1,56.0,54.0,2025,2,2024-11-01,2025-04-30,71,17,7,5,2,0,3,0,0,0,0,0,0,0,0,6,8,6,2,3,1,0,0,0,0,0,0,0,0,2,4,8,5,4,0,0,0,0,0,0,0,0,0,4,1,6,6,5,6,0,0,0,0,0,0,0,0,0,5,2,4,6,6,0,0,0,0,0,0,0,0,0,2,1,3,9,5,1,0,0,0,0,0,0,0,0,0,0,0,広島
3619,長谷川充,ハセガワ ミツル,群馬,B1,S,481214,1,51,164,53,AB,5.13,31.6,24,14,120,0,0,0.2,25,72.0,0.16,3.0,20,40.0,0.2,4.0,17,29.4,0.16,3.6,16,31.2,0.18,4.8,17,11.7,0.22,5.1,25,0.0,0.25,5.3,B1,A2,B1,48.0,49.0,2025,2,2024-11-01,2025-04-30,71,12,6,2,3,1,1,0,0,0,0,0,0,0,0,5,3,3,4,4,1,0,0,0,0,0,0,0,0,3,2,3,4,4,1,0,0,0,0,0,0,0,0,2,3,5,2,3,1,0,0,0,0,0,0,0,0,2,0,2,6,5,2,0,0,0,0,0,0,0,0,0,0,2,5,7,11,0,0,0,0,0,0,0,0,0,0,0,0,群馬
3620,信濃由行,シナノ ヨシユキ,福井,B1,S,490103,1,51,161,56,O,3.53,17.3,5,13,104,0,0,0.19,14,35.7,0.18,4.1,24,29.1,0.19,3.8,18,5.5,0.18,3.3,18,16.6,0.15,3.2,18,11.1,0.2,3.8,12,0.0,0.21,4.5,B1,B1,B1,44.0,43.0,2025,2,2024-11-01,2025-04-30,71,2,3,3,2,2,2,0,0,0,0,0,0,0,0,1,6,2,4,5,6,0,0,0,0,0,0,0,0,0,1,2,0,8,7,0,0,0,0,0,0,0,0,2,1,3,3,5,4,0,0,0,0,0,0,0,0,0,2,2,4,3,7,0,0,0,0,0,0,0,0,0,0,0,0,5,7,0,0,0,0,0,0,0,0,0,0,0,0,石川
3621,天野晶夫,アマノ アキオ,愛知,A2,S,490306,1,51,159,59,O,6.2,36.7,24,16,109,2,0,0.17,23,82.6,0.14,2.6,18,33.3,0.16,3.3,14,42.8,0.13,2.0,22,18.1,0.17,2.6,14,21.4,0.23,3.8,18,11.1,0.21,3.9,A2,A2,A1,52.0,53.0,2025,2,2024-11-01,2025-04-30,71,15,4,3,0,1,0,0,0,0,0,0,0,0,0,2,4,7,3,2,0,0,0,0,0,0,0,0,0,4,2,5,3,0,0,0,0,0,0,0,0,0,0,2,2,9,3,4,2,0,0,0,0,0,0,0,0,1,2,7,3,1,0,0,0,0,0,0,0,0,0,0,2,4,5,4,2,1,0,0,0,0,0,0,0,0,0,0,0,愛知
3623,深川真二,フカガワ シンジ,佐賀,A1,S,490606,1,51,165,52,B,7.39,60.6,53,24,127,7,1,0.14,36,91.6,0.14,2.4,72,50.0,0.15,3.0,19,42.1,0.12,1.9,0,0.0,0.0,0.0,0,0.0,0.0,0.0,0,0.0,0.0,0.0,A1,A1,A1,59.0,59.0,2025,2,2024-11-01,2025-04-30,71,29,4,0,0,1,1,0,0,0,0,0,0,1,0,17,19,11,11,8,6,0,0,0,0,0,1,0,0,7,1,3,3,4,1,0,0,0,0,0,0,0,0,0,0,0,0,0,0,0,0,0,0,0,0,0,0,0,0,0,0,0,0,0,0,0,0,0,0,0,0,0,0,0,0,0,0,0,0,0,0,0,0,0,0,0,0,1,0,佐賀
3627,井上恵一,イノウエ ケイイチ,福岡,B1,S,440817,1,55,163,54,O,5.43,37.8,19,17,95,0,0,0.18,18,83.3,0.14,2.0,17,35.2,0.19,3.8,18,22.2,0.19,3.7,26,34.6,0.18,3.5,15,13.3,0.21,4.3,1,0.0,0.13,3.0,B1,B1,B1,46.0,49.0,2025,2,2024-11-01,2025-04-30,72,12,3,1,0,1,1,0,0,0,0,0,0,0,0,2,4,4,3,2,2,0,0,0,0,0,0,0,0,3,1,6,1,4,3,0,0,0,0,0,0,0,0,2,7,3,3,6,5,0,0,0,0,0,0,0,0,0,2,2,3,5,3,0,0,0,0,0,0,0,0,0,0,0,1,0,0,0,0,0,0,0,0,0,0,0,0,0,0,福岡
3629,浅見昌克,アサミ マサカツ,埼玉,A2,S,441025,1,55,165,52,B,6.01,43.7,26,26,119,2,0,0.15,24,79.1,0.17,2.5,24,66.6,0.13,2.3,17,11.7,0.16,2.6,24,37.5,0.13,2.4,21,28.5,0.12,2.2,9,0.0,0.19,4.2,B1,A2,A2,47.0,52.0,2025,2,2024-11-01,2025-04-30,72,14,5,3,1,0,1,0,0,0,0,0,0,0,0,6,10,2,1,5,0,0,0,0,0,0,1,0,0,1,1,6,2,5,2,0,0,0,0,0,0,0,0,3,6,8,5,1,1,0,0,0,0,0,1,0,0,2,4,2,5,3,5,0,0,0,0,0,0,0,0,0,0,2,1,3,3,0,0,0,0,0,0,0,0,0,0,0,0,埼玉
3630,黒田誠司,クロダ セイジ,静岡,B2,S,441108,1,55,165,55,O,2.94,10.2,1,4,49,0,0,0.15,8,25.0,0.11,2.1,10,20.0,0.14,3.0,6,0.0,0.17,4.3,11,9.0,0.14,2.2,7,0.0,0.17,2.9,7,0.0,0.17,3.0,B1,B1,B1,48.0,40.0,2025,2,2024-11-01,2025-04-30,72,1,1,0,3,1,1,1,0,0,0,0,0,0,0,0,2,1,2,0,4,0,0,0,0,0,0,1,0,0,0,0,0,5,1,0,0,0,0,0,1,0,0,0,1,1,2,5,2,0,0,0,0,0,0,0,0,0,0,1,0,0,6,0,0,0,0,0,0,0,0,0,0,2,0,3,2,0,0,0,0,0,0,0,0,0,0,0,0,静岡
3631,田添康介,タゾエ コウスケ,長崎,B1,S,441108,1,55,169,54,O,4.77,29.2,10,9,65,0,0,0.18,7,85.7,0.12,2.1,10,40.0,0.17,3.1,10,30.0,0.2,2.9,13,23.0,0.16,3.4,13,7.6,0.2,4.3,12,16.6,0.19,3.3,B1,B1,B1,45.0,47.0,2025,2,2024-11-01,2025-04-30,72,5,1,1,0,0,0,0,1,0,0,0,0,0,0,2,2,0,1,4,1,0,0,0,0,0,0,0,0,1,2,3,1,1,2,0,0,0,0,0,0,0,0,1,2,1,5,3,1,0,0,0,0,0,0,0,0,1,0,0,4,6,1,1,0,0,0,0,0,0,0,0,2,3,2,0,5,0,0,0,0,0,0,0,0,0,0,0,0,長崎
3635,石田政吾,イシダ セイゴ,福井,A2,S,451030,1,54,164,53,B,5.61,42.3,19,31,118,1,0,0.18,23,78.2,0.18,2.9,21,38.1,0.16,3.3,16,75.0,0.15,2.9,18,38.8,0.16,3.4,21,14.2,0.2,4.3,19,10.5,0.22,3.8,A2,A2,A1,51.0,50.0,2025,2,2024-11-01,2025-04-30,72,10,8,3,1,0,1,0,0,0,0,0,0,0,0,4,4,2,4,0,6,0,0,0,0,0,0,0,1,4,8,0,3,0,1,0,0,0,0,0,0,0,0,0,7,2,3,3,3,0,0,0,0,0,0,0,0,1,2,5,7,2,4,0,0,0,0,0,0,0,0,0,2,4,4,4,5,0,0,0,0,0,0,0,0,0,0,1,0,石川
3637,齋藤和政,サイトウ カズマサ,愛知,B1,S,451204,1,54,166,55,AB,4.46,18.4,9,12,114,0,0,0.18,18,50.0,0.16,3.2,17,29.4,0.17,4.0,21,14.2,0.18,3.5,26,7.6,0.19,4.2,19,5.2,0.2,3.4,13,7.6,0.2,4.0,B1,B1,B1,46.0,47.0,2025,2,2024-11-01,2025-04-30,72,3,6,4,2,2,1,0,0,0,0,0,0,0,0,2,3,6,4,0,2,0,0,0,0,0,0,0,0,3,0,3,3,4,8,0,0,0,0,0,0,0,0,1,1,7,7,8,2,0,0,0,0,0,0,0,0,0,1,3,9,2,4,0,0,0,0,0,0,0,0,0,1,2,3,4,3,0,0,0,0,0,0,0,0,0,0,0,0,愛知
3641,一瀬明,イチノセ アキラ,東京,A2,S,460525,1,54,168,52,AB,6.02,42.5,32,25,134,2,1,0.15,27,77.7,0.16,3.2,20,35.0,0.18,3.8,25,48.0,0.14,2.9,23,21.7,0.16,3.7,22,45.4,0.16,3.0,17,11.7,0.14,3.3,A2,A1,A1,52.0,52.0,2025,2,2024-11-01,2025-04-30,72,18,3,1,4,1,0,0,0,0,0,0,0,0,0,4,3,7,4,1,1,0,0,0,0,0,0,0,0,5,7,3,5,2,3,0,0,0,0,0,0,0,0,2,3,9,2,4,3,0,0,0,0,0,0,0,0,2,8,2,4,3,3,0,0,0,0,0,0,0,0,1,1,2,5,4,4,0,0,0,0,0,1,0,0,0,0,1,0,神奈川
3642,大塚浩二,オオツカ コウジ,静岡,B1,S,460619,1,54,159,52,B,4.24,21.0,3,18,100,0,0,0.19,15,53.3,0.19,3.2,17,29.4,0.17,3.1,19,31.5,0.19,3.4,15,6.6,0.21,3.9,16,0.0,0.15,3.5,18,5.5,0.2,4.6,B1,B1,B1,46.0,47.0,2025,2,2024-11-01,2025-04-30,72,2,6,2,3,1,1,0,0,0,0,0,0,0,0,0,5,4,4,1,3,0,0,0,0,0,0,0,0,1,5,4,4,3,2,0,0,0,0,0,0,0,0,0,1,4,3,6,1,0,0,0,0,0,1,0,0,0,0,2,3,7,4,0,0,0,0,0,0,0,0,0,1,1,4,5,7,0,0,0,0,0,0,0,0,0,0,1,0,静岡
3643,米田隆弘,ヨネダ タカヒロ,岡山,B1,S,470615,1,53,167,53,O,5.42,35.2,15,28,122,0,0,0.17,23,78.2,0.14,2.5,24,37.5,0.19,4.2,20,35.0,0.17,3.5,19,15.7,0.17,3.7,21,19.0,0.18,3.6,15,13.3,0.21,3.9,A2,B1,A2,51.0,51.0,2025,2,2024-11-01,2025-04-30,72,9,9,3,1,0,0,0,0,0,0,0,0,1,0,2,7,1,10,4,0,0,0,0,0,0,0,0,0,2,5,3,7,1,2,0,0,0,0,0,0,0,0,0,3,3,6,6,1,0,0,0,0,0,0,0,0,2,2,8,4,4,1,0,0,0,0,0,0,0,0,0,2,0,5,5,3,0,0,0,0,0,0,0,0,0,0,0,0,岡山
3644,矢橋成介,ヤハシ セイスケ,三重,B2,S,470728,1,52,160,63,O,0.0,0.0,0,0,0,0,0,0.0,0,0.0,0.0,0.0,0,0.0,0.0,0.0,0,0.0,0.0,0.0,0,0.0,0.0,0.0,0,0.0,0.0,0.0,0,0.0,0.0,0.0,B2,B2,B2,0.0,0.0,2025,2,2024-11-01,2025-04-30,72,0,0,0,0,0,0,0,0,0,0,0,0,0,0,0,0,0,0,0,0,0,0,0,0,0,0,0,0,0,0,0,0,0,0,0,0,0,0,0,0,0,0,0,0,0,0,0,0,0,0,0,0,0,0,0,0,0,0,0,0,0,0,0,0,0,0,0,0,0,0,0,0,0,0,0,0,0,0,0,0,0,0,0,0,0,0,0,0,三重
3645,淺田千亜希,アサダ チアキ,徳島,B1,S,470929,2,52,150,47,O,6.23,48.3,19,11,62,2,0,0.13,9,55.5,0.1,2.4,10,60.0,0.15,2.0,12,66.6,0.14,1.8,11,54.5,0.11,2.6,9,22.2,0.11,1.3,11,27.2,0.14,2.8,B1,B2,B2,56.0,52.0,2025,2,2024-11-01,2025-04-30,72,5,0,2,1,0,1,0,0,0,0,0,0,0,0,5,1,2,1,0,1,0,0,0,0,0,0,0,0,4,4,0,2,1,1,0,0,0,0,0,0,0,0,3,3,1,1,2,0,1,0,0,0,0,0,0,0,1,1,1,3,2,1,0,0,0,0,0,0,0,0,1,2,0,4,3,1,0,0,0,0,0,0,0,0,0,0,0,0,徳島
3647,伊藤雄二,イトウ ユウジ,埼玉,B1,S,471026,1,52,165,49,B,3.89,13.1,2,13,114,0,0,0.15,16,31.2,0.13,2.1,20,10.0,0.16,3.1,19,10.5,0.17,2.9,19,15.7,0.13,2.6,23,8.7,0.14,2.5,17,5.8,0.16,3.2,B1,B1,B1,46.0,46.0,2025,2,2024-11-01,2025-04-30,72,2,3,6,1,2,2,0,0,0,0,0,0,0,0,0,2,5,6,3,4,0,0,0,0,0,0,0,0,0,2,4,4,6,3,0,0,0,0,0,0,0,0,0,3,6,5,5,0,0,0,0,0,0,0,0,0,0,2,1,7,10,3,0,0,0,0,0,0,0,0,0,1,0,3,7,6,0,0,0,0,0,0,0,0,0,0,0,0,埼玉
3652,森下勇,モリシタ イサム,群馬,B1,S,480824,1,51,169,61,A,4.05,18.2,10,7,93,0,0,0.21,14,64.2,0.16,2.8,16,18.7,0.18,3.6,18,16.6,0.2,4.1,14,14.2,0.22,4.3,11,0.0,0.21,4.2,20,0.0,0.27,5.3,B1,B1,B1,44.0,46.0,2025,2,2024-11-01,2025-04-30,72,8,1,3,0,1,1,0,0,0,0,0,0,0,0,1,2,2,5,5,1,0,0,0,0,0,0,0,0,0,3,2,4,6,3,0,0,0,0,0,0,0,0,1,1,1,2,4,5,0,0,0,0,0,0,0,0,0,0,1,3,4,3,0,0,0,0,0,0,0,0,0,0,3,5,8,4,0,0,0,0,0,0,0,0,0,0,0,0,群馬
3653,品川賢次,シナガワ ケンジ,群馬,B1,S,480906,1,51,168,60,AB,4.52,25.8,8,23,120,0,0,0.19,19,63.1,0.17,3.4,19,31.5,0.2,3.9,24,25.0,0.17,3.5,20,10.0,0.18,4.2,21,23.8,0.19,3.7,17,0.0,0.22,4.2,B1,B1,B1,44.0,47.0,2025,2,2024-11-01,2025-04-30,72,4,8,1,2,1,2,0,0,0,0,0,0,1,0,1,5,4,5,1,3,0,0,0,0,0,0,0,0,2,4,5,8,4,1,0,0,0,0,0,0,0,0,0,2,4,2,5,7,0,0,0,0,0,0,0,0,1,4,2,4,8,2,0,0,0,0,0,0,0,0,0,0,2,4,6,5,0,0,0,0,0,0,0,0,0,0,0,0,群馬
3654,武田光史,タケダ ミツフミ,福井,A1,S,480913,1,51,169,54,B,6.37,47.1,30,37,142,3,0,0.17,31,77.4,0.16,3.1,24,66.6,0.17,3.4,23,52.1,0.19,3.7,27,22.2,0.17,3.1,25,32.0,0.18,4.0,12,8.3,0.16,3.5,A1,A1,A1,55.0,58.0,2025,2,2024-11-01,2025-04-30,72,16,8,2,3,0,2,0,0,0,0,0,0,0,0,6,10,3,1,4,0,0,0,0,0,0,0,0,0,7,5,5,2,2,2,0,0,0,0,0,0,0,0,0,6,6,6,4,5,0,0,0,0,0,0,0,0,1,7,7,4,5,1,0,0,0,0,0,0,0,0,0,1,2,3,3,3,0,0,0,0,0,0,0,0,0,0,1,0,福井
3655,本橋克洋,モトハシ カツヒロ,群馬,A2,S,481018,1,51,173,54,B,5.91,43.3,18,34,120,2,1,0.19,25,76.0,0.18,3.2,25,52.0,0.2,3.8,22,40.9,0.18,3.5,17,41.1,0.2,3.6,16,18.7,0.22,4.1,15,6.6,0.18,3.7,A2,A2,A2,51.0,52.0,2025,2,2024-11-01,2025-04-30,72,8,11,1,1,2,2,0,0,0,0,0,0,0,0,4,9,5,3,1,3,0,0,0,0,0,0,0,0,4,5,8,3,2,0,0,0,0,0,0,0,0,0,2,5,4,1,5,0,0,0,0,0,0,0,0,0,0,3,5,4,2,2,0,0,0,0,0,0,0,0,0,1,1,4,6,3,0,0,0,0,0,0,0,0,0,0,0,0,群馬
3656,伯母芳恒,ウバ ヨシツネ,東京,B1,S,481020,1,51,167,57,AB,4.84,32.4,7,18,77,0,0,0.18,11,81.8,0.16,3.7,18,50.0,0.18,3.4,10,10.0,0.18,3.4,15,20.0,0.19,4.0,13,23.0,0.16,2.7,10,0.0,0.22,4.3,B1,B1,B1,49.0,48.0,2025,2,2024-11-01,2025-04-30,72,5,4,1,0,1,0,0,0,0,0,0,0,0,0,2,7,2,4,2,1,0,0,0,0,0,0,0,0,0,1,3,2,2,2,0,0,0,0,0,0,0,0,0,3,2,1,6,3,0,0,0,0,0,0,0,0,0,3,1,3,2,4,0,0,0,0,0,0,0,0,0,0,1,4,2,3,0,0,0,0,0,0,0,0,0,0,0,0,山梨
3659,藤生雄人,フジュウ タケヒト,群馬,A2,S,490917,1,50,164,57,O,5.76,36.1,15,19,94,0,0,0.18,20,60.0,0.18,3.0,14,42.8,0.17,2.9,17,35.2,0.16,3.6,17,29.4,0.18,3.5,18,16.6,0.21,4.1,8,25.0,0.2,4.3,B1,A1,A2,49.0,52.0,2025,2,2024-11-01,2025-04-30,72,9,3,6,1,1,0,0,0,0,0,0,0,0,0,3,3,3,4,1,0,0,0,0,0,0,0,0,0,0,6,3,3,5,0,0,0,0,0,0,0,0,0,2,3,4,2,3,3,0,0,0,0,0,0,0,0,0,3,5,6,1,3,0,0,0,0,0,0,0,0,1,1,1,3,1,1,0,0,0,0,0,0,0,0,0,0,0,0,群馬
3660,長谷川親王,ハセガワ チカオ,香川,B1,S,440719,1,55,169,60,A,3.76,15.0,5,11,106,0,0,0.18,14,50.0,0.15,3.3,19,15.7,0.2,3.7,19,5.2,0.17,3.4,22,9.0,0.16,3.4,18,16.6,0.18,3.8,14,0.0,0.23,4.9,B1,B1,B1,44.0,45.0,2025,2,2024-11-01,2025-04-30,73,3,4,0,1,4,2,0,0,0,0,0,0,0,0,0,3,2,6,8,0,0,0,0,0,0,0,0,0,0,1,4,5,6,3,0,0,0,0,0,0,0,0,1,1,4,3,10,3,0,0,0,0,0,0,0,0,1,2,3,3,5,3,0,0,0,0,0,1,1,0,0,0,1,2,9,2,0,0,0,0,0,0,0,0,0,0,0,0,香川
3661,柳瀬興志,ヤナセ コウジ,山口,A2,S,440812,1,55,164,59,O,5.55,32.4,12,25,114,3,0,0.18,20,60.0,0.19,3.6,20,55.0,0.2,3.4,22,22.7,0.17,3.6,22,36.3,0.17,3.4,17,5.8,0.17,4.0,13,0.0,0.2,5.3,B1,B1,B1,49.0,51.0,2025,2,2024-11-01,2025-04-30,73,8,4,4,2,2,0,0,0,0,0,0,0,0,0,1,10,3,2,3,1,0,0,0,0,0,0,0,0,2,3,7,5,3,2,0,0,0,0,0,1,0,0,1,7,7,4,2,1,0,0,0,0,0,0,0,0,0,1,6,5,3,2,0,0,0,0,0,0,0,0,0,0,3,4,1,5,0,0,0,0,0,0,0,0,0,0,0,0,山口
3662,大庭元明,オオバ モトアキ,福岡,A2,S,441222,1,55,166,56,O,5.62,40.0,29,21,125,0,0,0.16,26,76.9,0.18,3.6,19,42.1,0.17,3.9,22,50.0,0.17,2.6,25,40.0,0.17,2.6,18,5.5,0.13,2.8,15,0.0,0.15,2.3,A2,A2,B1,50.0,50.0,2025,2,2024-11-01,2025-04-30,73,17,3,0,0,4,2,0,0,0,0,0,0,0,0,4,4,3,2,3,3,0,0,0,0,0,0,0,0,5,6,3,4,2,2,0,0,0,0,0,0,0,0,2,8,7,3,3,2,0,0,0,0,0,0,0,0,1,0,3,8,3,3,0,0,0,0,0,0,0,0,0,0,2,3,5,5,0,0,0,0,0,0,0,0,0,0,0,0,福岡
3663,木山和幸,キヤマ カズユキ,広島,B1,S,450104,1,55,160,51,A,4.92,27.7,13,25,137,0,0,0.17,19,63.1,0.17,3.2,27,37.0,0.18,3.8,23,34.7,0.14,3.3,26,15.3,0.18,3.3,28,10.7,0.17,3.3,14,7.1,0.17,3.2,B1,B1,A2,49.0,49.0,2025,2,2024-11-01,2025-04-30,73,7,5,2,5,0,0,0,0,0,0,0,0,0,0,3,7,5,4,3,5,0,0,0,0,0,0,0,0,3,5,3,8,2,2,0,0,0,0,0,0,0,0,0,4,7,9,4,2,0,0,0,0,0,0,0,0,0,3,6,7,4,8,0,0,0,0,0,0,0,0,0,1,3,0,3,7,0,0,0,0,0,0,0,0,0,0,0,0,広島
3664,鈴木賢一,スズキ ケンイチ,埼玉,B1,S,450310,1,55,159,58,A,4.76,32.7,20,19,119,0,0,0.18,18,88.8,0.16,2.5,19,52.6,0.19,3.7,23,34.7,0.18,3.3,21,14.2,0.16,3.5,20,5.0,0.19,3.8,18,5.5,0.19,4.1,B1,B1,B1,46.0,46.0,2025,2,2024-11-01,2025-04-30,73,12,4,0,1,0,1,0,0,0,0,0,0,0,0,2,8,6,2,1,0,0,0,0,0,0,0,0,0,2,6,3,4,5,3,0,0,0,0,0,0,0,0,3,0,2,5,3,8,0,0,0,0,0,0,0,0,0,1,2,4,4,9,0,0,0,0,0,0,0,0,1,0,1,0,3,13,0,0,0,0,0,0,0,0,0,0,0,0,埼玉
3679,飯島昌弘,イイジマ アキヒロ,埼玉,A1,S,480313,1,52,170,55,O,6.56,50.3,35,30,129,3,1,0.16,29,96.5,0.15,2.9,24,58.3,0.15,3.3,18,61.1,0.13,2.6,18,16.6,0.18,3.4,18,38.8,0.15,3.4,22,9.0,0.19,4.7,A1,A1,A1,54.0,57.0,2025,2,2024-11-01,2025-04-30,73,23,5,0,1,0,0,0,0,0,0,0,0,0,0,4,10,2,5,1,2,0,0,0,0,0,0,0,0,6,5,2,1,3,1,0,0,0,0,0,0,0,0,0,3,5,7,2,1,0,0,0,0,0,0,0,0,2,5,4,4,1,2,0,0,0,0,0,1,0,0,0,2,3,8,6,3,0,0,0,0,0,1,0,0,0,0,0,0,埼玉
3680,森林太,モリバヤシ フトシ,長崎,B1,S,480402,1,52,161,56,B,4.62,25.2,10,17,107,0,0,0.21,18,72.2,0.19,4.6,17,11.7,0.23,4.7,18,16.6,0.18,3.7,18,22.2,0.2,4.2,18,27.7,0.21,4.0,18,0.0,0.27,5.5,B1,B1,B1,47.0,48.0,2025,2,2024-11-01,2025-04-30,73,8,5,1,1,2,1,0,0,0,0,0,0,0,0,0,2,1,8,3,3,0,0,0,0,0,0,0,0,1,2,4,6,2,3,0,0,0,0,0,1,0,0,0,4,1,7,4,2,0,0,0,0,0,0,0,0,1,4,2,7,4,0,0,0,0,0,0,0,0,0,0,0,3,3,7,5,0,0,0,0,0,0,0,0,0,0,1,0,長崎
3681,山谷央,ヤマヤ シン,東京,B1,S,480630,1,52,169,52,A,4.91,23.1,8,8,69,0,0,0.16,10,80.0,0.12,1.8,12,16.6,0.17,4.1,12,16.6,0.17,3.3,11,27.2,0.19,3.5,14,7.1,0.14,2.5,10,0.0,0.18,3.4,B1,A2,A2,46.0,49.0,2025,2,2024-11-01,2025-04-30,73,5,3,1,1,0,0,0,0,0,0,0,0,0,0,1,1,6,1,1,2,0,0,0,0,0,0,0,0,0,2,3,4,3,0,0,0,0,0,0,0,0,0,2,1,2,4,2,0,0,0,0,0,0,0,0,0,0,1,2,2,8,1,0,0,0,0,0,0,0,0,0,0,3,1,4,2,0,0,0,0,0,0,0,0,0,0,0,0,東京
3684,清水攻二,シミズ コウジ,山口,A2,S,490214,1,51,162,55,A,6.16,43.7,29,30,135,3,1,0.18,28,78.5,0.13,2.2,24,41.6,0.17,3.2,22,40.9,0.15,2.9,20,40.0,0.17,3.3,25,40.0,0.21,3.6,16,0.0,0.28,5.3,A2,A2,A2,51.0,52.0,2025,2,2024-11-01,2025-04-30,73,16,6,4,2,0,0,0,0,0,0,0,0,0,0,5,5,10,1,3,0,0,0,0,0,0,0,0,0,2,7,2,4,3,4,0,0,0,0,0,0,0,0,3,5,2,7,2,1,0,0,0,0,0,0,0,0,3,7,6,3,4,2,0,0,0,0,0,0,0,0,0,0,3,6,5,2,0,0,0,0,0,0,0,0,0,0,0,0,山口
3685,荒井輝年,アライ テルトシ,岡山,B1,S,490228,1,51,170,57,O,5.42,34.5,20,17,107,2,1,0.17,20,65.0,0.16,3.7,18,33.3,0.16,3.6,19,42.1,0.17,3.4,15,20.0,0.15,4.0,15,26.6,0.16,3.7,20,15.0,0.21,4.6,A2,A1,A2,51.0,49.0,2025,2,2024-11-01,2025-04-30,73,11,2,3,0,2,0,0,0,0,0,0,0,1,1,3,3,5,4,2,0,0,0,0,0,0,0,1,0,2,6,4,4,0,2,1,0,0,0,0,0,0,0,1,2,4,3,3,2,0,0,0,0,0,0,0,0,3,1,4,3,3,1,0,0,0,0,0,0,0,0,0,3,0,5,8,4,0,0,0,0,0,0,0,0,0,0,0,0,岡山
3686,鳥居塚孝博,トリイヅカ タカヒロ,群馬,A2,S,500131,1,50,158,53,A,5.8,36.8,22,27,133,3,0,0.14,26,76.9,0.11,1.9,22,54.5,0.12,2.0,26,30.7,0.15,2.3,24,20.8,0.14,2.6,18,16.6,0.15,2.9,17,5.8,0.2,4.2,A2,A2,A2,52.0,52.0,2025,2,2024-11-01,2025-04-30,73,14,6,4,1,0,0,1,0,0,0,0,0,0,0,3,9,2,5,2,1,0,0,0,0,0,0,0,0,3,5,8,5,3,2,0,0,0,0,0,0,0,0,1,4,7,5,5,2,0,0,0,0,0,0,0,0,1,2,6,4,3,2,0,0,0,0,0,0,0,0,0,1,3,6,7,0,0,0,0,0,0,0,0,0,0,0,0,0,群馬
3687,花田和明,ハナダ カズアキ,愛知,B1,S,441208,1,55,163,52,A,5.18,32.5,10,19,89,0,0,0.17,15,73.3,0.14,2.5,32,43.7,0.16,3.2,15,6.6,0.17,3.5,22,13.6,0.19,3.3,5,0.0,0.19,4.0,0,0.0,0.0,0.0,B1,B1,A2,45.0,49.0,2025,2,2024-11-01,2025-04-30,74,7,4,3,1,0,0,0,0,0,0,0,0,0,0,2,12,6,5,6,1,0,0,0,0,0,0,0,0,1,0,4,5,2,3,0,0,0,0,0,0,0,0,0,3,4,5,4,5,0,0,0,0,0,1,1,0,0,0,0,1,2,2,0,0,0,0,0,0,0,0,0,0,0,0,0,0,0,0,0,0,0,0,0,0,0,0,0,0,愛知
3690,河合三弘,カワイ ミツヒロ,愛知,B1,S,451002,1,54,159,52,A,4.99,33.8,21,22,127,0,0,0.18,17,76.4,0.15,3.2,19,36.8,0.19,4.3,24,50.0,0.19,3.3,24,20.8,0.19,3.9,25,8.0,0.18,3.8,18,22.2,0.17,4.2,B1,B1,B1,48.0,48.0,2025,2,2024-11-01,2025-04-30,74,10,3,0,1,2,1,0,0,0,0,0,0,0,0,2,5,4,4,2,2,0,0,0,0,0,0,0,0,6,6,1,4,1,6,0,0,0,0,0,0,0,0,3,2,5,5,5,4,0,0,0,0,0,0,0,0,0,2,4,3,6,10,0,0,0,0,0,0,0,0,0,4,4,1,4,5,0,0,0,0,0,0,0,0,0,0,0,0,愛知
3692,竹腰正樹,タケゴシ マサキ,福井,B1,S,460403,1,54,164,55,O,5.02,31.4,14,20,108,1,0,0.16,17,70.5,0.14,2.7,18,33.3,0.17,3.7,21,52.3,0.15,2.8,24,16.6,0.15,3.2,13,7.6,0.15,3.6,14,0.0,0.19,3.5,B1,B1,B1,45.0,48.0,2025,2,2024-11-01,2025-04-30,74,10,2,1,2,0,2,0,0,0,0,0,0,0,0,0,6,7,1,4,0,0,0,0,0,0,0,0,0,2,9,5,2,1,2,0,0,0,0,0,0,0,0,1,3,6,1,8,5,0,0,0,0,0,0,0,0,1,0,0,4,5,3,0,0,0,0,0,0,0,0,0,0,2,4,3,4,0,0,0,0,0,0,0,1,0,0,0,1,石川
3696,白井友晴,シライ トモハル,埼玉,B1,S,470426,1,53,165,54,A,5.34,32.7,15,22,113,1,0,0.19,21,76.1,0.19,4.4,20,30.0,0.21,4.3,22,50.0,0.18,3.7,19,5.2,0.17,4.1,17,5.8,0.19,3.6,14,14.2,0.22,4.9,A2,A2,B1,52.0,50.0,2025,2,2024-11-01,2025-04-30,74,10,6,3,1,0,1,0,0,0,0,0,0,0,0,1,5,6,3,1,4,0,0,0,0,0,0,0,0,2,9,2,4,5,0,0,0,0,0,0,0,0,0,1,0,1,8,7,2,0,0,0,0,0,0,0,0,1,0,7,5,3,1,0,0,0,0,0,0,0,0,0,2,1,5,5,1,0,0,0,0,0,0,0,0,0,0,0,0,埼玉
3697,勝野竜司,カツノ タツジ,兵庫,B2,S,470621,1,53,165,56,B,2.67,0.0,0,0,3,0,0,0.11,0,0.0,0.0,0.0,1,0.0,0.08,4.0,1,0.0,0.08,2.0,0,0.0,0.0,0.0,0,0.0,0.0,0.0,1,0.0,0.16,5.0,B2,B1,B1,46.0,38.0,2025,2,2024-11-01,2025-04-30,74,0,0,0,0,0,0,0,0,0,0,0,0,0,0,0,0,0,0,0,1,0,0,0,0,0,0,0,0,0,0,1,0,0,0,0,0,0,0,0,0,0,0,0,0,0,0,0,0,0,0,0,0,0,0,0,0,0,0,0,0,0,0,0,0,0,0,0,0,0,0,0,0,0,0,0,1,0,0,0,0,0,0,0,0,0,0,0,0,兵庫
3699,富永正人,トミナガ マサト,埼玉,B1,S,471119,1,52,166,53,A,4.8,32.3,7,14,65,1,0,0.2,8,50.0,0.17,2.6,11,63.6,0.17,3.7,10,30.0,0.2,4.3,7,28.5,0.2,4.3,12,16.6,0.21,3.8,17,17.6,0.22,4.5,B1,B1,B1,49.0,46.0,2025,2,2024-11-01,2025-04-30,74,2,2,0,0,1,2,1,0,0,0,0,0,0,0,1,6,3,0,0,1,0,0,0,0,0,0,0,0,1,2,3,0,3,0,0,0,0,0,0,0,1,0,1,1,0,3,2,0,0,0,0,0,0,0,0,0,1,1,0,3,4,2,0,0,0,0,0,0,1,0,1,2,4,2,3,5,0,0,0,0,0,0,0,0,0,0,0,0,埼玉
3701,大西隆洋,オオニシ タカヒロ,香川,B1,S,480219,1,52,169,60,B,3.78,16.8,6,11,101,0,0,0.16,13,53.8,0.11,1.7,20,10.0,0.19,3.6,17,11.7,0.17,2.9,15,26.6,0.14,2.5,23,8.7,0.15,2.7,13,0.0,0.15,2.7,B1,B1,B1,45.0,44.0,2025,2,2024-11-01,2025-04-30,74,3,4,1,5,0,0,0,0,0,0,0,0,0,0,0,2,3,6,3,5,0,0,0,0,0,0,1,0,2,0,2,5,6,2,0,0,0,0,0,0,0,0,0,4,2,5,3,1,0,0,0,0,0,0,0,0,1,1,1,4,8,8,0,0,0,0,0,0,0,0,0,0,0,3,3,6,0,0,0,0,0,0,1,0,0,0,0,0,愛媛
3702,貞兼淳二,サダカネ ジュンジ,福岡,B1,S,480424,1,52,162,58,A,4.6,25.3,7,10,67,0,0,0.17,10,50.0,0.16,3.3,11,27.2,0.14,3.0,10,30.0,0.17,3.6,14,28.5,0.16,2.9,10,10.0,0.17,3.6,12,8.3,0.23,4.0,B1,A2,A2,48.0,47.0,2025,2,2024-11-01,2025-04-30,74,3,2,2,2,1,0,0,0,0,0,0,0,0,0,1,2,3,3,1,1,0,0,0,0,0,0,0,0,0,3,1,3,2,0,1,0,0,0,0,0,0,0,3,1,1,2,4,3,0,0,0,0,0,0,0,0,0,1,2,3,4,0,0,0,0,0,0,0,0,0,0,1,0,3,4,4,0,0,0,0,0,0,0,0,0,0,0,0,福岡
3703,鳥飼眞,トリカイ マコト,福岡,A2,S,481024,1,51,157,51,B,5.94,41.7,26,27,127,2,0,0.17,27,77.7,0.16,2.8,20,50.0,0.16,3.6,22,50.0,0.17,3.5,24,29.1,0.17,3.6,23,13.0,0.19,4.0,11,9.0,0.19,4.2,A2,B1,B2,51.0,52.0,2025,2,2024-11-01,2025-04-30,74,17,4,1,4,1,0,0,0,0,0,0,0,0,0,2,8,4,4,1,1,0,0,0,0,0,0,0,0,5,6,3,4,3,0,0,0,0,0,0,0,0,1,2,5,5,7,4,1,0,0,0,0,0,0,0,0,0,3,5,6,4,5,0,0,0,0,0,0,0,0,0,1,2,3,5,0,0,0,0,0,0,0,0,0,0,0,0,0,福岡
3704,本部めぐみ,ホンブ メグミ,三重,B1,S,481128,2,51,157,47,AB,3.28,9.2,4,1,54,0,0,0.22,8,25.0,0.23,4.6,9,22.2,0.23,4.6,9,11.1,0.2,2.7,8,0.0,0.2,4.3,9,0.0,0.22,4.7,11,0.0,0.21,4.3,B1,B2,B1,46.0,42.0,2025,2,2024-11-01,2025-04-30,74,1,1,0,2,3,1,0,0,0,0,0,0,0,0,2,0,2,2,1,2,0,0,0,0,0,0,0,0,1,0,0,2,3,3,0,0,0,0,0,0,0,0,0,0,4,1,0,2,1,0,0,0,0,0,0,0,0,0,0,2,4,3,0,0,0,0,0,0,0,0,0,0,1,1,5,4,0,0,0,0,0,0,0,0,0,0,0,0,神奈川
3708,岡部貴司,オカベ タカシ,岡山,B1,S,490617,1,51,169,57,B,5.32,33.6,19,20,116,1,0,0.16,17,58.8,0.15,2.9,20,55.0,0.15,2.5,21,38.1,0.14,2.6,22,13.6,0.18,2.9,20,25.0,0.16,3.2,16,12.5,0.18,3.3,B1,B1,B1,49.0,50.0,2025,2,2024-11-01,2025-04-30,74,6,4,1,4,2,0,0,0,0,0,0,0,0,0,7,4,2,2,4,1,0,0,0,0,0,0,0,0,1,7,5,7,1,0,0,0,0,0,0,0,0,0,2,1,6,5,4,4,0,0,0,0,0,0,0,0,3,2,2,4,8,1,0,0,0,0,0,0,0,0,0,2,2,3,4,5,0,0,0,0,0,0,0,0,0,0,0,0,岡山
3710,吉永泰弘,ヨシナガ ヤスヒロ,香川,B1,S,490709,1,50,167,55,O,5.21,30.8,10,23,107,1,0,0.17,15,60.0,0.12,2.4,18,27.7,0.17,3.2,23,39.1,0.16,3.0,19,26.3,0.19,3.3,18,22.2,0.2,4.2,14,7.1,0.19,4.4,B1,B1,B1,48.0,50.0,2025,2,2024-11-01,2025-04-30,74,6,3,3,2,1,0,0,0,0,0,0,1,0,0,0,5,2,3,5,2,1,0,0,0,0,0,0,0,3,6,5,4,5,0,0,0,0,0,0,0,0,0,0,5,4,4,2,4,0,0,0,0,0,0,0,0,1,3,6,6,1,1,0,0,0,0,0,0,0,0,0,1,3,2,6,2,0,0,0,0,0,0,0,0,0,0,0,0,香川
3711,江本真治,エモト シンジ,山口,A2,S,490802,1,50,168,56,O,5.72,40.0,30,28,145,2,1,0.16,31,87.1,0.15,2.8,23,56.5,0.16,3.2,25,24.0,0.15,2.9,25,24.0,0.17,3.4,23,21.7,0.18,4.2,18,5.5,0.21,4.6,A2,A2,A2,52.0,53.0,2025,2,2024-11-01,2025-04-30,74,22,5,1,0,2,1,0,0,0,0,0,0,0,0,6,7,2,4,2,2,0,0,0,0,0,0,0,0,0,6,8,5,5,1,0,0,0,0,0,0,0,0,2,4,6,4,9,0,0,0,0,0,0,0,0,0,0,5,2,6,6,4,0,0,0,0,0,1,0,0,0,1,1,4,6,6,0,0,0,0,0,0,0,0,0,0,0,0,山口
3712,淺香文武,アサカ フミタケ,三重,B1,S,490823,1,50,168,56,A,4.76,28.8,12,16,97,0,0,0.15,14,71.4,0.18,2.9,15,26.6,0.12,2.7,22,22.7,0.11,2.4,20,25.0,0.17,2.9,13,30.7,0.14,3.8,13,0.0,0.18,4.4,B1,B1,B1,50.0,47.0,2025,2,2024-11-01,2025-04-30,74,7,3,0,1,1,2,0,0,0,0,0,0,0,0,1,3,4,1,3,3,0,0,0,0,0,0,0,0,2,3,5,5,4,3,0,0,0,0,0,0,0,0,2,3,6,2,2,5,0,0,0,0,0,0,0,0,0,4,0,4,4,1,0,0,0,0,0,0,0,0,0,0,2,2,1,8,0,0,0,0,0,0,0,0,0,0,0,0,三重
3713,伊藤誠二,イトウ セイジ,愛知,B1,S,490920,1,50,158,56,B,5.28,33.8,23,21,130,1,0,0.14,25,68.0,0.12,1.9,23,52.1,0.13,3.0,18,27.7,0.13,2.7,27,25.9,0.14,2.0,22,13.6,0.15,2.7,15,0.0,0.16,4.0,A2,A2,A2,52.0,49.0,2025,2,2024-11-01,2025-04-30,74,13,4,3,2,0,3,0,0,0,0,0,0,0,0,3,9,2,4,3,2,0,0,0,0,0,0,0,0,2,3,3,3,6,1,0,0,0,0,0,0,0,0,5,2,5,8,4,3,0,0,0,0,0,0,0,0,0,3,4,6,5,3,1,0,0,0,0,1,0,0,0,0,4,2,3,6,0,0,0,0,0,0,0,0,0,0,0,0,愛知
3714,梶原正,カジワラ タダシ,福岡,B1,S,491110,1,50,164,58,O,4.39,19.3,8,11,98,0,0,0.17,14,35.7,0.18,3.4,17,11.7,0.17,3.9,19,42.1,0.18,3.4,15,20.0,0.16,2.8,22,4.5,0.17,3.5,11,0.0,0.2,4.3,B1,B1,B1,47.0,47.0,2025,2,2024-11-01,2025-04-30,74,3,2,5,2,1,1,0,0,0,0,0,0,0,0,1,1,5,0,6,4,0,0,0,0,0,0,0,0,1,7,5,1,5,0,0,0,0,0,0,0,0,0,2,1,4,3,3,2,0,0,0,0,0,0,0,0,1,0,3,5,10,3,0,0,0,0,0,0,0,0,0,0,1,2,4,4,0,0,0,0,0,0,0,0,0,0,0,0,福岡
3715,倉尾大介,クラオ ダイスケ,福岡,B1,S,491205,1,50,164,55,O,5.12,27.0,10,13,85,1,0,0.17,13,69.2,0.19,3.1,14,21.4,0.15,3.3,16,31.2,0.17,2.8,12,33.3,0.16,3.3,14,7.1,0.15,3.0,16,6.2,0.18,3.9,B1,B1,B1,51.0,49.0,2025,2,2024-11-01,2025-04-30,74,6,3,0,2,1,0,0,0,0,0,0,0,0,1,1,2,5,4,1,1,0,0,0,0,0,1,0,0,3,2,3,3,4,1,0,0,0,0,0,0,0,0,0,4,3,0,2,3,0,0,0,0,0,0,0,0,0,1,4,5,3,0,1,0,0,0,0,0,0,0,0,1,4,6,4,1,0,0,0,0,0,1,0,0,0,0,1,0,福岡
3716,石渡鉄兵,イシワタ テッペイ,東京,A1,S,491206,1,50,160,57,O,6.61,40.9,21,31,127,5,1,0.12,24,91.6,0.11,2.7,17,41.1,0.13,2.3,24,41.6,0.12,2.4,25,24.0,0.12,2.6,15,26.6,0.1,2.1,22,13.6,0.13,2.8,A1,A1,A1,65.0,68.0,2025,2,2024-11-01,2025-04-30,74,12,10,0,0,0,2,0,0,0,0,0,0,0,0,1,6,2,4,1,2,0,0,0,0,0,0,1,0,4,6,7,3,2,1,0,0,0,0,0,0,1,0,3,3,3,8,4,4,0,0,0,0,0,0,0,0,1,3,6,1,1,3,0,0,0,0,0,0,0,0,0,3,7,1,6,5,0,0,0,0,0,1,0,0,0,0,0,0,千葉
3717,立間充宏,タツマ ミツヒロ,岡山,A2,S,500212,1,50,164,55,AB,5.78,43.0,19,18,86,2,0,0.15,18,72.2,0.14,2.5,15,53.3,0.16,2.9,12,41.6,0.12,2.5,16,31.2,0.15,3.3,13,46.1,0.15,3.1,12,0.0,0.17,3.2,A2,A2,A1,51.0,50.0,2025,2,2024-11-01,2025-04-30,74,8,5,1,0,0,3,1,0,0,0,0,0,0,0,4,4,2,2,1,2,0,0,0,0,0,1,0,0,1,4,3,2,0,2,0,0,0,0,0,0,0,0,2,3,3,2,4,2,0,0,0,0,0,0,0,0,4,2,2,1,3,1,0,0,0,0,0,0,0,0,0,0,2,6,1,3,0,0,0,0,0,0,0,0,0,0,0,0,岡山
3718,伊達正利,ダテ マサトシ,静岡,B1,S,500218,1,50,168,55,A,4.08,19.6,9,11,102,1,0,0.19,13,53.8,0.17,3.4,20,10.0,0.21,4.2,17,29.4,0.15,3.1,17,17.6,0.22,4.2,19,15.7,0.18,3.5,16,0.0,0.19,4.9,B1,B1,B1,46.0,45.0,2025,2,2024-11-01,2025-04-30,74,6,1,1,1,0,4,0,0,0,0,0,0,0,0,0,2,6,3,3,6,0,0,0,0,0,0,0,0,2,3,6,1,1,4,0,0,0,0,0,0,0,0,0,3,2,3,7,2,0,0,0,0,0,0,0,0,1,2,0,6,4,6,0,0,0,0,0,0,0,0,0,0,1,4,5,6,0,0,0,0,0,0,0,0,0,0,0,0,静岡
3719,辻栄蔵,ツジ エイゾウ,広島,A1,S,500323,1,50,168,53,O,7.44,59.4,31,35,111,6,3,0.17,22,95.4,0.16,3.1,22,72.7,0.18,4.5,19,52.6,0.17,3.6,17,52.9,0.19,3.3,18,33.3,0.14,3.1,13,30.7,0.17,4.5,A1,A1,A1,66.0,65.0,2025,2,2024-11-01,2025-04-30,74,17,4,1,0,0,0,0,0,0,0,0,0,0,0,5,11,3,1,1,1,0,0,0,0,0,0,0,0,4,6,3,2,3,0,1,0,0,0,0,0,0,0,3,6,2,3,2,1,0,0,0,0,0,0,0,0,1,5,6,5,1,0,0,0,0,0,0,0,0,0,1,3,2,2,3,2,0,0,0,0,0,0,0,0,0,0,0,0,広島
3721,守田俊介,モリタ シュンスケ,滋賀,A1,S,500812,1,49,172,56,A,7.25,58.5,36,29,111,6,5,0.13,31,90.3,0.14,2.3,16,56.2,0.11,2.5,18,55.5,0.14,2.6,24,62.5,0.13,2.3,10,30.0,0.12,2.3,12,0.0,0.15,4.2,A1,A1,A1,68.0,63.0,2025,2,2024-11-01,2025-04-30,74,25,3,0,2,1,0,0,0,0,0,0,0,0,0,5,4,5,1,1,0,0,0,0,0,0,0,0,0,3,7,2,3,2,1,0,0,0,0,0,0,0,0,1,14,1,3,2,2,1,0,0,0,0,0,0,0,2,1,1,3,2,1,0,0,0,0,0,0,0,0,0,0,3,3,2,4,0,0,0,0,0,0,0,0,0,0,0,0,京都
3722,西村秀樹,ニシムラ ヒデキ,福岡,B1,S,450712,1,54,157,54,A,3.87,18.8,4,13,90,0,0,0.18,11,45.4,0.2,4.2,15,26.6,0.19,3.9,10,20.0,0.16,3.3,24,20.8,0.17,3.4,17,0.0,0.17,3.8,13,7.6,0.22,5.5,B1,B1,B1,45.0,45.0,2025,2,2024-11-01,2025-04-30,75,2,3,2,1,1,2,0,0,0,0,0,0,0,0,0,4,2,2,4,3,0,0,0,0,0,0,0,0,0,2,2,5,1,0,0,0,0,0,0,0,0,0,2,3,2,8,3,6,0,0,0,0,0,0,0,0,0,0,0,3,8,6,0,0,0,0,0,0,0,0,0,1,0,4,5,3,0,0,0,0,0,0,0,0,0,0,0,0,福岡
3726,桂林寛,カツラバヤシ ヒロシ,福岡,B1,S,460710,1,53,165,54,A,4.97,29.4,15,20,119,0,0,0.16,18,66.6,0.17,2.7,21,42.8,0.2,3.7,22,45.4,0.13,2.2,23,8.7,0.16,3.6,23,0.0,0.2,3.0,12,16.6,0.11,2.4,B1,B1,B1,48.0,49.0,2025,2,2024-11-01,2025-04-30,75,8,4,3,0,3,0,0,0,0,0,0,0,0,0,3,6,5,5,1,1,0,0,0,0,0,0,0,0,3,7,1,3,4,4,0,0,0,0,0,0,0,0,0,2,7,6,3,5,0,0,0,0,0,0,0,0,0,0,3,6,9,5,0,0,0,0,0,0,0,0,1,1,3,2,1,4,0,0,0,0,0,0,0,0,0,0,0,0,福岡
3730,塩崎優司,シオサキ ユウジ,愛知,B1,S,470619,1,53,165,53,A,5.01,28.9,15,18,114,0,0,0.18,18,66.6,0.14,2.6,19,26.3,0.19,3.4,24,25.0,0.16,3.2,18,27.7,0.17,3.2,21,14.2,0.21,3.7,14,14.2,0.18,3.9,B1,B1,B1,47.0,49.0,2025,2,2024-11-01,2025-04-30,75,10,2,2,2,0,2,0,0,0,0,0,0,0,0,1,4,2,8,2,2,0,0,0,0,0,0,0,0,3,3,4,6,6,2,0,0,0,0,0,0,0,0,1,4,2,7,2,2,0,0,0,0,0,0,0,0,0,3,4,9,3,2,0,0,0,0,0,0,0,0,0,2,0,4,5,3,0,0,0,0,0,0,0,0,0,0,0,0,愛知
3731,高濱芳久,タカハマ ヨシヒサ,広島,A2,S,480711,1,51,160,54,A,5.49,37.0,20,13,89,2,0,0.17,15,73.3,0.16,3.8,23,43.4,0.19,4.3,22,36.3,0.15,3.2,17,17.6,0.18,3.9,11,9.0,0.18,3.9,1,0.0,0.28,6.0,B1,B1,B1,48.0,50.0,2025,2,2024-11-01,2025-04-30,75,8,3,0,2,0,2,0,0,0,0,0,0,0,0,5,5,6,2,1,4,0,0,0,0,0,1,0,0,6,2,4,2,4,4,0,0,0,0,0,0,0,0,1,2,1,6,5,2,0,0,0,0,0,0,0,0,0,1,3,3,2,2,0,0,0,0,0,0,0,0,0,0,0,0,0,1,0,0,0,0,0,0,0,0,0,0,0,0,広島
3736,岡本猛,オカモト タケシ,大阪,B1,S,481118,1,51,172,53,A,4.51,23.3,9,12,90,1,0,0.18,11,63.6,0.17,3.7,20,30.0,0.18,4.6,16,12.5,0.15,3.3,10,20.0,0.17,3.0,23,13.0,0.19,3.9,10,10.0,0.22,4.8,B1,B1,B1,49.0,47.0,2025,2,2024-11-01,2025-04-30,75,5,2,2,0,2,0,0,0,0,0,0,1,0,0,0,6,1,6,5,2,0,0,0,0,0,0,0,0,1,1,4,5,4,1,0,0,0,0,0,0,0,0,1,1,1,2,3,2,0,0,0,0,0,1,0,0,2,1,3,6,8,2,1,0,0,0,0,0,0,0,0,1,2,1,3,3,0,0,0,0,0,0,0,0,0,0,1,0,大阪
3737,上平真二,ウエヒラ シンジ,広島,A1,S,481128,1,51,167,54,B,7.01,48.4,27,34,126,5,0,0.17,25,80.0,0.14,3.0,27,51.8,0.17,3.7,19,52.6,0.17,3.9,21,28.5,0.19,4.0,19,36.8,0.18,3.5,15,26.6,0.19,5.0,A1,A1,A1,58.0,64.0,2025,2,2024-11-01,2025-04-30,75,15,5,3,1,1,0,0,0,0,0,0,0,0,0,4,10,8,3,2,0,0,0,0,0,0,0,0,0,6,4,5,2,2,0,0,0,0,0,0,0,0,0,1,5,5,6,3,0,1,0,0,0,0,0,0,0,0,7,7,3,1,1,0,0,0,0,0,0,0,0,1,3,4,1,4,2,0,0,0,0,0,0,0,0,0,0,0,0,広島
3740,大澤普司,オオサワ シンジ,群馬,A1,S,490506,1,51,157,57,A,6.28,47.1,23,26,104,7,1,0.17,21,90.4,0.17,3.2,14,42.8,0.17,3.4,21,52.3,0.17,3.6,15,20.0,0.18,2.7,14,42.8,0.16,3.1,19,21.0,0.17,3.6,A2,A2,A1,52.0,53.0,2025,2,2024-11-01,2025-04-30,75,13,6,1,1,0,0,0,0,0,0,0,0,0,0,4,2,3,3,0,2,0,0,0,0,0,0,0,0,3,8,4,4,0,2,0,0,0,0,0,0,0,0,0,3,6,2,2,2,0,0,0,0,0,0,0,0,3,3,1,5,1,1,0,0,0,0,0,0,0,0,0,4,2,5,4,3,1,0,0,0,0,0,0,0,0,0,0,0,群馬
3741,松尾基成,マツオ モトナリ,福岡,B1,S,490516,1,51,163,57,A,4.12,21.5,8,14,102,0,0,0.19,15,53.3,0.22,3.5,20,15.0,0.18,4.1,18,22.2,0.18,2.7,22,18.1,0.18,3.6,16,18.7,0.18,4.3,11,0.0,0.18,5.1,B1,B1,B1,45.0,46.0,2025,2,2024-11-01,2025-04-30,75,7,1,2,2,2,1,0,0,0,0,0,0,0,0,0,3,4,4,5,4,0,0,0,0,0,0,0,0,1,3,3,4,3,4,0,0,0,0,0,0,0,0,0,4,1,3,7,7,0,0,0,0,0,0,0,0,0,3,2,3,7,1,0,0,0,0,0,0,0,0,0,0,2,1,3,5,0,0,0,0,0,0,0,0,0,0,0,0,福岡
3742,宮地秀祈,ミヤチ ヒデキ,福岡,B1,S,490712,1,50,167,54,B,4.31,20.0,7,13,100,0,0,0.18,14,64.2,0.19,3.5,17,11.7,0.18,4.0,17,35.2,0.16,3.1,17,17.6,0.19,3.4,23,0.0,0.19,4.0,12,0.0,0.19,4.3,B1,B1,B1,45.0,46.0,2025,2,2024-11-01,2025-04-30,75,6,3,4,0,0,0,0,0,0,0,0,0,0,1,0,2,5,5,3,1,0,0,0,0,0,0,1,0,1,5,5,3,2,0,1,0,0,0,0,0,0,0,0,3,1,4,7,2,0,0,0,0,0,0,0,0,0,0,5,3,9,5,0,0,0,0,0,0,1,0,0,0,1,2,4,5,0,0,0,0,0,0,0,0,0,0,0,0,福岡
3743,林美憲,ハヤシ ヨシノリ,徳島,A1,S,491116,1,50,161,52,A,6.91,47.5,41,18,124,7,1,0.15,28,82.1,0.13,2.1,23,52.1,0.15,3.2,28,50.0,0.15,2.8,21,38.1,0.16,2.9,16,12.5,0.19,4.1,8,0.0,0.18,4.0,A1,A1,A1,54.0,59.0,2025,2,2024-11-01,2025-04-30,75,20,3,0,5,0,0,0,0,0,0,0,0,0,0,5,7,3,3,2,2,1,0,0,0,0,0,0,0,9,5,7,2,2,3,0,0,0,0,0,0,0,0,5,3,10,3,0,0,0,0,0,0,0,1,0,0,2,0,6,2,3,3,0,0,0,0,0,0,0,0,0,0,2,4,1,1,0,0,0,0,0,0,0,0,0,0,0,0,徳島
3744,徳増秀樹,トクマス ヒデキ,静岡,A1,S,491129,1,50,166,55,A,7.16,59.0,45,30,127,6,3,0.13,29,89.6,0.14,2.2,20,60.0,0.13,3.0,31,61.2,0.13,2.3,22,54.5,0.11,1.8,18,22.2,0.14,2.7,7,28.5,0.13,2.0,A1,A1,A1,61.0,62.0,2025,2,2024-11-01,2025-04-30,75,25,1,1,1,0,1,0,0,0,0,0,0,0,0,2,10,3,1,2,2,0,0,0,0,0,0,0,0,9,10,5,4,0,3,0,0,0,0,0,0,0,0,6,6,2,0,6,2,0,0,0,0,0,0,0,0,2,2,3,1,9,1,0,0,0,0,0,0,0,0,1,1,1,1,2,1,0,0,0,0,0,0,0,0,0,0,2,0,静岡
3745,橋本年光,ハシモト トシミツ,兵庫,A2,S,491219,1,50,165,54,O,5.87,41.3,23,27,121,1,0,0.17,28,75.0,0.15,2.6,20,50.0,0.16,2.8,18,33.3,0.17,2.9,16,31.2,0.16,3.3,20,30.0,0.16,3.2,19,10.5,0.19,4.6,A1,A2,A2,54.0,51.0,2025,2,2024-11-01,2025-04-30,75,17,4,3,2,2,0,0,0,0,0,0,0,0,0,2,8,4,2,0,3,0,0,0,0,0,0,0,1,1,5,4,1,7,0,0,0,0,0,0,0,0,0,0,5,5,3,2,1,0,0,0,0,0,0,0,0,3,3,4,5,2,3,0,0,0,0,0,0,0,0,0,2,4,5,5,3,0,0,0,0,0,0,0,0,0,0,0,0,兵庫
3746,岡瀬正人,オカセ マサト,岡山,A2,S,500311,1,50,162,54,O,5.97,43.1,25,41,153,0,0,0.17,29,89.6,0.16,3.9,26,34.6,0.16,3.7,24,41.6,0.17,3.4,27,33.3,0.2,4.8,27,22.2,0.18,4.1,20,30.0,0.17,4.0,A2,A2,A2,51.0,52.0,2025,2,2024-11-01,2025-04-30,75,23,3,1,2,0,0,0,0,0,0,0,0,0,0,1,8,10,3,3,1,0,0,0,0,0,1,0,0,0,10,6,3,1,4,0,0,0,0,0,0,0,0,0,9,2,7,5,4,0,0,0,0,0,0,0,0,1,5,8,6,3,4,0,0,0,0,0,0,0,0,0,6,5,3,4,2,0,0,0,0,0,0,0,0,0,0,2,0,岡山
3747,國崎良春,クニサキ ヨシハル,福岡,B1,S,500402,1,50,168,52,AB,5.37,37.3,22,25,126,1,0,0.15,21,80.9,0.13,2.6,21,28.5,0.15,2.8,22,31.8,0.15,2.9,21,47.6,0.17,3.0,21,33.3,0.17,3.0,19,0.0,0.12,2.3,B1,A2,A2,50.0,49.0,2025,2,2024-11-01,2025-04-30,75,10,7,0,1,1,1,0,0,0,0,0,0,1,0,1,5,7,4,3,1,0,0,0,0,0,0,0,0,2,5,4,2,4,5,0,0,0,0,0,0,0,0,7,3,0,4,6,1,0,0,0,0,0,0,0,0,2,5,4,4,3,3,0,0,0,0,0,0,0,0,0,0,5,3,6,5,0,0,0,0,0,0,0,0,0,0,0,1,福岡
3748,小黒竜吾,オグロ リュウゴ,埼玉,B1,S,500708,1,49,169,58,B,3.96,11.7,2,8,85,0,0,0.18,14,28.5,0.2,3.6,15,13.3,0.17,3.8,17,11.7,0.17,3.5,10,10.0,0.15,3.6,16,6.2,0.17,3.8,13,0.0,0.21,5.2,B1,B1,B1,46.0,46.0,2025,2,2024-11-01,2025-04-30,75,2,2,3,3,4,0,0,0,0,0,0,0,0,0,0,2,3,5,4,1,0,0,0,0,0,0,0,0,0,2,4,5,5,1,0,0,0,0,0,0,0,0,0,1,3,2,2,1,1,0,0,0,0,0,0,0,0,1,4,3,5,3,0,0,0,0,0,0,0,0,0,0,1,4,3,5,0,0,0,0,0,0,0,0,0,0,0,0,埼玉
3752,宇土泰就,ウト ヤスナリ,福岡,B1,S,460516,1,54,167,55,A,4.45,24.2,9,15,99,0,0,0.16,14,42.8,0.17,3.6,16,37.5,0.19,3.5,19,26.3,0.14,3.2,19,21.0,0.17,2.9,18,11.1,0.15,3.0,13,7.6,0.14,2.8,B1,B1,B1,45.0,46.0,2025,2,2024-11-01,2025-04-30,76,5,1,0,3,2,2,0,0,0,0,0,0,0,1,0,6,4,1,4,1,0,0,0,0,0,0,0,0,2,3,3,3,2,6,0,0,0,0,0,0,0,0,1,3,6,4,4,1,0,0,0,0,0,0,0,0,0,2,4,3,5,4,0,0,0,0,0,0,0,0,1,0,1,1,5,5,0,0,0,0,0,0,0,0,0,0,0,0,福岡
3757,畑和宏,ハタ カズヒロ,広島,B1,S,461103,1,53,168,54,A,4.8,28.8,13,13,90,0,0,0.18,11,90.9,0.13,2.7,14,28.5,0.17,3.4,16,25.0,0.19,3.3,22,27.2,0.16,3.7,13,15.3,0.18,3.3,14,0.0,0.26,5.5,B1,B1,B1,50.0,48.0,2025,2,2024-11-01,2025-04-30,76,8,2,0,1,0,0,0,0,0,0,0,0,0,0,1,3,3,4,0,3,0,0,0,0,0,0,0,0,0,4,3,6,1,2,0,0,0,0,0,0,0,0,3,3,1,8,3,4,0,0,0,0,0,0,0,0,1,1,0,3,3,4,1,0,0,0,0,0,0,0,0,0,2,4,5,3,0,0,0,0,0,0,0,0,0,0,0,0,広島
3761,山本光雄,ヤマモト ミツオ,滋賀,B1,S,470211,1,53,166,56,AB,5.17,27.7,13,17,108,0,0,0.17,17,70.5,0.15,2.5,19,31.5,0.13,2.7,15,13.3,0.19,3.9,24,20.8,0.2,3.7,20,20.0,0.15,2.8,13,7.6,0.19,4.1,B1,B1,B1,47.0,50.0,2025,2,2024-11-01,2025-04-30,76,6,6,4,0,1,0,0,0,0,0,0,0,0,0,3,3,4,5,3,1,0,0,0,0,0,0,0,0,1,1,4,5,2,2,0,0,0,0,0,0,0,0,1,4,3,7,3,5,1,0,0,0,0,0,0,0,2,2,7,5,3,1,0,0,0,0,0,0,0,0,0,1,1,6,4,1,0,0,0,0,0,0,0,0,1,0,0,0,滋賀
3769,佐竹恒彦,サタケ ツネヒコ,滋賀,A2,S,480905,1,51,166,53,O,5.5,36.8,11,17,76,0,0,0.17,15,60.0,0.15,3.2,13,30.7,0.16,3.4,14,42.8,0.16,3.2,13,23.0,0.18,4.1,11,27.2,0.19,4.2,10,30.0,0.22,5.3,A2,B1,B1,51.0,50.0,2025,2,2024-11-01,2025-04-30,76,6,3,3,1,2,0,0,0,0,0,0,0,0,0,1,3,5,3,1,0,0,0,0,0,0,0,0,0,1,5,2,5,0,0,1,0,0,0,0,0,0,0,1,2,0,6,3,1,0,0,0,0,0,0,0,0,1,2,1,1,1,5,0,0,0,0,0,0,0,0,1,2,1,3,1,2,0,0,0,0,0,0,0,0,0,0,0,0,滋賀
3771,折下寛法,オリシタ ヒロノリ,東京,B1,S,490310,1,51,173,52,B,5.33,30.7,16,16,104,0,0,0.13,23,65.2,0.13,1.9,14,28.5,0.14,2.9,19,31.5,0.12,2.4,14,21.4,0.1,2.4,16,12.5,0.12,2.8,18,11.1,0.16,4.1,A2,A2,A2,51.0,50.0,2025,2,2024-11-01,2025-04-30,76,11,4,3,1,4,0,0,0,0,0,0,0,0,0,1,3,3,2,4,1,0,0,0,0,0,0,0,0,2,4,6,3,3,0,1,0,0,0,0,0,0,0,1,2,4,4,3,0,0,0,0,0,0,0,0,0,1,1,1,8,3,2,0,0,0,0,0,0,0,0,0,2,4,5,4,3,0,0,0,0,0,0,0,0,0,0,0,0,東京
3772,一柳和孝,イチヤナギ カズタカ,埼玉,B1,S,490403,1,51,163,55,A,5.34,33.3,18,20,114,1,0,0.17,24,62.5,0.15,2.6,17,52.9,0.18,3.3,20,20.0,0.15,2.9,18,38.8,0.17,3.3,19,15.7,0.17,3.1,16,0.0,0.17,4.1,A2,A2,A2,51.0,50.0,2025,2,2024-11-01,2025-04-30,76,11,4,3,3,1,1,1,0,0,0,0,0,0,0,2,7,3,3,2,0,0,0,0,0,0,0,0,0,1,3,5,6,3,2,0,0,0,0,0,0,0,0,3,4,5,2,2,2,0,0,0,0,0,0,0,0,1,2,2,9,2,3,0,0,0,0,0,0,0,0,0,0,1,4,6,5,0,0,0,0,0,0,0,0,0,0,0,0,埼玉
3773,津留浩一郎,ツル コウイチロウ,長崎,B1,S,490509,1,51,162,57,B,5.1,35.6,16,20,101,0,0,0.16,13,84.6,0.14,2.1,19,42.1,0.13,2.8,15,40.0,0.18,3.8,18,44.4,0.13,2.7,19,10.5,0.16,3.2,17,5.8,0.23,4.1,B1,B1,B1,46.0,48.0,2025,2,2024-11-01,2025-04-30,76,9,2,0,0,1,1,0,0,0,0,0,0,0,0,2,6,3,2,1,5,0,0,0,0,0,0,0,0,0,6,3,3,2,1,0,0,0,0,0,0,0,0,5,3,3,0,4,3,0,0,0,0,0,0,0,0,0,2,4,5,5,3,0,0,0,0,0,0,0,0,0,1,1,3,8,4,0,0,0,0,0,0,0,0,0,0,0,0,長崎
3775,泉啓文,イズミ ヒロフミ,岡山,B1,S,490815,1,50,162,61,A,4.47,23.8,13,13,109,0,0,0.18,18,66.6,0.15,2.6,18,0.0,0.21,3.7,21,28.5,0.17,3.2,16,18.7,0.2,3.5,17,29.4,0.2,3.7,19,0.0,0.17,3.8,B1,B1,B1,48.0,46.0,2025,2,2024-11-01,2025-04-30,76,8,4,3,1,1,0,0,0,0,0,0,0,1,0,0,0,3,5,6,4,0,0,0,0,0,0,0,0,1,5,2,6,6,1,0,0,0,0,0,0,0,0,1,2,2,6,2,2,0,0,0,0,0,0,1,0,3,2,4,3,1,4,0,0,0,0,0,0,0,0,0,0,3,1,6,8,0,0,0,0,0,0,1,0,0,0,0,0,岡山
3776,横井健太,ヨコイ ケンタ,愛知,B1,S,500518,1,50,171,57,A,4.0,15.3,7,9,104,0,0,0.19,16,50.0,0.19,4.0,17,29.4,0.19,4.2,19,5.2,0.19,3.6,16,12.5,0.21,4.2,20,0.0,0.17,3.4,16,0.0,0.19,4.3,B1,B1,B1,43.0,46.0,2025,2,2024-11-01,2025-04-30,76,4,4,2,3,1,2,0,0,0,0,0,0,0,0,3,2,2,6,3,1,0,0,0,0,0,0,0,0,0,1,4,3,6,5,0,0,0,0,0,0,0,0,0,2,2,6,3,3,0,0,0,0,0,0,0,0,0,0,5,6,7,2,0,0,0,0,0,0,0,0,0,0,0,5,4,7,0,0,0,0,0,0,0,0,0,0,0,0,愛知
3777,樋口亮,ヒグチ リョウ,長崎,A2,S,500806,1,49,169,54,A,5.86,39.6,30,18,121,3,0,0.19,24,75.0,0.2,3.8,22,50.0,0.16,3.2,21,42.8,0.15,3.2,15,13.3,0.21,3.9,22,27.2,0.2,3.7,17,11.7,0.21,4.4,A2,A2,A1,52.0,51.0,2025,2,2024-11-01,2025-04-30,76,13,5,0,3,1,1,1,0,0,0,0,0,0,0,6,5,7,4,0,0,0,0,0,0,0,0,0,0,5,4,2,4,4,2,0,0,0,0,0,0,0,0,2,0,4,3,4,2,0,0,0,0,0,0,0,0,3,3,5,5,5,1,0,0,0,0,0,0,0,0,1,1,1,5,7,2,0,0,0,0,0,0,0,0,0,0,1,0,長崎
3778,安達美帆,アダチ ミホ,埼玉,B1,S,501016,2,49,161,47,O,3.73,18.3,5,6,60,1,0,0.19,9,55.5,0.18,3.3,9,22.2,0.16,2.7,10,0.0,0.22,4.2,14,21.4,0.19,3.9,9,11.1,0.18,3.2,9,0.0,0.2,4.0,B1,B1,B1,46.0,44.0,2025,2,2024-11-01,2025-04-30,76,3,2,1,0,1,2,0,0,0,0,0,0,0,0,1,1,1,2,3,1,0,0,0,0,0,0,0,0,0,0,2,3,1,4,0,0,0,0,0,0,0,0,1,2,0,1,5,5,0,0,0,0,0,0,0,0,0,1,1,1,3,3,0,0,0,0,0,0,0,0,0,0,1,3,2,3,0,0,0,0,0,0,0,0,0,0,2,0,埼玉
3779,原田幸哉,ハラダ ユキヤ,長崎,A1,S,501024,1,49,172,54,B,7.04,47.5,33,16,103,3,2,0.12,24,100.0,0.1,2.3,18,50.0,0.12,2.5,16,31.2,0.13,2.9,23,43.4,0.13,2.7,13,7.6,0.13,2.6,9,0.0,0.13,2.9,A1,A1,A1,66.0,70.0,2025,2,2024-11-01,2025-04-30,76,19,5,0,0,0,0,0,0,0,0,0,0,0,0,3,6,2,4,1,2,0,0,0,0,0,0,0,0,3,2,4,1,4,2,0,0,0,0,0,0,0,0,7,3,4,5,2,2,0,0,0,0,0,0,0,0,1,0,2,4,1,5,0,0,0,0,0,0,0,0,0,0,0,1,4,4,0,0,0,0,0,0,0,0,0,0,0,0,愛知
3783,瓜生正義,ウリュウ マサヨシ,福岡,A1,S,510305,1,49,158,55,A,6.89,41.9,23,21,105,1,1,0.15,22,95.4,0.13,3.6,17,35.2,0.16,3.5,18,27.7,0.16,4.2,17,29.4,0.14,3.6,15,40.0,0.17,3.5,16,6.2,0.16,4.5,A1,A1,A1,73.0,72.0,2025,2,2024-11-01,2025-04-30,76,18,3,0,0,0,1,0,0,0,0,0,0,0,0,1,5,6,3,1,1,0,0,0,0,0,0,0,0,2,3,5,4,3,1,0,0,0,0,0,0,0,0,1,4,4,2,2,4,0,0,0,0,0,0,0,0,1,5,2,2,3,2,0,0,0,0,0,0,0,0,0,1,1,6,5,2,1,0,0,0,0,0,0,0,0,0,0,0,福岡
3784,中島友和,ナカシマ トモカズ,佐賀,B1,S,510830,1,48,167,55,AB,4.32,22.9,7,13,87,0,0,0.16,11,63.6,0.13,2.0,14,7.1,0.18,3.6,18,33.3,0.18,3.0,21,23.8,0.16,3.0,13,7.6,0.16,3.2,10,0.0,0.18,4.1,B1,B1,B1,48.0,45.0,2025,2,2024-11-01,2025-04-30,76,3,4,1,0,2,1,0,0,0,0,0,0,0,0,0,1,6,3,0,2,0,0,0,0,0,0,2,0,2,4,4,3,4,1,0,0,0,0,0,0,0,0,1,4,4,3,0,9,0,0,0,0,0,0,0,0,1,0,1,3,4,4,0,0,0,0,0,0,0,0,0,0,0,3,2,5,0,0,0,0,0,0,0,0,0,0,0,0,佐賀
3787,天野誠,アマノ マコト,岡山,B1,S,460913,1,53,162,53,A,4.57,28.3,6,9,53,1,0,0.19,8,62.5,0.22,3.7,9,55.5,0.16,4.6,9,33.3,0.19,3.7,9,11.1,0.17,4.2,9,0.0,0.21,4.0,8,12.5,0.2,4.6,B1,B1,B2,45.0,46.0,2025,2,2024-11-01,2025-04-30,77,2,3,1,1,0,0,1,0,0,0,0,0,0,0,3,2,1,1,1,1,0,0,0,0,0,0,0,0,1,2,3,1,1,1,0,0,0,0,0,0,0,0,0,1,0,3,2,3,0,0,0,0,0,0,0,0,0,0,3,1,2,3,0,0,0,0,0,0,0,0,0,1,0,1,2,4,0,0,0,0,0,0,0,0,0,0,0,1,岡山
3788,一宮稔弘,イチミヤ トシヒロ,徳島,B1,S,461001,1,53,162,54,AB,5.41,33.0,24,18,127,2,0,0.13,21,90.4,0.12,2.4,27,22.2,0.1,2.0,22,22.7,0.15,2.7,22,31.8,0.14,2.2,22,22.7,0.12,1.8,13,0.0,0.12,3.2,B2,A2,A2,51.0,50.0,2025,2,2024-11-01,2025-04-30,77,14,5,1,1,0,0,0,0,0,0,0,0,0,0,1,5,6,5,7,3,0,0,0,0,0,0,0,0,2,3,5,4,5,3,0,0,0,0,0,0,0,0,5,2,5,3,6,1,0,0,0,0,0,0,0,0,2,3,6,6,2,3,0,0,0,0,0,0,0,0,0,0,2,3,3,5,0,0,0,0,0,0,0,0,0,0,3,0,徳島
3790,佐口達也,サグチ タツヤ,群馬,B1,S,470624,1,53,168,56,A,4.47,26.9,10,11,78,0,0,0.18,10,60.0,0.13,2.6,14,21.4,0.15,3.2,12,41.6,0.14,2.7,9,55.5,0.18,3.2,13,7.6,0.2,3.5,20,5.0,0.24,4.9,B1,B1,B1,47.0,46.0,2025,2,2024-11-01,2025-04-30,77,5,1,1,1,1,0,1,0,0,0,0,0,0,0,0,3,3,3,3,1,1,0,0,0,0,0,0,0,2,3,1,3,3,0,0,0,0,0,0,0,0,0,2,3,0,2,0,2,0,0,0,0,0,0,0,0,0,1,0,5,5,2,0,0,0,0,0,0,0,0,1,0,2,4,5,8,0,0,0,0,0,0,0,0,0,0,0,0,群馬
3792,田中豪,タナカ ツヨシ,東京,A1,S,471007,1,52,162,55,A,6.41,46.6,24,31,118,3,0,0.18,20,90.0,0.16,3.0,23,39.1,0.19,4.2,25,48.0,0.17,3.5,20,45.0,0.22,4.3,18,16.6,0.18,3.6,12,33.3,0.19,4.1,A2,A2,B1,51.0,53.0,2025,2,2024-11-01,2025-04-30,77,14,4,1,0,1,0,0,0,0,0,0,0,0,0,3,6,8,3,3,0,0,0,0,0,0,0,0,0,2,10,9,2,2,0,0,0,0,0,0,0,0,0,2,7,4,3,2,2,0,0,0,0,0,0,0,0,1,2,5,4,3,3,0,0,0,0,0,0,0,0,2,2,2,2,1,3,0,0,0,0,0,0,0,0,0,0,0,0,東京
3793,高橋真吾,タカハシ シンゴ,埼玉,B1,S,471016,1,52,171,59,O,4.58,28.2,8,14,78,0,0,0.16,9,55.5,0.13,3.4,14,28.5,0.14,2.9,14,42.8,0.14,2.2,11,36.3,0.15,2.6,16,18.7,0.18,3.6,14,0.0,0.21,4.0,B1,B1,B1,44.0,47.0,2025,2,2024-11-01,2025-04-30,77,2,3,2,0,2,0,0,0,0,0,0,0,0,0,0,4,3,2,2,3,0,0,0,0,0,0,0,0,2,4,3,1,0,3,0,0,0,0,0,0,0,1,2,2,1,3,2,1,0,0,0,0,0,0,0,0,2,1,1,3,6,3,0,0,0,0,0,0,0,0,0,0,1,4,4,5,0,0,0,0,0,0,0,0,0,0,0,0,東京
3796,長野道臣,ナガノ ミチオ,静岡,B1,S,480604,1,52,167,56,A,5.11,33.1,17,31,145,0,0,0.16,23,69.5,0.15,2.4,20,45.0,0.16,3.5,27,33.3,0.16,3.3,27,29.6,0.15,2.7,22,18.1,0.13,3.1,26,7.6,0.19,4.4,A2,A2,A2,50.0,49.0,2025,2,2024-11-01,2025-04-30,77,12,4,2,1,0,4,0,0,0,0,0,0,0,0,1,8,3,5,1,2,0,0,0,0,0,0,0,0,1,8,5,6,2,5,0,0,0,0,0,0,0,0,2,6,4,7,6,2,0,0,0,0,0,0,0,0,1,3,4,7,3,4,0,0,0,0,0,0,0,0,0,2,2,11,3,8,0,0,0,0,0,0,0,0,0,0,0,0,静岡
3797,岩井繁,イワイ シゲル,広島,B1,S,480619,1,52,168,62,O,3.47,10.2,1,7,78,0,0,0.22,10,0.0,0.23,4.4,15,26.6,0.23,4.9,12,8.3,0.22,4.8,13,7.6,0.21,4.2,17,11.7,0.22,4.5,11,0.0,0.2,4.9,B1,B1,B1,45.0,44.0,2025,2,2024-11-01,2025-04-30,77,0,0,1,3,3,3,0,0,0,0,0,0,0,0,1,3,1,5,3,2,0,0,0,0,0,0,0,0,0,1,4,3,1,3,0,0,0,0,0,0,0,0,0,1,0,3,7,2,0,0,0,0,0,1,0,0,0,2,3,5,3,4,0,0,0,0,0,0,0,0,0,0,0,4,4,3,0,0,0,0,0,0,0,0,0,0,1,0,広島
3800,牧宏次,マキ コウジ,東京,A2,S,490109,1,51,165,54,AB,5.83,35.8,18,15,92,1,0,0.16,19,68.4,0.13,2.7,11,36.3,0.17,3.0,15,40.0,0.14,3.1,16,25.0,0.14,3.1,14,28.5,0.17,3.6,16,12.5,0.2,3.4,A1,B1,B1,53.0,51.0,2025,2,2024-11-01,2025-04-30,77,10,3,4,1,1,0,0,0,0,0,0,0,0,0,2,2,4,2,0,1,0,0,0,0,0,0,0,0,2,4,2,3,1,3,0,0,0,0,0,0,0,0,2,2,6,1,3,2,0,0,0,0,0,0,0,0,2,2,5,0,1,4,0,0,0,0,0,0,0,0,0,2,6,4,3,1,0,0,0,0,0,0,0,0,0,0,0,1,神奈川
3801,五反田忍,ゴタンダ シノブ,大阪,B1,S,490115,2,51,162,51,B,4.91,36.8,12,16,76,1,0,0.16,11,72.7,0.15,3.2,15,33.3,0.16,3.1,12,41.6,0.16,2.1,13,53.8,0.12,2.4,15,20.0,0.15,2.2,10,0.0,0.2,3.7,B1,B1,B1,45.0,47.0,2025,2,2024-11-01,2025-04-30,77,6,2,1,0,0,2,0,0,0,0,0,0,0,0,2,3,2,4,1,3,0,0,0,0,0,0,0,0,0,5,1,1,1,4,0,0,0,0,0,0,0,0,3,4,1,2,0,2,1,0,0,0,0,0,0,0,1,2,1,5,2,4,0,0,0,0,0,0,0,0,0,0,0,2,2,6,0,0,0,0,0,0,0,0,0,0,0,0,大阪
3802,森岡まき,モリオカ マキ,岡山,B1,S,490213,2,51,154,48,A,4.77,29.2,11,13,82,0,0,0.16,12,66.6,0.15,1.8,14,42.8,0.17,3.0,13,15.3,0.16,2.2,19,31.5,0.13,2.7,13,15.3,0.17,3.0,11,0.0,0.19,3.7,B1,B1,B1,45.0,47.0,2025,2,2024-11-01,2025-04-30,77,6,2,1,0,1,1,1,0,0,0,0,0,0,0,1,5,2,3,2,1,0,0,0,0,0,0,0,0,1,1,2,3,3,3,0,0,0,0,0,0,0,0,3,3,3,3,2,5,0,0,0,0,0,0,0,0,0,2,2,1,3,5,0,0,0,0,0,0,0,0,0,0,4,2,3,2,0,0,0,0,0,0,0,0,0,0,0,0,岡山
3804,中渡修作,ナカワタリ シュウサク,福岡,B1,S,490328,1,51,160,56,A,4.2,25.0,9,10,76,0,0,0.18,10,70.0,0.13,2.3,14,42.8,0.19,4.1,16,6.2,0.19,3.1,13,30.7,0.17,2.2,13,7.6,0.17,3.5,10,0.0,0.23,4.7,B1,B1,B1,45.0,45.0,2025,2,2024-11-01,2025-04-30,77,5,2,0,1,1,1,0,0,0,0,0,0,0,0,2,4,0,2,2,4,0,0,0,0,0,0,0,0,1,0,3,4,4,3,1,0,0,0,0,0,0,0,1,3,1,2,3,3,0,0,0,0,0,0,0,0,0,1,0,1,6,5,0,0,0,0,0,0,0,0,0,0,4,1,4,1,0,0,0,0,0,0,0,0,0,0,0,0,鹿児島
3805,高橋英之,タカハシ ヒデユキ,東京,B1,S,490611,1,51,158,52,A,5.26,36.6,12,25,101,1,0,0.14,19,68.4,0.16,2.9,17,41.1,0.14,2.5,19,21.0,0.13,1.8,14,42.8,0.13,2.2,17,29.4,0.15,2.4,15,13.3,0.12,2.1,A2,A2,A2,51.0,50.0,2025,2,2024-11-01,2025-04-30,77,8,5,3,1,1,1,0,0,0,0,0,0,0,0,2,5,3,2,2,3,0,0,0,0,0,0,0,0,0,4,3,3,6,3,0,0,0,0,0,0,0,0,1,5,1,3,4,0,0,0,0,0,0,1,0,0,1,4,4,3,4,1,0,0,0,0,0,1,0,0,0,2,2,3,4,4,0,0,0,0,0,1,0,0,0,0,1,0,東京
3807,岡部哲,オカベ サトシ,埼玉,B1,S,491023,1,50,162,53,O,4.3,19.0,15,6,110,0,0,0.18,16,50.0,0.17,3.5,22,4.5,0.19,3.7,16,31.2,0.15,2.9,21,14.2,0.19,3.6,18,22.2,0.18,3.9,17,0.0,0.19,4.3,B1,B1,B1,48.0,46.0,2025,2,2024-11-01,2025-04-30,77,7,1,1,5,2,0,0,0,0,0,0,0,0,0,0,1,6,8,4,3,0,0,0,0,0,0,0,0,4,1,4,3,2,2,0,0,0,0,0,1,0,0,2,1,3,5,3,7,0,0,0,0,0,0,0,0,2,2,1,3,5,5,0,0,0,0,0,0,0,0,0,0,1,5,3,8,0,0,0,0,0,0,0,0,0,0,0,0,埼玉
3808,秋田健太郎,アキタ ケンタロウ,埼玉,B1,S,500308,1,50,166,62,B,4.0,24.2,8,16,99,0,0,0.17,16,56.2,0.14,2.3,16,43.7,0.18,4.1,15,13.3,0.16,3.9,16,25.0,0.16,3.2,20,10.0,0.17,3.5,16,0.0,0.19,4.1,B1,B1,B1,46.0,44.0,2025,2,2024-11-01,2025-04-30,77,6,3,2,1,2,1,1,0,0,0,0,0,0,0,1,6,2,1,5,1,0,0,0,0,0,0,0,0,0,2,1,4,4,3,0,0,0,0,0,0,1,0,1,3,0,5,2,5,0,0,0,0,0,0,0,0,0,2,1,2,9,6,0,0,0,0,0,0,0,0,0,0,2,3,6,4,0,0,0,0,0,0,1,0,0,0,0,0,埼玉
3809,吉田光,ヨシダ ミツル,佐賀,B1,S,500611,1,50,161,51,B,4.74,20.7,10,11,101,2,1,0.16,13,61.5,0.17,2.8,24,12.5,0.17,3.7,27,14.8,0.15,3.1,27,18.5,0.16,2.7,6,16.6,0.15,3.8,4,0.0,0.11,2.8,B1,A2,B1,49.0,48.0,2025,2,2024-11-01,2025-04-30,77,4,4,3,1,1,0,0,0,0,0,0,0,0,0,0,3,6,5,2,8,0,0,0,0,0,0,0,0,3,1,5,6,8,4,0,0,0,0,0,0,0,0,3,2,9,4,4,3,1,0,0,0,0,0,1,0,0,1,3,1,0,1,0,0,0,0,0,0,0,0,0,0,1,3,0,0,0,0,0,0,0,0,0,0,0,0,0,0,佐賀
3811,石田章央,イシダ アキヒロ,静岡,A2,S,501210,1,49,166,54,B,5.89,41.4,26,32,140,5,1,0.15,28,78.5,0.16,2.7,19,52.6,0.13,2.2,29,48.2,0.13,2.8,21,33.3,0.15,3.1,24,16.6,0.16,3.6,19,5.2,0.16,3.6,A1,A1,A1,52.0,53.0,2025,2,2024-11-01,2025-04-30,77,15,7,2,1,2,1,0,0,0,0,0,0,0,0,5,5,5,2,0,2,0,0,0,0,0,0,0,0,2,12,4,4,6,1,0,0,0,0,0,0,0,0,4,3,3,6,2,3,0,0,0,0,0,0,0,0,0,4,3,10,3,4,0,0,0,0,0,0,0,0,0,1,4,7,5,2,0,0,0,0,0,0,0,0,0,0,0,0,静岡
3812,山崎聖司,ヤマザキ セイジ,東京,B1,S,510103,1,49,171,52,AB,4.43,22.5,9,18,120,0,0,0.17,19,63.1,0.14,3.2,21,23.8,0.18,3.3,26,23.0,0.14,3.3,18,5.5,0.2,3.8,21,9.5,0.17,3.8,15,6.6,0.19,4.0,B1,B1,B1,45.0,47.0,2025,2,2024-11-01,2025-04-30,77,6,6,2,1,3,1,0,0,0,0,0,0,0,0,1,4,5,3,5,3,0,0,0,0,0,0,0,0,0,6,8,3,6,3,0,0,0,0,0,0,0,0,1,0,2,6,7,1,0,0,0,0,0,0,1,0,1,1,4,3,6,6,0,0,0,0,0,0,0,0,0,1,3,2,4,5,0,0,0,0,0,0,0,0,0,0,0,0,千葉
3813,佐藤大介,サトウ ダイスケ,愛知,A1,S,510124,1,49,162,54,B,6.47,46.6,30,26,120,5,0,0.15,25,92.0,0.13,1.9,21,47.6,0.15,3.3,22,36.3,0.15,3.1,20,40.0,0.16,3.4,19,21.0,0.16,3.5,13,23.0,0.19,4.1,A1,A1,A1,53.0,54.0,2025,2,2024-11-01,2025-04-30,77,19,4,0,2,0,0,0,0,0,0,0,0,0,0,4,6,7,3,1,0,0,0,0,0,0,0,0,0,4,4,7,1,3,3,0,0,0,0,0,0,0,0,1,7,5,3,3,1,0,0,0,0,0,0,0,0,1,3,7,2,2,4,0,0,0,0,0,0,0,0,1,2,2,2,4,2,0,0,0,0,0,0,0,0,0,0,1,0,愛知
3814,金子貴志,カネコ タカシ,福井,B1,S,510301,1,49,161,51,A,4.61,29.2,10,21,106,0,0,0.19,16,62.5,0.18,2.9,20,45.0,0.18,4.2,20,35.0,0.18,3.3,18,11.1,0.19,4.1,17,11.7,0.2,3.6,15,6.6,0.21,4.8,B1,B1,B1,48.0,47.0,2025,2,2024-11-01,2025-04-30,77,6,4,1,3,0,2,0,0,0,0,0,0,0,0,2,7,2,5,3,1,0,0,0,0,0,0,0,0,1,6,4,3,4,1,0,0,0,0,0,1,0,1,0,2,1,4,8,3,0,0,0,0,0,0,0,0,1,1,0,7,5,3,0,0,0,0,0,0,0,0,0,1,2,2,6,3,0,0,0,0,0,0,0,1,0,0,0,0,福井
3820,樫葉次郎,カシバ ジロウ,徳島,B2,S,470320,1,53,164,59,AB,4.26,26.3,3,7,38,0,0,0.15,7,57.1,0.18,3.0,5,40.0,0.15,2.8,6,0.0,0.13,1.8,8,25.0,0.15,2.9,4,50.0,0.14,3.8,8,0.0,0.16,2.8,B1,B1,B1,44.0,44.0,2025,2,2024-11-01,2025-04-30,78,1,3,1,0,0,2,0,0,0,0,0,0,0,0,0,2,1,0,0,2,0,0,0,0,0,0,0,0,0,0,3,2,0,1,0,0,0,0,0,0,0,0,0,2,1,0,2,3,0,0,0,0,0,0,0,0,2,0,0,0,1,1,0,0,0,0,0,0,0,0,0,0,1,1,2,3,0,0,0,0,0,0,0,1,0,0,0,0,徳島
3822,平尾崇典,ヒラオ タカノリ,岡山,A1,S,471019,1,52,170,51,AB,6.66,46.2,32,29,132,6,1,0.17,27,81.4,0.17,3.4,19,52.6,0.18,4.3,25,40.0,0.18,3.4,24,33.3,0.18,3.7,23,34.7,0.17,3.3,14,21.4,0.15,3.9,A1,A1,A2,56.0,59.0,2025,2,2024-11-01,2025-04-30,78,18,4,1,2,2,0,0,0,0,0,0,0,0,0,3,7,5,2,2,0,0,0,0,0,0,0,0,0,3,7,7,2,6,0,0,0,0,0,0,1,0,0,4,4,7,5,2,2,0,0,0,0,0,0,0,0,4,4,7,3,4,1,0,0,0,0,0,0,0,0,0,3,4,2,2,3,0,0,0,0,0,0,0,0,0,0,1,0,岡山
3825,宮嵜隆太郎,ミヤザキ リュウタロウ,福岡,B1,S,480624,1,52,169,62,AB,4.43,26.5,13,18,117,0,0,0.13,16,75.0,0.13,2.1,21,4.7,0.14,2.6,20,35.0,0.13,2.3,20,35.0,0.11,2.3,18,11.1,0.11,2.3,22,9.0,0.14,2.2,B1,B1,B1,45.0,46.0,2025,2,2024-11-01,2025-04-30,78,4,8,1,0,1,2,0,0,0,0,0,0,0,0,1,0,5,6,6,3,0,0,0,0,0,1,0,0,2,5,4,2,4,3,0,0,0,0,0,0,0,0,5,2,6,2,3,2,0,0,0,0,0,0,0,0,0,2,1,3,4,8,0,0,0,0,0,0,0,0,1,1,0,3,7,10,0,0,0,0,0,0,0,0,0,0,0,0,福岡
3826,村田修次,ムラタ シュウジ,東京,A2,S,480711,1,51,165,53,A,5.99,43.1,17,21,88,3,0,0.16,19,73.6,0.16,3.3,13,53.8,0.15,3.2,13,30.7,0.17,3.2,14,35.7,0.14,2.6,14,21.4,0.16,2.9,15,33.3,0.17,3.2,A2,A1,A2,53.0,52.0,2025,2,2024-11-01,2025-04-30,78,9,5,1,2,2,0,0,0,0,0,0,0,0,0,1,6,0,3,0,3,0,0,0,0,0,0,0,0,0,4,3,3,3,0,0,0,0,0,0,0,0,0,3,2,3,2,3,0,1,0,0,0,0,0,0,0,2,1,4,3,2,2,0,0,0,0,0,2,0,0,2,3,3,4,3,0,0,0,0,0,0,0,0,0,0,0,0,0,東京
3827,今泉徹,イマイズミ トオル,群馬,B1,S,480717,1,51,165,55,O,3.98,14.6,7,6,89,0,0,0.17,13,61.5,0.16,3.3,14,14.2,0.17,4.4,21,0.0,0.16,2.8,16,18.7,0.17,3.4,16,0.0,0.18,3.6,9,0.0,0.22,3.6,B1,B1,B1,46.0,46.0,2025,2,2024-11-01,2025-04-30,78,4,4,3,2,0,0,0,0,0,0,0,0,0,0,1,1,2,3,2,4,0,0,0,0,0,0,1,0,0,0,5,5,8,3,0,0,0,0,0,0,0,0,2,1,2,5,3,3,0,0,0,0,0,0,0,0,0,0,1,7,6,2,0,0,0,0,0,0,0,0,0,0,0,3,2,4,0,0,0,0,0,0,0,0,0,0,0,0,群馬
3828,明石正之,アカシ マサユキ,兵庫,B1,S,480822,1,51,159,52,O,5.31,34.2,15,22,108,1,0,0.18,22,72.7,0.14,2.7,20,35.0,0.18,3.3,17,35.2,0.16,2.9,12,33.3,0.21,3.8,19,21.0,0.19,3.4,18,0.0,0.2,4.5,A2,A2,A2,51.0,50.0,2025,2,2024-11-01,2025-04-30,78,11,5,0,2,3,1,0,0,0,0,0,0,0,0,3,4,4,6,1,2,0,0,0,0,0,0,0,0,0,6,3,6,1,1,0,0,0,0,0,0,0,0,0,4,2,3,2,1,0,0,0,0,0,0,0,0,1,3,5,4,5,0,0,0,0,0,0,0,0,1,0,0,3,1,12,2,0,0,0,0,0,0,0,0,0,0,0,0,兵庫
3831,安藤裕貴,アンドウ ヒロタカ,愛知,B1,S,490716,1,50,159,55,AB,4.16,24.1,9,12,87,1,0,0.16,12,75.0,0.19,2.6,17,35.2,0.14,2.5,13,15.3,0.16,3.5,18,11.1,0.14,2.7,12,8.3,0.17,3.5,15,6.6,0.2,4.7,B2,B1,B1,45.0,46.0,2025,2,2024-11-01,2025-04-30,78,5,4,1,0,1,0,0,0,0,0,0,0,1,0,2,4,4,4,1,2,0,0,0,0,0,0,0,0,1,1,1,4,5,1,0,0,0,0,0,0,0,0,1,1,0,6,6,4,0,0,0,0,0,0,0,0,0,1,1,0,9,1,0,0,0,0,0,0,0,0,0,1,0,2,4,8,0,0,0,0,0,0,0,0,0,0,0,0,愛知
3832,下田哲也,シモダ テツヤ,香川,B1,S,490819,1,50,168,56,AB,4.4,22.9,9,16,109,0,0,0.17,15,60.0,0.11,2.9,24,16.6,0.19,3.7,19,26.3,0.15,3.2,16,18.7,0.2,3.8,20,10.0,0.16,3.9,15,13.3,0.21,4.7,B1,B1,B1,49.0,47.0,2025,2,2024-11-01,2025-04-30,78,6,3,0,3,2,1,0,0,0,0,0,0,0,0,1,3,2,8,7,3,0,0,0,0,0,0,0,0,0,5,3,4,7,0,0,0,0,0,0,0,0,0,1,2,5,2,3,3,0,0,0,0,0,0,0,0,1,1,0,12,3,3,0,0,0,0,0,0,0,0,0,2,1,3,5,4,0,0,0,0,0,0,0,0,0,0,0,0,香川
3833,中辻博訓,ナカツジ ヒロノリ,福井,A1,S,490827,1,50,169,52,B,6.73,52.8,35,20,104,5,1,0.13,23,95.6,0.13,2.0,18,66.6,0.13,2.7,14,57.1,0.11,2.3,17,35.2,0.12,2.5,14,28.5,0.14,2.3,18,16.6,0.15,2.9,A1,A1,A1,53.0,55.0,2025,2,2024-11-01,2025-04-30,78,20,2,0,0,0,0,1,0,0,0,0,0,0,0,6,6,1,1,2,2,0,0,0,0,0,0,0,0,4,4,3,2,1,0,0,0,0,0,0,0,0,0,3,3,5,3,0,2,1,0,0,0,0,0,0,0,1,3,3,2,2,3,0,0,0,0,0,0,0,0,1,2,5,3,3,4,0,0,0,0,0,0,0,0,0,0,0,0,福井
3834,細川明人,ホソカワ アキト,岡山,B1,S,491225,1,50,165,58,O,3.73,20.2,5,10,74,0,0,0.21,10,60.0,0.21,4.1,11,18.1,0.18,3.8,16,18.7,0.23,4.4,11,9.0,0.2,3.8,12,16.6,0.18,3.9,14,7.1,0.22,4.2,B1,B1,B1,48.0,43.0,2025,2,2024-11-01,2025-04-30,78,3,3,2,0,1,1,0,0,0,0,0,0,0,0,0,2,0,3,2,3,0,0,0,0,0,0,0,1,0,3,2,1,6,4,0,0,0,0,0,0,0,0,0,1,2,2,0,6,0,0,0,0,0,0,0,0,1,1,2,2,3,3,0,0,0,0,0,0,0,0,1,0,0,3,4,5,1,0,0,0,0,0,0,0,0,0,0,0,岡山
3837,秋山広一,アキヤマ ヒロカズ,香川,A2,S,500607,1,50,167,54,O,6.07,45.1,28,28,124,5,1,0.15,21,85.7,0.13,2.1,26,53.8,0.11,3.1,17,64.7,0.15,2.5,24,25.0,0.15,3.3,18,33.3,0.16,3.3,18,5.5,0.19,4.3,A2,A2,A1,52.0,54.0,2025,2,2024-11-01,2025-04-30,78,17,1,1,1,1,0,0,0,0,0,0,0,0,0,4,10,5,2,5,0,0,0,0,0,0,0,0,0,3,8,1,4,0,1,0,0,0,0,0,0,0,0,3,3,6,4,4,4,0,0,0,0,0,0,0,0,1,5,2,4,4,2,0,0,0,0,0,0,0,0,0,1,4,1,7,5,0,0,0,0,0,0,0,0,0,0,0,0,香川
3838,伊藤啓三,イトウ ケイゾウ,埼玉,A2,S,500620,1,50,166,54,A,6.03,38.8,33,26,152,2,0,0.13,29,86.2,0.12,2.5,25,48.0,0.15,2.6,24,20.8,0.13,2.5,28,28.5,0.13,2.4,24,25.0,0.11,2.0,22,13.6,0.16,2.9,A2,A2,A2,52.0,52.0,2025,2,2024-11-01,2025-04-30,78,18,7,4,0,0,0,0,0,0,0,0,0,0,0,5,7,4,6,2,1,0,0,0,0,0,0,0,0,3,2,10,5,3,1,0,0,0,0,0,1,0,0,4,4,6,7,2,5,0,0,0,0,0,0,0,0,2,4,6,7,4,1,0,0,0,0,0,0,0,0,1,2,3,8,6,2,0,0,0,0,0,0,0,0,0,0,1,0,埼玉
3839,川合理司,カワイ マサジ,静岡,B1,S,500805,1,49,168,63,A,4.31,19.6,3,9,61,0,0,0.17,7,28.5,0.19,3.7,13,30.7,0.16,3.6,10,40.0,0.14,2.3,11,18.1,0.17,2.7,13,0.0,0.15,3.1,7,0.0,0.2,4.0,B1,B1,B1,44.0,47.0,2025,2,2024-11-01,2025-04-30,78,1,1,2,2,1,0,0,0,0,0,0,0,0,0,1,3,4,2,2,0,0,0,0,0,0,0,1,0,0,4,0,3,2,1,0,0,0,0,0,0,0,0,1,1,1,3,3,2,0,0,0,0,0,0,0,0,0,0,5,1,3,4,0,0,0,0,0,0,0,0,0,0,0,2,3,2,0,0,0,0,0,0,0,0,0,0,0,0,静岡
3841,佐々木和伸,ササキ カズノブ,徳島,A2,S,510512,1,49,170,55,A,5.96,38.1,25,28,139,4,0,0.17,26,76.9,0.16,3.4,28,50.0,0.17,3.4,26,23.0,0.18,3.5,19,36.8,0.15,3.5,24,25.0,0.18,3.8,16,0.0,0.17,4.6,A2,A2,A2,52.0,53.0,2025,2,2024-11-01,2025-04-30,78,16,4,3,1,0,2,0,0,0,0,0,0,0,0,3,11,7,2,3,1,0,0,0,0,0,0,0,1,3,3,9,6,1,4,0,0,0,0,0,0,0,0,3,4,8,1,2,1,0,0,0,0,0,1,0,0,0,6,3,7,3,5,0,0,0,0,0,0,0,0,0,0,7,3,3,3,0,0,0,0,0,2,0,0,0,0,0,0,徳島
3842,星野太郎,ホシノ タロウ,三重,B1,S,510621,1,49,161,53,O,5.39,33.9,14,23,109,0,0,0.19,18,77.7,0.17,2.9,22,36.3,0.18,3.6,20,35.0,0.2,3.5,23,26.0,0.19,3.7,14,7.1,0.17,4.3,12,8.3,0.24,4.0,A2,A2,A2,51.0,50.0,2025,2,2024-11-01,2025-04-30,78,10,4,3,0,1,0,0,0,0,0,0,0,0,0,3,5,4,2,6,2,0,0,0,0,0,0,0,0,1,6,3,5,1,4,0,0,0,0,0,0,0,0,0,6,8,4,4,1,0,0,0,0,0,0,0,0,0,1,5,4,1,3,0,0,0,0,0,0,0,0,0,1,2,2,3,3,0,0,0,0,0,0,1,0,0,0,0,0,三重
3843,上之晃弘,ウエノ アキヒロ,長崎,B1,S,510709,1,48,171,56,A,4.68,25.8,17,14,120,1,0,0.17,16,62.5,0.2,3.3,17,35.2,0.19,3.4,25,28.0,0.18,3.2,23,26.0,0.17,3.2,23,8.7,0.14,3.1,16,0.0,0.18,4.1,B1,B1,A2,47.0,48.0,2025,2,2024-11-01,2025-04-30,78,9,1,2,2,0,2,0,0,0,0,0,0,0,0,2,4,3,6,1,1,0,0,0,0,0,0,0,0,2,5,5,4,4,5,0,0,0,0,0,0,0,0,3,3,5,4,4,4,0,0,0,0,0,0,0,0,1,1,1,7,9,4,0,0,0,0,0,0,0,0,0,0,1,4,5,6,0,0,0,0,0,0,0,0,0,0,2,0,長崎
3845,中谷朋子,ナカタニ トモコ,兵庫,A2,S,510929,2,48,160,45,A,6.23,44.9,26,23,109,0,0,0.19,29,75.8,0.18,3.7,24,37.5,0.21,4.5,22,36.3,0.2,3.4,22,40.9,0.19,3.5,12,8.3,0.21,3.8,0,0.0,0.0,0.0,A1,A2,A1,56.0,54.0,2025,2,2024-11-01,2025-04-30,78,19,3,2,3,2,0,0,0,0,0,0,0,0,0,1,8,5,5,5,0,0,0,0,0,0,0,0,0,4,4,5,6,2,1,0,0,0,0,0,0,0,0,2,7,1,4,6,2,0,0,0,0,0,0,0,0,0,1,2,7,2,0,0,0,0,0,0,0,0,0,0,0,0,0,0,0,0,0,0,0,0,0,0,0,0,0,0,0,兵庫
3848,川上聡介,カワカミ ソウスケ,愛知,B1,S,520717,1,47,168,58,O,5.16,31.0,22,14,116,1,0,0.14,21,71.4,0.14,2.7,21,38.1,0.14,2.7,18,33.3,0.14,2.3,16,31.2,0.16,2.8,25,8.0,0.13,2.5,15,0.0,0.15,2.9,A2,B1,B1,50.0,49.0,2025,2,2024-11-01,2025-04-30,78,14,1,3,1,2,0,0,0,0,0,0,0,0,0,5,3,4,1,5,3,0,0,0,0,0,0,0,0,3,3,7,2,1,2,0,0,0,0,0,0,0,0,0,5,3,6,1,1,0,0,0,0,0,0,0,0,0,2,2,9,7,4,0,0,0,0,0,0,1,0,0,0,0,3,9,3,0,0,0,0,0,0,0,0,0,0,0,0,愛知
3849,中岡正彦,ナカオカ マサヒコ,香川,A1,S,521018,1,47,166,53,O,6.67,54.3,26,30,103,6,1,0.14,20,95.0,0.13,2.3,17,64.7,0.15,3.2,23,34.7,0.16,2.7,24,41.6,0.13,2.0,14,50.0,0.13,2.5,5,20.0,0.17,3.6,A2,A2,A1,53.0,55.0,2025,2,2024-11-01,2025-04-30,78,16,3,0,1,0,0,0,0,0,0,0,0,0,0,1,10,1,0,3,2,0,0,0,0,0,0,0,0,5,3,5,2,5,3,0,0,0,0,0,0,0,0,3,7,7,5,2,0,0,0,0,0,0,0,0,0,1,6,3,1,2,0,0,0,0,0,0,0,0,1,0,1,1,0,1,2,0,0,0,0,0,0,0,0,0,0,0,0,愛媛
3850,小川知行,オガワ トモユキ,群馬,B1,S,470626,1,53,164,55,A,5.26,36.4,14,17,85,2,0,0.15,14,64.2,0.13,2.1,15,46.6,0.16,2.7,11,54.5,0.15,3.5,19,36.8,0.13,2.2,16,12.5,0.15,2.9,10,0.0,0.19,3.2,B1,B1,B1,47.0,49.0,2025,2,2024-11-01,2025-04-30,79,7,2,2,0,3,0,0,0,0,0,0,0,0,0,2,5,2,1,3,1,0,0,0,0,0,0,1,0,1,5,2,1,2,0,0,0,0,0,0,1,0,0,2,5,1,6,4,1,0,0,0,0,0,0,0,0,2,0,3,1,4,6,0,0,0,0,0,0,0,0,0,0,1,5,2,2,0,0,0,0,0,0,0,0,0,0,0,0,群馬
3851,森田昭彦,モリタ アキヒコ,福岡,B1,S,470802,1,52,168,58,B,3.47,18.3,8,3,60,0,0,0.19,9,66.6,0.18,3.6,10,10.0,0.19,3.3,11,9.0,0.14,2.5,10,10.0,0.18,3.4,6,16.6,0.18,4.3,14,7.1,0.25,5.4,B2,B1,B1,43.0,41.0,2025,2,2024-11-01,2025-04-30,79,4,2,1,1,1,0,0,0,0,0,0,0,0,0,1,0,0,5,2,0,1,0,0,0,0,0,1,0,0,1,1,2,3,4,0,0,0,0,0,0,0,0,1,0,2,0,4,3,0,0,0,0,0,0,0,0,1,0,0,0,1,4,0,0,0,0,0,0,0,0,1,0,0,0,2,11,0,0,0,0,0,0,0,0,0,0,0,0,福岡
3852,澤大介,サワ ダイスケ,三重,B1,S,470830,1,52,160,52,A,5.24,35.5,19,29,135,2,0,0.17,22,68.1,0.16,3.5,28,35.7,0.16,3.1,18,33.3,0.17,3.3,20,55.0,0.17,3.1,26,19.2,0.17,3.3,21,4.7,0.16,3.6,B1,A2,A2,48.0,49.0,2025,2,2024-11-01,2025-04-30,79,10,5,2,1,2,2,0,0,0,0,0,0,0,0,3,7,4,6,6,2,0,0,0,0,0,0,0,0,1,5,6,1,4,1,0,0,0,0,0,0,0,0,4,7,3,1,3,1,0,0,0,0,0,1,1,0,1,4,4,6,6,5,0,0,0,0,0,0,0,0,0,1,1,8,5,6,0,0,0,0,0,0,0,0,0,0,0,0,三重
3853,岩崎正哉,イワサキ マサヤ,福岡,A2,S,470906,1,52,171,60,A,5.8,39.2,26,25,130,3,0,0.18,28,85.7,0.17,3.4,20,45.0,0.17,3.7,20,35.0,0.2,3.5,24,33.3,0.17,3.7,17,5.8,0.22,4.4,21,9.5,0.2,4.4,A2,A2,A2,51.0,52.0,2025,2,2024-11-01,2025-04-30,79,19,5,2,0,1,1,0,0,0,0,0,0,0,0,3,6,3,5,3,0,0,0,0,0,0,0,0,0,1,6,3,5,4,1,0,0,0,0,0,0,0,0,3,5,6,5,4,1,0,0,0,0,0,0,0,0,0,1,6,3,4,3,0,0,0,0,0,0,0,0,0,2,2,7,8,2,0,0,0,0,0,0,0,0,0,0,2,0,福岡
3854,吉川元浩,ヨシカワ モトヒロ,兵庫,A1,S,470907,1,52,163,51,O,6.73,41.4,24,29,128,3,1,0.14,28,75.0,0.15,2.7,21,61.9,0.13,3.0,24,33.3,0.12,2.5,18,22.2,0.13,2.9,24,25.0,0.15,2.9,13,7.6,0.14,3.2,A1,A1,A1,68.0,71.0,2025,2,2024-11-01,2025-04-30,79,17,4,4,1,0,1,1,0,0,0,0,0,0,0,3,10,3,1,3,1,0,0,0,0,0,0,0,0,3,5,5,6,2,2,0,0,0,0,0,0,1,0,1,3,2,5,2,5,0,0,0,0,0,0,0,0,0,6,3,6,5,4,0,0,0,0,0,0,0,0,0,1,5,5,2,0,0,0,0,0,0,0,0,0,0,0,0,0,兵庫
3855,大熊辰弥,オオクマ タツヤ,香川,B2,S,471004,1,52,170,54,A,3.49,13.0,3,6,69,0,0,0.22,8,37.5,0.15,3.0,11,18.1,0.23,4.0,15,20.0,0.2,3.8,14,7.1,0.21,3.9,13,0.0,0.25,4.8,7,0.0,0.27,5.7,B1,B1,B1,44.0,42.0,2025,2,2024-11-01,2025-04-30,79,2,1,1,0,2,1,1,0,0,0,0,0,0,0,0,2,4,1,4,0,0,0,0,0,0,0,0,0,0,3,3,5,3,1,0,0,0,0,0,0,0,0,1,0,0,3,5,4,0,0,0,0,0,0,1,0,0,0,1,1,5,5,0,0,0,0,0,0,1,0,0,0,1,2,2,2,0,0,0,0,0,0,0,0,0,0,0,1,香川
3857,阿波勝哉,アワ カツヤ,東京,B2,S,480418,1,52,165,56,AB,4.59,30.0,13,8,70,0,0,0.19,0,0.0,0.0,0.0,0,0.0,0.0,0.0,0,0.0,0.0,0.0,0,0.0,0.0,0.0,14,64.2,0.21,3.7,56,21.4,0.18,3.8,B1,B1,B1,45.0,45.0,2025,2,2024-11-01,2025-04-30,79,0,0,0,0,0,0,0,0,0,0,0,0,0,0,0,0,0,0,0,0,0,0,0,0,0,0,0,0,0,0,0,0,0,0,0,0,0,0,0,0,0,0,0,0,0,0,0,0,0,0,0,0,0,0,0,0,5,4,0,4,0,1,0,0,0,0,0,0,0,0,8,4,9,5,9,18,3,0,0,0,0,1,0,0,0,0,0,0,東京
3859,多羅尾達之,タラオ タツユキ,東京,B2,S,480604,1,52,164,53,O,3.9,20.4,4,6,49,0,0,0.15,9,55.5,0.13,3.2,8,0.0,0.17,2.8,10,20.0,0.15,2.9,7,14.2,0.16,3.7,8,12.5,0.16,2.0,7,14.2,0.12,2.6,B1,B1,B1,44.0,43.0,2025,2,2024-11-01,2025-04-30,79,4,1,0,2,0,2,0,0,0,0,0,0,0,0,0,0,2,2,2,2,0,0,0,0,0,0,0,0,0,2,1,1,1,4,1,0,0,0,0,0,0,0,0,1,1,1,2,1,1,0,0,0,0,0,0,0,0,1,2,3,1,0,0,0,0,0,0,0,0,1,0,1,0,1,1,4,0,0,0,0,0,0,0,0,0,0,0,0,神奈川
3860,松本浩貴,マツモト ヒロキ,埼玉,B1,S,480611,1,52,168,52,A,4.16,20.0,4,15,95,0,0,0.19,14,35.7,0.16,3.6,17,29.4,0.18,3.6,16,18.7,0.18,3.8,16,6.2,0.2,4.3,21,23.8,0.2,4.2,11,0.0,0.24,4.9,B1,B1,B1,48.0,46.0,2025,2,2024-11-01,2025-04-30,79,2,3,2,3,2,2,0,0,0,0,0,0,0,0,1,4,5,3,3,1,0,0,0,0,0,0,0,0,1,2,2,4,4,3,0,0,0,0,0,0,0,0,0,1,4,3,5,3,0,0,0,0,0,0,0,0,0,5,3,3,6,4,0,0,0,0,0,0,0,0,0,0,1,0,6,4,0,0,0,0,0,1,0,0,0,0,1,0,埼玉
3863,海老澤泰行,エビサワ ヤスユキ,東京,B1,S,490420,1,51,166,59,AB,5.07,30.5,13,20,108,0,0,0.16,20,65.0,0.13,2.4,20,40.0,0.15,3.4,17,17.6,0.19,3.4,19,31.5,0.15,2.7,16,12.5,0.19,3.3,16,6.2,0.2,3.7,B1,A2,B1,44.0,49.0,2025,2,2024-11-01,2025-04-30,79,8,5,3,1,2,1,0,0,0,0,0,0,0,0,2,6,5,5,2,0,0,0,0,0,0,0,0,0,2,1,4,4,4,2,0,0,0,0,0,0,0,0,1,5,2,5,2,4,0,0,0,0,0,0,0,0,0,2,4,5,2,3,0,0,0,0,0,0,0,0,0,1,1,3,7,4,0,0,0,0,0,0,0,0,0,0,0,0,東京
3866,木山誠一,キヤマ セイイチ,岡山,B1,S,500326,1,50,154,58,O,4.45,26.7,8,7,56,0,0,0.15,8,62.5,0.12,2.3,10,30.0,0.12,2.0,10,40.0,0.15,2.4,5,40.0,0.13,2.6,10,10.0,0.13,2.4,13,0.0,0.2,4.0,B2,B2,B2,44.0,46.0,2025,2,2024-11-01,2025-04-30,79,3,2,1,0,0,2,0,0,0,0,0,0,0,0,2,1,2,2,2,1,0,0,0,0,0,0,0,0,2,2,2,2,0,2,0,0,0,0,0,0,0,0,0,2,0,1,1,1,0,0,0,0,0,0,0,0,1,0,0,4,5,0,0,0,0,0,0,0,0,0,0,0,0,2,6,5,0,0,0,0,0,0,0,0,0,0,0,0,岡山
3867,松浦勝,マツウラ マサル,愛知,B1,S,500519,1,50,164,57,A,3.47,14.2,6,5,77,0,0,0.17,13,30.7,0.16,3.5,14,28.5,0.14,2.6,12,8.3,0.18,3.3,11,9.0,0.17,3.1,15,0.0,0.17,4.2,12,8.3,0.22,4.4,B1,B1,B1,44.0,43.0,2025,2,2024-11-01,2025-04-30,79,3,1,2,3,1,3,0,0,0,0,0,0,0,0,2,2,0,3,5,2,0,0,0,0,0,0,0,0,0,1,3,2,3,3,0,0,0,0,0,0,0,0,0,1,2,1,2,5,0,0,0,0,0,0,0,0,0,0,1,3,6,5,0,0,0,0,0,0,0,0,1,0,1,0,3,7,0,0,0,0,0,0,0,0,0,0,1,0,愛知
3868,尾形栄治,オガタ エイジ,東京,B1,S,500731,1,49,167,57,A,4.73,27.6,13,16,105,0,0,0.18,15,86.6,0.13,2.3,21,38.1,0.19,3.9,16,31.2,0.19,3.0,18,11.1,0.16,3.5,22,0.0,0.2,4.0,13,7.6,0.21,4.3,B1,B1,B1,45.0,48.0,2025,2,2024-11-01,2025-04-30,79,10,3,0,1,0,1,0,0,0,0,0,0,0,0,1,7,4,1,5,3,0,0,0,0,0,0,0,0,2,3,2,4,3,1,0,0,0,0,0,1,1,0,0,2,3,6,4,3,0,0,0,0,0,0,0,0,0,0,6,6,7,3,0,0,0,0,0,0,0,0,0,1,0,3,7,2,0,0,0,0,0,0,0,0,0,0,0,0,東京
3869,井芹大志,イセリ ダイジ,福岡,B1,S,500905,1,49,164,55,AB,3.99,19.0,9,11,105,0,0,0.17,15,73.3,0.13,2.6,18,16.6,0.18,3.3,18,11.1,0.19,3.9,18,5.5,0.17,3.7,23,13.0,0.18,3.6,13,0.0,0.16,4.1,B1,B1,B1,47.0,45.0,2025,2,2024-11-01,2025-04-30,79,7,4,0,0,2,2,0,0,0,0,0,0,0,0,1,2,2,4,2,7,0,0,0,0,0,0,0,0,0,2,3,5,3,5,0,0,0,0,0,0,0,0,0,1,2,3,3,9,0,0,0,0,0,0,0,0,1,2,4,10,4,2,0,0,0,0,0,0,0,0,0,0,1,4,4,4,0,0,0,0,0,0,0,0,0,0,0,0,熊本
3870,寺嶋雄,テラシマ ユウ,福井,B1,S,501027,1,49,170,52,AB,4.31,24.3,8,11,78,0,0,0.17,13,61.5,0.17,3.1,14,28.5,0.18,3.6,12,16.6,0.17,4.2,13,23.0,0.16,3.8,13,7.6,0.18,3.1,13,7.6,0.16,4.0,B1,B1,B1,47.0,46.0,2025,2,2024-11-01,2025-04-30,79,4,4,1,1,1,2,0,0,0,0,0,0,0,0,3,1,0,2,4,4,0,0,0,0,0,0,0,0,0,2,2,1,1,6,0,0,0,0,0,0,0,0,0,3,3,2,3,2,0,0,0,0,0,0,0,0,1,0,2,5,2,3,0,0,0,0,0,0,0,0,0,1,2,4,3,3,0,0,0,0,0,0,0,0,0,0,0,0,福井
3871,池田紫乃,イケダ シノ,長崎,B1,S,501107,2,49,152,43,AB,4.85,33.3,11,14,75,0,0,0.18,12,75.0,0.17,3.0,13,38.4,0.2,3.7,11,54.5,0.16,3.4,14,21.4,0.19,4.6,15,6.6,0.17,3.4,10,10.0,0.2,4.7,B1,B1,B1,44.0,47.0,2025,2,2024-11-01,2025-04-30,79,4,5,1,1,1,0,0,0,0,0,0,0,0,0,1,4,1,4,3,0,0,0,0,0,0,0,0,0,4,2,2,0,2,1,0,0,0,0,0,0,0,0,1,2,2,3,3,3,0,0,0,0,0,0,0,0,0,1,1,3,4,5,1,0,0,0,0,0,0,0,1,0,2,0,2,5,0,0,0,0,0,0,0,0,0,0,0,0,長崎
3872,岡田憲行,オカダ ノリユキ,大阪,A2,S,510319,1,49,170,54,O,5.59,33.0,18,16,103,2,0,0.21,22,59.0,0.2,4.0,18,33.3,0.21,4.8,19,31.5,0.2,3.7,17,23.5,0.2,4.5,11,27.2,0.28,5.1,16,12.5,0.2,5.0,A2,A2,A2,52.0,50.0,2025,2,2024-11-01,2025-04-30,79,11,2,5,0,2,2,0,0,0,0,0,0,0,0,1,5,4,3,3,2,0,0,0,0,0,0,0,0,1,5,6,2,5,0,0,0,0,0,0,0,0,0,2,2,7,2,3,1,0,0,0,0,0,0,0,0,3,0,2,5,1,0,0,0,0,0,0,0,0,0,0,2,4,2,2,5,1,0,0,0,0,0,0,0,0,0,1,0,大阪
3873,別府昌樹,ベップ マサキ,広島,A2,S,510409,1,49,159,52,A,5.83,39.3,25,21,117,2,0,0.16,25,68.0,0.16,3.5,17,35.2,0.16,3.4,20,50.0,0.14,2.5,18,44.4,0.15,3.6,15,33.3,0.15,3.3,22,0.0,0.18,4.2,A2,A2,A2,51.0,51.0,2025,2,2024-11-01,2025-04-30,79,14,3,2,2,0,2,1,0,0,0,0,0,1,0,2,4,5,3,1,2,0,0,0,0,0,0,0,0,3,7,5,5,0,0,0,0,0,0,0,0,0,0,3,5,4,4,1,1,0,0,0,0,0,0,0,0,3,2,4,1,4,1,0,0,0,0,0,0,0,0,0,0,2,7,9,4,0,0,0,0,0,0,0,0,0,0,0,0,広島
3874,山本寛久,ヤマモト ヒロヒサ,岡山,A1,S,510602,1,49,173,53,AB,6.36,44.5,26,35,137,4,1,0.15,27,77.7,0.12,2.7,24,54.1,0.15,3.2,22,50.0,0.18,3.5,24,29.1,0.15,3.1,21,23.8,0.17,4.0,19,21.0,0.14,3.3,A1,A1,A1,57.0,62.0,2025,2,2024-11-01,2025-04-30,79,15,6,3,2,0,1,0,0,0,0,0,0,0,0,4,9,4,2,3,2,0,0,0,0,0,1,0,0,5,6,5,1,2,3,0,0,0,0,0,0,0,0,1,6,4,1,5,5,0,0,0,0,0,0,2,0,1,4,4,3,7,2,0,0,0,0,0,0,0,0,0,4,8,2,4,1,0,0,0,0,0,0,0,0,0,0,0,0,岡山
3875,廣中良一,ヒロナカ リョウイチ,山口,B1,S,511021,1,48,166,52,A,4.04,22.1,9,14,104,0,0,0.17,17,64.7,0.17,2.9,17,23.5,0.18,3.8,18,22.2,0.14,2.9,17,23.5,0.16,2.9,19,0.0,0.17,3.7,16,0.0,0.23,5.3,B1,B1,B1,45.0,45.0,2025,2,2024-11-01,2025-04-30,79,7,4,2,1,2,1,0,0,0,0,0,0,0,0,0,4,1,3,7,2,0,0,0,0,0,0,0,0,1,3,4,5,3,2,0,0,0,0,0,0,0,0,1,3,1,4,5,3,0,0,0,0,0,0,0,0,0,0,4,3,3,9,0,0,0,0,0,0,0,0,0,0,0,2,3,11,0,0,0,0,0,0,0,0,0,0,0,0,山口
3876,中辻崇人,ナカツジ タカヒト,福岡,A2,S,520221,1,48,158,52,O,8.29,75.3,35,20,73,5,3,0.16,22,100.0,0.14,3.2,10,30.0,0.15,3.7,12,75.0,0.17,2.9,9,77.7,0.17,2.2,9,77.7,0.18,3.9,11,63.6,0.16,2.4,A1,A1,A1,56.0,60.0,2025,2,2024-11-01,2025-04-30,79,19,3,0,0,0,0,0,0,0,0,0,0,0,0,1,2,4,3,0,0,0,0,0,0,0,0,0,0,6,3,1,2,0,0,0,0,0,0,0,0,0,0,5,2,0,0,2,0,0,0,0,0,0,0,0,0,2,5,2,0,0,0,0,0,0,0,0,0,0,0,2,5,2,1,0,0,1,0,0,0,0,0,0,0,0,0,0,0,福岡
3878,胡本悟志,エビスモト サトシ,山口,B1,S,520607,1,48,167,53,A,4.12,16.1,3,12,93,0,0,0.17,13,15.3,0.16,3.5,19,10.5,0.16,3.3,16,6.2,0.18,3.6,14,50.0,0.15,2.7,17,17.6,0.17,3.2,14,0.0,0.19,4.5,B1,B1,B1,45.0,47.0,2025,2,2024-11-01,2025-04-30,79,0,2,2,5,4,0,0,0,0,0,0,0,0,0,1,1,5,6,5,1,0,0,0,0,0,0,0,0,0,1,4,4,4,3,0,0,0,0,0,0,0,0,1,6,2,1,2,2,0,0,0,0,0,0,0,0,1,2,2,5,3,4,0,0,0,0,0,0,0,0,0,0,0,6,5,3,0,0,0,0,0,0,0,0,0,0,0,0,山口
3880,浅見宗孝,アサミ ムネノリ,埼玉,B1,S,480105,1,52,169,59,AB,4.68,24.7,7,17,97,0,0,0.2,15,46.6,0.16,3.4,18,38.8,0.21,4.7,17,29.4,0.17,3.7,17,17.6,0.21,3.5,17,11.7,0.21,4.4,13,0.0,0.21,4.7,B1,B1,B1,49.0,48.0,2025,2,2024-11-01,2025-04-30,80,4,3,1,3,1,1,1,0,0,0,0,0,1,0,0,7,4,3,4,0,0,0,0,0,0,0,0,0,3,2,6,3,1,2,0,0,0,0,0,0,0,0,0,3,3,6,3,2,0,0,0,0,0,0,0,0,0,2,2,3,6,4,0,0,0,0,0,0,0,0,0,0,2,5,3,3,0,0,0,0,0,0,0,0,0,0,0,0,埼玉
3882,新田智彰,ニッタ トモアキ,大阪,B1,S,480627,1,52,165,56,O,5.38,36.4,27,28,151,2,0,0.17,29,72.4,0.13,2.6,20,40.0,0.18,3.7,31,45.1,0.18,3.2,30,30.0,0.16,3.0,17,11.7,0.19,3.9,24,4.1,0.18,4.6,A2,B1,B1,50.0,50.0,2025,2,2024-11-01,2025-04-30,80,18,3,2,3,2,1,0,0,0,0,0,0,0,0,1,7,4,4,3,1,0,0,0,0,0,0,0,0,5,9,6,3,7,1,0,0,0,0,0,0,0,0,2,7,10,2,4,5,0,0,0,0,0,0,0,0,1,1,3,4,5,3,0,0,0,0,0,0,0,0,0,1,2,2,8,11,0,0,0,0,0,0,0,0,0,0,0,0,大阪
3885,久田武,ヒサダ タケシ,愛知,A2,S,490111,1,51,165,54,A,5.78,41.5,25,22,113,2,0,0.17,22,81.8,0.15,2.8,20,40.0,0.15,3.0,17,41.1,0.15,2.6,21,33.3,0.2,2.9,23,30.4,0.15,3.0,10,0.0,0.24,4.4,A2,B1,A2,51.0,50.0,2025,2,2024-11-01,2025-04-30,80,16,2,0,1,2,1,0,0,0,0,0,0,0,0,1,7,6,2,2,2,0,0,0,0,0,0,0,0,3,4,3,1,5,1,0,0,0,0,0,1,0,0,4,3,6,2,3,2,1,0,0,0,0,0,0,0,1,6,4,4,5,3,0,0,0,0,0,0,0,0,0,0,1,3,4,2,0,0,0,0,0,0,0,0,0,0,1,0,愛知
3888,山本英志,ヤマモト エイシ,東京,B1,S,500301,1,50,158,51,O,5.16,33.3,18,22,120,0,0,0.16,20,80.0,0.15,2.7,21,61.9,0.14,2.6,21,19.0,0.17,3.7,18,16.6,0.17,3.3,25,8.0,0.14,3.5,15,13.3,0.18,4.1,A2,A2,A2,52.0,48.0,2025,2,2024-11-01,2025-04-30,80,8,8,3,0,1,0,0,0,0,0,0,0,0,0,7,6,3,2,0,3,0,0,0,0,0,0,0,0,0,4,6,1,6,4,0,0,0,0,0,0,0,0,1,2,6,4,3,2,0,0,0,0,0,0,0,0,1,1,3,4,9,5,1,0,0,0,0,0,1,0,1,1,2,5,3,3,0,0,0,0,0,0,0,0,0,0,0,0,広島
3889,須藤隆雄,ストウ タカオ,群馬,B1,S,500314,1,50,168,57,AB,3.64,17.6,6,9,85,0,0,0.2,13,38.4,0.18,3.5,13,30.7,0.23,4.2,15,6.6,0.2,4.5,15,20.0,0.2,4.1,12,8.3,0.18,4.2,17,5.8,0.23,4.8,B1,B1,B1,48.0,43.0,2025,2,2024-11-01,2025-04-30,80,4,1,2,1,3,2,0,0,0,0,0,0,0,0,2,2,1,3,2,3,0,0,0,0,0,0,0,0,0,1,1,3,2,6,1,0,0,0,0,0,1,0,0,3,1,6,3,2,0,0,0,0,0,0,0,0,0,1,2,3,2,4,0,0,0,0,0,0,0,0,0,1,1,1,6,8,0,0,0,0,0,0,0,0,0,0,0,0,栃木
3891,谷口健一,タニグチ ケンイチ,福井,B1,S,501103,1,49,164,54,O,4.0,15.3,9,6,98,0,0,0.18,16,50.0,0.16,3.1,15,13.3,0.18,4.1,18,16.6,0.17,3.9,19,5.2,0.2,3.8,20,5.0,0.17,3.5,10,0.0,0.16,3.1,B1,B1,B1,45.0,45.0,2025,2,2024-11-01,2025-04-30,80,6,2,3,3,1,1,0,0,0,0,0,0,0,0,2,0,0,4,4,4,0,0,0,0,0,0,1,0,0,3,6,2,3,4,0,0,0,0,0,0,0,0,1,0,3,6,7,2,0,0,0,0,0,0,0,0,0,1,4,4,7,4,0,0,0,0,0,0,0,0,0,0,1,2,2,5,0,0,0,0,0,0,0,0,0,0,0,0,福井
3892,草場康幸,クサバ ヤスユキ,佐賀,B1,S,510121,1,49,163,53,A,5.35,33.0,15,20,106,1,0,0.17,16,81.2,0.14,2.5,17,47.0,0.17,2.9,20,40.0,0.18,3.2,21,9.5,0.18,3.4,21,19.0,0.16,3.6,11,0.0,0.19,4.7,B1,B1,A2,52.0,50.0,2025,2,2024-11-01,2025-04-30,80,9,4,1,0,2,0,0,0,0,0,0,1,0,0,2,6,3,4,2,0,0,0,0,0,0,0,0,0,2,6,3,6,2,1,0,0,0,0,0,0,0,0,1,1,8,8,1,2,0,0,0,0,0,0,0,0,1,3,3,5,4,5,0,0,0,0,0,0,0,0,0,0,1,2,3,5,0,0,0,0,0,0,0,0,0,0,0,0,佐賀
3893,汐崎正則,シオザキ マサノリ,愛知,B1,S,510412,1,49,170,54,AB,4.5,20.8,5,10,72,0,0,0.18,10,40.0,0.2,2.7,13,46.1,0.19,3.7,12,33.3,0.15,2.9,15,6.6,0.19,3.2,14,0.0,0.17,3.1,8,0.0,0.17,3.5,B1,B2,B1,48.0,47.0,2025,2,2024-11-01,2025-04-30,80,2,2,1,1,2,2,0,0,0,0,0,0,0,0,2,4,1,3,2,1,0,0,0,0,0,0,0,0,1,3,3,2,3,0,0,0,0,0,0,0,0,0,0,1,5,4,0,4,1,0,0,0,0,0,0,0,0,0,3,5,1,5,0,0,0,0,0,0,0,0,0,0,2,3,1,2,0,0,0,0,0,0,0,0,0,0,0,0,愛知
3895,堀本裕也,ホリモト ユウヤ,愛知,B2,S,510720,1,48,161,46,O,3.85,18.7,2,7,48,0,0,0.18,8,25.0,0.15,2.8,8,25.0,0.23,3.6,7,14.2,0.18,3.1,5,40.0,0.16,2.8,12,16.6,0.19,3.1,8,0.0,0.19,3.4,B1,B1,B1,44.0,44.0,2025,2,2024-11-01,2025-04-30,80,1,1,2,1,2,1,0,0,0,0,0,0,0,0,1,1,2,2,0,2,0,0,0,0,0,0,0,0,0,1,2,2,1,1,0,0,0,0,0,0,0,0,0,2,1,0,2,0,0,0,0,0,0,0,0,0,0,2,1,3,1,5,0,0,0,0,0,0,0,0,0,0,0,0,0,8,0,0,0,0,0,0,0,0,0,0,1,0,愛知
3896,上田洋平,ウエダ ヨウヘイ,滋賀,B1,S,510802,1,48,165,52,A,5.13,28.0,15,15,107,0,0,0.17,19,78.9,0.17,2.9,15,26.6,0.14,3.1,17,29.4,0.16,2.8,21,19.0,0.16,3.3,16,6.2,0.15,3.6,19,5.2,0.21,5.1,B1,A2,B1,50.0,49.0,2025,2,2024-11-01,2025-04-30,80,11,4,2,1,0,1,0,0,0,0,0,0,0,0,2,2,6,4,1,0,0,0,0,0,0,1,0,0,0,5,3,5,4,0,0,0,0,0,0,0,0,0,0,4,3,6,4,4,0,0,0,0,0,0,0,0,1,0,6,4,4,1,0,0,0,0,0,0,0,0,1,0,1,6,7,3,0,0,0,0,0,0,1,0,0,0,0,0,滋賀
3897,白井英治,シライ エイジ,山口,A1,S,511015,1,48,173,55,O,7.47,54.2,38,26,118,4,1,0.15,31,87.1,0.15,3.1,20,55.0,0.17,3.7,20,60.0,0.14,3.7,20,45.0,0.15,3.3,17,23.5,0.15,3.3,10,10.0,0.14,4.1,A1,A1,A1,68.0,64.0,2025,2,2024-11-01,2025-04-30,80,22,5,2,0,0,1,0,0,0,0,0,0,0,1,5,6,5,4,0,0,0,0,0,0,0,0,0,0,4,8,5,1,0,2,0,0,0,0,0,0,0,0,4,5,4,6,0,1,0,0,0,0,0,1,0,0,3,1,6,3,2,1,1,0,0,0,0,0,0,0,0,1,3,4,0,2,0,0,0,0,0,0,0,0,0,0,0,0,山口
3898,平田忠則,ヒラタ タダノリ,福岡,A1,S,511113,1,48,166,54,A,7.3,57.2,48,27,131,9,2,0.14,32,87.5,0.13,2.2,14,50.0,0.15,3.2,22,63.6,0.12,2.4,24,54.1,0.12,2.3,18,38.8,0.14,2.4,21,28.5,0.17,3.4,A1,A1,A1,56.0,58.0,2025,2,2024-11-01,2025-04-30,80,25,3,1,2,0,1,0,0,0,0,0,0,0,0,3,4,1,1,4,1,0,0,0,0,0,0,0,0,5,9,4,2,1,1,0,0,0,0,0,0,0,0,8,5,9,1,1,0,0,0,0,0,0,0,0,0,4,3,3,6,2,0,0,0,0,0,0,0,0,0,3,3,4,6,3,2,0,0,0,0,0,0,0,0,0,0,0,0,福岡
3900,香川素子,カガワ モトコ,滋賀,A2,S,520108,2,48,156,48,AB,5.84,35.2,17,19,102,2,1,0.18,17,76.4,0.18,3.4,17,29.4,0.19,3.7,15,40.0,0.2,4.1,15,33.3,0.17,3.1,22,22.7,0.16,2.8,16,12.5,0.19,3.8,A2,A1,A1,52.0,53.0,2025,2,2024-11-01,2025-04-30,80,10,3,3,0,1,0,0,0,0,0,0,0,0,0,1,4,3,6,2,1,0,0,0,0,0,0,0,0,1,5,4,1,3,1,0,0,0,0,0,0,0,0,2,3,5,4,0,1,0,0,0,0,0,0,0,0,3,2,7,5,4,1,0,0,0,0,0,0,0,0,0,2,3,4,3,2,2,0,0,0,0,0,0,0,0,0,0,0,大阪
3901,松田憲幸,マツダ ノリユキ,山口,B1,S,520503,1,48,164,52,O,4.42,25.2,14,12,103,0,0,0.21,14,92.8,0.16,2.6,20,5.0,0.21,4.7,16,31.2,0.2,3.8,15,13.3,0.2,4.0,19,21.0,0.23,4.5,18,5.5,0.25,5.5,B1,B1,B1,47.0,45.0,2025,2,2024-11-01,2025-04-30,80,11,2,0,0,1,0,0,0,0,0,0,0,0,0,0,1,3,3,6,6,1,0,0,0,0,0,0,0,2,3,4,2,2,3,0,0,0,0,0,0,0,0,1,1,5,2,4,2,0,0,0,0,0,0,0,0,0,4,3,4,5,3,0,0,0,0,0,0,0,0,0,1,1,3,4,9,0,0,0,0,0,0,0,0,0,0,0,1,山口
3902,蜷川哲平,ニナガワ テッペイ,東京,B2,S,520529,1,48,162,56,O,0.0,0.0,0,0,0,0,0,0.0,0,0.0,0.0,0.0,0,0.0,0.0,0.0,0,0.0,0.0,0.0,0,0.0,0.0,0.0,0,0.0,0.0,0.0,0,0.0,0.0,0.0,B2,A2,A2,52.0,0.0,2025,2,2024-11-01,2025-04-30,80,0,0,0,0,0,0,0,0,0,0,0,0,0,0,0,0,0,0,0,0,0,0,0,0,0,0,0,0,0,0,0,0,0,0,0,0,0,0,0,0,0,0,0,0,0,0,0,0,0,0,0,0,0,0,0,0,0,0,0,0,0,0,0,0,0,0,0,0,0,0,0,0,0,0,0,0,0,0,0,0,0,0,0,0,0,0,0,0,東京
3904,森貴洋,モリ タカヒロ,大阪,B1,S,520621,1,48,166,57,A,5.45,35.7,20,24,123,1,0,0.17,23,73.9,0.15,2.4,20,50.0,0.16,3.5,20,30.0,0.18,3.3,18,27.7,0.18,3.6,24,12.5,0.17,3.8,18,16.6,0.19,4.1,A2,A2,A1,52.0,50.0,2025,2,2024-11-01,2025-04-30,80,12,5,3,2,0,0,1,0,0,0,0,0,0,0,3,7,4,3,2,1,0,0,0,0,0,0,0,0,4,2,7,1,4,2,0,0,0,0,0,0,0,0,1,4,1,4,6,2,0,0,0,0,0,1,0,0,0,3,6,4,5,6,0,0,0,0,0,0,0,0,0,3,3,5,5,2,0,0,0,0,0,0,0,0,0,0,0,0,大阪
3905,天野友和,アマノ トモカズ,愛知,A2,S,520915,1,47,172,54,A,6.54,42.1,16,16,76,0,0,0.16,16,87.5,0.16,3.0,11,45.4,0.14,3.2,14,50.0,0.15,2.6,11,9.0,0.16,3.4,10,10.0,0.14,2.4,14,28.5,0.18,3.7,A2,A2,A2,52.0,54.0,2025,2,2024-11-01,2025-04-30,80,11,3,2,0,0,0,0,0,0,0,0,0,0,0,1,4,4,1,1,0,0,0,0,0,0,0,0,0,4,3,5,1,1,0,0,0,0,0,0,0,0,0,0,1,8,1,1,0,0,0,0,0,0,0,0,0,0,1,3,4,2,0,0,0,0,0,0,1,0,0,0,4,3,4,2,1,0,0,0,0,0,0,0,0,0,0,1,0,愛知
3906,飯山晃三,イイヤマ コウゾウ,長崎,B1,S,521102,1,47,166,64,O,4.22,23.3,10,19,124,0,0,0.19,16,62.5,0.15,2.9,21,19.0,0.18,4.2,23,34.7,0.17,3.5,19,21.0,0.2,4.5,29,10.3,0.19,4.5,16,0.0,0.27,5.0,B1,B1,B1,43.0,45.0,2025,2,2024-11-01,2025-04-30,80,5,5,2,0,0,3,0,0,1,0,0,0,0,0,1,3,6,1,5,5,0,0,0,0,0,0,0,0,4,4,6,3,2,4,0,0,0,0,0,0,0,0,0,4,3,2,4,6,0,0,0,0,0,0,0,0,0,3,4,7,8,7,0,0,0,0,0,0,0,0,0,0,1,2,3,10,0,0,0,0,0,0,0,0,0,0,0,0,長崎
3907,村越篤,ムラコシ アツシ,香川,B1,S,530212,1,47,167,55,O,5.14,32.5,21,21,129,1,0,0.17,25,80.0,0.18,3.4,22,31.8,0.15,3.1,19,21.0,0.17,3.0,22,22.7,0.17,3.0,25,24.0,0.16,3.5,16,0.0,0.2,4.8,A2,A2,A2,50.0,50.0,2025,2,2024-11-01,2025-04-30,80,15,5,1,2,2,0,0,0,0,0,0,0,0,0,1,6,3,6,2,4,0,0,0,0,0,0,0,0,0,4,4,3,4,4,0,0,0,0,0,1,0,0,3,2,9,2,1,5,0,0,0,0,0,0,0,0,2,4,5,3,6,5,0,0,0,0,0,1,0,0,0,0,1,3,2,10,0,0,0,0,0,0,0,0,0,0,0,0,愛媛
3908,重成一人,シゲナリ カズヒト,香川,A1,S,530912,1,46,168,56,A,6.76,51.9,37,44,156,6,0,0.14,33,81.8,0.14,3.0,28,46.4,0.15,3.3,27,62.9,0.12,2.7,17,41.1,0.14,2.6,24,37.5,0.15,3.2,27,29.6,0.15,3.1,A1,A1,A1,61.0,63.0,2025,2,2024-11-01,2025-04-30,80,20,7,2,1,2,1,0,0,0,0,0,0,0,0,3,10,4,3,4,4,0,0,0,0,0,0,0,0,6,11,3,4,2,1,0,0,0,0,0,0,0,0,2,5,3,2,3,2,0,0,0,0,0,0,0,0,4,5,6,3,5,1,0,0,0,0,0,0,0,0,2,6,5,5,5,4,0,0,0,0,0,0,0,0,0,0,0,0,香川
3909,佐々木康幸,ササキ ヤスユキ,静岡,A2,S,480815,1,51,167,57,O,6.11,43.7,34,25,135,3,0,0.11,28,82.1,0.1,2.2,22,45.4,0.12,2.7,29,37.9,0.11,2.2,20,25.0,0.11,2.3,23,43.4,0.11,2.0,13,0.0,0.14,3.0,A1,A1,A1,53.0,61.0,2025,2,2024-11-01,2025-04-30,81,18,5,0,2,3,0,0,0,0,0,0,0,0,0,3,7,2,4,3,3,0,0,0,0,0,0,0,0,7,4,7,2,4,5,0,0,0,0,0,0,0,0,4,1,4,2,3,6,0,0,0,0,0,0,0,0,2,8,0,5,5,3,0,0,0,0,0,0,0,0,0,0,1,5,2,5,0,0,0,0,0,0,0,0,0,0,0,0,静岡
3910,松下知幸,マツシタ トモユキ,香川,B1,S,481010,1,51,163,52,A,4.46,24.1,12,16,116,0,0,0.17,15,46.6,0.15,2.9,20,30.0,0.14,3.5,21,38.1,0.13,2.2,26,11.5,0.17,3.2,19,15.7,0.2,3.7,15,6.6,0.23,4.5,B1,B1,B1,48.0,47.0,2025,2,2024-11-01,2025-04-30,81,5,2,2,3,2,1,0,0,0,0,0,0,0,0,2,4,6,3,3,2,0,0,0,0,0,0,0,0,3,5,5,2,2,4,0,0,0,0,0,0,0,0,0,3,3,6,9,4,0,0,0,0,0,0,1,0,1,2,2,4,7,3,0,0,0,0,0,0,0,0,1,0,0,3,7,3,0,0,0,0,0,0,1,0,0,0,0,0,香川
3911,鈴木猛,スズキ タケシ,東京,B1,S,481130,1,51,165,53,O,4.93,27.0,18,15,122,0,0,0.17,20,70.0,0.19,3.0,21,33.3,0.18,3.4,21,23.8,0.19,3.2,18,16.6,0.15,3.7,23,8.7,0.17,3.7,19,10.5,0.17,4.3,B1,B1,B1,48.0,49.0,2025,2,2024-11-01,2025-04-30,81,10,4,2,2,2,0,0,0,0,0,0,0,0,0,4,3,3,5,3,3,0,0,0,0,0,0,0,0,2,3,5,5,5,1,0,0,0,0,0,0,0,0,1,2,3,5,5,2,0,0,0,0,0,0,0,0,0,2,6,4,7,4,0,0,0,0,0,0,0,0,1,1,2,4,10,1,0,0,0,0,0,0,0,0,0,0,0,0,東京
3912,川原正明,カワラ マサアキ,福井,A2,S,490107,1,51,168,52,B,5.54,41.8,30,21,122,1,0,0.14,23,73.9,0.15,2.6,16,50.0,0.13,1.9,25,48.0,0.11,2.3,17,41.1,0.14,2.5,22,27.2,0.13,2.3,19,5.2,0.19,3.9,A2,B1,B1,51.0,49.0,2025,2,2024-11-01,2025-04-30,81,14,3,1,2,0,3,0,0,0,0,0,0,0,0,5,3,4,2,1,0,1,0,0,0,0,0,0,0,8,4,4,3,3,3,0,0,0,0,0,0,0,0,1,6,3,0,3,4,0,0,0,0,0,0,0,0,2,4,0,4,8,4,0,0,0,0,0,0,0,0,0,1,3,3,4,8,0,0,0,0,0,0,0,0,0,0,0,0,石川
3915,繁野谷圭介,シゲノヤ ケイスケ,大阪,A2,S,490429,1,51,163,52,B,5.61,38.7,22,23,116,2,0,0.18,24,75.0,0.17,3.4,21,52.3,0.18,3.4,19,36.8,0.16,3.6,20,25.0,0.17,3.6,15,20.0,0.19,4.3,16,6.2,0.2,3.9,A2,A2,A1,52.0,51.0,2025,2,2024-11-01,2025-04-30,81,15,3,3,2,1,0,0,0,0,0,0,0,0,0,3,8,4,2,1,3,0,0,0,0,0,0,0,0,2,5,0,7,5,0,0,0,0,0,0,0,0,0,1,4,6,5,3,1,0,0,0,0,0,0,0,0,1,2,1,3,6,2,0,0,0,0,0,0,0,0,0,1,2,5,6,2,0,0,0,0,0,1,0,0,0,0,0,1,大阪
3918,深井利寿,フカイ トシヒサ,滋賀,A2,S,490808,1,50,161,52,O,5.78,31.9,18,21,122,2,1,0.16,22,81.8,0.14,2.5,17,41.1,0.19,3.4,22,27.2,0.17,3.6,21,9.5,0.16,3.8,24,12.5,0.16,3.9,16,18.7,0.18,4.5,A1,A1,A2,55.0,64.0,2025,2,2024-11-01,2025-04-30,81,14,4,0,1,2,1,0,0,0,0,0,0,0,0,2,5,2,7,0,1,0,0,0,0,0,1,0,0,1,5,5,4,7,0,0,0,0,0,0,0,0,0,1,1,5,6,5,3,0,0,0,0,0,1,0,0,0,3,5,6,5,5,0,0,0,0,0,1,0,0,0,3,1,4,4,4,0,0,0,0,0,0,0,0,0,0,0,0,滋賀
3920,正木聖賢,マサキ セイケン,広島,B1,S,491119,1,50,169,57,O,4.79,25.6,10,10,78,0,0,0.19,10,70.0,0.17,3.3,45,22.2,0.19,3.7,17,11.7,0.18,3.5,6,16.6,0.2,4.5,0,0.0,0.0,0.0,0,0.0,0.0,0.0,B1,A1,A1,50.0,48.0,2025,2,2024-11-01,2025-04-30,81,5,2,2,1,0,0,0,0,0,0,0,0,0,0,4,6,9,11,8,7,0,0,0,0,0,0,0,0,1,1,1,7,6,1,0,0,0,0,0,0,0,0,0,1,1,0,0,4,0,0,0,0,0,0,0,0,0,0,0,0,0,0,0,0,0,0,0,0,0,0,0,0,0,0,0,0,0,0,0,0,0,0,0,0,0,0,0,0,広島
3921,川村正輝,カワムラ マサキ,福井,B1,S,500103,1,50,159,52,A,4.23,20.0,7,8,75,0,0,0.21,12,33.3,0.17,3.3,11,18.1,0.19,4.6,15,26.6,0.22,4.4,13,23.0,0.24,5.5,10,20.0,0.2,4.7,14,0.0,0.22,4.5,B1,B1,B1,49.0,46.0,2025,2,2024-11-01,2025-04-30,81,4,0,4,2,2,0,0,0,0,0,0,0,0,0,1,1,1,3,1,4,0,0,0,0,0,0,0,0,2,2,3,3,2,1,2,0,0,0,0,0,0,0,0,3,1,4,3,2,0,0,0,0,0,0,0,0,0,2,1,3,3,1,0,0,0,0,0,0,0,0,0,0,1,3,5,5,0,0,0,0,0,0,0,0,0,0,0,0,福井
3922,菅沼佳昭,スガヌマ ヨシアキ,愛知,B1,S,500617,1,50,163,52,O,3.65,15.7,7,10,108,0,0,0.18,14,57.1,0.16,2.4,22,13.6,0.19,3.8,22,13.6,0.18,3.0,21,4.7,0.19,3.7,20,5.0,0.17,3.6,9,11.1,0.23,5.1,B1,B1,B1,46.0,44.0,2025,2,2024-11-01,2025-04-30,81,4,4,0,3,2,1,0,0,0,0,0,0,0,0,0,3,5,3,7,4,0,0,0,0,0,0,0,0,3,0,2,3,6,7,0,0,0,0,0,0,1,0,0,1,5,4,7,4,0,0,0,0,0,0,0,0,0,1,0,6,10,2,0,0,0,0,0,1,1,0,0,1,0,1,3,4,0,0,0,0,0,0,0,0,0,0,0,0,愛知
3928,林恵祐,ハヤシ ケイスケ,福岡,B1,S,501012,1,49,169,63,O,4.28,20.6,14,5,92,0,0,0.18,13,53.8,0.17,3.2,18,33.3,0.19,4.2,20,20.0,0.16,3.2,13,7.6,0.16,3.6,16,6.2,0.21,4.3,12,0.0,0.23,4.9,B1,B1,B1,45.0,46.0,2025,2,2024-11-01,2025-04-30,81,7,0,2,1,2,1,0,0,0,0,0,0,0,0,2,4,0,7,2,2,1,0,0,0,0,0,0,0,3,1,3,6,5,2,0,0,0,0,0,0,0,0,1,0,3,2,3,4,0,0,0,0,0,0,0,0,1,0,3,4,5,3,0,0,0,0,0,0,0,0,0,0,0,2,4,6,0,0,0,0,0,0,0,0,0,0,0,0,福岡
3929,杢野誓良,モクノ チカヨシ,愛知,B1,S,501012,1,49,160,51,B,5.23,31.8,11,17,88,0,0,0.15,11,90.9,0.14,2.6,15,46.6,0.18,3.4,14,21.4,0.13,3.3,18,16.6,0.15,3.1,19,26.3,0.15,3.1,11,0.0,0.15,3.5,B1,B1,B1,48.0,49.0,2025,2,2024-11-01,2025-04-30,81,4,6,1,0,0,0,0,0,0,0,0,0,0,0,4,3,3,3,2,0,0,0,0,0,0,1,0,0,1,2,5,2,2,2,0,0,0,0,0,0,0,0,1,2,4,9,2,0,0,0,0,0,0,0,0,0,1,4,3,4,3,3,1,0,0,0,0,0,0,0,0,0,2,0,3,5,0,0,0,0,0,0,0,1,0,0,0,0,愛知
3930,岸本隆,キシモト タカシ,岡山,A2,S,510214,1,49,168,58,A,5.6,42.1,19,21,95,3,0,0.16,13,76.9,0.14,2.5,19,52.6,0.17,3.8,17,35.2,0.16,3.2,18,50.0,0.15,3.2,20,25.0,0.18,3.3,8,0.0,0.17,4.4,B1,B1,B1,47.0,50.0,2025,2,2024-11-01,2025-04-30,81,9,1,1,1,0,1,0,0,0,0,0,0,0,0,2,8,3,1,2,2,0,0,0,0,0,0,1,0,1,5,6,0,4,1,0,0,0,0,0,0,0,0,6,3,1,3,3,2,0,0,0,0,0,0,0,0,1,4,2,2,8,3,0,0,0,0,0,0,0,0,0,0,0,3,3,2,0,0,0,0,0,0,0,0,0,0,0,0,岡山
3931,黒崎竜也,クロサキ タツヤ,三重,B2,S,510611,1,49,156,50,AB,5.36,36.2,11,10,58,2,0,0.18,8,87.5,0.13,2.4,8,62.5,0.17,2.9,6,66.6,0.14,2.2,7,28.5,0.17,2.6,7,28.5,0.23,4.1,22,4.5,0.22,4.2,A2,A2,A1,49.0,48.0,2025,2,2024-11-01,2025-04-30,81,7,0,0,1,0,0,0,0,0,0,0,0,0,0,1,4,2,0,1,0,0,0,0,0,0,0,0,0,1,3,2,0,0,0,0,0,0,0,0,0,0,0,1,1,3,1,0,0,0,0,0,0,0,0,1,0,1,1,1,0,3,1,0,0,0,0,0,1,0,0,0,1,1,8,5,5,2,0,0,0,0,0,0,0,0,0,0,0,三重
3932,池田浩美,イケダ ヒロミ,静岡,B1,S,510613,2,49,161,52,A,4.89,35.5,17,20,104,0,0,0.18,15,86.6,0.14,1.7,20,60.0,0.14,3.0,19,21.0,0.18,3.5,18,16.6,0.19,2.8,22,22.7,0.19,4.0,10,0.0,0.27,4.4,B1,B1,A2,49.0,47.0,2025,2,2024-11-01,2025-04-30,81,8,5,1,1,0,0,0,0,0,0,0,0,0,0,5,7,3,0,2,3,0,0,0,0,0,0,0,0,1,3,3,6,2,4,0,0,0,0,0,0,0,0,2,1,1,2,5,7,0,0,0,0,0,0,0,0,1,4,2,2,8,5,0,0,0,0,0,0,0,0,0,0,1,1,4,4,0,0,0,0,0,0,0,0,0,0,0,0,静岡
3933,山地正樹,ヤマジ マサキ,岡山,B1,S,510624,1,49,164,57,AB,4.97,30.1,10,25,116,0,0,0.17,19,57.8,0.18,3.4,44,25.0,0.18,3.8,37,27.0,0.16,3.8,15,20.0,0.17,3.7,1,0.0,0.19,5.0,0,0.0,0.0,0.0,B1,B1,A2,45.0,48.0,2025,2,2024-11-01,2025-04-30,81,4,7,5,0,0,3,0,0,0,0,0,0,0,0,3,8,9,8,7,9,0,0,0,0,0,0,0,0,2,8,11,1,8,7,0,0,0,0,0,0,0,0,1,2,4,2,3,3,0,0,0,0,0,0,0,0,0,0,0,0,0,1,0,0,0,0,0,0,0,0,0,0,0,0,0,0,0,0,0,0,0,0,0,0,0,0,0,0,岡山
3934,鋤柄貴俊,スキガラ タカトシ,愛知,B1,S,520304,1,48,168,54,O,4.69,26.7,9,26,131,0,0,0.16,23,56.5,0.15,2.7,21,42.8,0.15,3.2,24,25.0,0.14,3.3,23,21.7,0.15,2.7,20,10.0,0.17,3.5,20,0.0,0.19,4.3,B1,B1,B1,51.0,48.0,2025,2,2024-11-01,2025-04-30,81,5,8,5,4,1,0,0,0,0,0,0,0,0,0,2,7,4,1,3,3,1,0,0,0,0,0,0,0,1,5,4,6,8,0,0,0,0,0,0,1,0,0,1,4,6,2,6,4,0,0,0,0,0,0,0,0,0,2,3,8,4,3,0,0,0,0,0,0,0,0,0,0,2,1,13,4,0,0,0,0,0,0,0,0,0,0,0,0,愛知
3935,岩津徹郎,イワツ テツロウ,岡山,B1,S,520814,1,47,168,55,A,5.21,29.4,11,12,78,0,0,0.17,13,76.9,0.12,2.1,14,35.7,0.16,2.9,12,25.0,0.17,3.1,15,20.0,0.16,3.8,10,20.0,0.22,4.2,14,0.0,0.24,4.9,B1,A2,B1,47.0,50.0,2025,2,2024-11-01,2025-04-30,81,7,3,1,1,1,0,0,0,0,0,0,0,0,0,2,3,4,3,2,0,0,0,0,0,0,0,0,0,0,3,2,5,2,0,0,0,0,0,0,0,0,0,2,1,4,3,4,1,0,0,0,0,0,0,0,0,0,2,3,1,3,1,0,0,0,0,0,0,0,0,0,0,2,3,5,4,0,0,0,0,0,0,0,0,0,0,0,0,岡山
3939,渡辺真至,ワタナベ マサシ,愛知,A2,S,530116,1,47,158,55,B,6.22,42.5,22,18,94,3,0,0.15,21,85.7,0.14,2.5,12,50.0,0.17,3.8,13,23.0,0.16,2.9,16,50.0,0.17,3.7,16,31.2,0.15,3.6,16,0.0,0.16,4.3,A2,A2,A2,53.0,53.0,2025,2,2024-11-01,2025-04-30,81,14,4,2,1,0,0,0,0,0,0,0,1,0,0,2,4,3,3,0,0,0,0,0,0,0,0,0,0,1,2,2,5,1,2,0,0,0,0,0,0,0,0,3,5,6,2,0,0,0,0,0,0,0,0,0,0,2,3,4,1,5,1,0,0,0,0,0,0,0,0,0,0,3,4,8,1,0,0,0,0,0,0,0,0,0,0,0,0,愛知
3940,飯山泰,イイヤマ ヤスシ,東京,A1,S,530223,1,47,162,52,A,6.29,43.2,31,23,125,2,0,0.15,31,90.3,0.15,2.3,21,42.8,0.13,2.3,19,42.1,0.14,2.1,21,14.2,0.14,3.0,17,29.4,0.17,3.4,16,6.2,0.21,4.3,A2,A1,A1,52.0,53.0,2025,2,2024-11-01,2025-04-30,81,22,6,1,2,0,0,0,0,0,0,0,0,0,0,3,6,9,2,0,1,0,0,0,0,0,0,0,0,3,5,5,3,1,1,0,0,0,0,0,0,1,0,2,1,6,6,3,3,0,0,0,0,0,0,0,0,1,4,5,6,1,0,0,0,0,0,0,0,0,0,0,1,1,4,2,8,0,0,0,0,0,0,0,0,0,0,0,0,長野
3941,池田浩二,イケダ コウジ,愛知,A1,S,530403,1,47,170,54,O,7.91,53.4,26,28,101,9,1,0.13,22,90.9,0.13,2.5,13,46.1,0.13,3.4,20,60.0,0.11,2.3,15,53.3,0.13,2.2,20,40.0,0.14,3.3,11,0.0,0.12,3.1,A1,A1,A1,72.0,74.0,2025,2,2024-11-01,2025-04-30,81,19,1,2,0,0,0,0,0,0,0,0,0,0,0,0,6,3,2,1,0,0,0,0,0,0,0,1,0,3,9,6,1,1,0,0,0,0,0,0,0,0,0,2,6,3,3,1,0,0,0,0,0,0,0,0,0,2,6,4,3,3,1,1,0,0,0,0,0,0,0,0,0,5,3,3,0,0,0,0,0,0,0,0,0,0,0,0,0,愛知
3942,寺田祥,テラダ ショウ,山口,A1,S,530920,1,46,166,56,O,6.67,36.4,22,21,118,4,0,0.16,25,68.0,0.17,4.4,17,52.9,0.15,3.9,20,25.0,0.17,3.8,19,31.5,0.14,3.4,24,20.8,0.16,3.4,13,7.6,0.16,3.5,A1,A1,A1,68.0,72.0,2025,2,2024-11-01,2025-04-30,81,15,2,2,1,3,2,0,0,0,0,0,0,0,0,3,6,1,5,1,1,0,0,0,0,0,0,0,0,1,4,5,2,5,2,0,0,0,0,0,0,1,0,1,5,7,2,3,1,0,0,0,0,0,0,0,0,2,3,6,6,5,2,0,0,0,0,0,1,0,0,0,1,3,5,2,1,1,0,0,0,0,0,0,0,0,0,0,0,山口
3943,三松直美,ミマツ ナオミ,岡山,B2,S,531121,2,46,161,66,A,3.43,14.2,1,0,7,0,0,0.15,1,100.0,0.04,1.0,1,0.0,0.18,1.0,1,0.0,0.09,1.0,0,0.0,0.0,0.0,2,0.0,0.17,5.0,2,0.0,0.2,4.0,B2,B1,B1,41.0,42.0,2025,2,2024-11-01,2025-04-30,81,1,0,0,0,0,0,0,0,0,0,0,0,0,0,0,0,0,0,0,1,0,0,0,0,0,0,0,0,0,0,1,0,0,0,0,0,0,0,0,0,0,0,0,0,0,0,0,0,0,0,0,0,0,0,0,0,0,0,0,0,2,0,0,0,0,0,0,0,0,0,0,0,0,0,1,1,0,0,0,0,0,0,0,0,0,0,0,0,岡山
3944,山口裕二,ヤマグチ ユウジ,長崎,A1,S,540218,1,46,167,54,O,6.27,41.5,30,17,113,2,0,0.16,23,86.9,0.16,3.0,17,41.1,0.17,3.2,19,42.1,0.15,3.2,22,36.3,0.13,2.7,18,22.2,0.14,3.9,14,0.0,0.22,5.1,A2,A2,A2,52.0,53.0,2025,2,2024-11-01,2025-04-30,81,18,2,1,0,0,1,1,0,0,0,0,0,0,0,4,3,6,2,2,0,0,0,0,0,0,0,0,0,2,6,5,2,3,1,0,0,0,0,0,0,0,0,5,3,6,4,2,1,1,0,0,0,0,0,0,0,1,3,2,6,5,1,0,0,0,0,0,0,0,0,0,0,6,3,4,1,0,0,0,0,0,0,0,0,0,0,0,0,佐賀
3945,橋口真樹,ハシグチ マキ,愛知,B1,S,501206,1,49,166,53,AB,4.33,22.0,8,14,100,1,0,0.2,13,30.7,0.24,4.3,18,27.7,0.21,4.3,17,23.5,0.19,4.1,17,41.1,0.16,3.6,14,7.1,0.23,4.0,21,4.7,0.2,3.9,B1,B1,B1,48.0,46.0,2025,2,2024-11-01,2025-04-30,82,3,1,3,2,0,4,0,0,0,0,0,0,0,0,2,3,4,3,6,0,0,0,0,0,0,0,0,0,1,3,5,3,3,2,0,0,0,0,0,0,0,0,2,5,1,4,3,2,0,0,0,0,0,0,0,0,0,1,2,2,2,7,0,0,0,0,0,0,0,0,0,1,2,5,5,8,0,0,0,0,0,0,0,0,0,0,0,0,愛知
3946,赤岩善生,アカイワ ヨシオ,愛知,A1,S,510208,1,49,168,60,A,7.01,51.0,37,37,145,5,0,0.16,33,78.7,0.14,3.0,62,54.8,0.16,3.6,26,38.4,0.16,3.7,19,10.5,0.16,3.7,5,40.0,0.16,2.6,0,0.0,0.0,0.0,A1,A1,A1,61.0,62.0,2025,2,2024-11-01,2025-04-30,82,20,6,2,1,3,0,1,0,0,0,0,0,0,0,13,21,11,14,1,2,0,0,0,0,0,0,0,0,4,6,4,6,4,2,0,0,0,0,0,0,0,0,0,2,6,5,4,2,0,0,0,0,0,0,0,0,0,2,0,2,1,0,0,0,0,0,0,0,0,0,0,0,0,0,0,0,0,0,0,0,0,0,0,0,0,0,0,0,愛知
3947,寺本昇平,テラモト ショウヘイ,群馬,B1,S,510209,1,49,163,50,AB,4.57,20.1,8,13,104,0,0,0.17,16,50.0,0.17,2.9,21,28.5,0.17,4.0,14,21.4,0.15,3.6,19,15.7,0.2,4.4,19,0.0,0.17,3.8,15,6.6,0.17,3.5,B1,B2,B1,48.0,48.0,2025,2,2024-11-01,2025-04-30,82,5,3,3,1,0,4,0,0,0,0,0,0,0,0,1,5,5,4,5,1,0,0,0,0,0,1,0,0,1,2,4,2,1,4,0,0,0,0,0,0,0,0,1,2,6,6,3,1,0,0,0,0,0,0,0,0,0,0,4,7,5,3,0,0,0,0,0,0,0,0,0,1,1,5,4,4,0,0,0,0,0,0,0,0,0,0,0,0,神奈川
3948,大町利克,オオマチ トシカツ,大阪,B1,S,510228,1,49,169,54,A,4.48,20.5,14,8,107,0,0,0.2,18,61.1,0.18,2.8,20,20.0,0.2,4.6,14,21.4,0.19,3.5,19,5.2,0.23,4.3,16,18.7,0.17,3.6,20,0.0,0.24,4.8,B1,B1,B1,45.0,47.0,2025,2,2024-11-01,2025-04-30,82,9,2,2,3,0,2,0,0,0,0,0,0,0,0,2,2,7,2,5,2,0,0,0,0,0,1,0,0,3,0,3,3,2,3,0,0,0,0,0,0,0,0,0,1,3,6,4,5,0,0,0,0,0,0,0,0,0,3,3,4,3,3,0,0,0,0,0,0,0,0,0,0,4,3,3,10,0,0,0,0,0,0,0,0,0,0,1,0,長崎
3949,今出晋二,イマデ シンジ,岡山,B1,S,510408,1,49,162,57,O,3.8,13.2,4,7,83,0,0,0.17,13,30.7,0.16,3.1,13,15.3,0.18,3.6,15,20.0,0.16,3.9,16,12.5,0.15,3.1,15,0.0,0.16,3.3,11,0.0,0.18,3.6,B1,B1,B2,48.0,45.0,2025,2,2024-11-01,2025-04-30,82,2,2,3,5,0,1,0,0,0,0,0,0,0,0,0,2,2,5,2,2,0,0,0,0,0,0,0,0,1,2,1,5,4,2,0,0,0,0,0,0,0,0,1,1,1,4,3,5,1,0,0,0,0,0,0,0,0,0,6,1,4,4,0,0,0,0,0,0,0,0,0,0,1,0,5,5,0,0,0,0,0,0,0,0,0,0,0,0,岡山
3950,石川哲秀,イシカワ テッシュウ,大阪,B1,S,510504,1,49,168,56,B,4.23,23.0,3,9,52,0,0,0.15,7,57.1,0.14,2.1,8,37.5,0.14,2.1,10,30.0,0.18,3.6,10,10.0,0.16,3.2,7,0.0,0.17,3.1,10,10.0,0.14,3.5,B2,B1,B1,43.0,45.0,2025,2,2024-11-01,2025-04-30,82,2,2,0,2,0,1,0,0,0,0,0,0,0,0,0,3,1,0,2,2,0,0,0,0,0,1,0,0,0,3,3,2,0,2,0,0,0,0,0,0,0,0,1,0,4,2,2,1,0,0,0,0,0,0,0,0,0,0,0,2,2,2,0,0,0,0,0,0,1,0,0,1,0,3,0,6,0,0,0,0,0,0,0,0,0,0,0,0,大阪
3951,石川吉鎬,イシカワ ヨシタカ,大阪,A2,S,510701,1,48,163,58,A,6.12,38.8,23,31,139,2,1,0.18,28,89.2,0.16,3.4,23,56.5,0.18,3.8,23,21.7,0.18,3.7,24,29.1,0.17,3.8,21,14.2,0.22,4.5,20,5.0,0.22,4.6,A2,A2,A2,51.0,53.0,2025,2,2024-11-01,2025-04-30,82,16,9,2,0,1,0,0,0,0,0,0,0,0,0,3,10,5,1,2,2,0,0,0,0,0,1,0,0,3,2,11,4,2,1,0,0,0,0,0,0,0,0,1,6,9,3,2,2,0,0,0,0,0,0,1,0,0,3,9,6,1,2,0,0,0,0,0,0,0,0,0,1,6,7,4,2,0,0,0,0,0,0,0,0,0,0,1,0,奈良
3952,中澤和志,ナカザワ カズシ,埼玉,A1,S,510724,1,48,167,55,AB,6.9,45.6,39,18,125,4,1,0.13,23,86.9,0.12,2.2,20,45.0,0.14,3.1,21,47.6,0.14,2.7,19,36.8,0.13,2.5,25,28.0,0.14,2.5,17,23.5,0.14,3.5,A1,A1,A1,65.0,63.0,2025,2,2024-11-01,2025-04-30,82,17,3,1,1,1,0,0,0,0,0,0,0,0,0,3,6,5,4,1,1,0,0,0,0,0,0,0,0,5,5,6,1,4,0,0,0,0,0,0,0,0,0,6,1,5,4,1,2,0,0,0,0,0,0,0,0,5,2,5,6,5,2,0,0,0,0,0,0,0,0,3,1,4,5,1,3,0,0,0,0,0,0,0,0,0,0,0,0,岩手
3953,志道吉和,シドウ ヨシカズ,福岡,B1,S,510902,1,48,155,52,O,3.73,13.4,5,7,89,0,0,0.16,11,54.5,0.13,2.1,11,27.2,0.16,3.6,17,11.7,0.13,2.9,18,5.5,0.17,3.6,19,0.0,0.17,3.2,13,0.0,0.18,4.3,B1,B1,B1,46.0,44.0,2025,2,2024-11-01,2025-04-30,82,4,2,2,0,0,2,1,0,0,0,0,0,0,0,1,2,2,0,3,3,0,0,0,0,0,0,0,0,0,2,6,4,4,1,0,0,0,0,0,0,0,0,0,1,4,2,6,5,0,0,0,0,0,0,0,0,0,0,3,5,3,8,0,0,0,0,0,0,0,0,0,0,2,1,3,7,0,0,0,0,0,0,0,0,0,0,0,0,福岡
3955,眞田英二,サナダ エイジ,徳島,B1,S,520420,1,48,161,52,A,4.94,28.1,9,22,110,0,0,0.19,17,82.3,0.16,4.1,17,29.4,0.18,3.9,20,20.0,0.18,3.7,23,26.0,0.19,3.9,19,5.2,0.21,4.6,14,7.1,0.24,5.4,A2,B1,A2,51.0,51.0,2025,2,2024-11-01,2025-04-30,82,6,8,2,0,0,1,0,0,0,0,0,0,0,0,0,5,4,2,5,1,0,0,0,0,0,0,0,0,0,4,5,7,2,2,0,0,0,0,0,0,0,0,1,5,4,4,6,3,0,0,0,0,0,0,0,0,1,0,2,9,4,3,0,0,0,0,0,0,0,0,1,0,3,1,4,5,0,0,0,0,0,0,0,0,0,0,2,0,徳島
3956,横澤剛治,ヨコザワ コウジ,静岡,A2,S,520704,1,47,166,58,O,5.94,39.0,30,18,123,0,0,0.16,28,85.7,0.16,2.9,17,41.1,0.14,3.2,22,31.8,0.15,3.1,22,36.3,0.17,3.5,21,9.5,0.17,3.6,13,0.0,0.19,4.2,A1,A1,A1,55.0,54.0,2025,2,2024-11-01,2025-04-30,82,20,4,1,1,0,1,1,0,0,0,0,0,0,0,3,4,4,1,4,1,0,0,0,0,0,0,0,0,1,6,7,3,5,0,0,0,0,0,0,0,0,0,5,3,3,6,3,2,0,0,0,0,0,0,0,0,1,1,5,6,3,5,0,0,0,0,0,0,0,0,0,0,4,3,4,2,0,0,0,0,0,1,0,0,0,0,0,0,静岡
3957,大谷直弘,オオタニ ナオヒロ,愛知,B1,S,520713,1,47,166,55,B,4.83,26.2,9,18,103,1,0,0.19,16,68.7,0.18,3.8,19,26.3,0.18,3.6,18,27.7,0.17,3.4,15,20.0,0.17,3.2,17,0.0,0.21,4.1,18,16.6,0.24,4.6,B1,A2,B1,49.0,49.0,2025,2,2024-11-01,2025-04-30,82,5,6,1,1,3,0,0,0,0,0,0,0,0,0,2,3,7,2,2,2,1,0,0,0,0,0,0,0,1,4,2,7,3,1,0,0,0,0,0,0,0,0,0,3,4,5,2,1,0,0,0,0,0,1,0,0,0,0,3,6,6,2,0,0,0,0,0,0,0,0,1,2,1,4,6,4,0,0,0,0,0,0,0,0,0,0,0,0,愛知
3959,坪井康晴,ツボイ ヤスハル,静岡,A1,S,521007,1,47,165,56,O,7.14,45.0,31,28,131,4,0,0.13,23,82.6,0.14,2.8,24,66.6,0.15,3.8,21,47.6,0.12,2.4,26,30.7,0.11,2.5,21,23.8,0.14,3.5,16,6.2,0.14,3.8,A1,A1,A1,67.0,68.0,2025,2,2024-11-01,2025-04-30,82,16,3,2,2,0,0,0,0,0,0,0,0,0,0,6,10,3,2,2,0,0,0,0,0,0,0,1,0,4,6,7,2,1,1,0,0,0,0,0,0,0,0,3,5,6,5,5,2,0,0,0,0,0,0,0,0,2,3,7,5,3,0,0,0,0,0,0,0,1,0,0,1,5,5,3,2,0,0,0,0,0,0,0,0,0,0,0,0,静岡
3960,菊地孝平,キクチ コウヘイ,静岡,A1,S,530816,1,46,165,57,AB,7.28,48.5,24,26,103,3,1,0.11,21,85.7,0.08,2.1,18,38.8,0.11,2.9,20,70.0,0.13,2.7,17,35.2,0.12,2.2,16,18.7,0.12,2.6,11,18.1,0.12,3.4,A1,A1,A1,71.0,70.0,2025,2,2024-11-01,2025-04-30,82,15,3,0,2,1,0,0,0,0,0,0,0,0,0,4,3,5,3,3,0,0,0,0,0,0,0,0,0,3,11,4,2,0,0,0,0,0,0,0,0,0,0,2,4,6,2,1,1,1,0,0,0,0,1,0,0,0,3,4,4,5,0,0,0,0,0,0,0,0,0,0,2,1,3,4,1,0,0,0,0,0,0,0,0,0,0,0,0,岩手
3961,谷村一哉,タニムラ カズヤ,山口,A1,S,531215,1,46,168,58,A,6.39,42.1,30,21,121,3,0,0.16,25,84.0,0.17,3.1,21,33.3,0.15,3.0,23,56.5,0.15,2.7,13,30.7,0.16,2.7,20,15.0,0.16,3.8,19,15.7,0.17,3.3,A2,A1,A1,57.0,57.0,2025,2,2024-11-01,2025-04-30,82,19,2,1,3,0,0,0,0,0,0,0,0,0,0,3,4,7,4,3,0,0,0,0,0,0,0,0,0,5,8,4,5,0,1,0,0,0,0,0,0,0,0,1,3,2,3,0,4,0,0,0,0,0,0,0,0,2,1,4,4,6,3,0,0,0,0,0,0,0,0,0,3,4,6,3,3,0,0,0,0,0,0,0,0,0,0,1,0,山口
3963,原田秀弥,ハラダ ヒデヤ,大阪,A2,S,540201,1,46,158,57,A,5.99,43.5,24,27,117,2,0,0.16,23,82.6,0.15,2.9,19,42.1,0.17,3.1,21,38.1,0.16,3.3,24,41.6,0.14,2.5,20,25.0,0.16,3.6,10,10.0,0.18,3.6,B1,A2,A2,50.0,52.0,2025,2,2024-11-01,2025-04-30,82,16,3,1,0,1,2,0,0,0,0,0,0,0,0,0,8,8,0,2,1,0,0,0,0,0,0,0,0,3,5,4,5,3,1,0,0,0,0,0,0,0,0,4,6,4,5,3,2,0,0,0,0,0,0,0,0,1,4,4,4,2,5,0,0,0,0,0,0,0,0,0,1,1,3,3,2,0,0,0,0,0,0,0,0,0,0,0,0,奈良
3964,宮地博士,ミヤチ ヒロシ,長崎,B1,S,540228,1,46,163,55,O,4.38,17.1,9,9,105,0,0,0.21,17,47.0,0.18,3.5,18,27.7,0.19,4.0,19,15.7,0.18,3.6,16,6.2,0.26,4.8,19,0.0,0.23,4.3,16,6.2,0.2,3.9,B1,B1,B1,46.0,48.0,2025,2,2024-11-01,2025-04-30,82,6,2,2,2,4,1,0,0,0,0,0,0,0,0,1,4,2,4,4,3,0,0,0,0,0,0,0,0,0,3,3,6,4,3,0,0,0,0,0,0,0,0,1,0,5,3,6,1,0,0,0,0,0,0,0,0,0,0,4,10,3,2,0,0,0,0,0,0,0,0,1,0,4,3,6,2,0,0,0,0,0,0,0,0,0,0,0,0,長崎
3965,北中元樹,キタナカ ゲンキ,滋賀,A2,S,540528,1,46,166,59,A,5.75,38.5,21,33,140,3,0,0.15,24,70.8,0.15,2.2,24,37.5,0.18,3.4,22,40.9,0.13,2.4,29,44.8,0.13,2.3,20,20.0,0.12,2.2,21,9.5,0.15,2.6,A2,B1,B1,51.0,51.0,2025,2,2024-11-01,2025-04-30,82,10,7,5,1,0,1,0,0,0,0,0,0,0,0,1,8,8,5,2,0,0,0,0,0,0,0,0,0,3,6,6,2,3,1,1,0,0,0,0,0,0,0,5,8,4,4,7,1,0,0,0,0,0,0,0,0,1,3,2,6,6,2,0,0,0,0,0,0,0,0,1,1,4,7,3,4,0,0,0,0,0,0,1,0,0,0,0,0,滋賀
3966,作間章,サクマ アキラ,東京,A1,S,540718,1,45,170,55,B,6.28,44.3,35,31,149,3,1,0.19,34,70.5,0.21,4.2,23,34.7,0.19,3.4,25,44.0,0.17,3.4,25,48.0,0.16,3.0,27,40.7,0.18,3.3,15,0.0,0.23,5.5,A1,A2,A1,54.0,54.0,2025,2,2024-11-01,2025-04-30,82,16,8,2,4,2,1,0,0,0,0,0,0,1,0,6,2,9,2,1,3,0,0,0,0,0,0,0,0,3,8,6,3,2,3,0,0,0,0,0,0,0,0,5,7,7,4,1,1,0,0,0,0,0,0,0,0,5,6,5,2,6,3,0,0,0,0,0,0,0,0,0,0,4,6,2,3,0,0,0,0,0,0,0,0,0,0,0,0,千葉
3967,鈴木茂高,スズキ シゲタカ,愛知,B1,S,540910,1,45,170,59,B,4.11,24.1,3,18,87,0,0,0.21,12,33.3,0.22,3.7,18,61.1,0.19,4.2,15,20.0,0.2,3.7,15,6.6,0.22,4.1,12,16.6,0.21,4.0,15,0.0,0.22,4.7,B1,B1,B1,49.0,46.0,2025,2,2024-11-01,2025-04-30,82,1,3,1,3,3,1,0,0,0,0,0,0,0,0,1,10,1,0,4,2,0,0,0,0,0,0,0,0,0,3,3,2,3,4,0,0,0,0,0,0,0,0,0,1,2,3,5,4,0,0,0,0,0,0,0,0,1,1,2,6,1,1,0,0,0,0,0,0,0,0,0,0,1,2,4,8,0,0,0,0,0,0,0,0,0,0,0,0,愛知
3968,茶谷信次,チャタニ シンジ,滋賀,A2,S,510627,1,49,164,53,O,5.97,39.5,18,20,96,2,0,0.15,13,69.2,0.15,3.2,18,61.1,0.14,3.7,17,41.1,0.13,2.8,22,27.2,0.16,3.4,15,33.3,0.17,3.1,11,0.0,0.17,4.5,B1,B2,B1,51.0,52.0,2025,2,2024-11-01,2025-04-30,83,8,1,2,2,0,0,0,0,0,0,0,0,0,0,5,6,3,1,2,1,0,0,0,0,0,0,0,0,4,3,2,7,0,1,0,0,0,0,0,0,0,0,0,6,8,2,5,1,0,0,0,0,0,0,0,0,1,4,4,2,4,0,0,0,0,0,0,0,0,0,0,0,2,3,4,2,0,0,0,0,0,0,0,0,0,0,0,0,滋賀
3973,崎利仁,サキ トシヒト,群馬,B1,S,510823,1,48,161,57,O,4.36,21.3,7,19,122,0,0,0.2,13,46.1,0.18,2.5,27,29.6,0.2,3.5,22,13.6,0.19,3.7,24,20.8,0.18,4.0,22,4.5,0.22,4.5,14,21.4,0.24,4.4,B1,B1,B1,46.0,47.0,2025,2,2024-11-01,2025-04-30,83,2,4,2,1,3,1,0,0,0,0,0,0,0,0,1,7,5,8,5,1,0,0,0,0,0,0,0,0,2,1,3,9,4,3,0,0,0,0,0,0,0,0,1,4,3,6,6,4,0,0,0,0,0,0,0,0,1,0,1,7,6,7,0,0,0,0,0,0,0,0,0,3,3,3,3,2,0,0,0,0,0,0,0,0,0,0,0,0,栃木
3974,深山祐二,フカヤマ ユウジ,佐賀,B1,S,511005,1,48,166,52,AB,4.1,21.5,8,12,93,0,0,0.16,15,73.3,0.12,2.2,16,12.5,0.17,3.4,14,14.2,0.2,4.1,19,15.7,0.15,3.4,15,6.6,0.17,3.8,14,7.1,0.17,3.5,B1,B1,B1,46.0,45.0,2025,2,2024-11-01,2025-04-30,83,6,5,0,0,4,0,0,0,0,0,0,0,0,0,0,2,4,3,5,2,0,0,0,0,0,0,0,0,0,2,1,4,1,6,0,0,0,0,0,1,0,0,1,2,3,4,3,5,0,0,0,0,0,0,1,0,0,1,2,3,5,4,0,0,0,0,0,0,0,0,1,0,1,5,3,4,0,0,0,0,0,0,0,0,0,0,0,0,佐賀
3975,小野寺智洋,オノデラ トモヒロ,香川,B1,S,520126,1,48,163,54,A,5.29,34.2,20,31,149,2,0,0.15,28,82.1,0.12,2.5,25,40.0,0.18,3.4,20,40.0,0.12,1.9,24,25.0,0.14,2.7,25,8.0,0.15,3.2,27,7.4,0.19,4.1,A2,A2,A2,51.0,51.0,2025,2,2024-11-01,2025-04-30,83,13,10,0,2,2,0,1,0,0,0,0,0,0,0,1,9,8,3,3,1,0,0,0,0,0,0,0,0,4,4,7,1,3,1,0,0,0,0,0,0,0,0,2,4,7,4,2,5,0,0,0,0,0,0,0,0,0,2,4,8,6,5,0,0,0,0,0,1,0,0,0,2,2,6,4,13,0,0,0,0,0,0,0,0,0,0,0,0,香川
3976,内田圭,ウチダ ケイ,山口,B1,S,520205,1,48,170,55,B,3.46,22.0,5,6,50,0,0,0.17,6,66.6,0.15,2.8,12,33.3,0.16,3.0,5,40.0,0.17,3.6,7,14.2,0.13,3.4,12,0.0,0.16,3.3,8,0.0,0.23,4.4,B1,B1,B1,44.0,41.0,2025,2,2024-11-01,2025-04-30,83,3,1,0,1,1,0,0,0,0,0,0,0,0,0,1,3,3,0,2,3,0,0,0,0,0,0,0,0,0,2,0,1,0,2,0,0,0,0,0,0,0,0,1,0,0,0,2,4,0,0,0,0,0,0,0,0,0,0,0,1,5,6,0,0,0,0,0,0,0,0,0,0,0,0,2,6,0,0,0,0,0,0,0,0,0,0,0,0,山口
3977,山本兼士,ヤマモト ケンジ,大阪,B1,S,520531,1,48,162,53,O,4.51,25.4,10,16,102,0,0,0.18,14,64.2,0.16,2.7,18,22.2,0.19,3.6,18,22.2,0.14,2.7,20,20.0,0.17,3.0,17,17.6,0.16,3.1,15,13.3,0.25,5.3,B1,B1,B1,46.0,47.0,2025,2,2024-11-01,2025-04-30,83,5,4,1,2,1,1,0,0,0,0,0,0,0,0,1,3,6,1,4,3,0,0,0,0,0,0,0,0,1,3,5,2,4,3,0,0,0,0,0,0,0,0,1,3,4,2,8,2,0,0,0,0,0,0,0,0,2,1,2,2,5,5,0,0,0,0,0,1,0,0,0,2,1,3,3,6,0,0,0,0,0,0,0,0,0,0,1,0,大阪
3978,齊藤仁,サイトウ ジン,東京,A1,S,520621,1,48,168,54,A,6.48,35.2,22,32,153,3,0,0.14,25,84.0,0.14,2.6,25,48.0,0.14,2.4,28,35.7,0.12,2.6,27,22.2,0.13,3.2,25,16.0,0.15,3.4,23,4.3,0.16,4.6,A1,A1,A1,62.0,68.0,2025,2,2024-11-01,2025-04-30,83,12,9,4,0,0,0,0,0,0,0,0,0,0,0,3,9,5,1,4,3,0,0,0,0,0,0,0,0,3,7,8,6,3,1,0,0,0,0,0,0,0,0,2,4,12,4,3,2,0,0,0,0,0,0,0,0,2,2,6,7,5,3,0,0,0,0,0,0,0,0,0,1,5,6,7,4,0,0,0,0,0,0,0,0,0,0,0,0,東京
3981,今坂晃広,イマサカ アキヒロ,静岡,B1,S,520912,1,47,164,51,A,3.77,18.3,4,12,87,1,0,0.19,11,72.7,0.16,3.3,13,7.6,0.21,5.2,19,21.0,0.19,3.8,15,6.6,0.19,4.3,15,13.3,0.21,4.3,13,0.0,0.2,4.0,B1,B1,B1,45.0,44.0,2025,2,2024-11-01,2025-04-30,83,3,5,2,0,0,1,0,0,0,0,0,0,0,0,0,1,2,1,3,6,0,0,0,0,0,0,0,0,0,4,3,4,5,3,0,0,0,0,0,0,0,0,1,0,2,5,5,2,0,0,0,0,0,0,0,0,0,2,2,2,4,5,0,0,0,0,0,0,0,0,0,0,1,0,7,5,0,0,0,0,0,0,0,0,0,1,0,0,静岡
3982,福田理,フクダ オサム,岡山,B1,S,520913,1,47,170,57,B,4.21,19.4,4,10,72,1,0,0.17,9,55.5,0.19,3.2,13,15.3,0.17,3.7,14,14.2,0.18,4.4,13,15.3,0.14,2.4,13,7.6,0.17,3.8,10,20.0,0.15,4.0,B1,B1,B1,47.0,46.0,2025,2,2024-11-01,2025-04-30,83,2,3,1,0,2,1,0,0,0,0,0,0,0,0,0,2,1,4,4,2,0,0,0,0,0,0,0,0,0,2,3,4,4,1,0,0,0,0,0,0,0,0,1,1,1,5,3,1,0,0,0,0,0,0,1,0,0,1,4,4,2,2,0,0,0,0,0,0,0,0,1,1,0,2,2,4,0,0,0,0,0,0,0,0,0,0,2,0,岡山
3983,須藤博倫,スドウ ヒロミチ,埼玉,A1,S,521014,1,47,165,52,B,6.75,49.0,26,24,102,5,1,0.16,21,76.1,0.14,2.8,15,80.0,0.16,3.3,17,47.0,0.13,3.4,19,36.8,0.15,3.0,15,40.0,0.17,3.6,15,6.6,0.19,4.1,A1,A1,A1,57.0,64.0,2025,2,2024-11-01,2025-04-30,83,14,2,2,2,0,1,0,0,0,0,0,0,0,0,2,10,1,1,0,1,0,0,0,0,0,0,0,0,4,4,2,3,4,0,0,0,0,0,0,0,0,0,3,4,2,5,3,2,0,0,0,0,0,0,0,0,3,3,2,2,1,4,0,0,0,0,0,0,0,0,0,1,5,5,3,1,0,0,0,0,0,0,0,0,0,0,0,0,埼玉
3984,坂口周,サカグチ メグル,三重,A1,S,521217,1,47,169,56,B,6.37,46.3,31,32,136,4,1,0.15,27,96.3,0.13,2.6,24,58.3,0.15,3.2,26,50.0,0.16,2.9,21,19.0,0.16,3.6,24,25.0,0.15,3.6,14,0.0,0.17,4.4,A1,A2,A1,57.0,55.0,2025,2,2024-11-01,2025-04-30,83,21,5,1,0,0,0,0,0,0,0,0,0,0,0,3,11,7,1,1,0,0,0,0,0,0,0,0,1,5,8,4,1,5,3,0,0,0,0,0,0,0,0,1,3,6,6,3,2,0,0,0,0,0,0,0,0,1,5,6,5,4,3,0,0,0,0,0,0,0,0,0,0,3,5,5,1,0,0,0,0,0,0,0,0,0,0,0,0,三重
3986,沖島広和,オキシマ ヒロカズ,福岡,B1,S,530317,1,47,160,57,A,4.98,30.8,15,18,107,0,0,0.17,15,86.6,0.14,2.1,17,47.0,0.18,3.5,22,22.7,0.16,3.4,19,26.3,0.17,3.7,19,5.2,0.16,3.7,15,6.6,0.19,4.3,B1,B1,A2,50.0,49.0,2025,2,2024-11-01,2025-04-30,83,11,2,1,0,0,1,0,0,0,0,0,0,0,0,3,5,3,4,0,2,0,0,0,0,0,0,0,0,0,5,4,5,5,3,0,0,0,0,0,0,0,0,1,4,4,7,2,1,0,0,0,0,0,0,0,0,0,1,3,3,8,4,0,0,0,0,0,0,0,0,0,1,1,2,7,4,0,0,0,0,0,0,0,0,0,0,0,0,福岡
3987,後藤正宗,ゴトウ マサムネ,静岡,A2,S,530330,1,47,163,52,O,5.76,39.5,30,17,119,3,0,0.15,24,91.6,0.14,2.7,17,29.4,0.15,3.0,20,35.0,0.17,3.6,24,25.0,0.14,3.1,16,31.2,0.14,2.8,18,11.1,0.13,3.3,A2,A2,B1,50.0,51.0,2025,2,2024-11-01,2025-04-30,83,16,6,0,1,1,0,0,0,0,0,0,0,0,0,2,3,4,3,5,0,0,0,0,0,0,0,0,0,5,2,5,3,2,3,0,0,0,0,0,0,0,0,4,2,4,5,3,6,0,0,0,0,0,0,0,0,1,4,2,3,3,3,0,0,0,0,0,0,0,0,2,0,4,5,5,2,0,0,0,0,0,1,0,0,0,0,0,0,静岡
3988,古川誠之,フルカワ マサユキ,愛知,A2,S,530726,1,46,170,57,B,5.59,39.8,20,29,123,4,0,0.16,23,69.5,0.14,3.0,20,60.0,0.16,3.0,23,34.7,0.14,2.5,16,56.2,0.17,3.0,18,5.5,0.15,3.6,23,13.0,0.18,4.4,A2,A2,A2,51.0,51.0,2025,2,2024-11-01,2025-04-30,83,12,4,0,4,2,1,0,0,0,0,0,0,0,0,1,11,4,0,3,1,0,0,0,0,0,0,0,0,3,5,4,6,2,2,1,0,0,0,0,0,0,0,1,8,2,2,1,2,0,0,0,0,0,0,0,0,1,0,8,5,4,0,0,0,0,0,0,0,0,0,2,1,0,4,11,5,0,0,0,0,0,0,0,0,0,0,0,0,愛知
3989,熊本英一,クマモト エイイチ,佐賀,B1,S,530729,1,46,169,60,A,3.99,23.0,9,12,91,2,0,0.21,13,46.1,0.2,4.2,15,33.3,0.18,4.7,16,31.2,0.2,4.1,12,16.6,0.18,4.3,15,20.0,0.24,4.7,20,0.0,0.24,5.5,B1,B1,B1,46.0,45.0,2025,2,2024-11-01,2025-04-30,83,3,3,2,2,2,1,0,0,0,0,0,0,0,0,3,2,0,4,2,4,0,0,0,0,0,0,0,0,1,4,1,1,2,7,0,0,0,0,0,0,0,0,1,1,1,1,6,2,0,0,0,0,0,0,0,0,1,2,0,7,4,1,0,0,0,0,0,0,0,0,0,0,3,1,5,11,0,0,0,0,0,0,0,0,0,0,0,0,佐賀
3990,芹澤克彦,セリザワ カツヒコ,静岡,B1,S,530928,1,46,154,52,A,5.2,34.7,16,26,121,1,0,0.15,18,72.2,0.13,2.7,23,39.1,0.14,2.2,22,54.5,0.15,2.6,21,38.1,0.11,2.1,23,0.0,0.17,3.4,14,0.0,0.2,4.4,B1,B2,B1,46.0,50.0,2025,2,2024-11-01,2025-04-30,83,8,5,2,2,1,0,0,0,0,0,0,0,0,0,3,6,2,8,3,1,0,0,0,0,0,0,0,0,3,9,3,4,2,1,0,0,0,0,0,0,0,0,2,6,1,5,4,3,0,0,0,0,0,0,0,0,0,0,5,7,9,2,0,0,0,0,0,0,0,0,0,0,0,4,6,4,0,0,0,0,0,0,0,0,0,0,0,0,静岡
3992,関口智久,セキグチ トモヒサ,埼玉,A2,S,531128,1,46,171,56,O,5.66,34.8,27,12,112,0,0,0.15,19,73.6,0.17,3.3,18,55.5,0.16,2.6,21,28.5,0.12,2.1,21,38.1,0.14,2.7,16,0.0,0.14,2.3,17,5.8,0.14,3.0,A2,B1,B1,50.0,51.0,2025,2,2024-11-01,2025-04-30,83,11,3,4,1,0,0,0,0,0,0,0,0,0,0,7,3,3,3,1,1,0,0,0,0,0,1,0,0,4,2,6,4,4,1,0,0,0,0,0,0,0,0,5,3,5,4,3,1,0,0,0,0,0,0,0,0,0,0,3,7,2,4,0,0,0,0,0,0,0,0,0,1,2,2,7,5,0,0,0,0,0,0,0,0,0,0,1,0,埼玉
3993,永井聖美,ナガイ マサミ,東京,B1,S,540105,2,46,155,50,O,4.93,25.3,7,10,67,1,0,0.16,10,60.0,0.16,2.5,11,36.3,0.15,3.1,15,40.0,0.16,3.3,9,0.0,0.18,3.3,18,5.5,0.18,3.5,4,0.0,0.14,3.3,B1,B1,B1,48.0,49.0,2025,2,2024-11-01,2025-04-30,83,5,1,2,1,0,1,0,0,0,0,0,0,0,0,1,3,3,0,3,1,0,0,0,0,0,0,0,0,1,5,5,1,1,2,0,0,0,0,0,0,0,0,0,0,5,1,3,0,0,0,0,0,0,0,0,0,0,1,2,7,4,4,0,0,0,0,0,0,0,0,0,0,0,0,2,2,0,0,0,0,0,0,0,0,0,0,0,0,愛知
3994,小野桜,オノ サクラ,滋賀,B1,S,540222,2,46,160,46,A,5.1,31.1,13,25,122,0,0,0.18,23,56.5,0.18,3.6,18,38.8,0.2,3.8,25,32.0,0.19,3.0,19,36.8,0.19,4.1,17,17.6,0.17,3.4,20,0.0,0.17,3.5,A2,B1,A2,54.0,49.0,2025,2,2024-11-01,2025-04-30,83,8,5,2,6,1,1,0,0,0,0,0,0,0,0,1,6,2,3,2,4,0,0,0,0,0,0,0,0,2,6,6,6,4,1,0,0,0,0,0,0,0,0,2,5,4,6,0,2,0,0,0,0,0,0,0,0,0,3,2,4,3,5,0,0,0,0,0,0,0,0,0,0,3,7,7,3,0,0,0,0,0,0,0,0,0,0,0,0,東京
3995,重野哲之,シゲノ サトシ,静岡,A1,S,540328,1,46,171,55,A,6.57,47.0,28,19,100,3,0,0.13,19,94.7,0.12,2.2,13,46.1,0.14,3.1,17,52.9,0.14,2.2,22,36.3,0.12,2.2,13,15.3,0.11,2.5,16,25.0,0.14,3.1,A1,A1,A2,54.0,66.0,2025,2,2024-11-01,2025-04-30,83,15,3,0,0,0,0,1,0,0,0,0,0,0,0,4,2,3,1,0,3,0,0,0,0,0,1,0,0,1,8,4,2,1,1,0,0,0,0,0,0,0,0,6,2,2,6,2,4,0,0,0,0,0,0,0,0,1,1,2,3,5,1,0,0,0,0,0,0,0,0,1,3,1,0,5,6,0,0,0,0,0,0,0,0,0,0,0,0,静岡
3997,北村征嗣,キタムラ セイジ,大阪,A1,S,540425,1,46,170,53,O,6.53,43.7,37,30,153,4,1,0.15,34,76.4,0.13,2.3,23,65.2,0.14,3.0,28,35.7,0.17,3.5,24,45.8,0.17,3.4,26,11.5,0.15,3.1,18,11.1,0.17,3.9,A1,A1,A1,54.0,57.0,2025,2,2024-11-01,2025-04-30,83,21,5,7,1,0,0,0,0,0,0,0,0,0,0,9,6,3,0,1,4,0,0,0,0,0,0,0,0,4,6,9,4,4,0,1,0,0,0,0,0,0,0,2,9,5,4,4,0,0,0,0,0,0,0,0,0,1,2,10,6,6,1,0,0,0,0,0,0,0,0,0,2,5,4,3,4,0,0,0,0,0,1,0,0,0,0,0,0,大阪
3998,冨成謙児,トミナリ ケンジ,佐賀,B1,S,540610,1,46,163,51,A,4.72,26.9,10,24,126,0,0,0.17,16,62.5,0.14,2.1,26,38.4,0.16,3.4,27,37.0,0.15,2.9,17,17.6,0.16,3.4,25,4.0,0.18,4.2,15,0.0,0.22,5.1,B1,B1,B1,46.0,48.0,2025,2,2024-11-01,2025-04-30,83,5,5,1,2,3,0,0,0,0,0,0,0,0,0,2,8,5,7,3,1,0,0,0,0,0,0,0,0,3,7,3,6,6,2,0,0,0,0,0,0,0,0,0,3,3,7,2,2,0,0,0,0,0,0,0,0,0,1,6,6,5,7,0,0,0,0,0,0,0,0,0,0,2,1,5,7,0,0,0,0,0,0,0,0,0,0,0,0,佐賀
3999,大瀧明日香,オオタキ アスカ,愛知,A1,S,540725,2,45,154,46,A,6.34,43.2,26,22,111,3,0,0.17,27,74.0,0.15,2.3,15,66.6,0.15,3.3,23,43.4,0.16,3.4,14,42.8,0.18,3.5,15,13.3,0.17,3.6,17,0.0,0.19,4.5,A1,A2,A2,56.0,54.0,2025,2,2024-11-01,2025-04-30,83,16,4,2,2,2,0,1,0,0,0,0,0,0,0,0,10,4,0,1,0,0,0,0,0,0,0,0,0,6,4,3,4,4,2,0,0,0,0,0,0,0,0,4,2,6,2,0,0,0,0,0,0,0,0,0,0,0,2,4,7,2,0,0,0,0,0,0,0,0,0,0,0,6,2,3,6,0,0,0,0,0,0,0,0,0,0,0,0,静岡
4000,松本博昭,マツモト ヒロアキ,広島,A2,S,520201,1,48,167,55,A,5.6,35.1,22,31,151,1,0,0.17,30,80.0,0.14,2.7,20,55.0,0.16,3.3,26,30.7,0.17,3.9,27,11.1,0.17,3.8,26,15.3,0.18,3.3,22,13.6,0.21,4.4,A2,A2,A2,50.0,51.0,2025,2,2024-11-01,2025-04-30,84,15,9,2,2,1,1,0,0,0,0,0,0,0,0,3,8,6,1,2,0,0,0,0,0,0,0,0,0,3,5,9,5,3,1,0,0,0,0,0,0,0,0,0,3,4,11,6,2,0,0,0,0,0,0,0,1,1,3,9,4,8,1,0,0,0,0,0,0,0,0,0,3,3,6,7,3,0,0,0,0,0,0,0,0,0,0,0,0,広島
4002,古結宏,コゲツ ヒロシ,兵庫,A1,S,521022,1,47,165,56,O,7.1,54.2,34,24,107,6,1,0.14,21,90.4,0.12,3.0,17,58.8,0.17,3.1,19,68.4,0.13,2.7,14,42.8,0.17,2.5,20,45.0,0.13,2.5,16,6.2,0.14,2.5,A1,A1,A1,55.0,60.0,2025,2,2024-11-01,2025-04-30,84,17,2,2,0,0,0,0,0,0,0,0,0,0,0,2,8,1,4,2,0,0,0,0,0,0,0,0,0,6,7,4,1,1,0,0,0,0,0,0,0,0,0,3,3,3,1,2,2,0,0,0,0,0,0,0,0,6,3,6,1,2,0,1,0,0,0,0,0,1,0,0,1,4,5,3,3,0,0,0,0,0,0,0,0,0,0,0,0,兵庫
4003,表憲一,オモテ ケンイチ,福井,B1,S,521115,1,47,159,56,A,5.19,30.6,12,15,88,0,0,0.19,17,76.4,0.15,2.8,15,40.0,0.18,4.5,14,28.5,0.18,3.6,13,15.3,0.19,3.8,12,16.6,0.22,3.9,17,0.0,0.2,5.1,A2,A2,A2,52.0,51.0,2025,2,2024-11-01,2025-04-30,84,9,4,3,0,1,0,0,0,0,0,0,0,0,0,1,5,3,1,2,3,0,0,0,0,0,0,0,0,1,3,2,6,2,0,0,0,0,0,0,0,0,0,0,2,3,7,1,0,0,0,0,0,0,0,0,0,1,1,0,3,3,4,0,0,0,0,0,0,0,0,0,0,2,6,5,4,0,0,0,0,0,0,0,0,0,0,0,0,石川
4004,山本浩輔,ヤマモト コウスケ,長崎,B1,S,530213,1,47,165,54,O,4.17,22.7,7,18,110,0,0,0.16,15,60.0,0.15,2.9,18,27.7,0.18,3.6,20,35.0,0.17,3.1,23,13.0,0.18,2.7,21,4.7,0.13,2.1,13,0.0,0.18,4.6,B1,B1,B1,48.0,45.0,2025,2,2024-11-01,2025-04-30,84,5,4,0,3,3,0,0,0,0,0,0,0,0,0,0,5,4,5,0,4,0,0,0,0,0,0,0,0,1,6,2,5,4,1,0,0,0,0,0,0,1,0,1,2,2,2,8,7,1,0,0,0,0,0,0,0,0,1,7,2,5,6,0,0,0,0,0,0,0,0,0,0,0,4,4,5,0,0,0,0,0,0,0,0,0,0,0,0,長崎
4005,瀬川公則,セガワ マサノリ,山口,B1,S,530322,1,47,167,58,A,3.23,9.7,5,3,82,0,0,0.18,10,30.0,0.14,2.2,15,26.6,0.15,3.1,14,7.1,0.15,3.0,12,0.0,0.19,3.3,13,0.0,0.19,4.1,18,0.0,0.21,4.9,B1,B1,B1,44.0,43.0,2025,2,2024-11-01,2025-04-30,84,2,1,2,2,2,1,0,0,0,0,0,0,0,0,2,2,2,3,5,1,0,0,0,0,0,0,0,0,1,0,1,3,6,3,0,0,0,0,0,0,0,0,0,0,1,4,4,3,0,0,0,0,0,0,0,0,0,0,0,3,5,5,0,0,0,0,0,0,0,0,0,0,1,4,3,10,0,0,0,0,0,0,0,0,0,0,0,0,山口
4006,小野勇作,オノ ユウサク,佐賀,B1,S,530509,1,47,156,50,B,4.52,24.5,5,21,106,0,0,0.18,16,43.7,0.17,3.1,20,20.0,0.18,4.0,16,50.0,0.18,4.0,18,27.7,0.18,4.2,19,10.5,0.19,4.4,17,0.0,0.19,5.1,B1,B1,B1,50.0,47.0,2025,2,2024-11-01,2025-04-30,84,4,3,5,2,1,1,0,0,0,0,0,0,0,0,1,3,5,7,3,1,0,0,0,0,0,0,0,0,0,8,2,2,1,3,0,0,0,0,0,1,0,0,0,5,3,1,4,5,0,0,0,0,0,0,0,0,0,2,3,3,8,3,0,0,0,0,0,0,0,0,0,0,3,4,2,8,0,0,0,0,0,0,0,0,0,0,1,0,佐賀
4007,榮田将彦,サカエダ マサヒコ,山口,B1,S,540207,1,46,156,52,O,4.34,21.6,8,13,97,0,0,0.12,10,70.0,0.16,2.6,17,17.6,0.13,2.8,18,16.6,0.12,2.6,19,26.3,0.1,1.4,20,15.0,0.09,2.1,12,0.0,0.14,2.6,B1,B1,B1,47.0,46.0,2025,2,2024-11-01,2025-04-30,84,3,4,1,0,1,1,0,0,0,0,0,0,0,0,0,3,1,7,3,3,0,0,0,0,0,0,0,0,1,2,8,1,4,2,0,0,0,0,0,0,0,0,3,2,3,4,6,0,0,0,0,0,0,0,0,1,1,2,1,7,4,5,0,0,0,0,0,0,0,0,0,0,1,3,4,4,0,0,0,0,0,0,0,0,0,0,0,1,山口
4009,小林一樹,コバヤシ カズキ,山口,A2,S,540415,1,46,167,59,A,5.52,33.0,21,15,109,1,0,0.13,22,81.8,0.14,2.4,16,25.0,0.13,2.8,20,30.0,0.12,2.2,20,25.0,0.12,2.1,16,18.7,0.15,2.8,15,0.0,0.12,2.3,A2,A2,A2,50.0,51.0,2025,2,2024-11-01,2025-04-30,84,16,2,2,1,1,0,0,0,0,0,0,0,0,0,2,2,5,2,2,3,0,0,0,0,0,0,0,0,1,5,5,5,3,1,0,0,0,0,0,0,0,0,2,3,4,5,4,2,0,0,0,0,0,0,0,0,0,3,2,6,5,0,0,0,0,0,0,0,0,0,0,0,3,6,2,4,0,0,0,0,0,0,0,0,0,0,0,0,山口
4010,越智照浩,オチ アキヒロ,香川,B2,S,540831,1,45,167,59,B,3.7,13.3,0,4,30,0,0,0.19,5,20.0,0.21,4.6,4,25.0,0.14,3.0,6,16.6,0.15,3.7,6,16.6,0.25,5.2,4,0.0,0.17,3.8,5,0.0,0.22,4.8,B1,B1,B1,47.0,45.0,2025,2,2024-11-01,2025-04-30,84,0,1,1,2,1,0,0,0,0,0,0,0,0,0,0,1,1,0,1,1,0,0,0,0,0,0,0,0,0,1,2,0,2,1,0,0,0,0,0,0,0,0,0,1,1,1,1,2,0,0,0,0,0,0,0,0,0,0,1,1,1,1,0,0,0,0,0,0,0,0,0,0,0,1,2,2,0,0,0,0,0,0,0,0,0,0,0,0,愛媛
4011,堀之内紀代子,ホリノウチ キヨコ,岡山,B1,S,540909,2,45,157,46,A,5.33,37.1,19,27,124,1,0,0.17,22,68.1,0.18,2.9,22,45.4,0.16,2.6,22,40.9,0.21,3.8,18,38.8,0.13,3.1,20,20.0,0.16,3.4,20,5.0,0.18,3.2,A2,B1,A2,53.0,50.0,2025,2,2024-11-01,2025-04-30,84,11,4,0,2,3,2,0,0,0,0,0,0,0,0,3,7,4,4,2,2,0,0,0,0,0,0,0,0,2,7,4,1,4,4,0,0,0,0,0,1,0,0,2,5,3,4,3,1,0,0,0,0,0,0,0,0,1,3,5,4,5,2,0,0,0,0,0,0,0,0,0,1,4,2,7,6,0,0,0,0,0,0,0,0,0,0,0,0,岡山
4012,中村有裕,ナカムラ ユウスケ,滋賀,A2,S,540921,1,45,166,58,O,5.66,36.0,16,19,97,1,0,0.15,21,66.6,0.13,2.3,19,26.3,0.16,3.0,14,57.1,0.14,2.4,19,21.0,0.17,3.4,18,11.1,0.17,2.9,6,33.3,0.15,3.5,A1,A2,A2,53.0,51.0,2025,2,2024-11-01,2025-04-30,84,11,3,4,1,1,1,0,0,0,0,0,0,0,0,0,5,4,1,8,1,0,0,0,0,0,0,0,0,2,6,2,1,3,0,0,0,0,0,0,0,0,0,1,3,7,3,3,2,0,0,0,0,0,0,0,0,2,0,6,5,3,2,0,0,0,0,0,1,0,0,0,2,1,0,2,1,0,0,0,0,0,0,0,0,0,0,0,0,滋賀
4013,中島孝平,ナカジマ コウヘイ,福井,A1,S,541108,1,45,160,53,AB,6.72,42.3,23,24,111,5,0,0.14,19,84.2,0.14,3.0,19,47.3,0.15,3.8,19,52.6,0.16,3.1,19,52.6,0.1,2.2,16,0.0,0.15,3.6,19,10.5,0.15,3.8,A1,A1,A1,67.0,71.0,2025,2,2024-11-01,2025-04-30,84,14,2,1,1,0,1,0,0,0,0,0,0,0,0,3,6,3,5,1,1,0,0,0,0,0,0,0,0,4,6,2,1,4,1,1,0,0,0,0,0,0,0,2,8,4,1,2,2,0,0,0,0,0,0,0,0,0,0,5,2,6,3,0,0,0,0,0,0,0,0,0,2,3,6,5,3,0,0,0,0,0,0,0,0,0,0,0,0,福井
4014,片岡恵里,カタオカ エリ,山口,A2,S,541115,2,45,162,49,A,5.48,32.7,16,22,116,0,0,0.19,25,72.0,0.19,3.6,16,37.5,0.19,3.1,18,33.3,0.19,3.6,22,13.6,0.17,3.6,19,15.7,0.21,3.8,16,12.5,0.2,3.9,A2,B1,B1,51.0,51.0,2025,2,2024-11-01,2025-04-30,84,11,7,2,1,2,2,0,0,0,0,0,0,0,0,1,5,3,4,1,2,0,0,0,0,0,0,0,0,4,2,6,1,3,2,0,0,0,0,0,0,0,0,0,3,11,4,3,1,0,0,0,0,0,0,0,0,0,3,6,6,2,2,0,0,0,0,0,0,0,0,0,2,2,2,7,3,0,0,0,0,0,0,0,0,0,0,0,0,岡山
4015,前野竜一,マエノ リョウイチ,山口,A2,S,541202,1,45,168,59,A,5.73,39.0,16,16,82,2,0,0.16,17,76.4,0.16,2.2,12,58.3,0.16,2.4,10,40.0,0.15,3.0,17,23.5,0.16,2.8,11,0.0,0.14,2.8,14,28.5,0.16,3.8,A2,A2,A2,51.0,51.0,2025,2,2024-11-01,2025-04-30,84,11,2,0,2,1,0,1,0,0,0,0,0,0,0,3,4,2,1,2,0,0,0,0,0,0,0,0,0,1,3,2,2,2,0,0,0,0,0,0,0,0,0,1,3,2,5,4,2,0,0,0,0,0,0,0,0,0,0,3,3,4,1,0,0,0,0,0,0,0,0,0,4,5,2,3,0,0,0,0,0,0,0,0,0,0,0,0,1,山口
4016,西川新太郎,ニシカワ シンタロウ,愛知,B1,S,541225,1,45,157,56,AB,5.19,33.9,15,20,103,0,0,0.15,17,58.8,0.13,2.6,16,43.7,0.17,3.1,20,45.0,0.12,2.4,19,31.5,0.15,2.8,13,15.3,0.17,2.7,17,5.8,0.18,3.8,B1,B1,A2,49.0,48.0,2025,2,2024-11-01,2025-04-30,84,6,4,3,2,0,2,0,0,0,0,0,0,0,0,1,6,3,2,3,1,0,0,0,0,0,0,0,0,4,5,5,4,1,1,0,0,0,0,0,0,0,0,4,2,5,2,3,2,0,0,0,0,0,1,1,0,0,2,3,1,3,3,0,0,0,0,0,0,1,0,0,1,0,5,7,4,0,0,0,0,0,0,0,0,0,0,0,1,愛知
4017,向井美鈴,ムカイ ミスズ,山口,A2,S,550102,2,45,152,46,A,5.48,33.5,26,20,137,1,1,0.17,28,75.0,0.18,3.2,24,37.5,0.18,3.6,22,27.2,0.15,3.0,24,25.0,0.14,2.7,17,17.6,0.19,4.3,22,4.5,0.21,4.3,A1,A2,A2,54.0,53.0,2025,2,2024-11-01,2025-04-30,84,17,4,3,2,0,2,0,0,0,0,0,0,0,0,6,3,3,6,3,3,0,0,0,0,0,0,0,0,1,5,8,4,2,2,0,0,0,0,0,0,0,0,2,4,4,8,3,3,0,0,0,0,0,0,0,0,0,3,3,2,7,2,0,0,0,0,0,1,0,0,0,1,3,2,7,9,0,0,0,0,0,0,0,0,0,0,0,0,山口
4019,笠原亮,カサハラ リョウ,静岡,A1,S,550119,1,45,169,52,AB,7.61,59.1,41,27,115,9,4,0.17,30,93.3,0.14,3.0,16,56.2,0.16,3.6,21,71.4,0.16,2.9,16,31.2,0.18,3.7,19,42.1,0.19,3.7,13,23.0,0.24,5.4,A1,A1,A1,60.0,65.0,2025,2,2024-11-01,2025-04-30,84,26,2,1,1,0,0,0,0,0,0,0,0,0,0,3,6,3,3,1,0,0,0,0,0,0,0,0,0,6,9,2,2,2,0,0,0,0,0,0,0,0,0,3,2,6,2,0,2,1,0,0,0,0,0,0,0,3,5,5,3,3,0,0,0,0,0,0,0,0,0,0,3,2,3,3,2,0,0,0,0,0,0,0,0,0,0,0,0,静岡
4020,川上清人,カワカミ キヨト,香川,B1,S,550214,1,45,165,67,A,4.43,24.5,13,13,106,0,0,0.17,16,75.0,0.12,2.4,20,20.0,0.19,4.0,18,16.6,0.19,3.9,16,18.7,0.18,3.4,21,14.2,0.16,2.8,15,6.6,0.19,3.9,B1,B1,B1,45.0,46.0,2025,2,2024-11-01,2025-04-30,84,8,4,3,0,0,0,1,0,0,0,0,0,0,0,0,4,4,3,5,4,0,0,0,0,0,0,0,0,2,1,6,2,1,6,0,0,0,0,0,0,0,0,1,2,3,4,3,3,0,0,0,0,0,0,0,0,2,1,0,4,8,6,0,0,0,0,0,0,0,0,0,1,0,5,6,3,0,0,0,0,0,0,0,0,0,0,0,0,高知
4022,待鳥雄紀,マチドリ ユウキ,福岡,B1,S,550310,1,45,167,59,A,5.28,34.5,16,22,110,1,1,0.15,25,64.0,0.15,2.8,14,35.7,0.15,3.3,18,33.3,0.16,3.1,20,30.0,0.15,2.5,16,18.7,0.17,3.6,17,11.7,0.16,3.0,A2,A2,A2,50.0,50.0,2025,2,2024-11-01,2025-04-30,84,8,8,4,4,0,1,0,0,0,0,0,0,0,0,2,3,3,1,4,1,0,0,0,0,0,0,0,0,2,4,3,4,4,1,0,0,0,0,0,0,0,0,2,4,5,4,3,2,0,0,0,0,0,0,0,0,1,2,2,5,5,1,0,0,0,0,0,0,0,0,1,1,1,2,6,6,0,0,0,0,0,0,0,0,0,0,0,0,福岡
4023,柴田友和,シバタ トモカズ,福岡,B1,S,520818,1,47,159,54,A,4.65,19.6,7,13,102,1,0,0.17,13,69.2,0.13,2.4,16,0.0,0.17,3.6,21,23.8,0.18,3.5,16,18.7,0.16,3.8,21,9.5,0.16,3.6,15,6.6,0.2,4.7,B1,B1,B1,47.0,49.0,2025,2,2024-11-01,2025-04-30,85,4,5,1,3,0,0,0,0,0,0,0,1,0,0,0,0,8,5,2,1,0,0,0,0,0,0,0,0,2,3,8,2,5,1,0,0,0,0,0,1,0,0,1,2,1,7,4,1,0,0,0,0,0,0,0,0,0,2,5,6,5,3,0,0,0,0,0,0,0,0,0,1,0,3,7,4,0,0,0,0,0,0,0,0,0,0,0,0,福岡
4024,井口佳典,イグチ ヨシノリ,三重,A1,S,520822,1,47,166,55,A,7.16,50.7,37,27,126,9,2,0.15,31,87.1,0.14,3.1,16,62.5,0.17,4.8,15,40.0,0.15,3.5,25,44.0,0.17,3.7,24,37.5,0.14,3.6,15,6.6,0.16,3.5,A1,A1,A1,65.0,71.0,2025,2,2024-11-01,2025-04-30,85,23,4,2,0,1,1,0,0,0,0,0,0,0,0,5,5,2,0,2,2,0,0,0,0,0,0,0,0,2,4,2,4,1,2,0,0,0,0,0,0,0,0,5,6,2,5,3,3,0,0,0,0,0,0,1,0,2,7,6,1,4,4,0,0,0,0,0,0,0,0,0,1,1,5,6,2,0,0,0,0,0,0,0,0,0,0,0,0,三重
4025,山本隆幸,ヤマモト タカユキ,兵庫,A1,S,520926,1,47,172,53,A,6.39,44.9,37,25,138,2,1,0.18,28,89.2,0.16,3.0,28,39.2,0.17,3.7,22,50.0,0.19,3.5,25,24.0,0.18,4.2,23,34.7,0.2,3.8,12,8.3,0.18,3.7,A2,A1,A2,52.0,54.0,2025,2,2024-11-01,2025-04-30,85,20,5,3,0,0,0,0,0,0,0,0,0,0,0,5,6,8,5,3,1,0,0,0,0,0,0,0,0,5,6,4,6,0,1,0,0,0,0,0,0,0,0,2,4,9,2,5,2,0,0,0,0,0,0,1,0,4,4,2,5,5,3,0,0,0,0,0,0,0,0,1,0,2,3,2,4,0,0,0,0,0,0,0,0,0,0,1,0,兵庫
4027,松江秀徳,マツエ ヒデノリ,佐賀,A2,S,530129,1,47,164,58,O,5.89,38.6,30,16,119,2,0,0.17,27,62.9,0.16,3.0,21,47.6,0.19,3.7,25,32.0,0.17,3.0,18,50.0,0.13,2.6,18,11.1,0.16,2.8,10,0.0,0.2,4.3,A2,B1,A2,50.0,52.0,2025,2,2024-11-01,2025-04-30,85,15,2,4,4,2,0,0,0,0,0,0,0,0,0,6,4,4,5,2,0,0,0,0,0,0,0,0,0,4,4,6,6,2,3,0,0,0,0,0,0,0,0,5,4,0,5,1,3,0,0,0,0,0,0,0,0,0,2,4,6,5,1,0,0,0,0,0,0,0,0,0,0,1,2,5,2,0,0,0,0,0,0,0,0,0,0,0,0,佐賀
4028,田村隆信,タムラ タカノブ,徳島,A1,S,530315,1,47,171,57,B,6.5,46.2,36,20,121,3,1,0.14,23,86.9,0.13,2.1,20,40.0,0.12,2.8,21,76.1,0.13,2.3,23,30.4,0.14,3.0,17,17.6,0.16,3.4,17,11.7,0.17,3.4,A2,A1,A1,61.0,59.0,2025,2,2024-11-01,2025-04-30,85,19,1,2,1,0,0,0,0,0,0,0,0,0,0,4,4,3,4,3,2,0,0,0,0,0,0,0,0,9,7,1,2,0,1,1,0,0,0,0,0,0,0,3,4,5,4,4,3,0,0,0,0,0,0,0,0,0,3,4,2,4,4,0,0,0,0,0,0,0,0,1,1,4,5,4,1,0,0,0,0,0,0,0,1,0,0,0,0,徳島
4030,森高一真,モリタカ カズマ,香川,A1,S,530603,1,47,169,50,AB,6.67,42.0,23,30,126,4,1,0.15,25,80.0,0.14,3.1,20,40.0,0.13,3.9,22,31.8,0.15,3.5,19,42.1,0.15,3.4,21,33.3,0.15,3.6,19,15.7,0.18,4.3,A1,A1,A1,67.0,68.0,2025,2,2024-11-01,2025-04-30,85,16,4,2,1,1,0,1,0,0,0,0,0,0,0,0,8,7,3,2,0,0,0,0,0,0,0,0,0,1,6,5,3,3,4,0,0,0,0,0,0,0,0,3,5,2,5,0,4,0,0,0,0,0,0,0,0,2,5,2,6,4,2,0,0,0,0,0,0,0,0,1,2,4,5,2,5,0,0,0,0,0,0,0,0,0,0,2,0,香川
4031,飯島誠,イイジマ マコト,埼玉,B1,S,530823,1,46,162,54,O,4.44,20.9,5,12,81,0,0,0.19,10,50.0,0.15,2.8,15,40.0,0.19,3.7,13,23.0,0.15,3.6,15,13.3,0.19,3.3,14,0.0,0.21,4.3,14,7.1,0.21,4.3,B1,B1,B1,46.0,47.0,2025,2,2024-11-01,2025-04-30,85,3,2,2,1,1,1,0,0,0,0,0,0,0,0,1,5,4,2,2,1,0,0,0,0,0,0,0,0,1,2,3,3,3,1,0,0,0,0,0,0,0,0,0,2,4,4,3,2,0,0,0,0,0,0,0,0,0,0,1,2,8,3,0,0,0,0,0,0,0,0,0,1,3,3,3,4,0,0,0,0,0,0,0,0,0,0,0,0,埼玉
4033,伊藤将吉,イトウ マサヨシ,静岡,A1,S,530920,1,46,170,53,O,6.94,53.9,51,25,141,8,1,0.14,30,96.6,0.13,2.2,29,44.8,0.14,2.9,19,52.6,0.14,2.5,24,62.5,0.14,2.4,21,23.8,0.15,2.4,18,22.2,0.16,3.9,A1,A1,A1,52.0,55.0,2025,2,2024-11-01,2025-04-30,85,27,2,1,0,0,0,0,0,0,0,0,0,0,0,8,5,6,4,2,4,0,0,0,0,0,0,0,0,5,5,4,3,0,2,0,0,0,0,0,0,0,0,10,5,6,2,1,0,0,0,0,0,0,0,0,0,1,4,7,1,5,3,0,0,0,0,0,0,0,0,0,4,3,3,4,4,0,0,0,0,0,0,0,0,0,0,2,0,静岡
4034,西原明生,ニシハラ アキオ,香川,B1,S,531105,1,46,170,56,O,4.88,25.2,10,17,107,1,0,0.19,15,53.3,0.16,3.6,17,17.6,0.2,4.2,19,36.8,0.19,3.1,22,18.1,0.19,4.0,19,15.7,0.19,3.7,15,13.3,0.23,5.1,B1,B1,B1,45.0,49.0,2025,2,2024-11-01,2025-04-30,85,5,3,3,4,0,0,0,0,0,0,0,0,0,0,1,2,5,5,3,1,0,0,0,0,0,0,0,0,1,6,2,4,1,5,0,0,0,0,0,0,0,0,2,2,1,10,5,2,0,0,0,0,0,0,0,0,0,3,7,6,1,2,0,0,0,0,0,0,0,0,1,1,2,1,5,5,0,0,0,0,0,0,0,0,0,0,0,0,愛媛
4035,杉江浩明,スギエ ヒロアキ,愛知,B1,S,531108,1,46,165,51,A,3.5,20.4,14,12,127,0,0,0.2,18,61.1,0.2,4.1,25,28.0,0.18,5.0,19,15.7,0.22,4.8,22,9.0,0.2,4.2,23,13.0,0.19,4.3,20,0.0,0.24,4.7,B1,B1,B1,43.0,42.0,2025,2,2024-11-01,2025-04-30,85,9,2,1,0,2,4,0,0,0,0,0,0,0,0,1,6,2,4,2,10,0,0,0,0,0,0,0,0,1,2,3,1,4,8,0,0,0,0,0,0,0,0,1,1,2,3,4,11,0,0,0,0,0,0,0,0,2,1,1,1,6,12,0,0,0,0,0,0,0,0,0,0,1,2,6,11,0,0,0,0,0,0,0,0,0,0,0,0,愛知
4036,金田諭,カネダ サトシ,埼玉,A2,S,531109,1,46,172,52,O,5.83,39.2,28,12,102,4,0,0.17,22,86.3,0.12,2.0,13,30.7,0.22,4.4,16,25.0,0.16,3.3,24,25.0,0.16,3.3,12,25.0,0.17,3.7,15,26.6,0.19,3.7,A1,A1,A1,53.0,55.0,2025,2,2024-11-01,2025-04-30,85,16,3,1,1,0,0,1,0,0,0,0,0,0,0,3,1,2,0,2,4,0,0,0,0,0,0,1,0,2,2,3,5,3,1,0,0,0,0,0,1,0,0,4,2,5,3,2,7,0,0,0,0,0,0,1,0,1,2,4,1,2,1,0,0,0,0,0,0,1,0,2,2,1,2,4,4,0,0,0,0,0,0,0,0,0,0,0,0,埼玉
4039,村上功祐,ムラカミ コウスケ,大阪,B1,S,531226,1,46,166,60,A,5.29,34.4,9,21,87,0,0,0.16,13,76.9,0.14,2.5,15,46.6,0.16,3.6,15,40.0,0.16,2.8,14,21.4,0.14,2.1,13,30.7,0.13,2.5,17,0.0,0.23,5.1,B1,B1,B1,49.0,50.0,2025,2,2024-11-01,2025-04-30,85,4,6,2,1,0,0,0,0,0,0,0,0,0,0,0,7,1,4,1,1,1,0,0,0,0,0,0,0,3,3,6,0,1,2,0,0,0,0,0,0,0,0,1,2,4,2,4,1,0,0,0,0,0,0,0,0,1,3,1,6,2,0,0,0,0,0,0,0,0,0,0,0,0,8,5,4,0,0,0,0,0,0,0,0,0,0,0,0,大阪
4040,廣瀬将亨,ヒロセ マサユキ,兵庫,A2,S,540123,1,46,166,58,A,5.49,34.3,26,21,137,1,0,0.14,24,66.6,0.16,3.3,21,42.8,0.13,2.7,24,45.8,0.15,2.7,27,11.1,0.14,2.6,22,27.2,0.12,2.8,19,10.5,0.14,2.6,A2,B1,A2,50.0,50.0,2025,2,2024-11-01,2025-04-30,85,13,3,1,2,3,2,0,0,0,0,0,0,0,0,1,8,3,5,2,2,0,0,0,0,0,0,0,0,8,3,7,4,1,1,0,0,0,0,0,0,0,0,1,2,9,5,3,7,0,0,0,0,0,0,0,0,3,3,5,4,5,2,0,0,0,0,0,0,0,0,0,2,3,5,3,6,0,0,0,0,0,0,0,0,0,0,0,0,兵庫
4041,小林基樹,コバヤシ モトキ,山口,B1,S,540619,1,46,165,56,A,4.47,26.6,8,21,109,0,0,0.22,17,52.9,0.17,3.5,20,15.0,0.25,4.5,20,45.0,0.2,4.4,21,28.5,0.23,4.7,20,10.0,0.25,5.1,11,0.0,0.25,5.0,B1,B1,B1,43.0,47.0,2025,2,2024-11-01,2025-04-30,85,5,4,2,0,2,4,0,0,0,0,0,0,0,0,0,3,6,2,5,4,0,0,0,0,0,0,0,0,2,7,2,4,4,1,0,0,0,0,0,0,0,0,1,5,4,4,3,4,0,0,0,0,0,0,0,0,0,2,2,3,11,2,0,0,0,0,0,0,0,0,0,0,1,2,4,4,0,0,0,0,0,0,0,0,0,0,0,0,山口
4042,丸岡正典,マルオカ マサノリ,大阪,A1,S,540821,1,45,170,53,O,7.1,53.1,47,28,141,7,3,0.16,33,93.9,0.15,2.8,21,76.1,0.14,2.9,26,38.4,0.16,2.9,20,50.0,0.12,2.4,18,27.7,0.15,3.0,23,13.0,0.21,5.1,A2,A1,A1,58.0,59.0,2025,2,2024-11-01,2025-04-30,85,28,3,1,1,0,0,0,0,0,0,0,0,0,0,9,7,2,1,0,2,0,0,0,0,0,0,0,0,5,5,7,6,3,0,0,0,0,0,0,0,0,0,3,7,4,4,2,0,0,0,0,0,0,0,0,0,1,4,5,3,3,2,0,0,0,0,0,0,0,0,1,2,4,7,6,3,0,0,0,0,0,0,0,0,0,0,0,0,大阪
4043,桐本康臣,キリモト ヤストミ,三重,A1,S,540903,1,45,161,57,O,6.53,52.5,35,28,120,7,0,0.16,24,83.3,0.16,3.0,23,52.1,0.15,3.2,19,57.8,0.14,2.6,18,44.4,0.15,3.0,24,45.8,0.18,3.3,12,8.3,0.16,4.2,A1,A1,A2,53.0,53.0,2025,2,2024-11-01,2025-04-30,85,18,2,2,1,0,0,0,0,0,0,0,0,1,0,4,8,4,0,2,5,0,0,0,0,0,0,0,0,5,6,3,2,3,0,0,0,0,0,0,0,0,0,5,3,5,3,1,1,0,0,0,0,0,0,0,0,3,8,3,3,2,5,0,0,0,0,0,0,0,0,0,1,3,1,4,3,0,0,0,0,0,0,0,0,0,0,0,0,三重
4044,湯川浩司,ユカワ コウジ,大阪,A1,S,540921,1,45,164,53,A,6.98,47.3,25,37,131,5,0,0.14,25,76.0,0.12,2.7,17,52.9,0.12,3.1,28,57.1,0.15,3.1,26,34.6,0.15,2.8,19,26.3,0.13,3.1,16,25.0,0.15,3.8,A1,A1,A1,58.0,69.0,2025,2,2024-11-01,2025-04-30,85,14,5,1,2,2,1,0,0,0,0,0,0,0,0,2,7,3,1,2,1,0,0,0,0,0,0,1,0,2,14,4,4,2,2,0,0,0,0,0,0,0,0,5,4,6,6,3,2,0,0,0,0,0,0,0,0,2,3,7,2,2,3,0,0,0,0,0,0,0,0,0,4,2,4,6,0,0,0,0,0,0,0,0,0,0,0,0,0,大阪
4045,佐々木裕美,ササキ ヒロミ,山口,B1,S,541003,2,45,161,47,O,4.7,31.2,21,18,125,2,0,0.16,27,59.2,0.17,3.6,22,31.8,0.13,2.7,19,31.5,0.16,2.2,14,21.4,0.14,3.0,20,25.0,0.15,2.9,23,8.7,0.17,3.7,A2,A2,B1,51.0,48.0,2025,2,2024-11-01,2025-04-30,85,13,3,4,3,1,2,1,0,0,0,0,0,0,0,2,5,3,3,3,6,0,0,0,0,0,0,0,0,3,3,2,2,4,5,0,0,0,0,0,0,0,0,1,2,2,1,5,3,0,0,0,0,0,0,0,0,1,4,2,0,6,7,0,0,0,0,0,0,0,0,1,1,1,5,6,9,0,0,0,0,0,0,0,0,0,0,0,0,山口
4046,谷村啓司,タニムラ ケイジ,福岡,B2,S,541128,1,45,166,53,A,3.27,11.1,2,3,45,0,0,0.21,6,33.3,0.2,4.2,9,33.3,0.22,4.3,10,0.0,0.22,4.2,6,0.0,0.22,4.5,8,0.0,0.21,4.3,6,0.0,0.21,5.5,B1,B1,B1,46.0,42.0,2025,2,2024-11-01,2025-04-30,85,2,0,1,1,1,1,0,0,0,0,0,0,0,0,0,3,0,4,1,1,0,0,0,0,0,0,0,0,0,0,1,3,4,2,0,0,0,0,0,0,0,0,0,0,0,1,2,3,0,0,0,0,0,0,0,0,0,0,1,2,1,3,1,0,0,0,0,1,0,0,0,0,0,1,4,1,0,0,0,0,0,0,0,0,0,0,0,0,福岡
4047,吉永浩則,ヨシナガ ヒロノリ,大阪,B1,S,550226,1,45,167,55,B,3.78,17.6,9,6,85,0,0,0.17,13,76.9,0.13,2.0,14,14.2,0.18,3.9,17,17.6,0.15,2.7,11,0.0,0.17,3.5,15,0.0,0.2,3.3,15,0.0,0.21,4.6,B1,B1,B1,47.0,43.0,2025,2,2024-11-01,2025-04-30,85,8,2,2,0,0,1,0,0,0,0,0,0,0,0,1,1,4,2,3,3,0,0,0,0,0,0,0,0,0,3,3,2,5,3,1,0,0,0,0,0,0,0,0,0,1,3,2,5,0,0,0,0,0,0,0,0,0,0,2,3,3,7,0,0,0,0,0,0,0,0,0,0,1,0,6,8,0,0,0,0,0,0,0,0,0,0,2,0,大阪
4049,荒川健太,アラカワ ケンタ,三重,A2,S,550911,1,44,167,58,AB,6.12,44.2,31,30,138,5,1,0.17,27,81.4,0.14,2.3,23,60.8,0.12,2.6,27,33.3,0.2,3.5,24,29.1,0.17,3.3,30,26.6,0.21,4.1,7,14.2,0.23,5.1,A2,A1,A2,53.0,52.0,2025,2,2024-11-01,2025-04-30,85,20,2,2,2,0,1,0,0,0,0,0,0,0,0,3,11,3,2,1,2,1,0,0,0,0,0,0,0,5,4,8,4,3,3,0,0,0,0,0,0,0,0,1,6,4,6,4,3,0,0,0,0,0,0,0,0,2,6,5,12,2,3,0,0,0,0,0,2,0,0,0,1,1,1,4,0,0,0,0,0,0,0,0,0,0,0,1,0,三重
4050,田口節子,タグチ セツコ,岡山,A1,S,560114,2,44,162,45,AB,7.01,52.6,32,28,114,8,1,0.15,26,88.4,0.12,2.8,20,60.0,0.13,3.0,18,44.4,0.14,2.9,21,47.6,0.15,3.3,13,30.7,0.19,3.2,16,18.7,0.19,3.4,A1,A1,A1,58.0,58.0,2025,2,2024-11-01,2025-04-30,85,19,4,1,1,1,0,0,0,0,0,0,0,0,0,8,4,3,2,3,0,0,0,0,0,0,0,0,0,2,6,6,2,2,0,0,0,0,0,0,0,0,0,1,9,5,3,0,2,1,0,0,0,0,0,0,0,2,2,4,3,2,0,0,0,0,0,0,0,0,0,0,3,5,0,6,2,0,0,0,0,0,0,0,0,0,0,0,0,岡山
4051,清水敦揮,シミズ アツキ,岡山,A1,S,560219,1,44,170,56,B,6.71,53.8,29,34,117,6,1,0.17,29,89.6,0.14,2.4,17,47.0,0.15,2.9,15,60.0,0.19,3.1,18,38.8,0.17,3.7,18,33.3,0.18,3.4,20,35.0,0.22,4.0,A1,A1,A1,56.0,56.0,2025,2,2024-11-01,2025-04-30,85,19,7,1,1,0,1,0,0,0,0,0,0,0,0,2,6,3,2,0,4,0,0,0,0,0,0,0,0,3,6,2,4,0,0,0,0,0,0,0,0,0,0,1,6,2,5,3,1,0,0,0,0,0,0,0,0,1,5,4,5,1,2,0,0,0,0,0,0,0,0,3,4,3,6,3,1,0,0,0,0,0,1,0,0,0,0,0,0,岡山
4052,興津藍,オキツ アイ,徳島,A1,S,560323,1,44,166,53,AB,6.82,55.5,29,26,99,6,2,0.18,20,80.0,0.18,3.5,18,72.2,0.17,3.6,15,66.6,0.18,3.3,17,47.0,0.18,3.9,14,28.5,0.17,3.7,15,26.6,0.2,4.4,B1,A2,A2,51.0,54.0,2025,2,2024-11-01,2025-04-30,85,14,2,0,0,2,2,0,0,0,0,0,0,0,0,7,6,3,1,0,1,0,0,0,0,0,0,0,0,4,6,3,0,2,0,0,0,0,0,0,0,0,0,3,5,3,1,1,4,0,0,0,0,0,0,0,0,0,4,8,0,0,2,0,0,0,0,0,0,0,0,1,3,3,5,1,2,0,0,0,0,0,0,0,0,0,0,0,0,兵庫
4053,芦澤望,アシザワ ノゾム,東京,A2,S,530125,1,47,167,56,A,5.75,38.6,19,20,101,2,1,0.18,20,75.0,0.16,3.6,15,40.0,0.17,3.5,15,53.3,0.17,2.7,18,22.2,0.19,3.9,17,17.6,0.13,2.9,16,18.7,0.23,4.6,A2,A2,B1,50.0,51.0,2025,2,2024-11-01,2025-04-30,86,13,2,3,0,1,1,0,0,0,0,0,0,0,0,0,6,4,1,0,4,0,0,0,0,0,0,0,0,4,4,1,1,3,2,0,0,0,0,0,0,0,0,1,3,6,5,0,3,0,0,0,0,0,0,0,0,0,3,3,4,5,2,0,0,0,0,0,0,0,0,1,2,5,4,2,2,0,0,0,0,0,0,0,0,0,0,0,0,千葉
4054,福嶋智之,フクシマ トモユキ,岡山,B1,S,530501,1,47,166,55,A,4.85,26.3,12,12,91,0,0,0.17,14,57.1,0.15,2.9,17,17.6,0.15,3.6,11,27.2,0.16,3.0,16,31.2,0.19,3.9,14,0.0,0.19,3.7,19,26.3,0.17,3.4,B1,B1,B1,45.0,48.0,2025,2,2024-11-01,2025-04-30,86,7,1,3,2,0,1,0,0,0,0,0,0,0,0,2,1,3,4,4,1,0,0,0,0,0,0,2,0,0,3,1,2,4,1,0,0,0,0,0,0,0,0,1,4,2,7,1,0,0,0,0,0,0,0,1,0,0,0,6,3,2,3,0,0,0,0,0,0,0,0,2,3,0,5,6,3,0,0,0,0,0,1,0,0,0,0,0,0,岡山
4055,吉田俊彦,ヨシダ トシヒコ,兵庫,A2,S,530628,1,47,167,54,O,5.92,37.1,30,19,132,5,1,0.15,25,76.0,0.13,3.0,24,45.8,0.17,3.0,22,27.2,0.14,3.5,28,25.0,0.15,3.6,21,23.8,0.15,3.6,12,8.3,0.14,3.9,A1,A1,A1,58.0,63.0,2025,2,2024-11-01,2025-04-30,86,14,5,2,4,0,0,0,0,0,0,0,0,0,0,6,5,4,2,6,1,0,0,0,0,0,0,0,0,3,3,2,7,4,3,0,0,0,0,0,0,0,0,2,5,4,4,4,9,0,0,0,0,0,0,0,0,5,0,3,7,1,5,0,0,0,0,0,0,0,0,0,1,0,1,3,7,0,0,0,0,0,1,0,0,0,0,0,0,兵庫
4056,小西英輝,コニシ ヒデキ,福井,B1,S,530920,1,46,165,56,O,4.38,25.5,12,13,98,0,0,0.15,15,73.3,0.13,2.1,16,37.5,0.15,2.8,16,31.2,0.15,2.8,15,6.6,0.16,3.6,20,10.0,0.13,2.5,16,0.0,0.16,3.3,B1,B1,B1,48.0,46.0,2025,2,2024-11-01,2025-04-30,86,8,3,2,2,0,0,0,0,0,0,0,0,0,0,2,4,1,0,5,4,0,0,0,0,0,0,0,0,2,3,6,1,1,3,0,0,0,0,0,0,0,0,0,1,1,4,5,4,0,0,0,0,0,0,0,0,0,2,3,3,6,6,0,0,0,0,0,0,0,0,0,0,1,2,9,4,0,0,0,0,0,0,0,0,0,0,0,0,福井
4057,松井賢治,マツイ ケンジ,兵庫,A2,S,540129,1,46,164,53,A,5.83,36.5,22,27,134,2,0,0.16,26,73.0,0.14,2.5,25,60.0,0.16,3.2,19,26.3,0.17,2.9,22,22.7,0.16,4.1,30,13.3,0.16,3.5,12,8.3,0.18,4.6,A2,A2,A2,51.0,52.0,2025,2,2024-11-01,2025-04-30,86,12,7,6,1,0,0,0,0,0,0,0,0,0,0,5,10,1,6,1,2,0,0,0,0,0,0,0,0,1,4,6,3,5,0,0,0,0,0,0,0,0,0,3,2,9,5,1,2,0,0,0,0,0,1,0,0,1,3,7,8,7,4,0,0,0,0,0,0,0,0,0,1,2,3,2,4,0,0,0,0,0,0,0,0,0,0,2,0,兵庫
4058,野末智一,ノズエ トモカズ,静岡,A2,S,540301,1,46,159,52,O,5.47,38.0,16,30,121,2,0,0.21,17,70.5,0.2,4.1,22,54.5,0.2,4.4,22,45.4,0.22,4.2,26,19.2,0.2,4.2,20,30.0,0.22,4.9,14,7.1,0.25,5.1,B1,B1,A2,49.0,50.0,2025,2,2024-11-01,2025-04-30,86,8,4,1,2,1,1,0,0,0,0,0,0,0,0,2,10,3,3,3,1,0,0,0,0,0,0,0,0,5,5,5,1,3,3,0,0,0,0,0,0,0,0,0,5,7,6,5,3,0,0,0,0,0,0,0,0,0,6,3,3,6,2,0,0,0,0,0,0,0,0,1,0,4,0,6,3,0,0,0,0,0,0,0,0,0,0,0,0,静岡
4059,入澤友治,イリザワ ユウジ,東京,B1,S,540327,1,46,159,55,O,5.46,42.3,27,23,118,1,0,0.15,23,69.5,0.15,2.8,16,62.5,0.15,2.3,20,30.0,0.16,3.3,19,42.1,0.13,1.9,23,34.7,0.16,2.6,17,11.7,0.15,3.8,A2,A2,B1,49.0,49.0,2025,2,2024-11-01,2025-04-30,86,15,1,0,2,2,3,0,0,0,0,0,0,0,0,3,7,4,0,1,1,0,0,0,0,0,0,0,0,1,5,2,3,5,4,0,0,0,0,0,0,0,0,3,5,2,2,3,4,0,0,0,0,0,0,0,0,3,5,1,4,8,2,0,0,0,0,0,0,0,0,2,0,3,2,2,8,0,0,0,0,0,0,0,0,0,0,0,0,東京
4060,島田一生,シマダ イッセイ,福岡,B1,S,540402,1,46,163,58,O,4.7,28.0,10,13,82,1,0,0.15,10,60.0,0.14,3.7,15,40.0,0.15,2.4,13,30.7,0.14,2.6,12,25.0,0.18,3.0,18,16.6,0.14,3.2,14,7.1,0.17,3.2,B1,B1,B1,45.0,47.0,2025,2,2024-11-01,2025-04-30,86,4,2,2,1,0,1,0,0,0,0,0,0,0,0,1,5,2,2,2,3,0,0,0,0,0,0,0,0,2,2,5,0,2,2,0,0,0,0,0,0,0,0,2,1,1,4,3,1,0,0,0,0,0,0,0,0,0,3,2,3,4,6,0,0,0,0,0,0,0,0,1,0,2,2,4,4,1,0,0,0,0,0,0,0,0,0,0,0,福岡
4061,萩原秀人,ハギハラ ヒデト,福井,A1,S,540509,1,46,165,57,B,7.19,50.7,33,34,132,7,1,0.13,31,83.8,0.12,2.1,21,57.1,0.15,3.0,20,40.0,0.14,3.0,17,35.2,0.13,3.2,22,36.3,0.13,3.1,21,33.3,0.12,2.8,A1,A1,A1,58.0,67.0,2025,2,2024-11-01,2025-04-30,86,21,5,4,0,1,0,0,0,0,0,0,0,0,0,4,8,3,3,2,1,0,0,0,0,0,0,0,0,1,7,6,2,3,1,0,0,0,0,0,0,0,0,3,3,7,2,2,0,0,0,0,0,0,0,0,0,3,5,5,2,6,1,0,0,0,0,0,0,0,0,1,6,3,5,5,1,0,0,0,0,0,0,0,0,0,0,0,0,福井
4062,後藤陽介,ゴトウ ヨウスケ,愛知,A2,S,540619,1,46,162,58,O,5.49,36.1,22,16,105,2,0,0.16,14,92.8,0.14,2.4,18,33.3,0.15,3.3,19,36.8,0.16,3.9,20,15.0,0.18,4.4,18,27.7,0.18,3.4,16,25.0,0.17,3.7,B1,B1,B1,48.0,50.0,2025,2,2024-11-01,2025-04-30,86,12,1,1,0,0,0,0,0,0,0,0,0,0,0,3,3,3,1,4,4,0,0,0,0,0,0,0,0,3,4,7,1,4,0,0,0,0,0,0,0,0,0,1,2,3,4,6,4,0,0,0,0,0,0,0,0,1,4,6,3,2,2,0,0,0,0,0,0,0,0,2,2,0,3,5,4,0,0,0,0,0,0,0,0,0,0,0,0,愛知
4063,市橋卓士,イチハシ タカシ,徳島,A1,S,540905,1,45,164,55,A,6.52,51.2,33,31,125,5,2,0.14,31,90.3,0.13,2.2,16,68.7,0.15,3.0,23,52.1,0.14,3.1,23,39.1,0.15,3.0,16,6.2,0.14,2.9,16,18.7,0.16,3.6,A1,A1,A1,56.0,57.0,2025,2,2024-11-01,2025-04-30,86,23,5,1,2,0,0,0,0,0,0,0,0,0,0,2,9,3,1,1,0,0,0,0,0,0,0,0,0,3,9,3,5,2,1,0,0,0,0,0,0,0,0,4,5,1,1,7,5,0,0,0,0,0,0,0,0,0,1,6,6,1,2,0,0,0,0,0,1,0,0,1,2,1,3,6,3,0,0,0,0,0,0,0,0,0,0,0,0,徳島
4064,原田篤志,ハラダ アツシ,山口,A1,S,541031,1,45,160,52,O,6.31,47.1,39,34,155,5,1,0.17,35,91.4,0.16,2.3,25,48.0,0.14,3.0,24,41.6,0.17,3.2,32,25.0,0.17,3.2,25,24.0,0.2,4.1,14,35.7,0.18,4.0,A1,A1,A1,55.0,55.0,2025,2,2024-11-01,2025-04-30,86,27,5,1,0,1,1,0,0,0,0,0,0,0,0,6,6,4,2,3,4,0,0,0,0,0,0,0,0,2,8,7,3,4,0,0,0,0,0,0,0,0,0,1,7,9,7,5,3,0,0,0,0,0,0,0,0,2,4,5,4,6,4,0,0,0,0,0,0,0,0,1,4,1,0,7,1,0,0,0,0,0,0,0,0,0,0,0,0,山口
4065,金田幸子,カナダ ユキコ,岡山,A2,S,541126,2,45,156,44,A,5.78,40.2,18,15,82,0,0,0.17,15,73.3,0.19,3.3,14,35.7,0.17,4.0,14,57.1,0.16,2.7,13,46.1,0.17,3.0,14,21.4,0.2,4.1,12,0.0,0.16,3.5,A2,A2,A2,51.0,51.0,2025,2,2024-11-01,2025-04-30,86,10,1,2,1,1,0,0,0,0,0,0,0,0,0,1,4,0,5,2,2,0,0,0,0,0,0,0,0,3,5,3,2,0,0,0,0,0,0,0,0,1,0,2,4,3,3,1,0,0,0,0,0,0,0,0,0,2,1,2,3,3,3,0,0,0,0,0,0,0,0,0,0,3,3,3,3,0,0,0,0,0,0,0,0,0,0,0,0,岡山
4066,東本勝利,ヒガシモト カツトシ,三重,A1,S,550112,1,45,167,54,O,6.42,43.0,28,31,137,8,0,0.15,27,88.8,0.13,2.6,23,60.8,0.17,3.9,21,23.8,0.16,3.7,25,32.0,0.15,3.2,22,27.2,0.17,3.8,19,10.5,0.15,3.4,A1,A1,A2,53.0,55.0,2025,2,2024-11-01,2025-04-30,86,19,5,1,0,2,0,0,0,0,0,0,0,0,0,2,12,4,1,2,2,0,0,0,0,0,0,0,0,1,4,10,1,2,3,0,0,0,0,0,0,0,0,4,4,11,4,1,1,0,0,0,0,0,0,0,0,1,5,8,1,6,1,0,0,0,0,0,0,0,0,1,1,6,2,5,3,0,0,0,0,0,0,0,1,0,0,0,0,三重
4067,永井源,ナガイ ミナモト,愛知,A1,S,550316,1,45,162,53,O,6.54,51.3,40,39,154,5,0,0.17,34,76.4,0.18,3.7,25,48.0,0.18,3.6,29,58.6,0.18,3.1,28,53.5,0.17,2.8,29,27.5,0.17,3.5,9,11.1,0.13,2.8,A1,A1,A1,53.0,54.0,2025,2,2024-11-01,2025-04-30,86,21,5,4,1,2,1,0,0,0,0,0,0,0,0,3,9,5,3,4,1,0,0,0,0,0,0,0,0,8,9,6,2,2,2,0,0,0,0,0,0,0,0,6,9,3,7,3,0,0,0,0,0,0,1,0,0,2,6,5,5,7,4,0,0,0,0,0,0,0,0,0,1,2,2,3,1,0,0,0,0,0,0,0,0,0,0,0,0,福岡
4068,幸田智裕,コウダ チヒロ,静岡,B1,S,550528,1,45,167,54,O,5.06,28.7,11,22,115,1,0,0.16,16,68.7,0.16,3.3,22,36.3,0.19,4.0,17,35.2,0.15,2.6,22,22.7,0.16,3.1,24,8.3,0.15,3.4,14,7.1,0.18,3.7,B1,B1,B1,49.0,49.0,2025,2,2024-11-01,2025-04-30,86,5,6,2,2,1,0,0,0,0,0,0,0,0,0,1,7,5,4,4,1,0,0,0,0,0,0,0,0,2,4,4,3,1,3,0,0,0,0,0,0,0,0,1,4,5,6,3,3,0,0,0,0,0,0,0,0,2,0,6,4,6,6,0,0,0,0,0,0,0,0,0,1,2,5,5,1,0,0,0,0,0,0,0,0,0,0,0,0,静岡
4069,山本修一,ヤマモト シュウイチ,岡山,A1,S,550723,1,44,162,55,AB,6.5,50.9,25,29,106,4,0,0.17,21,80.9,0.15,3.3,17,76.4,0.16,3.2,20,45.0,0.15,3.2,14,42.8,0.17,3.4,18,38.8,0.19,4.6,16,12.5,0.24,5.3,A1,A1,A1,52.0,54.0,2025,2,2024-11-01,2025-04-30,86,13,4,1,1,0,1,1,0,0,0,0,0,0,0,5,8,1,1,1,1,0,0,0,0,0,0,0,0,2,7,5,2,2,2,0,0,0,0,0,0,0,0,3,3,1,3,3,1,0,0,0,0,0,0,0,0,2,5,4,3,3,1,0,0,0,0,0,0,0,0,0,2,6,4,1,3,0,0,0,0,0,0,0,0,0,0,0,0,岡山
4071,古賀千晶,コガ チアキ,兵庫,B1,S,551205,2,44,156,46,A,4.84,26.2,13,8,80,1,0,0.19,13,69.2,0.14,2.9,14,28.5,0.19,4.4,12,41.6,0.17,2.3,15,13.3,0.21,3.7,12,8.3,0.17,3.4,14,0.0,0.23,4.1,B1,B1,B1,49.0,48.0,2025,2,2024-11-01,2025-04-30,86,7,2,2,0,1,1,0,0,0,0,0,0,0,0,3,1,3,2,1,4,0,0,0,0,0,0,0,0,3,2,3,2,0,2,0,0,0,0,0,0,0,0,0,2,4,3,4,2,0,0,0,0,0,0,0,0,0,1,3,3,3,2,0,0,0,0,0,0,0,0,0,0,3,0,3,8,0,0,0,0,0,1,0,0,0,0,0,0,佐賀
4072,森永淳,モリナガ ジュン,佐賀,A1,S,560101,1,44,158,54,A,6.54,50.4,42,21,125,5,2,0.14,26,88.4,0.13,2.2,19,52.6,0.14,2.3,20,50.0,0.15,2.8,28,42.8,0.13,2.7,19,26.3,0.16,2.6,13,23.0,0.17,3.6,A1,A2,A1,52.0,56.0,2025,2,2024-11-01,2025-04-30,86,19,4,1,0,1,1,0,0,0,0,0,0,0,0,7,3,2,0,5,2,0,0,0,0,0,0,0,0,5,5,6,1,1,2,0,0,0,0,0,0,0,0,6,6,6,7,2,1,0,0,0,0,0,0,0,0,4,1,2,2,5,5,0,0,0,0,0,0,0,0,1,2,1,3,0,6,0,0,0,0,0,0,0,0,0,0,3,0,佐賀
4073,大橋純一郎,オオハシ ジュンイチロウ,静岡,A2,S,560320,1,44,166,53,O,6.24,44.7,39,29,152,2,0,0.14,32,84.3,0.12,2.1,25,48.0,0.14,2.6,29,44.8,0.14,2.6,22,27.2,0.16,2.7,22,22.7,0.15,3.2,22,22.7,0.16,3.6,A1,A2,A1,53.0,53.0,2025,2,2024-11-01,2025-04-30,86,25,2,0,2,2,0,0,0,0,0,0,0,1,0,6,6,3,5,3,2,0,0,0,0,0,0,0,0,4,9,7,6,0,3,0,0,0,0,0,0,0,0,3,3,6,5,3,2,0,0,0,0,0,0,0,0,1,4,6,5,3,3,0,0,0,0,0,0,0,0,0,5,6,3,5,3,0,0,0,0,0,0,0,0,0,0,0,0,静岡
4074,柳沢一,ヤナギサワ ハジメ,愛知,A1,S,560406,1,44,165,53,AB,6.31,43.6,28,27,126,2,0,0.14,27,85.1,0.11,1.7,20,40.0,0.17,3.6,20,45.0,0.14,2.8,19,57.8,0.14,3.0,23,13.0,0.14,3.1,17,5.8,0.12,2.6,A1,A1,A1,59.0,59.0,2025,2,2024-11-01,2025-04-30,86,17,6,2,0,1,0,1,0,0,0,0,0,0,0,4,4,4,1,3,4,0,0,0,0,0,0,0,0,3,6,5,1,5,0,0,0,0,0,0,0,0,0,2,9,2,3,2,1,0,0,0,0,0,0,0,0,2,1,8,7,3,2,0,0,0,0,0,0,0,0,0,1,3,5,2,6,0,0,0,0,0,0,0,0,0,0,0,0,愛知
4075,中野次郎,ナカノ ジロウ,東京,A1,S,560526,1,44,171,56,O,7.04,48.9,39,33,147,5,2,0.13,33,87.8,0.1,2.0,21,61.9,0.14,3.0,22,31.8,0.14,2.7,22,45.4,0.12,2.5,29,31.0,0.15,3.1,20,20.0,0.17,3.7,A1,A1,A1,61.0,64.0,2025,2,2024-11-01,2025-04-30,86,23,6,2,1,1,0,0,0,0,0,0,0,0,0,6,7,6,0,1,1,0,0,0,0,0,0,0,0,1,6,3,6,4,2,0,0,0,0,0,0,0,0,3,7,6,2,3,1,0,0,0,0,0,0,0,0,4,5,9,4,4,3,0,0,0,0,0,0,0,0,2,2,7,5,3,1,0,0,0,0,0,0,0,0,0,0,0,0,東京
4076,杉田篤光,スギタ トクミツ,静岡,A2,S,530808,1,46,165,53,O,5.7,38.2,22,17,102,1,0,0.2,20,75.0,0.19,3.4,15,40.0,0.2,4.9,11,45.4,0.14,3.2,21,28.5,0.21,4.9,18,27.7,0.22,4.6,16,12.5,0.21,4.8,B1,A2,A2,50.0,50.0,2025,2,2024-11-01,2025-04-30,87,14,1,1,3,0,1,0,0,0,0,0,0,0,0,1,5,3,2,2,1,1,0,0,0,0,0,0,0,2,3,2,1,3,0,0,0,0,0,0,0,0,0,2,4,5,6,4,0,0,0,0,0,0,0,0,0,2,3,4,3,4,1,0,0,0,0,0,0,1,0,1,1,3,3,6,2,0,0,0,0,0,0,0,0,0,0,0,1,静岡
4077,品田直樹,シナダ ナオキ,東京,B1,S,531013,1,46,159,51,A,4.55,25.4,9,22,122,0,0,0.19,20,55.0,0.18,3.1,21,38.1,0.17,3.0,26,30.7,0.18,3.8,20,10.0,0.19,4.3,19,10.5,0.2,3.8,16,0.0,0.23,4.2,B1,B1,B1,48.0,47.0,2025,2,2024-11-01,2025-04-30,87,6,5,1,4,1,2,0,0,0,0,0,0,1,0,3,5,3,4,5,1,0,0,0,0,0,0,0,0,0,8,6,2,6,4,0,0,0,0,0,0,0,0,0,2,6,4,6,1,0,0,0,0,0,0,1,0,0,2,4,4,3,6,0,0,0,0,0,0,0,0,0,0,2,3,6,5,0,0,0,0,0,0,0,0,0,0,0,0,神奈川
4078,渡辺史之,ワタナベ フミユキ,群馬,B1,S,531027,1,46,160,53,AB,3.09,12.5,5,6,88,0,0,0.2,11,45.4,0.16,2.0,17,11.7,0.19,3.9,15,20.0,0.19,4.2,14,0.0,0.2,3.6,17,5.8,0.2,4.3,14,0.0,0.22,5.1,B1,B1,B1,45.0,41.0,2025,2,2024-11-01,2025-04-30,87,4,1,0,1,2,3,0,0,0,0,0,0,0,0,0,2,3,4,4,4,0,0,0,0,0,0,0,0,1,2,1,2,4,5,0,0,0,0,0,0,0,0,0,0,2,2,3,6,1,0,0,0,0,0,0,0,0,1,1,3,4,8,0,0,0,0,0,0,0,0,0,0,0,1,7,6,0,0,0,0,0,0,0,0,0,0,0,0,群馬
4079,出畑孝典,デバタ タカノリ,福岡,A2,S,531225,1,46,170,55,B,6.0,40.6,31,28,145,6,0,0.16,30,93.3,0.16,3.0,22,36.3,0.15,3.6,22,40.9,0.17,3.5,24,33.3,0.13,2.6,22,13.6,0.14,3.2,25,12.0,0.19,4.2,A1,A1,A1,54.0,56.0,2025,2,2024-11-01,2025-04-30,87,22,6,0,0,0,2,0,0,0,0,0,0,0,0,2,6,5,4,3,2,0,0,0,0,0,0,0,0,4,5,6,3,2,2,0,0,0,0,0,0,0,0,2,6,7,1,3,4,1,0,0,0,0,0,0,0,0,3,8,3,4,4,0,0,0,0,0,0,0,0,1,2,3,5,11,3,0,0,0,0,0,0,0,0,0,0,0,0,福岡
4080,山崎哲司,ヤマザキ テツジ,愛知,A1,S,540117,1,46,164,51,O,6.61,51.1,29,37,129,3,0,0.11,24,91.6,0.1,1.9,23,60.8,0.11,1.8,23,60.8,0.11,1.9,24,33.3,0.11,2.2,22,22.7,0.12,2.2,13,23.0,0.11,2.4,A1,A2,B1,54.0,58.0,2025,2,2024-11-01,2025-04-30,87,19,3,1,1,0,0,0,0,0,0,0,0,0,0,2,12,2,2,1,4,0,0,0,0,0,1,0,0,6,8,5,2,1,1,0,0,0,0,0,0,0,0,1,7,4,6,5,1,0,0,0,0,0,0,0,0,1,4,7,5,3,2,0,0,0,0,0,0,0,0,0,3,3,1,6,0,0,0,0,0,0,0,0,0,0,0,0,0,愛知
4081,樋口範政,ヒグチ ノリマサ,愛知,B1,S,540129,1,46,170,58,A,3.91,16.2,8,11,117,0,0,0.19,15,53.3,0.14,2.4,18,22.2,0.15,2.9,22,13.6,0.19,3.8,22,9.0,0.19,3.5,24,8.3,0.21,4.0,16,0.0,0.25,4.9,B1,B1,B1,46.0,45.0,2025,2,2024-11-01,2025-04-30,87,6,2,4,0,2,0,1,0,0,0,0,0,0,0,0,4,2,4,3,5,0,0,0,0,0,0,0,0,0,3,6,5,6,2,0,0,0,0,0,0,0,0,1,1,5,3,7,5,0,0,0,0,0,0,0,0,1,1,2,8,4,8,0,0,0,0,0,0,0,0,0,0,1,1,7,7,0,0,0,0,0,0,0,0,0,0,0,0,愛知
4082,濱崎誠,ハマサキ マコト,大阪,B1,S,540810,1,45,165,54,A,5.12,33.7,9,16,74,0,0,0.18,11,54.5,0.16,2.8,14,35.7,0.2,3.5,12,41.6,0.17,2.5,11,36.3,0.19,3.5,13,30.7,0.19,3.8,13,7.6,0.17,3.8,B2,B2,B2,46.0,49.0,2025,2,2024-11-01,2025-04-30,87,4,2,2,1,1,1,0,0,0,0,0,0,0,0,1,4,3,0,4,2,0,0,0,0,0,1,0,0,2,3,4,0,2,1,0,0,0,0,0,0,0,0,1,3,1,2,1,3,0,0,0,0,0,0,0,0,0,4,1,2,5,0,0,0,0,0,0,0,0,1,1,0,3,4,3,2,0,0,0,0,0,0,0,0,0,0,0,0,大阪
4083,福島勇樹,フクシマ ユウキ,東京,A2,S,540820,1,45,165,52,AB,5.52,37.0,19,21,108,3,0,0.15,20,75.0,0.1,2.1,14,28.5,0.13,3.1,18,38.8,0.16,2.8,19,47.3,0.16,2.8,19,15.7,0.15,2.9,18,11.1,0.21,4.3,A1,A1,A2,53.0,56.0,2025,2,2024-11-01,2025-04-30,87,13,2,0,2,3,0,0,0,0,0,0,0,0,0,2,2,0,4,1,5,0,0,0,0,0,0,0,0,0,7,3,3,1,2,1,0,0,0,0,0,1,0,4,5,1,5,2,2,0,0,0,0,0,0,0,0,0,3,7,4,1,3,1,0,0,0,0,0,0,0,0,2,2,1,8,5,0,0,0,0,0,0,0,0,0,0,0,0,東京
4084,杉山正樹,スギヤマ マサキ,愛知,A1,S,540925,1,45,167,57,O,6.49,44.2,24,30,122,5,0,0.16,21,95.2,0.15,3.2,23,39.1,0.17,4.1,20,50.0,0.15,3.2,23,39.1,0.16,3.7,19,15.7,0.14,3.6,16,18.7,0.18,4.5,A1,A1,A1,57.0,64.0,2025,2,2024-11-01,2025-04-30,87,17,3,1,0,0,0,0,0,0,0,0,0,0,0,2,7,4,5,2,2,0,0,0,0,0,0,1,0,0,10,4,4,2,0,0,0,0,0,0,0,0,0,3,6,7,2,3,2,0,0,0,0,0,0,0,0,1,2,3,7,5,1,0,0,0,0,0,1,0,0,1,2,2,2,3,5,0,0,0,0,0,1,1,0,0,0,0,0,愛知
4085,荻野裕介,オギノ ユウスケ,東京,B2,S,541116,1,45,159,58,O,4.34,17.0,2,6,47,0,0,0.23,3,66.6,0.08,1.0,4,25.0,0.24,4.5,2,50.0,0.2,5.5,4,25.0,0.25,4.0,5,0.0,0.23,4.6,29,10.3,0.23,5.2,B1,B1,A2,49.0,47.0,2025,2,2024-11-01,2025-04-30,87,2,0,0,0,0,0,1,0,0,0,0,0,0,0,0,1,1,1,1,0,0,0,0,0,0,0,0,0,0,1,0,0,1,0,0,0,0,0,0,0,0,0,0,1,1,1,0,1,0,0,0,0,0,0,0,0,0,0,0,2,2,1,0,0,0,0,0,0,0,0,0,3,6,13,4,2,0,0,0,0,0,0,1,0,0,0,0,0,東京
4086,寺本重宣,テラモト シゲノブ,東京,A2,S,550511,1,45,162,50,A,6.04,42.7,21,20,96,4,1,0.16,22,68.1,0.14,2.7,12,58.3,0.19,3.1,17,35.2,0.16,3.5,13,46.1,0.14,2.8,17,23.5,0.17,3.8,15,20.0,0.19,3.9,A1,A2,A1,54.0,53.0,2025,2,2024-11-01,2025-04-30,87,12,3,1,2,3,0,1,0,0,0,0,0,0,0,3,4,1,1,2,1,0,0,0,0,0,0,0,0,2,4,5,3,3,0,0,0,0,0,0,0,0,0,1,5,1,0,2,3,0,0,0,0,0,1,1,0,2,2,6,4,2,1,0,0,0,0,0,0,0,0,1,2,4,3,4,1,0,0,0,0,0,0,0,0,0,0,2,0,神奈川
4089,妹尾忠幸,セノオ タダユキ,岡山,A2,S,550827,1,44,168,55,A,6.16,42.5,31,29,141,4,1,0.16,32,84.3,0.17,3.5,21,52.3,0.15,2.4,28,35.7,0.13,2.8,20,15.0,0.16,2.9,26,23.0,0.17,3.7,14,21.4,0.19,4.4,A1,A1,A1,55.0,54.0,2025,2,2024-11-01,2025-04-30,87,22,5,1,2,1,1,0,0,0,0,0,0,0,0,5,6,5,2,1,2,0,0,0,0,0,0,0,0,4,6,10,0,5,3,0,0,0,0,0,0,0,0,0,3,10,4,1,2,0,0,0,0,0,0,0,0,0,6,6,4,7,3,0,0,0,0,0,0,0,0,0,3,2,2,4,3,0,0,0,0,0,0,0,0,0,0,0,0,岡山
4090,中村尊,ナカムラ タケル,埼玉,A2,S,550911,1,44,164,55,O,6.04,43.5,35,26,140,3,0,0.13,32,90.6,0.11,2.0,17,23.5,0.14,2.3,30,36.6,0.13,2.2,20,45.0,0.13,2.0,21,28.5,0.13,3.1,20,10.0,0.14,3.5,A1,A1,A1,52.0,53.0,2025,2,2024-11-01,2025-04-30,87,25,4,2,1,0,0,0,0,0,0,0,0,0,0,0,4,6,4,1,2,0,0,0,0,0,0,0,0,6,5,6,4,5,4,0,0,0,0,0,0,0,0,3,6,1,6,4,0,0,0,0,0,0,0,0,0,1,5,4,2,6,3,0,0,0,0,0,0,0,0,0,2,2,6,5,5,0,0,0,0,0,0,0,0,0,0,1,0,埼玉
4092,岡部大輔,オカベ ダイスケ,佐賀,B1,S,560112,1,44,158,53,A,5.45,38.6,22,24,119,0,0,0.15,17,94.1,0.11,1.8,20,60.0,0.18,2.7,23,34.7,0.12,2.7,19,21.0,0.15,2.4,24,25.0,0.14,3.3,16,0.0,0.23,5.0,B1,B1,A2,49.0,50.0,2025,2,2024-11-01,2025-04-30,87,12,4,1,0,0,0,0,0,0,0,0,0,0,0,2,10,0,2,5,1,0,0,0,0,0,0,0,0,2,6,6,5,2,2,0,0,0,0,0,0,0,0,3,1,4,6,4,1,0,0,0,0,0,0,0,0,3,3,3,5,4,6,0,0,0,0,0,0,0,0,0,0,3,2,4,7,0,0,0,0,0,0,0,0,0,0,0,0,佐賀
4093,吉田宗弘,ヨシダ ムネヒロ,東京,B1,S,560304,1,44,163,51,A,4.38,19.6,7,16,117,1,0,0.22,21,38.1,0.18,3.6,19,10.5,0.22,4.3,24,20.8,0.21,4.1,20,15.0,0.21,4.3,17,23.5,0.25,4.4,16,6.2,0.26,4.9,B1,B1,B1,47.0,47.0,2025,2,2024-11-01,2025-04-30,87,4,4,6,2,3,2,0,0,0,0,0,0,0,0,0,2,6,5,4,2,0,0,0,0,0,0,0,0,1,4,8,3,3,5,0,0,0,0,0,0,0,0,0,3,6,3,4,4,0,0,0,0,0,0,0,0,1,3,0,3,5,5,0,0,0,0,0,0,0,0,1,0,2,3,4,5,0,0,0,0,0,0,1,0,0,0,0,0,東京
4094,中島真二,ナカシマ シンジ,福岡,B1,S,560516,1,44,163,55,O,4.55,23.3,7,17,103,0,0,0.19,13,76.9,0.18,4.1,21,14.2,0.2,3.8,17,5.8,0.19,3.5,14,35.7,0.2,4.1,25,20.0,0.2,4.0,13,0.0,0.19,4.5,B1,B1,B1,47.0,48.0,2025,2,2024-11-01,2025-04-30,87,4,6,0,3,0,0,0,0,0,0,0,0,0,0,1,2,5,4,4,5,0,0,0,0,0,0,0,0,0,1,5,3,5,3,0,0,0,0,0,0,0,0,1,4,2,2,2,3,0,0,0,0,0,0,0,0,1,4,7,6,5,2,0,0,0,0,0,0,0,0,0,0,1,3,5,4,0,0,0,0,0,0,0,0,0,0,0,0,福岡
4095,福来剛,フクライ ツヨシ,東京,A1,S,560613,1,44,166,52,A,7.26,55.7,32,21,95,5,1,0.15,22,77.2,0.11,2.7,12,58.3,0.13,3.7,15,33.3,0.16,3.6,13,61.5,0.14,3.2,15,46.6,0.16,3.9,18,50.0,0.19,4.4,A1,A1,A1,60.0,65.0,2025,2,2024-11-01,2025-04-30,87,14,3,1,3,0,1,0,0,0,0,0,0,0,0,5,2,0,1,1,2,1,0,0,0,0,0,0,0,3,2,3,4,2,0,1,0,0,0,0,0,0,0,2,6,3,0,0,2,0,0,0,0,0,0,0,0,4,3,4,1,2,1,0,0,0,0,0,0,0,0,4,5,4,1,4,0,0,0,0,0,0,0,0,0,0,0,0,0,東京
4096,石橋道友,イシバシ ミチトモ,長崎,A1,S,561118,1,43,163,55,A,6.76,48.2,35,21,116,6,2,0.15,30,86.6,0.14,3.1,16,62.5,0.17,3.4,20,30.0,0.15,3.1,20,25.0,0.16,3.3,15,26.6,0.14,2.6,15,33.3,0.17,3.5,A1,A1,A1,56.0,57.0,2025,2,2024-11-01,2025-04-30,87,25,1,1,2,1,0,0,0,0,0,0,0,0,0,3,7,0,3,2,1,0,0,0,0,0,0,0,0,1,5,5,6,3,0,0,0,0,0,0,0,0,0,2,3,9,4,1,1,0,0,0,0,0,0,0,0,2,2,2,6,0,2,1,0,0,0,0,0,0,0,2,3,3,3,3,1,0,0,0,0,0,0,0,0,0,0,0,0,長崎
4097,貫地谷直人,カンジヤ ナオト,広島,B1,S,570125,1,43,160,57,O,3.84,12.5,2,8,80,0,0,0.21,10,20.0,0.2,3.8,18,16.6,0.21,4.1,13,0.0,0.25,4.6,10,10.0,0.2,4.9,15,26.6,0.17,3.7,14,0.0,0.24,5.5,B1,B1,B1,46.0,45.0,2025,2,2024-11-01,2025-04-30,87,1,1,4,2,0,2,0,0,0,0,0,0,0,0,0,3,3,5,3,4,0,0,0,0,0,0,0,0,0,0,3,4,6,0,0,0,0,0,0,0,0,0,0,1,1,2,2,4,0,0,0,0,0,0,0,0,1,3,4,3,3,1,0,0,0,0,0,0,0,0,0,0,1,3,2,8,0,0,0,0,0,1,0,0,0,0,0,0,広島
4098,赤澤文香,アカザワ フミカ,岡山,B1,S,570330,2,43,158,50,A,4.49,22.2,4,10,63,0,0,0.22,10,40.0,0.17,4.1,11,27.2,0.18,4.2,11,36.3,0.19,4.2,10,20.0,0.26,4.9,12,8.3,0.25,5.0,9,0.0,0.27,5.2,B1,B1,B1,47.0,47.0,2025,2,2024-11-01,2025-04-30,87,1,3,4,0,1,0,1,0,0,0,0,0,0,0,1,2,2,3,3,0,0,0,0,0,0,0,0,0,2,2,2,5,0,0,0,0,0,0,0,0,0,0,0,2,2,2,4,0,0,0,0,0,0,0,0,0,0,1,2,1,4,4,0,0,0,0,0,0,0,0,0,0,0,2,4,3,0,0,0,0,0,0,0,0,0,0,0,0,岡山
4099,吉永則雄,ヨシナガ ノリオ,大阪,A1,S,531125,1,46,162,52,B,6.27,48.5,35,30,134,4,2,0.16,31,83.8,0.17,3.6,20,50.0,0.18,3.8,23,39.1,0.15,3.0,27,37.0,0.17,2.7,19,42.1,0.15,2.9,12,16.6,0.15,3.0,A1,A1,A1,54.0,53.0,2025,2,2024-11-01,2025-04-30,88,22,4,1,0,2,2,0,0,0,0,0,0,0,0,4,6,6,2,2,0,0,0,0,0,0,0,0,0,5,4,5,5,2,2,0,0,0,0,0,0,0,0,2,8,5,2,5,5,0,0,0,0,0,0,0,0,1,7,5,2,1,3,0,0,0,0,0,0,0,0,1,1,0,3,4,3,0,0,0,0,0,0,0,0,0,0,0,2,大阪
4100,松田隆司,マツダ タカシ,福岡,B1,S,540106,1,46,170,56,O,4.6,22.6,13,9,97,2,0,0.17,13,92.3,0.12,1.9,17,11.7,0.13,3.6,17,11.7,0.19,3.6,15,26.6,0.18,3.9,17,11.7,0.18,4.2,18,0.0,0.22,5.3,B1,B1,A2,48.0,47.0,2025,2,2024-11-01,2025-04-30,88,10,2,0,0,0,1,0,0,0,0,0,0,0,0,1,1,6,1,4,4,0,0,0,0,0,0,0,0,1,1,7,2,4,2,0,0,0,0,0,0,0,0,0,4,2,4,5,0,0,0,0,0,0,0,0,0,1,1,3,3,4,5,0,0,0,0,0,0,0,0,0,0,3,3,4,8,0,0,0,0,0,0,0,0,0,0,0,0,福岡
4102,益田啓司,マスダ ケイジ,福岡,A2,S,540429,1,46,163,53,O,6.23,46.2,40,21,132,4,0,0.15,29,89.6,0.13,2.2,17,41.1,0.15,2.9,23,52.1,0.15,3.3,20,50.0,0.14,2.7,25,24.0,0.14,3.3,18,0.0,0.19,3.5,A1,A1,A1,53.0,56.0,2025,2,2024-11-01,2025-04-30,88,21,5,1,2,0,0,0,0,0,0,0,0,0,0,1,6,4,3,0,2,1,0,0,0,0,0,0,0,7,5,6,1,3,1,0,0,0,0,0,0,0,0,6,4,0,5,0,5,0,0,0,0,0,0,0,0,5,1,4,2,5,8,0,0,0,0,0,0,0,0,0,0,4,2,5,7,0,0,0,0,0,0,0,0,0,0,0,0,大分
4103,山崎善庸,ヤマザキ ヨシノブ,埼玉,B1,S,540711,1,45,159,53,A,4.06,22.2,6,14,90,0,0,0.22,13,53.8,0.19,3.5,16,25.0,0.23,4.6,19,31.5,0.22,4.3,20,10.0,0.22,4.8,9,11.1,0.22,5.3,13,0.0,0.26,5.6,B1,B1,B1,47.0,45.0,2025,2,2024-11-01,2025-04-30,88,4,3,2,1,2,1,0,0,0,0,0,0,0,0,1,3,3,6,3,0,0,0,0,0,0,0,0,0,0,6,3,5,4,1,0,0,0,0,0,0,0,0,0,2,3,2,4,7,0,0,0,0,0,0,1,1,1,0,0,0,4,4,0,0,0,0,0,0,0,0,0,0,0,2,5,6,0,0,0,0,0,0,0,0,0,0,0,0,東京
4104,木下陽介,キノシタ ヨウスケ,東京,B1,S,540903,1,45,157,60,A,4.39,26.8,10,12,82,0,0,0.17,11,45.4,0.19,2.9,14,35.7,0.16,3.1,15,26.6,0.19,3.7,12,8.3,0.15,2.6,13,30.7,0.12,2.1,17,17.6,0.2,4.2,B1,B1,B1,45.0,45.0,2025,2,2024-11-01,2025-04-30,88,4,1,0,3,0,1,1,0,0,0,0,0,0,1,2,3,2,3,2,2,0,0,0,0,0,0,0,0,2,2,1,1,5,4,0,0,0,0,0,0,0,0,1,0,1,5,3,2,0,0,0,0,0,1,0,0,1,3,2,0,2,5,0,0,0,0,0,0,0,0,0,3,3,3,4,4,0,0,0,0,0,0,0,0,0,0,0,0,東京
4105,松下直也,マツシタ ナオヤ,兵庫,A2,S,541002,1,45,158,54,AB,5.65,36.5,22,20,115,0,0,0.18,22,72.7,0.19,3.9,19,36.8,0.2,3.9,21,38.1,0.19,3.2,21,14.2,0.16,3.4,20,40.0,0.18,3.4,12,0.0,0.17,4.0,A2,B1,A2,52.0,51.0,2025,2,2024-11-01,2025-04-30,88,11,5,2,1,1,2,0,0,0,0,0,0,0,0,3,4,4,3,2,3,0,0,0,0,0,0,0,0,3,5,7,2,3,1,0,0,0,0,0,0,0,0,2,1,5,5,4,4,0,0,0,0,0,0,0,0,3,5,4,4,3,1,0,0,0,0,0,0,0,0,0,0,4,2,3,3,0,0,0,0,0,0,0,0,0,0,1,0,兵庫
4106,坂井康嗣,サカイ ヤスシ,佐賀,B1,S,541029,1,45,164,53,A,3.87,18.4,8,9,92,0,0,0.2,14,50.0,0.18,3.6,16,25.0,0.2,4.4,15,6.6,0.17,3.7,19,21.0,0.19,3.6,16,6.2,0.21,3.9,12,0.0,0.23,5.1,B1,B1,B1,46.0,44.0,2025,2,2024-11-01,2025-04-30,88,4,3,2,3,1,1,0,0,0,0,0,0,0,0,2,2,1,1,6,4,0,0,0,0,0,0,0,0,0,1,2,3,3,5,0,0,0,0,0,0,1,0,2,2,6,3,2,4,0,0,0,0,0,0,0,0,0,1,1,5,5,4,0,0,0,0,0,0,0,0,0,0,0,2,2,8,0,0,0,0,0,0,0,0,0,0,0,0,佐賀
4108,吉村正明,ヨシムラ マサアキ,山口,B2,S,541225,1,45,160,52,AB,6.83,55.3,17,9,47,2,0,0.14,13,69.2,0.13,1.8,5,80.0,0.1,2.2,9,55.5,0.16,3.5,8,50.0,0.12,1.9,9,33.3,0.15,3.7,3,33.3,0.16,3.0,A1,A1,A2,54.0,54.0,2025,2,2024-11-01,2025-04-30,88,9,0,2,1,0,1,0,0,0,0,0,0,0,0,1,3,1,0,0,0,0,0,0,0,0,0,0,0,2,3,0,2,0,2,0,0,0,0,0,1,0,0,3,1,1,3,0,0,0,0,0,0,0,0,0,0,1,2,2,0,3,1,0,0,0,0,0,0,0,0,1,0,0,2,0,0,0,0,0,0,0,0,0,0,0,0,0,0,山口
4109,谷津幸宏,ヤツ ユキヒロ,埼玉,A1,S,550428,1,45,172,55,A,6.39,48.4,36,28,132,7,0,0.12,26,88.4,0.12,1.7,23,47.8,0.09,2.2,20,55.0,0.11,1.8,20,55.0,0.13,2.2,21,23.8,0.15,2.9,22,13.6,0.13,3.0,A2,A2,A1,51.0,53.0,2025,2,2024-11-01,2025-04-30,88,19,4,2,0,1,0,0,0,0,0,0,0,0,0,4,7,4,4,2,2,0,0,0,0,0,0,0,0,6,5,4,3,1,1,0,0,0,0,0,0,0,0,5,6,2,3,3,1,0,0,0,0,0,0,0,0,1,4,3,4,6,3,0,0,0,0,0,0,0,0,1,2,6,6,3,4,0,0,0,0,0,0,0,0,0,0,0,0,埼玉
4110,小澤和也,オザワ カズヤ,埼玉,B1,S,550517,1,45,169,58,O,3.95,24.1,10,10,83,0,0,0.17,10,80.0,0.13,1.9,18,27.7,0.17,3.3,15,13.3,0.14,2.4,14,21.4,0.17,3.2,14,7.1,0.19,3.6,12,8.3,0.19,4.4,B1,B1,B1,46.0,43.0,2025,2,2024-11-01,2025-04-30,88,8,0,1,0,0,0,0,0,0,0,0,0,1,0,2,3,4,2,1,5,1,0,0,0,0,0,0,0,0,2,3,1,4,5,0,0,0,0,0,0,0,0,0,3,0,3,1,7,0,0,0,0,0,0,0,0,0,1,0,4,4,5,0,0,0,0,0,0,0,0,0,1,0,1,4,6,0,0,0,0,0,0,0,0,0,0,0,0,埼玉
4111,奥田誠,オクダ マコト,広島,B1,S,550625,1,45,165,59,B,5.09,27.4,20,16,131,0,0,0.18,20,75.0,0.18,3.8,25,24.0,0.18,3.8,22,27.2,0.19,3.8,23,26.0,0.18,3.8,25,12.0,0.18,3.8,16,0.0,0.2,5.1,B1,B1,B1,50.0,49.0,2025,2,2024-11-01,2025-04-30,88,12,3,1,3,1,0,0,0,0,0,0,0,0,0,1,5,8,5,3,2,0,0,0,0,0,0,1,0,2,4,6,5,2,3,0,0,0,0,0,0,0,0,3,3,8,4,3,1,0,0,0,0,0,0,0,1,2,1,4,3,5,10,0,0,0,0,0,0,0,0,0,0,3,6,4,3,0,0,0,0,0,0,0,0,0,0,0,0,広島
4112,大久保信一郎,オオクボ シンイチロウ,佐賀,B1,S,550628,1,45,168,55,B,4.64,20.7,2,9,53,0,0,0.19,4,50.0,0.15,3.3,11,9.0,0.19,3.1,12,33.3,0.2,3.9,10,30.0,0.2,4.0,12,8.3,0.17,4.2,4,0.0,0.21,6.0,B2,A2,A2,0.0,48.0,2025,2,2024-11-01,2025-04-30,88,2,0,0,0,1,1,0,0,0,0,0,0,0,0,0,1,4,2,3,1,0,0,0,0,0,1,0,0,0,4,2,1,2,3,0,0,0,0,0,0,0,0,0,3,4,1,1,1,0,0,0,0,0,0,0,0,0,1,7,2,0,2,0,0,0,0,0,0,0,0,0,0,0,0,2,2,0,0,0,0,0,0,0,0,0,0,0,0,佐賀
4113,木村浩士,キムラ ヒロシ,群馬,B1,S,550731,1,44,165,57,AB,4.78,28.8,17,19,125,1,0,0.19,19,63.1,0.21,4.5,25,40.0,0.19,4.6,19,42.1,0.2,4.3,17,17.6,0.18,3.9,27,7.4,0.19,4.7,18,5.5,0.2,4.2,B1,B1,B1,48.0,48.0,2025,2,2024-11-01,2025-04-30,88,9,3,5,2,0,0,0,0,0,0,0,0,0,0,4,6,3,2,7,3,0,0,0,0,0,0,0,0,2,6,3,3,1,4,0,0,0,0,0,0,0,0,1,2,0,7,4,3,0,0,0,0,0,0,0,0,1,1,6,5,6,8,0,0,0,0,0,0,0,0,0,1,2,2,9,4,0,0,0,0,0,0,0,0,0,0,0,0,群馬
4114,深澤達徳,フカサワ タツノリ,東京,A2,S,550927,1,44,164,54,A,5.7,32.3,18,25,133,2,0,0.17,28,78.5,0.17,2.8,19,42.1,0.2,3.3,24,25.0,0.15,2.7,21,14.2,0.17,3.6,22,18.1,0.15,3.7,19,0.0,0.2,3.8,A2,A2,A2,51.0,51.0,2025,2,2024-11-01,2025-04-30,88,12,10,3,2,0,0,0,0,0,0,0,0,1,0,3,5,6,1,2,2,0,0,0,0,0,1,0,0,2,4,11,4,3,0,0,0,0,0,0,1,0,0,1,2,11,3,3,0,0,0,0,0,0,0,1,0,0,4,5,6,5,2,0,0,0,0,0,0,0,0,0,0,6,5,2,5,0,0,0,0,0,0,1,0,0,0,0,0,山梨
4116,川田正人,カワタ マサト,徳島,A2,S,560124,1,44,164,53,A,5.59,37.6,19,22,109,1,0,0.18,19,84.2,0.17,2.7,14,28.5,0.19,3.9,19,57.8,0.15,2.9,22,22.7,0.19,3.6,18,22.2,0.18,3.3,17,5.8,0.2,4.6,B1,B1,A2,46.0,50.0,2025,2,2024-11-01,2025-04-30,88,11,5,1,1,1,0,0,0,0,0,0,0,0,0,1,3,1,4,3,2,0,0,0,0,0,0,0,0,3,8,3,3,1,1,0,0,0,0,0,0,0,0,2,3,5,4,7,1,0,0,0,0,0,0,0,0,1,3,6,2,2,2,0,0,0,0,0,0,1,1,1,0,5,4,2,5,0,0,0,0,0,0,0,0,0,0,0,0,徳島
4117,廣中智紗衣,ヒロナカ チサエ,東京,A2,S,560209,2,44,157,47,O,6.09,36.5,23,19,115,1,0,0.19,25,80.0,0.21,3.4,17,41.1,0.18,3.9,20,25.0,0.17,3.6,22,22.7,0.2,3.9,15,13.3,0.21,3.5,16,18.7,0.17,4.0,A2,A1,A1,54.0,54.0,2025,2,2024-11-01,2025-04-30,88,15,5,2,1,1,1,0,0,0,0,0,0,0,0,1,6,6,2,1,1,0,0,0,0,0,0,0,0,2,3,8,5,1,1,0,0,0,0,0,0,0,0,2,3,7,4,5,1,0,0,0,0,0,0,0,0,1,1,4,6,1,2,0,0,0,0,0,1,0,0,2,1,4,5,2,2,0,0,0,0,0,0,0,0,0,0,0,0,愛知
4118,宇佐見淳,ウサミ ジュン,愛知,A1,S,560303,1,44,168,53,B,6.38,50.0,25,26,102,5,0,0.15,20,85.0,0.15,2.7,17,58.8,0.14,3.0,16,62.5,0.14,2.5,19,26.3,0.15,3.3,16,50.0,0.14,2.9,14,7.1,0.16,2.9,A2,A2,A1,52.0,53.0,2025,2,2024-11-01,2025-04-30,88,9,8,1,0,2,0,0,0,0,0,0,1,0,0,7,3,2,2,1,2,0,0,0,0,0,0,0,0,5,5,3,1,2,0,0,0,0,0,0,0,0,0,2,3,3,7,1,3,0,0,0,0,0,1,0,0,2,6,2,5,0,1,0,0,0,0,0,0,0,0,0,1,3,3,5,2,0,0,0,0,0,0,0,0,0,0,0,0,愛知
4119,泥谷一毅,ヒジヤ カツキ,大阪,A2,S,560619,1,44,171,56,B,5.66,35.7,14,11,70,0,0,0.18,12,58.3,0.19,3.5,12,58.3,0.17,3.1,9,11.1,0.17,3.4,11,45.4,0.17,2.8,16,25.0,0.2,3.0,10,10.0,0.2,4.5,A1,B1,B1,53.0,50.0,2025,2,2024-11-01,2025-04-30,88,4,3,2,1,1,1,0,0,0,0,0,0,0,0,4,3,2,1,0,1,1,0,0,0,0,0,0,0,0,1,5,0,1,1,1,0,0,0,0,0,0,0,4,1,2,2,1,1,0,0,0,0,0,0,0,0,2,2,4,3,1,4,0,0,0,0,0,0,0,0,0,1,3,2,4,0,0,0,0,0,0,0,0,0,0,0,0,0,大阪
4120,柘植政浩,ツゲ マサヒロ,滋賀,A2,S,560711,1,43,169,53,B,5.52,34.2,20,18,111,1,0,0.19,20,65.0,0.19,3.9,24,54.1,0.17,3.7,14,42.8,0.2,3.1,18,16.6,0.19,3.7,22,13.6,0.19,4.2,13,0.0,0.21,4.5,A2,A2,A2,52.0,50.0,2025,2,2024-11-01,2025-04-30,88,12,1,3,0,3,0,0,0,0,0,0,0,1,0,3,10,3,4,2,1,1,0,0,0,0,0,0,0,4,2,4,3,1,0,0,0,0,0,0,0,0,0,0,3,10,3,0,2,0,0,0,0,0,0,0,0,1,2,1,5,6,7,0,0,0,0,0,0,0,0,0,0,4,4,2,3,0,0,0,0,0,0,0,0,0,0,2,0,滋賀
4121,富永修一,トミナガ シュウイチ,福岡,A2,S,561121,1,43,165,53,A,6.1,42.7,35,30,152,6,0,0.15,30,76.6,0.14,2.3,24,45.8,0.14,2.8,24,45.8,0.18,3.4,24,45.8,0.14,2.5,27,22.2,0.15,2.6,23,13.0,0.14,2.9,A2,A2,A2,52.0,52.0,2025,2,2024-11-01,2025-04-30,88,22,1,2,4,1,0,0,0,0,0,0,0,0,0,3,8,4,7,1,1,0,0,0,0,0,0,0,0,3,8,8,2,1,2,0,0,0,0,0,0,0,0,3,8,2,7,2,2,0,0,0,0,0,0,0,0,2,4,5,8,7,1,0,0,0,0,0,0,0,0,2,1,5,2,9,4,0,0,0,0,0,0,0,0,0,0,0,0,福岡
4122,安東幸治,アンドウ コウジ,福岡,A2,S,561123,1,43,167,57,O,5.65,34.0,21,24,132,0,0,0.18,26,65.3,0.16,3.2,20,35.0,0.19,3.4,22,31.8,0.19,3.7,18,44.4,0.16,3.2,25,20.0,0.17,3.8,21,4.7,0.19,4.3,A1,A2,A2,53.0,53.0,2025,2,2024-11-01,2025-04-30,88,12,5,6,1,1,1,0,0,0,0,0,0,0,0,2,5,5,4,1,3,0,0,0,0,0,0,0,0,2,5,5,4,2,4,0,0,0,0,0,0,0,0,3,5,2,5,2,0,1,0,0,0,0,0,0,0,1,4,8,6,4,2,0,0,0,0,0,0,0,0,1,0,4,9,3,4,0,0,0,0,0,0,0,0,0,0,0,0,福岡
4123,細川裕子,ホソカワ ユウコ,愛知,A1,S,561211,2,43,157,46,O,6.46,44.7,27,28,123,5,1,0.18,28,75.0,0.18,3.6,20,35.0,0.17,3.9,19,36.8,0.16,3.7,20,45.0,0.2,4.4,21,33.3,0.2,3.6,15,26.6,0.17,3.7,A1,A1,A1,56.0,58.0,2025,2,2024-11-01,2025-04-30,88,13,8,3,1,1,1,0,0,0,0,0,0,0,1,3,4,4,6,2,0,0,0,0,0,0,0,0,1,4,3,7,1,3,1,0,0,0,0,0,1,0,0,3,6,5,2,3,1,0,0,0,0,0,0,0,0,3,4,4,4,4,2,0,0,0,0,0,0,0,0,1,3,1,6,2,2,0,0,0,0,0,0,0,0,0,0,0,0,愛知
4124,池田雄一,イケダ ユウイチ,静岡,A1,S,570323,1,43,161,54,B,6.42,46.7,33,24,122,4,0,0.16,25,84.0,0.14,2.3,24,50.0,0.17,3.3,14,35.7,0.14,3.0,21,38.1,0.16,3.4,20,50.0,0.15,2.9,18,5.5,0.18,4.1,A2,A2,A1,50.0,53.0,2025,2,2024-11-01,2025-04-30,88,15,6,1,1,0,2,0,0,0,0,0,0,0,0,5,7,7,3,1,1,0,0,0,0,0,0,0,0,0,5,3,2,1,3,0,0,0,0,0,0,0,0,5,3,5,4,1,3,0,0,0,0,0,0,0,0,7,3,3,4,0,3,0,0,0,0,0,0,0,0,1,0,6,4,2,5,0,0,0,0,0,0,0,0,0,0,0,0,静岡
4128,川口貴久,カワグチ タカヒサ,東京,B1,S,550308,1,45,165,58,O,4.99,32.4,16,19,108,1,0,0.15,16,68.7,0.16,2.6,17,23.5,0.13,2.1,20,50.0,0.11,2.2,19,31.5,0.13,2.8,18,22.2,0.15,2.8,17,0.0,0.2,3.6,B1,B1,B1,49.0,47.0,2025,2,2024-11-01,2025-04-30,89,8,3,2,0,3,0,0,0,0,0,0,0,0,0,1,3,2,4,5,2,0,0,0,0,0,0,0,0,4,6,1,2,4,2,1,0,0,0,0,0,0,0,3,3,6,3,2,2,0,0,0,0,0,0,0,0,0,4,3,3,3,4,0,0,0,0,0,0,1,0,0,0,2,6,5,3,1,0,0,0,0,0,0,0,0,0,0,1,東京
4129,宇野博之,ウノ ヒロユキ,愛知,B1,S,550325,1,45,168,57,A,4.33,24.4,16,17,135,0,0,0.16,19,52.6,0.16,3.4,27,25.9,0.17,3.2,25,44.0,0.15,2.9,22,4.5,0.17,3.1,25,12.0,0.17,3.7,17,5.8,0.17,3.5,B1,B1,B1,48.0,46.0,2025,2,2024-11-01,2025-04-30,89,6,4,1,1,4,3,0,0,0,0,0,0,0,0,3,4,6,6,5,3,0,0,0,0,0,0,0,0,5,6,1,6,2,4,1,0,0,0,0,0,0,0,1,0,3,5,6,7,0,0,0,0,0,0,0,0,1,2,2,6,8,6,0,0,0,0,0,1,0,0,0,1,2,4,4,6,0,0,0,0,0,0,0,0,0,0,0,0,愛知
4131,原豊土,ハラ トヨト,静岡,A2,S,550602,1,45,172,57,A,5.91,43.8,13,30,98,1,0,0.17,14,92.8,0.19,3.4,16,56.2,0.15,3.3,18,55.5,0.15,2.8,17,23.5,0.16,3.0,19,31.5,0.16,3.4,14,7.1,0.23,4.8,B1,A2,A2,48.0,51.0,2025,2,2024-11-01,2025-04-30,89,7,6,0,1,0,0,0,0,0,0,0,0,0,0,1,8,2,1,2,2,0,0,0,0,0,0,0,0,3,7,4,2,0,1,1,0,0,0,0,0,0,0,1,3,7,2,2,2,0,0,0,0,0,0,0,0,1,5,4,5,3,1,0,0,0,0,0,0,0,0,0,1,3,3,5,2,0,0,0,0,0,1,0,0,0,0,0,0,愛知
4133,高橋正男,タカハシ マサオ,兵庫,A2,S,550624,1,45,163,54,O,5.87,37.1,23,23,124,2,0,0.17,25,80.0,0.16,3.2,15,26.6,0.17,3.5,23,34.7,0.18,3.3,27,33.3,0.15,2.9,16,18.7,0.17,3.4,18,11.1,0.17,3.5,A2,A1,A2,51.0,52.0,2025,2,2024-11-01,2025-04-30,89,12,8,2,0,2,1,0,0,0,0,0,0,0,0,3,1,2,5,2,2,0,0,0,0,0,0,0,0,3,5,6,4,2,3,0,0,0,0,0,0,0,0,3,6,8,6,2,1,1,0,0,0,0,0,0,0,2,1,6,4,1,2,0,0,0,0,0,0,0,0,0,2,7,3,5,1,0,0,0,0,0,0,0,0,0,0,0,0,兵庫
4134,杉山貴博,スギヤマ タカヒロ,東京,A1,S,550707,1,44,165,54,O,6.37,45.1,32,19,113,4,1,0.16,24,91.6,0.13,1.8,18,33.3,0.17,3.4,19,42.1,0.15,3.2,16,56.2,0.17,3.5,17,17.6,0.16,3.8,19,15.7,0.2,4.7,A1,A2,A1,54.0,53.0,2025,2,2024-11-01,2025-04-30,89,18,4,0,2,0,0,0,0,0,0,0,0,0,0,3,3,5,3,3,0,1,0,0,0,0,0,0,0,7,1,6,2,1,2,0,0,0,0,0,0,0,0,2,7,3,0,4,0,0,0,0,0,0,0,0,0,1,2,4,6,4,0,0,0,0,0,0,1,0,0,1,2,5,4,3,3,0,0,0,0,0,0,1,0,0,0,0,0,千葉
4136,江夏満,コウカ ミツル,福岡,A1,S,550810,1,44,164,55,AB,6.71,51.0,27,22,96,3,1,0.16,23,91.3,0.14,2.3,14,57.1,0.14,3.6,12,33.3,0.16,3.2,12,25.0,0.16,3.7,16,50.0,0.19,3.5,19,26.3,0.18,4.2,A1,A1,A1,53.0,55.0,2025,2,2024-11-01,2025-04-30,89,18,3,1,0,1,0,0,0,0,0,0,0,0,0,3,5,2,1,2,1,0,0,0,0,0,0,0,0,3,1,4,3,0,1,0,0,0,0,0,0,0,0,0,3,6,0,2,1,0,0,0,0,0,0,0,0,3,5,2,3,2,1,0,0,0,0,0,0,0,0,0,5,4,5,2,2,1,0,0,0,0,0,0,0,0,0,2,0,福岡
4137,君島秀三,キミジマ シュウゾウ,滋賀,A1,S,550909,1,44,167,56,O,6.75,50.0,36,35,142,8,1,0.14,33,78.7,0.15,2.4,21,47.6,0.13,2.6,18,61.1,0.14,3.2,28,28.5,0.15,2.8,19,31.5,0.11,2.8,23,43.4,0.12,2.4,A1,A1,A1,58.0,58.0,2025,2,2024-11-01,2025-04-30,89,21,5,3,0,2,2,0,0,0,0,0,0,0,0,2,8,3,5,2,1,0,0,0,0,0,0,0,0,5,6,3,2,1,1,0,0,0,0,0,0,0,0,3,5,9,5,4,2,0,0,0,0,0,0,0,0,1,5,6,4,1,2,0,0,0,0,0,0,0,0,4,6,4,4,3,2,0,0,0,0,0,0,0,0,0,0,0,0,滋賀
4138,中井俊祐,ナカイ シュンスケ,大阪,B1,S,551006,1,44,167,52,O,4.53,25.6,14,14,109,1,0,0.18,18,50.0,0.2,3.7,19,31.5,0.18,4.5,16,12.5,0.21,4.0,18,33.3,0.15,2.5,17,11.7,0.15,2.9,20,15.0,0.16,3.1,A2,B1,B1,50.0,46.0,2025,2,2024-11-01,2025-04-30,89,4,5,3,2,2,2,0,0,0,0,0,0,0,0,2,4,5,2,3,3,0,0,0,0,0,0,0,0,0,2,3,4,2,5,0,0,0,0,0,0,0,0,4,2,5,1,4,2,0,0,0,0,0,0,0,0,2,0,0,6,5,4,0,0,0,0,0,0,0,0,2,1,2,3,2,8,2,0,0,0,0,0,0,0,0,0,0,1,大阪
4139,丹下健,タンゲ タケシ,愛知,B1,S,551027,1,44,169,56,A,4.75,30.3,17,14,102,0,0,0.16,13,84.6,0.16,2.2,19,42.1,0.14,2.7,20,25.0,0.14,2.1,20,30.0,0.16,3.0,16,6.2,0.19,3.4,14,0.0,0.17,3.4,B1,B1,B1,46.0,47.0,2025,2,2024-11-01,2025-04-30,89,8,3,1,1,0,0,0,0,0,0,0,0,0,0,3,5,1,2,3,5,0,0,0,0,0,0,0,0,2,3,3,5,6,1,0,0,0,0,0,0,0,0,4,2,3,3,4,4,0,0,0,0,0,0,0,0,0,1,1,4,5,5,0,0,0,0,0,0,0,0,0,0,2,3,4,5,0,0,0,0,0,0,0,0,0,0,0,0,愛知
4140,梶野学志,カジノ タカシ,東京,A1,S,551108,1,44,166,54,A,6.33,48.0,29,20,102,5,1,0.16,20,95.0,0.13,1.9,14,35.7,0.21,4.0,17,70.5,0.16,2.9,19,36.8,0.18,3.5,19,31.5,0.15,2.5,12,0.0,0.17,4.3,A1,A2,A1,54.0,53.0,2025,2,2024-11-01,2025-04-30,89,14,5,1,0,0,0,0,0,0,0,0,0,0,0,2,3,3,3,0,2,1,0,0,0,0,0,0,0,7,5,2,0,3,0,0,0,0,0,0,1,0,0,4,3,6,1,3,2,0,0,0,0,0,0,0,0,2,4,4,4,4,1,0,0,0,0,0,0,0,0,0,0,2,1,5,4,0,0,0,0,0,0,0,0,0,0,3,1,東京
4142,平野和明,ヒラノ カズアキ,愛知,B1,S,560316,1,44,160,55,A,5.49,29.2,24,21,154,0,0,0.19,30,76.6,0.17,3.5,24,29.1,0.2,4.3,28,17.8,0.19,4.0,27,22.2,0.18,4.3,22,9.0,0.21,4.5,23,8.7,0.2,5.2,A2,A2,A2,52.0,51.0,2025,2,2024-11-01,2025-04-30,89,18,5,4,1,2,0,0,0,0,0,0,0,0,0,4,3,6,8,3,0,0,0,0,0,0,0,0,0,0,5,11,5,4,3,0,0,0,0,0,0,0,0,2,4,9,8,3,1,0,0,0,0,0,0,0,0,0,2,6,5,6,3,0,0,0,0,0,0,0,0,0,2,4,7,8,2,0,0,0,0,0,0,0,0,0,0,0,0,愛知
4143,浦田晃嗣,ウラタ コウジ,佐賀,B1,S,560709,1,43,166,57,AB,4.52,27.8,13,14,97,0,0,0.16,12,66.6,0.13,2.3,17,52.9,0.16,3.1,19,15.7,0.16,3.4,15,26.6,0.17,3.1,15,13.3,0.14,3.0,19,5.2,0.16,3.7,B1,B1,B1,45.0,46.0,2025,2,2024-11-01,2025-04-30,89,5,3,0,2,1,1,0,0,0,0,0,0,0,0,3,6,1,2,2,3,0,0,0,0,0,0,0,0,1,2,3,2,4,7,0,0,0,0,0,0,0,0,3,1,3,1,5,2,0,0,0,0,0,0,0,0,1,1,3,4,2,4,0,0,0,0,0,0,0,0,0,1,4,1,6,7,0,0,0,0,0,0,0,0,0,0,2,0,佐賀
4144,石塚久也,イシヅカ ヒサヤ,埼玉,A1,S,560825,1,43,160,54,O,7.02,54.9,39,28,122,5,0,0.16,23,86.9,0.14,3.5,25,60.0,0.19,4.2,18,55.5,0.16,2.6,25,56.0,0.14,2.8,20,35.0,0.17,3.3,11,9.0,0.16,4.3,A1,A1,A2,53.0,56.0,2025,2,2024-11-01,2025-04-30,89,17,3,1,2,0,0,0,0,0,0,0,0,0,0,10,5,4,2,2,2,0,0,0,0,0,0,0,0,4,6,6,1,1,0,0,0,0,0,0,0,0,0,5,9,7,2,1,0,0,0,0,0,0,0,1,0,3,4,5,2,3,1,0,0,0,0,0,0,2,0,0,1,4,1,5,0,0,0,0,0,0,0,0,0,0,0,1,0,埼玉
4145,小澤学,オザワ マナブ,東京,B1,S,561028,1,43,170,56,B,3.81,10.7,2,9,102,0,0,0.26,15,26.6,0.25,5.2,17,17.6,0.3,5.6,18,11.1,0.25,5.6,17,5.8,0.26,5.3,18,5.5,0.24,5.4,17,0.0,0.24,5.2,B1,B1,B1,43.0,46.0,2025,2,2024-11-01,2025-04-30,89,2,2,2,6,3,0,0,0,0,0,0,0,0,0,0,3,4,4,3,3,0,0,0,0,0,0,0,0,0,2,4,1,7,4,0,0,0,0,0,0,0,0,0,1,2,8,3,3,0,0,0,0,0,0,0,0,0,1,2,7,7,1,0,0,0,0,0,0,0,0,0,0,4,3,6,4,0,0,0,0,0,0,0,0,0,0,0,0,千葉
4146,柳橋宏紀,ヤナギバシ ヒロキ,滋賀,B1,S,561121,1,43,169,54,O,5.16,30.3,10,21,102,0,0,0.16,14,71.4,0.14,2.5,20,60.0,0.13,2.4,18,16.6,0.18,3.6,16,18.7,0.17,3.4,21,14.2,0.17,2.8,13,0.0,0.16,3.2,B1,B1,B1,49.0,49.0,2025,2,2024-11-01,2025-04-30,89,5,5,2,0,2,0,0,0,0,0,0,0,0,0,3,9,6,2,0,0,0,0,0,0,0,0,0,0,1,2,5,5,1,3,1,0,0,0,0,0,0,0,1,2,3,4,4,2,0,0,0,0,0,0,0,0,0,3,5,4,5,3,0,0,0,0,0,0,1,0,0,0,2,4,5,2,0,0,0,0,0,0,0,0,0,0,0,0,京都
4148,枝尾賢,エダオ マサル,福岡,B2,S,570102,1,43,164,54,A,6.27,40.0,3,3,15,1,0,0.17,3,100.0,0.15,4.7,1,0.0,0.16,6.0,3,66.6,0.14,2.7,2,50.0,0.18,4.0,0,0.0,0.0,0.0,6,0.0,0.2,4.2,A1,A1,A1,62.0,52.0,2025,2,2024-11-01,2025-04-30,89,3,0,0,0,0,0,0,0,0,0,0,0,0,0,0,0,0,0,0,1,0,0,0,0,0,0,0,0,0,2,1,0,0,0,0,0,0,0,0,0,0,0,0,1,1,0,0,0,0,0,0,0,0,0,0,0,0,0,0,0,0,0,0,0,0,0,0,0,0,0,0,0,3,1,1,1,0,0,0,0,0,0,0,0,0,0,0,0,福岡
4150,山田雄太,ヤマダ ユウタ,静岡,A2,S,570317,1,43,172,58,B,6.0,44.1,28,17,102,2,1,0.13,19,63.1,0.13,2.4,13,61.5,0.12,2.0,12,58.3,0.15,2.1,15,53.3,0.13,2.9,17,23.5,0.11,2.4,26,23.0,0.14,3.2,A1,A1,A2,53.0,51.0,2025,2,2024-11-01,2025-04-30,89,11,1,1,2,1,2,1,0,0,0,0,0,0,0,3,5,0,2,1,2,0,0,0,0,0,0,0,0,4,3,4,0,1,0,0,0,0,0,0,0,0,0,5,3,1,1,1,3,1,0,0,0,0,0,0,0,2,2,3,4,1,5,0,0,0,0,0,0,0,0,3,3,8,6,2,4,0,0,0,0,0,0,0,0,0,0,0,0,静岡
4151,下河誉史,シモガワ タカフミ,福岡,A2,S,570801,1,42,171,54,A,5.67,36.9,19,32,138,3,0,0.18,26,69.2,0.17,3.5,26,46.1,0.16,3.6,25,36.0,0.17,3.5,29,31.0,0.2,4.1,16,12.5,0.21,4.4,16,6.2,0.2,4.8,A2,A2,B1,51.0,52.0,2025,2,2024-11-01,2025-04-30,89,13,5,4,3,0,1,0,0,0,0,0,0,0,0,3,9,7,4,2,1,0,0,0,0,0,1,0,0,1,8,7,3,4,2,0,0,0,0,0,0,0,0,1,8,5,10,4,1,0,0,0,0,0,0,0,0,1,1,3,3,6,2,0,0,0,0,0,0,0,0,0,1,2,5,4,4,0,0,0,0,0,1,0,0,0,0,1,0,福岡
4152,深水慎一郎,フカミズ シンイチロウ,東京,B1,S,550528,1,45,167,56,AB,5.39,35.2,13,17,85,1,0,0.17,14,85.7,0.15,2.3,16,43.7,0.18,3.3,13,38.4,0.16,3.2,13,23.0,0.16,4.2,12,25.0,0.15,3.3,17,0.0,0.22,4.9,A2,B1,B1,51.0,49.0,2025,2,2024-11-01,2025-04-30,90,7,5,2,0,0,0,0,0,0,0,0,0,0,0,3,4,2,2,2,3,0,0,0,0,0,0,0,0,2,3,4,2,1,1,0,0,0,0,0,0,0,0,1,2,6,1,2,1,0,0,0,0,0,0,0,0,0,3,2,3,2,1,0,0,0,0,0,0,1,0,0,0,2,4,4,7,0,0,0,0,0,0,0,0,0,0,0,0,神奈川
4154,森安弘雅,モリヤス ヒロマサ,香川,A2,S,550614,1,45,163,56,B,5.6,36.2,20,22,116,2,0,0.18,21,52.3,0.19,3.1,19,42.1,0.18,4.3,23,47.8,0.16,3.3,20,30.0,0.18,4.1,17,35.2,0.19,4.1,16,0.0,0.22,4.9,B1,B1,B1,49.0,51.0,2025,2,2024-11-01,2025-04-30,90,10,1,7,1,2,0,0,0,0,0,0,0,0,0,3,5,4,1,2,4,0,0,0,0,0,0,0,0,2,9,6,3,2,1,0,0,0,0,0,1,0,0,3,3,4,1,7,2,0,0,0,0,0,0,0,0,2,4,1,7,0,3,0,0,0,0,0,0,0,0,0,0,2,6,6,2,0,0,0,0,0,0,0,0,0,0,2,0,香川
4155,長野壮志郎,ナガノ ソウシロウ,福岡,A2,S,551221,1,44,164,56,B,5.47,37.0,23,14,100,2,0,0.17,20,70.0,0.18,3.6,17,47.0,0.15,4.0,16,18.7,0.15,3.8,14,42.8,0.17,3.4,17,29.4,0.18,4.1,16,6.2,0.2,4.7,A1,A1,A1,52.0,51.0,2025,2,2024-11-01,2025-04-30,90,10,4,2,1,1,2,0,0,0,0,0,0,0,0,4,4,1,3,3,2,0,0,0,0,0,0,0,0,1,2,5,3,2,2,1,0,0,0,0,0,0,0,4,2,4,1,2,1,0,0,0,0,0,0,0,0,3,2,2,1,4,5,0,0,0,0,0,0,0,0,1,0,2,2,4,6,0,0,0,0,0,0,0,1,0,0,0,0,福岡
4156,浜野孝志,ハマノ タカシ,三重,A2,S,560214,1,44,165,58,B,5.85,40.7,18,15,81,2,0,0.18,11,72.7,0.18,3.8,16,43.7,0.18,3.5,12,50.0,0.17,3.2,14,42.8,0.17,2.6,16,18.7,0.17,3.4,12,25.0,0.19,3.9,B1,A2,A2,50.0,51.0,2025,2,2024-11-01,2025-04-30,90,7,1,1,0,2,0,0,0,0,0,0,0,0,0,3,4,2,4,2,0,1,0,0,0,0,0,0,0,2,4,1,2,3,0,0,0,0,0,0,1,0,0,3,3,3,2,2,1,0,0,0,0,0,0,0,0,2,1,4,5,4,0,0,0,0,0,0,0,0,0,1,2,1,3,3,2,0,0,0,0,0,0,0,0,0,0,0,0,三重
4158,木場雄二郎,コバ ユウジロウ,山口,B1,S,560604,1,44,162,58,AB,4.65,26.7,18,13,116,0,0,0.19,17,64.7,0.17,2.9,21,28.5,0.21,4.3,18,22.2,0.18,3.8,18,27.7,0.18,4.1,22,13.6,0.19,3.8,20,10.0,0.18,3.5,B1,B1,B1,47.0,47.0,2025,2,2024-11-01,2025-04-30,90,9,2,1,2,0,2,0,0,0,0,0,0,1,0,3,3,5,1,3,6,0,0,0,0,0,1,0,0,1,3,5,6,2,1,0,0,0,0,0,0,0,0,2,3,1,3,4,5,0,0,0,0,0,0,0,0,2,1,6,3,5,5,0,0,0,0,0,0,0,0,1,1,1,4,5,8,0,0,0,0,0,0,0,0,0,0,1,0,山口
4159,向後龍一,コウゴ リュウイチ,埼玉,A2,S,560621,1,44,168,53,B,6.16,45.3,35,34,152,3,0,0.17,31,83.8,0.14,2.8,21,66.6,0.16,2.8,29,41.3,0.17,3.2,25,40.0,0.17,3.8,24,20.8,0.2,4.4,22,9.0,0.21,4.7,A1,A2,A2,53.0,54.0,2025,2,2024-11-01,2025-04-30,90,19,7,1,3,1,0,0,0,0,0,0,0,0,0,5,9,2,4,0,1,0,0,0,0,0,0,0,0,3,9,8,3,5,1,0,0,0,0,0,0,0,0,5,5,5,5,5,0,0,0,0,0,0,0,0,0,3,2,5,3,7,4,0,0,0,0,0,0,0,0,0,2,3,7,6,4,0,0,0,0,0,0,0,0,0,0,1,0,茨城
4161,黒柳浩孝,クロヤナギ ヒロタカ,愛知,A2,S,561121,1,43,172,55,B,5.79,34.9,22,15,106,2,0,0.16,27,74.0,0.14,2.6,15,20.0,0.18,3.7,18,27.7,0.15,2.6,12,50.0,0.19,2.6,16,18.7,0.17,3.4,18,0.0,0.18,2.9,A1,A2,A2,53.0,52.0,2025,2,2024-11-01,2025-04-30,90,16,4,5,2,0,0,0,0,0,0,0,0,0,0,1,2,2,3,7,0,0,0,0,0,0,0,0,0,3,2,6,5,1,1,0,0,0,0,0,0,0,0,2,4,2,1,1,1,0,0,0,0,0,0,0,1,0,3,4,8,0,1,0,1,0,0,0,1,0,0,0,0,2,10,2,4,0,0,0,0,0,0,0,0,0,0,0,0,愛知
4162,竹本太樹,タケモト タイジュ,大阪,B1,S,561229,1,43,166,54,O,3.76,19.7,6,7,66,0,0,0.2,8,62.5,0.18,3.3,13,15.3,0.2,4.5,13,15.3,0.19,3.6,13,23.0,0.23,4.3,11,9.0,0.19,3.8,8,0.0,0.23,4.8,B2,B2,,48.0,42.0,2025,2,2024-11-01,2025-04-30,90,4,1,1,0,0,1,0,0,0,0,0,0,1,0,0,2,0,2,5,4,0,0,0,0,0,0,0,0,1,1,2,3,2,3,0,0,0,0,0,0,1,0,1,2,3,0,3,3,1,0,0,0,0,0,0,0,0,1,0,2,2,6,0,0,0,0,0,0,0,0,0,0,3,1,1,3,0,0,0,0,0,0,0,0,0,0,0,0,大阪
4163,山崎裕司,ヤマサキ ユウジ,広島,A2,S,570118,1,43,170,53,A,5.72,36.7,21,26,128,1,0,0.18,20,90.0,0.16,3.2,28,42.8,0.18,3.9,22,36.3,0.18,4.0,22,18.1,0.18,3.7,28,14.2,0.17,3.9,8,12.5,0.23,5.1,B1,A2,A2,49.0,51.0,2025,2,2024-11-01,2025-04-30,90,15,3,1,1,0,0,0,0,0,0,0,0,0,0,3,9,4,4,4,4,0,0,0,0,0,0,0,0,2,6,6,4,3,1,0,0,0,0,0,0,0,0,1,3,12,3,1,2,0,0,0,0,0,0,0,0,0,4,5,8,8,3,0,0,0,0,0,0,0,0,0,1,2,1,2,2,0,0,0,0,0,0,0,0,0,0,0,0,広島
4164,岩永節也,イワナガ セツヤ,長崎,B1,S,570203,1,43,162,55,O,3.86,13.5,4,10,103,0,0,0.18,14,50.0,0.14,2.9,19,10.5,0.18,3.8,22,9.0,0.19,3.9,16,6.2,0.19,4.2,18,5.5,0.2,4.6,14,7.1,0.21,5.0,B1,B2,B1,45.0,46.0,2025,2,2024-11-01,2025-04-30,90,4,3,2,1,4,0,0,0,0,0,0,0,0,0,0,2,2,6,5,4,0,0,0,0,0,0,0,0,0,2,4,8,4,4,0,0,0,0,0,0,0,0,0,1,2,4,6,3,0,0,0,0,0,0,0,0,0,1,2,7,4,4,0,0,0,0,0,0,0,0,0,1,4,2,2,5,0,0,0,0,0,0,0,0,0,0,0,0,長崎
4166,吉田拡郎,ヨシダ カクロウ,岡山,A1,S,570418,1,43,169,55,B,6.75,46.3,25,32,123,6,1,0.14,24,95.8,0.12,2.5,21,66.6,0.14,2.9,20,35.0,0.15,3.0,20,35.0,0.13,3.4,20,20.0,0.13,3.1,18,11.1,0.14,3.9,A1,A1,A1,65.0,69.0,2025,2,2024-11-01,2025-04-30,90,18,5,0,0,0,1,0,0,0,0,0,0,0,0,2,12,2,0,1,4,0,0,0,0,0,0,0,0,3,4,6,4,2,1,0,0,0,0,0,0,0,0,1,6,3,4,1,5,0,0,0,0,0,0,0,0,1,3,3,4,7,1,0,0,0,0,0,0,1,0,0,2,4,3,4,5,0,0,0,0,0,0,0,0,0,0,0,0,岡山
4167,片岡秀樹,カタオカ ヒデキ,徳島,B1,S,570526,1,43,167,61,B,5.07,25.9,7,21,108,0,0,0.15,16,37.5,0.16,2.9,22,36.3,0.15,3.2,20,40.0,0.12,2.7,16,12.5,0.17,3.6,21,19.0,0.16,2.9,13,0.0,0.14,3.5,B1,B1,B1,47.0,50.0,2025,2,2024-11-01,2025-04-30,90,2,4,8,1,0,1,0,0,0,0,0,1,0,0,0,8,3,7,4,0,0,0,0,0,0,0,0,0,3,5,6,3,2,1,0,0,0,0,0,0,0,0,1,1,6,1,5,1,0,0,0,0,0,0,0,1,1,3,5,3,8,1,0,0,0,0,0,0,0,0,0,0,1,6,4,2,0,0,0,0,0,0,0,0,0,0,2,0,徳島
4168,石野貴之,イシノ タカユキ,大阪,A1,S,570603,1,43,165,54,O,6.29,48.8,29,15,90,4,0,0.16,23,91.3,0.14,2.8,15,66.6,0.17,3.4,17,41.1,0.14,2.6,12,25.0,0.16,3.1,14,7.1,0.2,3.9,9,22.2,0.17,3.7,A1,A1,A1,67.0,54.0,2025,2,2024-11-01,2025-04-30,90,18,3,1,0,0,1,0,0,0,0,0,0,0,0,7,3,1,1,2,1,0,0,0,0,0,0,0,0,3,4,2,1,2,5,0,0,0,0,0,0,0,0,0,3,1,3,0,5,0,0,0,0,0,0,0,0,1,0,5,3,1,4,0,0,0,0,0,0,0,0,0,2,3,0,0,4,0,0,0,0,0,0,0,0,0,0,0,0,大阪
4169,多田有佑,タダ ユウスケ,東京,B1,S,570722,1,42,173,55,O,3.87,17.6,7,8,85,0,0,0.2,12,41.6,0.19,3.5,14,14.2,0.16,3.0,14,28.5,0.17,3.2,16,12.5,0.18,3.9,15,6.6,0.23,4.5,14,7.1,0.24,4.9,B1,B1,B1,45.0,44.0,2025,2,2024-11-01,2025-04-30,90,4,1,0,1,4,2,0,0,0,0,0,0,0,0,2,0,4,3,2,2,1,0,0,0,0,0,0,0,1,3,4,3,2,1,0,0,0,0,0,0,0,0,0,2,1,2,5,6,0,0,0,0,0,0,0,0,0,1,1,4,5,4,0,0,0,0,0,0,0,0,0,1,2,2,3,6,0,0,0,0,0,0,0,0,0,0,0,0,山形
4171,榎幸司,エノキ コウジ,長崎,A1,S,570913,1,42,166,54,O,6.65,46.4,39,26,140,7,1,0.17,27,92.5,0.16,3.3,25,44.0,0.18,3.6,24,62.5,0.17,3.1,27,25.9,0.18,3.9,18,27.7,0.17,3.9,19,10.5,0.18,4.6,A2,A2,A1,54.0,54.0,2025,2,2024-11-01,2025-04-30,90,22,3,2,0,0,0,0,0,0,0,0,0,0,0,4,7,9,3,1,1,0,0,0,0,0,0,0,0,7,8,6,2,1,0,0,0,0,0,0,0,0,0,4,3,10,3,3,3,0,0,0,0,0,0,0,1,2,3,3,7,1,2,0,0,0,0,0,0,0,0,0,2,4,5,5,3,0,0,0,0,0,0,0,0,0,0,0,0,長崎
4172,森定晃史,モリサダ コウジ,岡山,A1,S,571002,1,42,168,52,O,6.5,49.2,36,30,134,5,3,0.15,31,87.1,0.13,2.3,21,42.8,0.14,3.0,25,52.0,0.15,2.8,22,45.4,0.16,3.0,18,27.7,0.16,3.4,17,11.7,0.18,4.4,A1,A1,A2,55.0,56.0,2025,2,2024-11-01,2025-04-30,90,20,7,3,0,0,1,0,0,0,0,0,0,0,0,4,5,3,4,3,2,0,0,0,0,0,0,0,0,6,7,5,4,1,1,0,0,0,0,0,0,1,0,3,7,4,2,5,1,0,0,0,0,0,0,0,0,2,3,3,3,5,2,0,0,0,0,0,0,0,0,1,1,4,5,2,4,0,0,0,0,0,0,0,0,0,0,0,0,岡山
4173,岡谷健吾,オカタニ ケンゴ,広島,B1,S,571006,1,42,171,57,A,4.72,25.7,11,16,105,1,0,0.2,19,52.6,0.19,3.5,18,33.3,0.21,4.3,17,17.6,0.19,3.9,16,18.7,0.2,4.4,23,17.3,0.2,4.4,12,8.3,0.19,5.1,B1,B1,A2,48.0,48.0,2025,2,2024-11-01,2025-04-30,90,10,0,3,5,1,0,0,0,0,0,0,0,0,0,0,6,3,2,3,4,0,0,0,0,0,1,0,0,0,3,3,4,4,3,0,0,0,0,0,0,0,0,0,3,4,3,4,2,0,0,0,0,0,1,0,0,1,3,5,5,4,5,0,0,0,0,0,0,0,0,0,1,0,3,6,2,0,0,0,0,0,1,0,0,0,0,2,0,広島
4174,赤坂俊輔,アカサカ シュンスケ,長崎,A1,S,571009,1,42,166,51,O,6.55,46.4,33,25,125,5,3,0.15,29,79.3,0.14,2.8,21,38.1,0.16,2.8,26,46.1,0.13,2.6,21,42.8,0.14,3.3,19,31.5,0.17,3.7,9,0.0,0.17,4.2,A1,A1,A1,58.0,58.0,2025,2,2024-11-01,2025-04-30,90,19,4,3,2,1,0,0,0,0,0,0,0,0,0,2,6,5,3,1,4,0,0,0,0,0,0,0,0,6,6,7,4,2,1,0,0,0,0,0,0,0,0,4,5,6,4,0,2,0,0,0,0,0,0,0,0,2,4,1,4,5,2,1,0,0,0,0,0,0,0,0,0,0,6,1,2,0,0,0,0,0,0,0,0,0,0,1,0,長崎
4175,川尻泰輔,カワシリ タイスケ,埼玉,B1,S,571022,1,42,166,57,O,5.31,32.8,17,24,125,0,0,0.16,24,62.5,0.16,2.5,16,18.7,0.15,3.0,26,38.4,0.15,2.8,22,50.0,0.15,2.8,22,4.5,0.14,3.0,15,6.6,0.21,4.3,A2,A2,B1,51.0,49.0,2025,2,2024-11-01,2025-04-30,90,11,4,2,3,2,2,0,0,0,0,0,0,0,0,0,3,6,2,2,3,0,0,0,0,0,0,0,0,3,7,6,3,3,3,0,0,0,0,0,0,1,0,3,8,4,2,2,2,1,0,0,0,0,0,0,0,0,1,7,6,3,5,0,0,0,0,0,0,0,0,0,1,3,6,2,3,0,0,0,0,0,0,0,0,0,0,0,0,埼玉
4176,樋口喜彦,ヒグチ ヨシヒコ,兵庫,B1,S,571025,1,42,157,56,A,3.26,13.2,3,6,68,0,0,0.15,7,42.8,0.18,4.1,12,25.0,0.18,3.4,17,5.8,0.12,3.1,12,8.3,0.15,3.1,13,0.0,0.17,3.5,7,14.2,0.13,2.9,B1,B2,B1,46.0,42.0,2025,2,2024-11-01,2025-04-30,90,1,2,0,2,1,1,0,0,0,0,0,0,0,0,1,2,0,2,2,5,0,0,0,0,0,0,0,0,0,1,0,8,3,5,0,0,0,0,0,0,0,0,0,1,1,2,5,3,0,0,0,0,0,0,0,0,0,0,3,2,3,5,0,0,0,0,0,0,0,0,1,0,0,1,0,5,0,0,0,0,0,0,0,0,0,0,0,0,大阪
4177,萬正嗣,ヨロヅ マサツグ,群馬,B1,S,571119,1,42,166,55,A,4.45,22.7,12,8,88,1,0,0.17,12,50.0,0.16,2.8,12,25.0,0.17,3.3,20,35.0,0.14,2.8,16,25.0,0.15,2.7,14,0.0,0.18,3.1,14,0.0,0.23,5.4,A2,B1,B1,50.0,46.0,2025,2,2024-11-01,2025-04-30,90,5,1,2,1,1,2,0,0,0,0,0,0,0,0,1,2,4,2,1,2,0,0,0,0,0,0,0,0,4,3,5,2,3,2,1,0,0,0,0,0,0,0,2,2,2,3,5,2,0,0,0,0,0,0,0,0,0,0,3,3,2,6,0,0,0,0,0,0,0,0,0,0,1,2,3,8,0,0,0,0,0,0,0,0,0,0,0,0,宮城
4179,広次修,ヒロツグ オサム,山口,A2,S,580223,1,42,169,53,O,5.47,35.2,19,23,119,0,0,0.15,19,73.6,0.14,2.4,21,33.3,0.15,2.9,23,34.7,0.13,2.6,20,30.0,0.15,2.6,22,27.2,0.17,3.2,14,7.1,0.19,5.0,B1,B1,B1,49.0,50.0,2025,2,2024-11-01,2025-04-30,90,12,2,2,2,0,1,0,0,0,0,0,0,0,0,1,6,8,3,2,1,0,0,0,0,0,0,0,0,4,4,7,5,2,1,0,0,0,0,0,0,0,0,0,6,4,2,3,5,0,0,0,0,0,0,0,0,2,4,3,7,4,2,0,0,0,0,0,0,0,0,0,1,1,1,4,7,0,0,0,0,0,0,0,0,0,0,0,0,山口
4180,上野秀和,ウエノ ヒデカズ,福岡,B1,S,580316,1,42,168,57,A,4.61,26.9,12,12,89,2,0,0.19,12,66.6,0.2,4.1,16,50.0,0.16,3.5,11,27.2,0.18,3.6,16,18.7,0.23,4.3,23,8.7,0.18,4.1,11,0.0,0.17,4.5,B1,B1,B1,47.0,46.0,2025,2,2024-11-01,2025-04-30,90,4,4,1,2,1,0,0,0,0,0,0,0,0,0,3,5,1,4,2,1,0,0,0,0,0,0,0,0,2,1,4,0,1,3,0,0,0,0,0,0,0,0,2,1,3,5,3,1,0,0,0,0,0,0,1,0,1,1,2,5,4,9,1,0,0,0,0,0,0,0,0,0,2,0,5,4,0,0,0,0,0,0,0,0,0,0,0,0,福岡
4181,花本夏樹,ハナモト ナツキ,三重,B1,S,580727,1,41,171,56,B,4.43,18.9,12,12,127,0,0,0.18,15,60.0,0.14,2.4,25,28.0,0.17,3.4,26,11.5,0.18,3.8,28,7.1,0.18,4.1,27,11.1,0.2,4.4,6,0.0,0.31,5.7,B1,B1,B1,48.0,47.0,2025,2,2024-11-01,2025-04-30,90,8,1,0,3,1,2,0,0,0,0,0,0,0,0,2,5,9,2,5,2,0,0,0,0,0,0,0,0,1,2,9,7,5,2,0,0,0,0,0,0,0,0,0,2,7,10,6,3,0,0,0,0,0,0,0,0,1,2,2,4,6,12,0,0,0,0,0,0,0,0,0,0,1,1,0,4,0,0,0,0,0,0,0,0,0,0,0,0,三重
4182,吉田和仁,ヨシダ カズヒト,滋賀,B1,S,580916,1,41,167,57,A,4.7,27.2,17,13,110,1,0,0.16,18,72.2,0.15,1.9,18,27.7,0.14,2.7,20,20.0,0.13,2.4,16,31.2,0.19,3.0,16,0.0,0.18,3.3,22,13.6,0.2,4.4,B1,B1,B1,47.0,48.0,2025,2,2024-11-01,2025-04-30,90,8,5,1,2,1,1,0,0,0,0,0,0,0,0,4,1,4,5,3,1,0,0,0,0,0,0,0,0,3,1,1,8,4,3,0,0,0,0,0,0,0,0,2,3,2,5,4,0,0,0,0,0,0,0,0,0,0,0,1,3,7,5,0,0,0,0,0,0,0,0,0,3,2,5,4,8,0,0,0,0,0,0,0,0,0,0,0,0,京都
4183,宇野弥生,ウノ ヤヨイ,愛知,A2,S,610307,2,39,159,46,B,6.06,45.7,40,19,129,3,1,0.13,26,88.4,0.13,2.2,20,55.0,0.15,2.1,26,50.0,0.12,2.2,17,29.4,0.1,2.2,22,27.2,0.12,2.0,17,5.8,0.14,2.7,A2,A2,A2,52.0,53.0,2025,2,2024-11-01,2025-04-30,90,18,5,0,2,0,1,0,0,0,0,0,0,0,0,6,5,3,1,3,2,0,0,0,0,0,0,0,0,8,5,5,1,4,3,0,0,0,0,0,0,0,0,4,1,2,5,2,3,0,0,0,0,0,0,0,0,4,2,4,4,3,5,0,0,0,0,0,0,0,0,0,1,1,2,5,8,0,0,0,0,0,0,0,0,0,0,0,1,埼玉
4184,渡邊雄一郎,ワタナベ ユウイチロウ,大阪,A1,S,610331,1,39,159,51,A,6.62,52.8,31,24,104,5,0,0.17,26,92.3,0.17,3.2,17,52.9,0.18,3.8,15,60.0,0.16,2.9,17,29.4,0.17,2.8,13,38.4,0.17,2.6,15,20.0,0.16,2.9,A1,A2,A1,54.0,53.0,2025,2,2024-11-01,2025-04-30,90,20,4,2,0,0,0,0,0,0,0,0,0,0,0,3,6,5,1,1,1,0,0,0,0,0,0,0,0,4,5,3,1,2,0,0,0,0,0,0,0,0,0,1,4,3,4,2,3,0,0,0,0,0,0,0,0,2,3,1,2,2,3,0,0,0,0,0,0,0,0,1,2,3,3,4,2,0,0,0,0,0,0,0,0,0,0,0,1,大阪
4186,小川時光,オガワ トキミツ,埼玉,B2,S,551225,1,44,166,54,A,3.98,25.0,2,9,44,0,0,0.16,7,28.5,0.17,2.9,8,62.5,0.17,4.3,9,22.2,0.13,2.4,7,28.5,0.14,2.6,8,0.0,0.18,4.0,5,0.0,0.2,4.2,B1,B2,B1,45.0,44.0,2025,2,2024-11-01,2025-04-30,91,1,1,0,2,1,2,0,0,0,0,0,0,0,0,1,4,0,0,1,2,0,0,0,0,0,0,0,0,0,2,3,0,3,1,0,0,0,0,0,0,0,0,0,2,0,2,1,2,0,0,0,0,0,0,0,0,0,0,1,0,3,4,0,0,0,0,0,0,0,0,0,0,1,1,1,2,0,0,0,0,0,0,0,0,0,0,0,0,埼玉
4188,久田敏之,ヒサダ トシユキ,群馬,A1,S,560428,1,44,168,54,AB,7.18,52.5,46,27,139,8,2,0.14,25,100.0,0.13,2.3,28,53.5,0.14,2.6,29,58.6,0.15,2.7,27,44.4,0.15,3.1,21,19.0,0.11,2.5,9,0.0,0.16,3.2,A1,A1,A1,58.0,62.0,2025,2,2024-11-01,2025-04-30,91,20,5,0,0,0,0,0,0,0,0,0,1,0,0,7,8,5,3,4,1,0,0,0,0,0,0,0,0,9,8,6,1,5,0,0,0,0,0,0,0,0,0,7,5,6,6,3,0,0,0,0,0,0,0,0,0,3,1,6,4,6,1,0,0,0,0,0,0,0,0,0,0,0,4,3,2,0,0,0,0,0,0,0,0,0,0,0,0,群馬
4189,川上剛,カワカミ タケシ,福岡,A2,S,560502,1,44,167,58,O,6.08,41.7,39,32,170,3,1,0.17,45,82.2,0.17,3.1,28,32.1,0.17,3.5,30,40.0,0.16,3.4,23,30.4,0.15,4.0,30,16.6,0.18,4.0,14,7.1,0.17,4.5,A2,A1,A1,52.0,52.0,2025,2,2024-11-01,2025-04-30,91,31,6,3,2,1,2,0,0,0,0,0,0,0,0,3,6,9,6,1,3,0,0,0,0,0,0,0,0,1,11,8,6,1,3,0,0,0,0,0,0,0,0,1,6,7,3,4,2,0,0,0,0,0,0,0,0,3,2,7,9,7,2,0,0,0,0,0,0,0,0,0,1,1,4,4,4,0,0,0,0,0,0,0,0,0,0,0,0,福岡
4190,長嶋万記,ナガシマ マキ,静岡,A1,S,560528,2,44,165,50,AB,6.4,45.5,31,20,112,6,1,0.16,24,79.1,0.17,2.8,18,38.8,0.14,3.1,17,58.8,0.16,3.4,21,38.1,0.15,2.6,17,35.2,0.14,2.9,15,6.6,0.2,4.5,A1,A2,A1,57.0,56.0,2025,2,2024-11-01,2025-04-30,91,18,1,3,0,2,0,0,0,0,0,0,0,0,0,2,5,6,1,0,4,0,0,0,0,0,0,0,0,3,7,3,2,0,2,0,0,0,0,0,0,0,0,4,4,3,3,4,2,1,0,0,0,0,0,0,0,4,2,3,2,2,4,0,0,0,0,0,0,0,0,0,1,3,6,1,4,0,0,0,0,0,0,0,0,0,0,0,0,静岡
4191,赤羽克也,アカバ カツヤ,埼玉,A2,S,560720,1,43,168,58,A,5.84,42.2,24,28,123,2,1,0.18,24,91.6,0.17,3.5,25,44.0,0.17,3.4,19,42.1,0.17,2.9,21,28.5,0.19,4.0,15,20.0,0.22,4.0,19,10.5,0.2,4.3,A2,A1,A1,51.0,51.0,2025,2,2024-11-01,2025-04-30,91,19,3,0,2,0,0,0,0,0,0,0,0,0,0,5,6,3,3,6,2,0,0,0,0,0,0,0,0,0,8,5,2,2,2,0,0,0,0,0,0,0,0,0,6,4,6,2,3,0,0,0,0,0,0,0,0,0,3,1,3,3,4,1,0,0,0,0,0,0,0,0,2,6,7,4,0,0,0,0,0,0,0,0,0,0,0,0,0,埼玉
4193,郷原章平,ゴウハラ ショウヘイ,福岡,A2,S,560831,1,43,166,53,O,5.72,42.3,30,34,151,3,0,0.16,33,84.8,0.14,2.4,27,51.8,0.16,3.1,24,50.0,0.17,3.0,26,30.7,0.14,2.6,22,9.0,0.16,3.1,19,0.0,0.18,3.4,A2,A1,A2,51.0,50.0,2025,2,2024-11-01,2025-04-30,91,22,6,2,3,0,0,0,0,0,0,0,0,0,0,3,11,3,5,1,4,0,0,0,0,0,0,0,0,1,11,5,3,1,3,0,0,0,0,0,1,0,0,4,4,6,5,5,2,0,0,0,0,0,1,0,0,0,2,4,5,5,5,0,0,0,0,0,0,1,0,0,0,3,2,7,7,0,0,0,0,0,0,0,0,0,0,0,0,福岡
4195,前川守嗣,マエカワ モリツグ,福岡,A2,S,570129,1,43,165,60,A,5.49,39.7,10,19,73,1,0,0.13,11,72.7,0.15,2.0,13,30.7,0.14,2.9,11,63.6,0.13,2.2,12,41.6,0.13,2.3,12,25.0,0.13,2.9,14,14.2,0.11,2.0,B1,A2,B1,50.0,50.0,2025,2,2024-11-01,2025-04-30,91,7,1,2,0,1,0,0,0,0,0,0,0,0,0,1,3,4,1,1,2,0,0,0,0,0,0,1,0,1,6,2,1,1,0,0,0,0,0,0,0,0,0,0,5,1,0,4,2,0,0,0,0,0,0,0,0,0,3,2,5,2,0,0,0,0,0,0,0,0,0,1,1,1,3,5,3,0,0,0,0,0,0,0,0,0,0,0,0,沖縄
4196,田中太一郎,タナカ タイチロウ,佐賀,B1,S,570221,1,43,166,55,B,5.17,36.3,13,19,88,1,0,0.17,12,75.0,0.16,2.6,16,50.0,0.17,3.9,15,46.6,0.17,3.4,15,40.0,0.15,2.6,19,5.2,0.16,3.3,11,9.0,0.2,3.6,B1,B1,B1,45.0,49.0,2025,2,2024-11-01,2025-04-30,91,8,1,1,0,0,2,0,0,0,0,0,0,0,0,1,7,2,1,0,5,0,0,0,0,0,0,0,0,1,6,4,1,3,0,0,0,0,0,0,0,0,0,2,4,2,3,3,1,0,0,0,0,0,0,0,0,1,0,2,7,4,5,0,0,0,0,0,0,0,0,0,1,0,3,5,2,0,0,0,0,0,0,0,0,0,0,0,0,佐賀
4197,渥美卓郎,アツミ タクロウ,静岡,B1,S,570510,1,43,170,57,A,4.62,24.0,14,17,129,0,0,0.18,20,60.0,0.17,2.9,22,36.3,0.19,3.7,25,16.0,0.18,3.5,26,15.3,0.18,3.5,19,10.5,0.17,3.5,17,5.8,0.22,4.1,B1,B1,B1,45.0,48.0,2025,2,2024-11-01,2025-04-30,91,8,4,2,3,2,1,0,0,0,0,0,0,0,0,2,6,5,3,2,4,0,0,0,0,0,0,0,0,2,2,5,7,1,8,0,0,0,0,0,0,0,0,1,3,7,5,7,3,0,0,0,0,0,0,0,0,1,1,3,4,5,5,0,0,0,0,0,0,0,0,0,1,1,6,6,3,0,0,0,0,0,0,0,0,0,0,0,0,静岡
4199,北川潤二,キタガワ ジュンジ,愛知,A1,S,570621,1,43,170,59,A,6.5,48.5,35,34,142,5,1,0.13,31,83.8,0.12,1.7,39,41.0,0.14,2.9,36,47.2,0.14,2.4,30,26.6,0.12,2.5,5,40.0,0.13,1.6,1,0.0,0.14,4.0,A1,A2,A1,54.0,54.0,2025,2,2024-11-01,2025-04-30,91,20,6,0,2,1,1,1,0,0,0,0,0,0,0,2,14,7,7,5,4,0,0,0,0,0,0,0,0,9,8,10,4,3,2,0,0,0,0,0,0,0,0,2,6,6,7,5,4,0,0,0,0,0,0,0,0,2,0,2,1,0,0,0,0,0,0,0,0,0,0,0,0,1,0,0,0,0,0,0,0,0,0,0,0,0,0,0,0,愛知
4200,早川尚人,ハヤカワ ヒサト,大阪,B1,S,570719,1,42,165,56,A,4.59,20.7,11,11,106,0,0,0.18,15,53.3,0.16,3.4,20,30.0,0.18,3.3,19,15.7,0.16,3.1,18,11.1,0.19,3.6,22,13.6,0.21,3.6,12,0.0,0.17,3.0,B1,B1,B1,47.0,48.0,2025,2,2024-11-01,2025-04-30,91,4,4,3,2,1,0,0,0,0,0,0,0,1,0,3,3,5,3,2,4,0,0,0,0,0,0,0,0,2,1,4,6,5,1,0,0,0,0,0,0,0,0,0,2,4,3,6,2,0,0,0,0,0,0,0,1,2,1,3,9,5,2,0,0,0,0,0,0,0,0,0,0,2,3,5,2,0,0,0,0,0,0,0,0,0,0,0,0,大阪
4201,佐竹友樹,サタケ ユウキ,埼玉,B1,S,570727,1,42,158,53,B,4.75,31.1,11,22,106,0,0,0.17,16,50.0,0.19,3.2,19,36.8,0.19,3.0,20,35.0,0.17,3.1,17,29.4,0.16,2.5,17,23.5,0.16,3.1,17,11.7,0.14,3.3,B1,B1,B1,49.0,48.0,2025,2,2024-11-01,2025-04-30,91,4,4,3,1,2,2,0,0,0,0,0,0,0,0,4,3,1,4,3,4,0,0,0,0,0,0,0,0,1,6,5,2,3,3,0,0,0,0,0,0,0,0,1,4,1,4,4,3,0,0,0,0,0,0,0,0,1,3,1,1,8,3,0,0,0,0,0,0,0,0,0,2,4,3,4,4,0,0,0,0,0,0,0,0,0,0,0,0,宮城
4202,浮田圭浩,ウキタ ヨシヒロ,岡山,B1,S,570806,1,42,166,56,B,4.63,28.8,12,24,125,0,0,0.18,18,55.5,0.15,2.3,20,40.0,0.16,3.8,29,24.1,0.17,3.4,20,20.0,0.18,4.1,24,20.8,0.19,4.1,14,14.2,0.21,4.1,B1,B1,B1,49.0,47.0,2025,2,2024-11-01,2025-04-30,91,6,4,3,0,4,1,0,0,0,0,0,0,0,0,2,6,4,1,3,4,0,0,0,0,0,0,0,0,1,6,5,5,5,7,0,0,0,0,0,0,0,0,1,3,3,5,3,5,0,0,0,0,0,0,0,0,1,4,4,3,5,7,0,0,0,0,0,0,0,0,1,1,2,2,5,3,0,0,0,0,0,0,0,0,0,0,0,0,岡山
4203,小倉康典,オグラ ヤスノリ,群馬,B1,S,570806,1,42,163,53,AB,4.66,26.6,15,13,105,0,0,0.15,15,60.0,0.15,1.9,17,29.4,0.15,2.9,20,35.0,0.16,3.0,22,18.1,0.13,2.1,17,17.6,0.15,3.5,14,0.0,0.18,3.6,B1,B1,B1,46.0,47.0,2025,2,2024-11-01,2025-04-30,91,6,3,2,2,2,0,0,0,0,0,0,0,0,0,3,2,4,4,3,1,0,0,0,0,0,0,0,0,2,5,5,3,2,3,0,0,0,0,0,0,0,0,3,1,4,2,5,7,0,0,0,0,0,0,0,0,1,2,2,3,3,6,0,0,0,0,0,0,0,0,0,0,0,4,4,6,0,0,0,0,0,0,0,0,0,0,0,0,群馬
4204,柴田大輔,シバタ ダイスケ,福岡,B2,S,570812,1,42,163,55,A,2.67,2.1,1,0,46,0,0,0.26,6,0.0,0.24,5.6,8,12.5,0.21,5.4,6,0.0,0.28,5.7,4,0.0,0.21,4.7,11,0.0,0.24,4.9,11,0.0,0.33,5.7,B1,B1,B1,45.0,39.0,2025,2,2024-11-01,2025-04-30,91,0,0,1,0,3,1,1,0,0,0,0,0,0,0,1,0,4,1,1,1,0,0,0,0,0,0,0,0,0,0,0,3,2,1,0,0,0,0,0,0,0,0,0,0,1,0,1,1,1,0,0,0,0,0,0,0,0,0,2,1,5,3,0,0,0,0,0,0,0,0,0,0,0,0,3,8,0,0,0,0,0,0,0,0,0,0,0,0,福岡
4205,山口剛,ヤマグチ ツヨシ,広島,A1,S,570823,1,42,161,54,A,7.58,60.0,34,32,110,6,0,0.12,24,91.6,0.1,2.3,18,72.2,0.11,2.4,24,50.0,0.12,2.4,13,46.1,0.13,2.5,24,45.8,0.11,2.8,7,28.5,0.23,4.7,A1,A1,A1,68.0,72.0,2025,2,2024-11-01,2025-04-30,91,18,4,1,0,1,0,0,0,0,0,0,0,0,0,4,9,1,2,1,1,0,0,0,0,0,0,0,0,5,7,2,2,3,5,0,0,0,0,0,0,0,0,3,3,3,1,3,0,0,0,0,0,0,0,0,0,4,7,4,0,4,5,0,0,0,0,0,1,0,0,0,2,2,1,1,1,0,0,0,0,0,0,0,0,0,0,0,0,広島
4207,松下一也,マツシタ カズヤ,静岡,A1,S,580124,1,42,167,53,A,6.55,52.9,33,29,117,7,1,0.13,26,96.1,0.11,1.7,20,35.0,0.13,2.3,20,60.0,0.13,2.1,17,58.8,0.11,1.7,18,33.3,0.16,2.7,16,12.5,0.14,2.8,A2,A1,B1,50.0,53.0,2025,2,2024-11-01,2025-04-30,91,18,7,1,0,0,0,0,0,0,0,0,0,0,0,3,4,4,3,3,3,0,0,0,0,0,0,0,0,5,7,4,3,0,1,0,0,0,0,0,0,0,0,5,5,2,2,0,3,0,0,0,0,0,0,0,0,2,4,3,3,4,2,0,0,0,0,0,0,0,0,0,2,4,2,4,3,0,0,0,0,0,0,1,0,0,0,2,0,静岡
4208,三浦永理,ミウラ エリ,静岡,A1,S,580202,2,42,157,48,B,7.35,52.4,39,25,122,6,1,0.15,30,86.6,0.16,3.6,20,60.0,0.16,3.5,16,37.5,0.15,2.9,18,50.0,0.14,3.2,18,27.7,0.16,3.2,20,30.0,0.15,3.2,A1,A1,A1,59.0,63.0,2025,2,2024-11-01,2025-04-30,91,20,6,1,1,0,1,1,0,0,0,0,0,0,0,7,5,3,2,2,1,0,0,0,0,0,0,0,0,4,2,5,2,2,1,0,0,0,0,0,1,0,0,4,5,7,1,0,1,0,0,0,0,0,0,0,0,3,2,5,1,5,2,0,0,0,0,0,0,0,0,1,5,7,2,3,2,0,0,0,0,0,0,0,0,0,0,0,0,静岡
4209,藤田竜弘,フジタ タツヒロ,静岡,A2,S,580213,1,42,173,61,O,5.69,38.9,16,35,131,2,0,0.15,17,70.5,0.16,4.4,27,40.7,0.18,3.4,24,58.3,0.14,2.9,21,28.5,0.15,3.0,31,22.5,0.15,3.0,11,9.0,0.15,3.4,B1,B1,A2,51.0,51.0,2025,2,2024-11-01,2025-04-30,91,9,3,2,0,2,1,0,0,0,0,0,0,0,0,1,10,6,5,2,3,0,0,0,0,0,0,0,0,3,11,6,1,1,2,0,0,0,0,0,0,0,0,0,6,5,4,5,1,0,0,0,0,0,0,0,0,3,4,8,8,4,4,0,0,0,0,0,0,0,0,0,1,3,0,4,3,0,0,0,0,0,0,0,0,0,0,0,0,静岡
4210,松村康太,マツムラ コウタ,福井,A2,S,580406,1,42,154,54,O,5.98,35.9,19,27,128,1,0,0.19,26,76.9,0.15,3.4,19,57.8,0.2,3.9,20,35.0,0.16,3.1,24,12.5,0.22,3.7,16,18.7,0.18,3.9,23,8.7,0.22,4.6,A2,A2,A2,52.0,52.0,2025,2,2024-11-01,2025-04-30,91,15,5,3,0,1,2,0,0,0,0,0,0,0,0,2,9,5,1,1,0,0,0,0,0,0,0,1,0,1,6,10,0,2,1,0,0,0,0,0,0,0,0,0,3,8,7,5,0,1,0,0,0,0,0,0,0,1,2,6,5,1,1,0,0,0,0,0,0,0,0,0,2,9,6,5,1,0,0,0,0,0,0,0,0,0,0,0,0,福井
4211,村田敦,ムラタ アツシ,東京,B1,S,580528,1,42,164,60,O,4.3,23.5,11,14,106,0,0,0.15,15,53.3,0.15,2.4,18,27.7,0.16,2.9,20,40.0,0.15,2.9,16,6.2,0.14,2.4,18,11.1,0.13,2.7,19,5.2,0.17,3.8,B1,B1,B1,42.0,46.0,2025,2,2024-11-01,2025-04-30,91,6,2,1,1,4,1,0,0,0,0,0,0,0,0,1,4,2,6,2,3,0,0,0,0,0,0,0,0,4,4,3,3,4,2,0,0,0,0,0,0,0,0,0,1,5,2,5,3,0,0,0,0,0,2,0,0,0,2,2,3,7,4,0,0,0,0,0,0,0,0,0,1,0,4,9,5,0,0,0,0,0,0,0,0,0,0,0,0,神奈川
4213,重富伸也,シゲトミ シンヤ,長崎,B1,S,590629,1,41,172,55,A,4.47,25.8,10,20,116,1,0,0.17,12,50.0,0.16,2.6,16,43.7,0.17,3.3,16,18.7,0.16,3.0,20,15.0,0.16,3.2,22,31.8,0.19,3.6,30,13.3,0.18,4.0,B1,B1,B1,46.0,47.0,2025,2,2024-11-01,2025-04-30,91,4,2,0,2,3,1,0,0,0,0,0,0,0,0,2,5,2,1,5,1,0,0,0,0,0,0,0,0,0,3,5,1,3,4,0,0,0,0,0,0,0,0,2,1,2,6,5,4,0,0,0,0,0,0,0,0,1,6,3,3,5,4,0,0,0,0,0,0,0,0,1,3,4,8,6,8,0,0,0,0,0,0,0,0,0,0,0,0,長崎
4214,林祐介,ハヤシ ユウスケ,岡山,A2,S,590808,1,40,166,56,A,5.55,34.3,19,14,96,2,0,0.16,19,78.9,0.14,2.2,14,35.7,0.19,3.7,11,27.2,0.13,2.6,24,25.0,0.15,2.8,15,13.3,0.17,3.3,12,16.6,0.18,3.9,A2,A2,A2,51.0,50.0,2025,2,2024-11-01,2025-04-30,91,12,3,1,0,0,3,0,0,0,0,0,0,0,0,1,4,3,4,2,0,0,0,0,0,0,1,0,0,2,1,1,5,2,0,0,0,0,0,0,0,0,0,3,3,6,5,4,3,0,0,0,0,0,0,0,0,1,1,4,2,4,3,0,0,0,0,0,0,0,0,0,2,4,3,1,2,0,0,0,0,0,0,0,0,0,0,1,1,岡山
4215,吉島祥之,ヨシジマ ヨシユキ,愛知,A2,S,590822,1,40,169,55,O,5.79,38.9,30,21,131,3,0,0.15,22,68.1,0.12,2.2,23,43.4,0.16,2.6,24,37.5,0.16,2.8,21,47.6,0.15,2.7,23,21.7,0.17,3.5,18,11.1,0.17,4.1,A2,A2,A2,52.0,51.0,2025,2,2024-11-01,2025-04-30,91,14,1,3,3,1,0,0,0,0,0,0,0,0,0,4,6,2,7,1,2,1,0,0,0,0,0,0,0,4,5,4,5,4,2,0,0,0,0,0,0,0,0,5,5,3,2,4,1,0,0,0,0,0,0,1,0,2,3,7,3,6,2,0,0,0,0,0,0,0,0,1,1,4,3,8,1,0,0,0,0,0,0,0,0,0,0,1,0,愛知
4216,星栄爾,ホシ エイジ,静岡,A2,S,600428,1,40,155,54,A,5.55,34.4,26,24,145,2,0,0.15,30,86.6,0.11,1.7,21,42.8,0.16,3.2,23,34.7,0.15,2.7,22,13.6,0.17,3.4,27,11.1,0.15,3.2,22,4.5,0.19,3.8,A2,B1,B1,51.0,51.0,2025,2,2024-11-01,2025-04-30,91,20,6,1,3,0,0,0,0,0,0,0,0,0,0,2,7,7,1,2,2,0,0,0,0,0,0,0,0,3,5,3,7,3,2,0,0,0,0,0,0,0,0,0,3,10,4,3,2,0,0,0,0,0,1,0,0,0,3,5,7,8,4,0,0,0,0,0,0,0,0,1,0,3,7,6,5,0,0,0,0,0,0,0,0,0,0,0,0,福島
4218,吉川喜継,ヨシカワ ヨシツグ,滋賀,A1,S,560824,1,43,172,52,A,6.42,45.1,35,30,144,6,0,0.16,34,76.4,0.13,2.4,24,54.1,0.17,3.3,29,41.3,0.14,3.0,27,37.0,0.17,3.1,21,14.2,0.19,3.9,9,11.1,0.22,4.9,A1,A1,A1,55.0,56.0,2025,2,2024-11-01,2025-04-30,92,23,3,5,0,3,0,0,0,0,0,0,0,0,0,3,10,4,2,4,1,0,0,0,0,0,0,0,0,4,8,9,4,2,1,0,0,0,0,0,0,1,0,5,5,6,8,3,0,0,0,0,0,0,0,0,0,0,3,5,5,3,5,0,0,0,0,0,1,0,0,0,1,2,1,3,2,0,0,0,0,0,0,0,0,0,0,0,0,滋賀
4219,本岡勝利,モトオカ カツトシ,広島,B1,S,561010,1,43,166,55,B,3.63,14.5,2,14,110,0,0,0.18,16,18.7,0.18,3.6,21,23.8,0.18,3.3,15,0.0,0.2,3.3,26,30.7,0.16,3.6,18,0.0,0.17,3.6,14,0.0,0.2,4.4,B1,B1,B1,47.0,45.0,2025,2,2024-11-01,2025-04-30,92,0,3,1,6,5,1,0,0,0,0,0,0,0,0,0,5,5,2,3,6,0,0,0,0,0,0,0,0,0,0,3,5,4,3,0,0,0,0,0,0,0,0,2,6,2,3,7,6,0,0,0,0,0,1,0,0,0,0,2,4,8,4,0,0,0,0,0,0,0,0,0,0,0,6,3,5,0,0,0,0,0,0,0,0,0,0,0,0,広島
4220,深川和仁,フカガワ カズヒト,香川,A2,S,561016,1,43,163,56,A,5.61,38.5,18,24,109,1,0,0.16,19,68.4,0.16,2.8,16,50.0,0.15,2.8,17,41.1,0.19,3.4,24,29.1,0.16,3.1,21,33.3,0.16,2.8,12,0.0,0.18,4.4,B1,B1,A2,46.0,50.0,2025,2,2024-11-01,2025-04-30,92,8,5,1,2,1,1,0,0,0,0,0,0,1,0,3,5,2,3,2,1,0,0,0,0,0,0,0,0,2,5,4,3,2,1,0,0,0,0,0,0,0,0,4,3,6,6,1,4,0,0,0,0,0,0,0,0,1,6,4,2,5,3,0,0,0,0,0,0,0,0,0,0,4,2,2,4,0,0,0,0,0,0,0,0,0,0,0,0,香川
4224,大橋栄里佳,オオハシ エリカ,福岡,B1,S,570223,2,43,157,47,O,4.71,31.9,17,13,94,1,0,0.19,16,75.0,0.16,3.4,15,46.6,0.2,3.5,13,23.0,0.21,4.1,13,30.7,0.18,3.7,17,23.5,0.2,3.9,20,0.0,0.19,3.8,B1,B1,B1,47.0,46.0,2025,2,2024-11-01,2025-04-30,92,9,3,0,2,0,2,0,0,0,0,0,0,0,0,4,3,1,5,1,0,1,0,0,0,0,0,0,0,1,2,4,0,3,3,0,0,0,0,0,0,0,0,2,2,0,3,2,4,0,0,0,0,0,0,0,0,1,3,0,2,5,6,0,0,0,0,0,0,0,0,0,0,1,8,3,8,0,0,0,0,0,0,0,0,0,0,0,0,福岡
4225,土屋千明,ツチヤ チアキ,群馬,A1,S,570629,2,43,156,47,O,6.74,48.1,21,32,110,3,0,0.17,22,77.2,0.18,3.2,19,42.1,0.16,3.3,15,53.3,0.16,2.4,23,47.8,0.17,2.7,17,35.2,0.16,2.8,14,21.4,0.19,4.0,A1,B1,A2,57.0,57.0,2025,2,2024-11-01,2025-04-30,92,13,4,1,2,0,1,1,0,0,0,0,0,0,0,3,5,10,1,0,0,0,0,0,0,0,0,0,0,3,5,4,3,0,0,0,0,0,0,0,2,0,0,2,9,5,4,2,0,0,0,0,0,0,0,1,0,0,6,5,2,2,2,0,0,0,0,0,0,0,0,0,3,3,5,2,1,0,0,0,0,0,0,0,0,0,0,0,0,群馬
4226,村田浩司,ムラタ コウジ,山口,B1,S,570902,1,42,165,56,A,4.05,23.9,9,13,92,0,0,0.15,12,58.3,0.15,3.1,18,27.7,0.17,3.4,18,16.6,0.14,2.2,12,16.6,0.16,2.4,18,22.2,0.14,2.6,14,7.1,0.11,2.7,B1,B1,B1,45.0,45.0,2025,2,2024-11-01,2025-04-30,92,5,2,0,2,2,1,0,0,0,0,0,0,0,0,2,3,0,2,7,4,0,0,0,0,0,0,0,0,0,3,5,4,4,2,0,0,0,0,0,0,0,0,2,0,1,2,2,5,0,0,0,0,0,0,0,0,0,4,0,3,7,4,0,0,0,0,0,0,0,0,0,1,2,1,5,5,0,0,0,0,0,0,0,0,0,0,0,0,山口
4227,安達裕樹,アダチ ユウキ,三重,A1,S,580212,1,42,165,54,O,6.65,48.8,36,29,133,4,0,0.17,27,85.1,0.15,2.5,20,50.0,0.2,4.1,26,46.1,0.16,3.1,28,42.8,0.17,3.6,16,31.2,0.19,3.9,15,20.0,0.17,3.6,A2,A1,A1,55.0,57.0,2025,2,2024-11-01,2025-04-30,92,19,4,2,1,1,0,0,0,0,0,0,0,0,0,3,7,2,4,3,1,0,0,0,0,0,0,0,0,5,7,7,5,2,0,0,0,0,0,0,0,0,0,7,5,6,7,2,1,0,0,0,0,0,0,0,0,2,3,3,4,3,1,0,0,0,0,0,0,0,0,0,3,0,5,2,4,1,0,0,0,0,0,0,0,0,0,0,1,三重
4228,吉田慎二郎,ヨシダ シンジロウ,愛知,A2,S,580402,1,42,170,58,B,5.53,43.4,23,23,106,1,0,0.18,18,77.7,0.18,3.7,14,28.5,0.2,4.5,22,50.0,0.19,3.4,16,50.0,0.14,3.6,20,30.0,0.17,3.0,15,20.0,0.2,4.3,A2,A2,A2,50.0,49.0,2025,2,2024-11-01,2025-04-30,92,12,2,1,1,1,1,0,0,0,0,0,0,0,0,0,4,1,3,6,0,0,0,0,0,0,0,0,0,7,4,3,1,5,2,0,0,0,0,0,0,0,0,1,7,1,3,1,3,0,0,0,0,0,0,0,0,3,3,2,3,4,4,1,0,0,0,0,0,0,0,0,3,2,3,4,3,0,0,0,0,0,0,0,0,0,0,0,1,岐阜
4229,市川美宏,イチカワ ヨシヒロ,静岡,B1,S,580430,1,42,169,53,O,4.58,20.0,8,12,100,0,0,0.2,11,54.5,0.19,3.7,18,33.3,0.21,4.4,21,14.2,0.2,4.0,16,12.5,0.2,4.5,19,10.5,0.21,4.6,15,6.6,0.21,5.0,B1,B1,B1,45.0,48.0,2025,2,2024-11-01,2025-04-30,92,5,1,4,1,0,0,0,0,0,0,0,0,0,0,1,5,4,3,3,2,0,0,0,0,0,0,0,0,1,2,6,7,3,2,0,0,0,0,0,0,0,0,1,1,3,4,4,3,0,0,0,0,0,0,0,0,0,2,3,3,7,4,0,0,0,0,0,0,0,0,0,1,4,2,6,1,0,0,0,0,0,0,1,0,0,0,0,0,静岡
4230,濱崎直矢,ハマサキ ナオヤ,埼玉,A1,S,580506,1,42,166,56,B,7.21,56.9,69,25,165,10,3,0.14,42,92.8,0.13,2.4,25,72.0,0.14,2.6,23,52.1,0.11,2.0,29,37.9,0.14,2.5,19,52.6,0.16,2.6,27,14.8,0.14,2.5,A1,A1,A2,52.0,56.0,2025,2,2024-11-01,2025-04-30,92,37,2,1,0,1,1,0,0,0,0,0,0,0,0,9,9,5,0,1,1,0,0,0,0,0,0,0,0,7,5,5,4,1,1,0,0,0,0,0,0,0,0,9,2,7,1,3,7,0,0,0,0,0,0,0,0,5,5,2,3,2,2,0,0,0,0,0,0,0,0,2,2,12,4,2,5,0,0,0,0,0,0,0,0,0,0,0,0,埼玉
4231,鈴木裕隆,スズキ ヒロタカ,愛知,B1,S,580625,1,42,171,57,A,5.41,35.0,32,24,160,1,0,0.17,30,83.3,0.14,2.5,21,42.8,0.14,3.1,31,35.4,0.19,4.0,29,20.6,0.17,3.3,28,14.2,0.18,3.9,21,4.7,0.17,3.1,A2,B1,B1,51.0,49.0,2025,2,2024-11-01,2025-04-30,92,20,5,2,2,0,0,1,0,0,0,0,0,0,0,4,5,2,3,4,3,0,0,0,0,0,0,0,0,5,6,7,3,5,5,0,0,0,0,0,0,0,0,1,5,9,5,5,3,0,0,0,0,0,0,1,0,1,3,6,4,5,9,0,0,0,0,0,0,0,0,1,0,3,11,3,3,0,0,0,0,0,0,0,0,0,0,0,0,愛知
4232,笠雅雄,リュウ マサオ,福岡,B1,S,580707,1,41,165,61,B,4.33,26.0,8,11,73,0,0,0.17,10,60.0,0.15,3.2,13,30.7,0.2,4.2,13,30.7,0.17,3.7,13,23.0,0.17,3.4,11,18.1,0.18,3.6,13,0.0,0.16,3.9,B2,B1,B1,41.0,46.0,2025,2,2024-11-01,2025-04-30,92,3,3,0,2,1,1,0,0,0,0,0,0,0,0,2,2,1,3,4,1,0,0,0,0,0,0,0,0,2,2,1,3,3,2,0,0,0,0,0,0,0,0,1,2,2,2,4,2,0,0,0,0,0,0,0,0,0,2,2,1,3,3,0,0,0,0,0,0,0,0,0,0,2,0,6,5,0,0,0,0,0,0,0,0,0,0,0,0,福岡
4233,亀山雅幸,カメヤマ マサユキ,群馬,A2,S,580722,1,41,166,53,O,5.82,43.8,28,36,146,3,0,0.17,28,92.8,0.15,2.5,21,52.3,0.15,2.5,25,52.0,0.17,2.6,31,29.0,0.16,2.9,24,20.8,0.2,3.6,17,0.0,0.21,4.5,A2,A2,A2,51.0,51.0,2025,2,2024-11-01,2025-04-30,92,16,10,1,0,0,1,0,0,0,0,0,0,0,0,5,6,4,3,2,1,0,0,0,0,0,0,0,0,4,9,5,3,4,0,0,0,0,0,0,0,0,0,2,7,6,4,6,6,0,0,0,0,0,0,0,0,1,4,4,7,3,5,0,0,0,0,0,0,0,0,0,0,3,3,6,5,0,0,0,0,0,0,0,0,0,0,0,0,群馬
4234,野相弘司,ノアイ ヒロシ,福岡,B1,S,580909,1,41,170,61,A,4.72,26.4,11,17,106,1,0,0.16,17,70.5,0.12,2.1,16,18.7,0.18,3.8,13,53.8,0.16,3.0,19,10.5,0.15,2.7,25,16.0,0.17,3.6,16,0.0,0.19,4.3,B1,B1,B1,47.0,47.0,2025,2,2024-11-01,2025-04-30,92,7,5,3,1,0,1,0,0,0,0,0,0,0,0,1,2,3,6,2,2,0,0,0,0,0,0,0,0,0,7,2,1,2,1,0,0,0,0,0,0,0,0,1,1,4,2,4,6,0,0,0,0,0,0,1,0,2,2,8,4,6,3,0,0,0,0,0,0,0,0,0,0,1,3,5,7,0,0,0,0,0,0,0,0,1,0,0,0,福岡
4236,松村敏,マツムラ サトシ,福岡,A1,S,580917,1,41,170,54,O,6.88,60.8,32,27,97,4,0,0.12,24,95.8,0.11,1.7,16,68.7,0.13,2.7,13,46.1,0.1,1.9,12,75.0,0.1,1.5,17,41.1,0.14,2.6,15,20.0,0.13,3.1,A1,A1,A1,60.0,54.0,2025,2,2024-11-01,2025-04-30,92,19,4,0,1,0,0,0,0,0,0,0,0,0,0,5,6,0,1,3,1,0,0,0,0,0,0,0,0,2,4,4,0,2,0,0,0,0,0,0,0,1,0,1,8,1,1,0,1,0,0,0,0,0,0,0,0,4,3,3,2,4,1,0,0,0,0,0,0,0,0,1,2,1,2,4,5,0,0,0,0,0,0,0,0,0,0,0,0,熊本
4237,大峯豊,オオミネ ユタカ,山口,A1,S,581014,1,41,171,53,AB,7.23,48.1,43,21,133,4,1,0.16,32,84.3,0.16,3.7,22,54.5,0.18,3.8,18,33.3,0.17,3.7,22,36.3,0.15,3.1,28,35.7,0.15,3.4,11,9.0,0.2,4.7,A1,A1,A1,60.0,67.0,2025,2,2024-11-01,2025-04-30,92,24,3,4,1,0,0,0,0,0,0,0,0,0,0,7,5,5,2,1,2,0,0,0,0,0,0,0,0,2,4,8,2,1,1,0,0,0,0,0,0,0,0,4,4,9,1,2,2,0,0,0,0,0,0,0,0,5,5,5,3,5,5,0,0,0,0,0,0,0,0,1,0,3,2,2,3,0,0,0,0,0,0,0,0,0,0,1,0,山口
4238,毒島誠,ブスジマ マコト,群馬,A1,S,590108,1,41,163,55,B,7.77,52.2,41,17,111,7,4,0.13,29,89.6,0.11,1.8,21,38.1,0.14,3.3,21,52.3,0.14,2.8,15,40.0,0.13,2.9,15,40.0,0.12,3.1,10,10.0,0.14,4.0,A1,A1,A1,74.0,76.0,2025,2,2024-11-01,2025-04-30,92,25,1,2,0,1,0,0,0,0,0,0,0,0,0,4,4,6,3,3,1,0,0,0,0,0,0,0,0,6,5,2,1,2,5,0,0,0,0,0,0,0,0,3,3,2,1,1,5,0,0,0,0,0,0,0,0,2,4,4,1,2,1,0,0,0,0,0,0,0,1,1,0,4,2,0,3,0,0,0,0,0,0,0,0,0,0,0,0,群馬
4239,竹田辰也,タケダ タツヤ,山口,A1,S,590215,1,41,160,52,A,6.43,49.5,31,25,113,4,0,0.17,28,89.2,0.16,3.0,17,64.7,0.16,3.6,14,57.1,0.14,2.2,20,45.0,0.17,3.5,16,18.7,0.19,3.6,18,0.0,0.2,4.4,A2,A1,A1,56.0,55.0,2025,2,2024-11-01,2025-04-30,92,23,2,0,1,1,0,1,0,0,0,0,0,0,0,5,6,1,3,2,0,0,0,0,0,0,0,0,0,1,7,3,2,0,1,0,0,0,0,0,0,0,0,2,7,5,0,4,2,0,0,0,0,0,0,0,0,0,3,6,2,3,2,0,0,0,0,0,0,0,0,0,0,3,4,4,7,0,0,0,0,0,0,0,0,0,0,0,0,山口
4240,今井裕梨,イマイ ユリ,群馬,A1,S,590228,2,41,151,46,O,6.31,48.8,31,31,127,6,1,0.15,24,87.5,0.16,2.4,19,52.6,0.14,2.3,28,50.0,0.14,2.9,16,43.7,0.16,2.8,21,33.3,0.16,3.0,19,15.7,0.17,3.1,A2,A2,A2,53.0,53.0,2025,2,2024-11-01,2025-04-30,92,16,5,1,0,0,2,0,0,0,0,0,0,0,0,1,9,4,3,0,1,0,0,0,0,0,0,1,0,9,5,4,6,4,0,0,0,0,0,0,0,0,0,3,4,5,0,3,0,0,0,0,0,0,0,1,0,1,6,3,4,4,3,0,0,0,0,0,0,0,0,1,2,5,0,3,8,0,0,0,0,0,0,0,0,0,0,0,0,群馬
4241,大串重幸,オオグシ シゲユキ,長崎,A2,S,600104,1,40,165,54,AB,5.69,41.3,15,35,121,1,0,0.16,20,90.0,0.15,2.9,23,47.8,0.18,4.3,21,47.6,0.15,3.0,22,18.1,0.15,3.5,17,23.5,0.16,3.7,18,16.6,0.19,4.6,A2,B1,B1,50.0,51.0,2025,2,2024-11-01,2025-04-30,92,12,6,1,1,0,0,0,0,0,0,0,0,0,0,2,9,4,5,2,1,0,0,0,0,0,0,0,0,1,9,3,5,2,1,0,0,0,0,0,0,0,0,0,4,8,1,5,3,0,0,0,0,0,0,1,0,0,4,4,4,4,1,0,0,0,0,0,0,0,0,0,3,1,5,5,4,0,0,0,0,0,0,0,0,0,0,1,0,長崎
4243,西村歩,ニシムラ アユミ,大阪,A2,S,601220,2,39,166,47,AB,5.47,34.8,22,23,129,1,0,0.16,23,60.8,0.17,3.2,22,59.0,0.14,2.7,26,23.0,0.16,2.5,22,31.8,0.18,3.1,21,23.8,0.13,2.7,15,0.0,0.17,3.1,B1,A2,A2,51.0,50.0,2025,2,2024-11-01,2025-04-30,92,11,3,3,5,0,1,0,0,0,0,0,0,0,0,6,7,5,1,2,1,0,0,0,0,0,0,0,0,1,5,5,8,3,4,0,0,0,0,0,0,0,0,2,5,2,8,4,1,0,0,0,0,0,0,0,0,2,3,4,6,2,4,0,0,0,0,0,0,0,0,0,0,2,4,3,6,0,0,0,0,0,0,0,0,0,0,0,0,大阪
4244,鈴木成美,スズキ ナルミ,静岡,B1,S,611015,2,38,151,45,AB,4.82,28.8,14,12,90,0,0,0.14,15,80.0,0.11,1.7,17,35.2,0.16,3.3,11,27.2,0.14,2.5,17,23.5,0.13,2.4,19,5.2,0.16,3.1,11,0.0,0.13,2.7,B1,B1,B1,47.0,48.0,2025,2,2024-11-01,2025-04-30,92,7,5,2,1,0,0,0,0,0,0,0,0,0,0,4,2,3,4,2,2,0,0,0,0,0,0,0,0,1,2,4,1,2,1,0,0,0,0,0,0,0,0,2,2,3,1,6,3,0,0,0,0,0,0,0,0,0,1,1,4,5,8,0,0,0,0,0,0,0,0,0,0,3,1,3,4,0,0,0,0,0,0,0,0,0,0,0,0,静岡
4245,高橋直哉,タカハシ ナオヤ,東京,B1,S,561206,1,43,167,54,A,5.08,30.4,12,20,105,1,0,0.18,14,71.4,0.13,1.9,21,42.8,0.21,4.0,22,27.2,0.17,3.3,14,21.4,0.21,4.5,18,16.6,0.19,3.4,16,6.2,0.19,4.6,B1,B1,B1,48.0,49.0,2025,2,2024-11-01,2025-04-30,93,6,4,1,2,0,1,0,0,0,0,0,0,0,0,3,6,4,4,1,2,0,0,0,0,0,0,1,0,0,6,5,3,6,2,0,0,0,0,0,1,0,0,1,2,6,1,2,2,0,0,0,0,0,0,0,0,1,2,4,4,5,2,0,0,0,0,0,0,0,0,1,0,3,1,6,5,0,0,0,0,0,0,0,0,0,0,0,0,秋田
4246,喜多那由夏,キタ ナユカ,静岡,B1,S,570419,2,43,155,50,A,3.81,17.3,4,13,98,0,0,0.18,10,50.0,0.16,4.1,15,40.0,0.19,3.9,24,16.6,0.17,2.9,19,10.5,0.17,3.9,16,0.0,0.18,4.1,13,0.0,0.21,5.0,B1,B1,B1,49.0,44.0,2025,2,2024-11-01,2025-04-30,93,2,3,0,2,2,1,0,0,0,0,0,0,0,0,0,6,1,3,4,1,0,0,0,0,0,0,0,0,1,3,3,6,6,4,0,0,0,0,0,0,1,0,1,1,5,5,3,4,0,0,0,0,0,0,0,0,0,0,3,4,2,7,0,0,0,0,0,0,0,0,0,0,0,3,4,6,0,0,0,0,0,0,0,0,0,0,0,1,静岡
4247,齊藤優,サイトウ ユウ,徳島,A2,S,570501,1,43,164,54,B,5.57,33.7,15,16,92,2,0,0.16,12,66.6,0.17,2.9,17,41.1,0.15,2.5,17,41.1,0.18,3.1,20,45.0,0.15,2.9,15,0.0,0.13,3.7,11,0.0,0.18,3.5,B1,B1,B1,51.0,51.0,2025,2,2024-11-01,2025-04-30,93,4,4,2,1,1,0,0,0,0,0,0,0,0,0,3,4,4,3,3,0,0,0,0,0,0,0,0,0,4,3,5,3,2,0,0,0,0,0,0,0,0,0,4,5,4,4,3,0,0,0,0,0,0,0,0,0,0,0,3,3,5,4,0,0,0,0,0,0,0,0,0,0,2,4,2,3,0,0,0,0,0,0,0,0,0,0,0,0,徳島
4248,岡本大,オカモト フトシ,長崎,B1,S,570512,1,43,169,55,O,4.04,18.8,9,7,85,0,0,0.18,13,61.5,0.16,3.6,12,33.3,0.16,3.6,17,5.8,0.18,3.8,13,15.3,0.2,4.0,16,6.2,0.19,4.0,14,0.0,0.21,4.9,B1,B1,B1,46.0,45.0,2025,2,2024-11-01,2025-04-30,93,6,2,3,0,1,0,1,0,0,0,0,0,0,0,2,2,3,1,2,2,0,0,0,0,0,0,0,0,1,0,3,4,5,4,0,0,0,0,0,0,0,0,0,2,1,5,2,3,0,0,0,0,0,1,0,0,0,1,1,2,5,7,0,0,0,0,0,0,0,0,0,0,2,3,4,5,0,0,0,0,0,0,0,0,0,0,0,0,長崎
4251,川崎誠志,カワサキ セイジ,山口,B1,S,580118,1,42,169,53,O,4.61,23.8,15,12,113,0,0,0.2,16,68.7,0.2,4.3,19,42.1,0.22,4.7,22,22.7,0.17,3.7,17,11.7,0.21,4.6,24,4.1,0.19,4.3,15,0.0,0.25,5.3,B1,B1,B1,46.0,48.0,2025,2,2024-11-01,2025-04-30,93,9,2,0,4,1,0,0,0,0,0,0,0,0,0,2,6,2,3,3,3,0,0,0,0,0,0,0,0,2,3,3,6,6,2,0,0,0,0,0,0,0,0,1,1,4,3,3,5,0,0,0,0,0,0,0,0,1,0,5,7,8,3,0,0,0,0,0,0,0,0,0,0,3,3,5,4,0,0,0,0,0,0,0,0,0,0,0,0,山口
4252,松下哲也,マツシタ テツヤ,福岡,B1,S,580505,1,42,170,51,A,4.34,26.0,7,18,96,0,0,0.18,12,41.6,0.17,4.0,16,43.7,0.17,3.3,20,30.0,0.18,3.4,16,31.2,0.17,3.8,14,14.2,0.16,3.3,18,0.0,0.21,3.9,B1,B1,B1,49.0,45.0,2025,2,2024-11-01,2025-04-30,93,3,2,3,1,1,2,0,0,0,0,0,0,0,0,0,7,2,2,4,1,0,0,0,0,0,0,0,0,1,5,4,3,1,6,0,0,0,0,0,0,0,0,3,2,1,5,3,2,0,0,0,0,0,1,0,0,0,2,2,1,4,4,0,0,0,0,0,0,1,0,0,0,2,4,3,8,1,0,0,0,0,0,0,0,0,0,0,0,福岡
4253,西川真人,ニシカワ マサト,滋賀,B1,S,580523,1,42,171,57,AB,4.33,22.0,12,14,118,0,0,0.18,18,72.2,0.16,2.8,21,28.5,0.16,3.2,19,15.7,0.15,3.1,17,11.7,0.17,4.3,27,7.4,0.21,4.1,16,0.0,0.2,4.8,B1,B1,B1,49.0,47.0,2025,2,2024-11-01,2025-04-30,93,6,7,2,1,2,0,0,0,0,0,0,0,0,0,4,2,5,6,4,0,0,0,0,0,0,0,0,0,1,2,3,5,4,4,0,0,0,0,0,0,0,0,0,2,3,3,6,3,0,0,0,0,0,0,0,0,1,1,2,6,11,6,0,0,0,0,0,0,0,0,0,0,0,6,4,6,0,0,0,0,0,0,0,0,0,0,0,0,滋賀
4254,川島圭司,カワシマ ケイジ,滋賀,A2,S,580703,1,41,167,51,A,5.84,41.8,27,22,117,1,0,0.14,21,85.7,0.11,1.6,20,60.0,0.14,2.1,24,20.8,0.15,2.9,18,50.0,0.13,2.4,22,18.1,0.14,2.7,12,8.3,0.18,3.6,A2,A2,B1,51.0,51.0,2025,2,2024-11-01,2025-04-30,93,16,2,0,1,2,0,0,0,0,0,0,0,0,0,4,8,2,1,1,4,0,0,0,0,0,0,0,0,1,4,6,6,5,2,0,0,0,0,0,0,0,0,5,4,0,4,3,2,0,0,0,0,0,0,0,0,1,3,7,4,6,1,0,0,0,0,0,0,0,0,0,1,4,1,5,1,0,0,0,0,0,0,0,0,0,0,0,0,滋賀
4256,渡辺浩司,ワタナベ コウジ,福岡,A1,S,581113,1,41,167,54,A,6.84,50.0,45,27,144,5,1,0.13,36,88.8,0.12,2.1,20,55.0,0.13,2.6,24,45.8,0.12,2.6,23,43.4,0.13,2.5,22,27.2,0.15,3.3,19,10.5,0.14,2.6,A1,A1,A1,56.0,61.0,2025,2,2024-11-01,2025-04-30,93,27,5,1,2,1,0,0,0,0,0,0,0,0,0,7,4,1,5,2,1,0,0,0,0,0,0,0,0,4,7,7,4,2,0,0,0,0,0,0,0,0,0,4,6,3,3,5,2,0,0,0,0,0,0,0,0,3,3,7,6,3,0,0,0,0,0,0,0,0,0,0,2,4,2,5,6,0,0,0,0,0,0,0,0,0,0,0,0,大分
4257,古川健,フルカワ ケン,広島,B1,S,581115,1,41,168,53,A,5.01,27.9,12,12,86,0,0,0.15,15,60.0,0.16,2.6,13,38.4,0.14,2.5,18,22.2,0.15,2.6,12,33.3,0.14,3.0,12,8.3,0.16,3.2,16,6.2,0.14,3.1,B1,B1,B1,47.0,49.0,2025,2,2024-11-01,2025-04-30,93,4,5,2,2,2,0,0,0,0,0,0,0,0,0,2,3,4,2,2,0,0,0,0,0,0,0,0,0,1,3,3,4,5,1,0,0,0,0,0,0,1,0,3,1,4,1,2,1,0,0,0,0,0,0,0,0,1,0,2,5,2,2,0,0,0,0,0,0,0,0,1,0,1,5,4,5,0,0,0,0,0,0,0,0,0,0,0,0,広島
4258,関根彰人,セキネ アキヒト,埼玉,B1,S,581126,1,41,168,51,A,5.26,28.9,16,26,145,2,0,0.18,23,60.8,0.15,3.1,26,38.4,0.18,3.2,27,33.3,0.18,3.0,20,30.0,0.18,3.6,26,7.6,0.2,4.3,23,4.3,0.21,5.0,A2,B1,B1,52.0,51.0,2025,2,2024-11-01,2025-04-30,93,5,9,4,5,0,0,0,0,0,0,0,0,0,0,3,7,8,4,3,1,0,0,0,0,0,0,0,0,6,3,6,6,3,3,0,0,0,0,0,0,0,0,1,5,5,6,3,0,0,0,0,0,0,0,0,0,1,1,4,10,7,3,0,0,0,0,0,0,0,0,0,1,4,5,9,4,0,0,0,0,0,0,0,0,0,0,0,0,埼玉
4259,真庭明志,マニワ ヒロシ,長崎,B1,S,590206,1,41,161,54,AB,5.19,32.6,21,24,138,4,0,0.15,26,73.0,0.12,1.8,22,45.4,0.16,3.0,28,39.2,0.14,2.5,24,16.6,0.15,3.0,23,4.3,0.18,3.6,15,0.0,0.16,3.4,A2,A2,A2,51.0,49.0,2025,2,2024-11-01,2025-04-30,93,13,6,4,1,1,1,0,0,0,0,0,0,0,0,1,9,3,3,3,3,0,0,0,0,0,0,0,0,6,5,8,2,4,3,0,0,0,0,0,0,0,0,1,3,5,6,3,6,0,0,0,0,0,0,0,0,0,1,2,8,8,4,0,0,0,0,0,0,0,0,0,0,2,4,4,5,0,0,0,0,0,0,0,0,0,0,0,0,長崎
4260,中越博紀,ナカゴシ ヒロキ,香川,A2,S,590307,1,41,167,54,AB,5.53,39.5,23,30,134,2,1,0.17,26,76.9,0.18,3.5,25,44.0,0.17,3.4,22,36.3,0.17,3.7,20,30.0,0.17,3.5,21,19.0,0.17,3.5,20,20.0,0.19,3.9,A2,A2,A2,50.0,51.0,2025,2,2024-11-01,2025-04-30,93,14,6,2,1,2,1,0,0,0,0,0,0,0,0,2,9,5,3,4,1,1,0,0,0,0,0,0,0,3,5,4,3,5,2,0,0,0,0,0,0,0,0,3,3,3,4,0,7,0,0,0,0,0,0,0,0,0,4,4,6,3,4,0,0,0,0,0,1,0,0,1,3,2,3,6,5,0,0,0,0,0,0,0,0,0,0,0,0,愛媛
4261,岡祐臣,オカ ユウシン,三重,A2,S,590317,1,41,167,58,A,5.62,36.8,23,12,95,2,2,0.15,18,72.2,0.12,3.2,15,33.3,0.16,3.8,17,29.4,0.14,3.2,16,25.0,0.17,2.9,12,41.6,0.15,2.9,17,17.6,0.18,3.9,A1,A1,A1,54.0,56.0,2025,2,2024-11-01,2025-04-30,93,12,1,1,0,0,2,1,0,0,0,0,0,1,0,3,2,2,5,1,2,0,0,0,0,0,0,0,0,4,1,2,5,2,3,0,0,0,0,0,0,0,0,0,4,2,4,2,4,0,0,0,0,0,1,0,0,4,1,1,1,3,2,0,0,0,0,0,0,0,0,0,3,4,2,3,5,0,0,0,0,0,0,0,0,0,0,1,0,三重
4262,馬場貴也,ババ ヨシヤ,滋賀,A1,S,590326,1,41,167,55,A,7.18,43.6,33,25,133,6,0,0.15,29,86.2,0.13,2.8,19,47.3,0.14,2.7,20,55.0,0.13,3.0,26,34.6,0.16,3.4,23,17.3,0.16,4.0,15,0.0,0.18,4.1,A1,A1,A1,72.0,74.0,2025,2,2024-11-01,2025-04-30,93,21,4,1,2,1,0,0,0,0,0,0,0,0,0,3,6,4,3,1,2,0,0,0,0,0,0,0,0,6,5,5,1,1,2,0,0,0,0,0,0,0,0,3,6,2,4,8,3,0,0,0,0,0,0,0,0,0,4,8,4,6,1,0,0,0,0,0,0,0,0,0,0,5,8,1,1,0,0,0,0,0,0,0,0,0,0,0,1,京都
4263,武重雄介,タケシゲ ユウスケ,山口,A1,S,590611,1,41,172,56,O,6.28,44.6,30,28,130,5,0,0.16,26,92.3,0.15,2.6,26,46.1,0.18,3.2,19,52.6,0.14,2.6,21,38.1,0.14,2.5,16,18.7,0.18,3.4,22,4.5,0.18,4.7,A2,A2,A2,51.0,53.0,2025,2,2024-11-01,2025-04-30,93,20,4,0,0,1,1,0,0,0,0,0,0,0,0,4,8,6,2,4,2,0,0,0,0,0,0,0,0,2,8,7,0,0,2,0,0,0,0,0,0,0,0,3,5,7,5,1,0,0,0,0,0,0,0,0,0,1,2,2,7,3,1,0,0,0,0,0,0,0,0,0,1,5,7,5,4,0,0,0,0,0,0,0,0,0,0,0,0,山口
4264,長尾章平,ナガオ ショウヘイ,山口,A1,S,591224,1,40,166,56,O,6.93,57.2,43,48,159,7,0,0.16,38,84.2,0.13,2.1,22,54.5,0.16,3.0,28,60.7,0.16,3.3,29,51.7,0.16,3.0,24,50.0,0.15,3.4,18,16.6,0.2,4.3,A1,A1,A2,54.0,56.0,2025,2,2024-11-01,2025-04-30,93,28,4,4,1,0,1,0,0,0,0,0,0,0,0,1,11,3,3,3,1,0,0,0,0,0,2,0,0,8,9,8,2,0,1,0,0,0,0,0,0,0,0,4,11,2,4,4,4,0,0,0,0,0,0,0,0,2,10,3,3,1,5,0,0,0,0,0,0,0,0,0,3,8,4,2,1,0,0,0,0,0,1,0,0,0,0,0,0,山口
4266,長田頼宗,オサダ ヨリムネ,東京,A1,S,600624,1,40,168,56,A,6.6,45.0,28,26,120,3,2,0.15,26,88.4,0.13,2.6,18,33.3,0.17,3.2,20,50.0,0.14,2.7,20,20.0,0.15,3.0,18,38.8,0.15,3.3,18,22.2,0.16,3.8,A1,A1,A1,66.0,62.0,2025,2,2024-11-01,2025-04-30,93,20,3,2,0,0,0,0,0,0,0,0,1,1,0,2,4,7,2,1,2,0,0,0,0,0,0,0,0,1,9,1,2,4,2,0,0,0,0,0,0,0,1,1,3,4,7,5,0,0,0,0,0,0,1,0,0,4,3,1,5,1,4,0,0,0,0,0,0,0,0,0,4,3,4,4,3,0,0,0,0,0,0,0,0,0,0,0,0,神奈川
4268,和合俊介,ワゴウ シュンスケ,福岡,B1,S,600913,1,39,167,63,O,3.48,12.9,3,9,93,0,0,0.16,10,40.0,0.15,2.3,17,23.5,0.15,2.8,21,14.2,0.15,2.7,15,6.6,0.17,3.7,17,0.0,0.17,3.7,13,0.0,0.21,4.5,B1,B1,B1,43.0,43.0,2025,2,2024-11-01,2025-04-30,93,3,1,1,1,1,3,0,0,0,0,0,0,0,0,0,4,1,3,4,5,0,0,0,0,0,0,0,0,0,3,3,8,1,6,0,0,0,0,0,0,0,0,0,1,3,5,4,1,1,0,0,0,0,0,0,0,0,0,1,5,6,5,0,0,0,0,0,0,0,0,0,0,1,2,4,6,0,0,0,0,0,0,0,0,0,0,0,0,宮崎
4269,杉山裕也,スギヤマ ヒロナリ,愛知,A1,S,600919,1,39,167,54,O,6.58,43.2,29,22,118,4,1,0.15,22,90.9,0.15,2.5,22,40.9,0.14,2.4,19,15.7,0.15,2.7,24,41.6,0.15,3.3,15,33.3,0.16,3.1,16,25.0,0.19,4.2,A1,A1,A1,55.0,60.0,2025,2,2024-11-01,2025-04-30,93,17,3,2,0,0,0,0,0,0,0,0,0,0,0,2,7,6,2,2,2,0,0,0,0,0,0,1,0,1,2,6,6,2,2,0,0,0,0,0,0,0,0,6,4,10,1,1,2,0,0,0,0,0,0,0,0,2,3,4,2,2,2,0,0,0,0,0,0,0,0,1,3,4,2,1,5,0,0,0,0,0,0,0,0,0,0,0,0,愛知
4270,岸本雄貴,キシモト ユウキ,三重,B1,S,570406,1,43,160,65,O,4.53,23.7,7,16,97,0,0,0.18,13,53.8,0.15,3.2,15,26.6,0.19,3.5,22,31.8,0.17,3.5,14,7.1,0.2,3.7,19,5.2,0.19,3.5,14,21.4,0.21,4.6,B1,B1,B1,47.0,47.0,2025,2,2024-11-01,2025-04-30,94,4,3,3,2,1,0,0,0,0,0,0,0,0,0,1,3,4,2,1,4,0,0,0,0,0,0,0,0,1,6,4,6,4,1,0,0,0,0,0,0,0,0,1,0,3,4,3,2,1,0,0,0,0,1,0,0,0,1,3,7,4,4,0,0,0,0,0,0,0,0,0,3,0,2,1,8,0,0,0,0,0,0,0,0,0,0,0,0,三重
4271,川崎公靖,カワサキ キミヤス,広島,B1,S,570416,1,43,164,54,B,4.47,19.8,12,11,116,0,0,0.16,15,60.0,0.15,2.7,22,13.6,0.17,3.2,19,15.7,0.15,2.3,24,12.5,0.15,2.5,23,17.3,0.17,3.3,13,7.6,0.17,3.5,B1,B1,B1,46.0,48.0,2025,2,2024-11-01,2025-04-30,94,5,4,1,1,1,3,0,0,0,0,0,0,0,0,2,1,4,5,5,5,0,0,0,0,0,0,0,0,1,2,5,7,4,0,0,0,0,0,0,0,0,0,3,0,7,7,6,1,0,0,0,0,0,0,0,0,1,3,2,5,7,5,0,0,0,0,0,0,0,0,0,1,1,5,5,1,0,0,0,0,0,0,0,0,0,0,0,0,広島
4272,大場広孝,オオバ ヒロタカ,福岡,B1,S,570420,1,43,170,59,A,5.19,26.1,14,19,126,1,0,0.15,16,81.2,0.14,2.1,25,44.0,0.17,3.5,22,18.1,0.15,2.8,21,9.5,0.17,3.4,24,8.3,0.13,3.0,18,5.5,0.15,3.4,B1,B1,B1,49.0,50.0,2025,2,2024-11-01,2025-04-30,94,8,5,2,1,0,0,0,0,0,0,0,0,0,0,3,8,8,3,2,1,0,0,0,0,0,0,0,0,1,3,10,3,3,2,0,0,0,0,0,0,0,0,2,0,4,10,3,2,0,0,0,0,0,0,0,0,0,2,6,5,4,7,0,0,0,0,0,0,0,0,0,1,4,5,4,4,0,0,0,0,0,1,0,0,0,0,0,0,福岡
4273,佐藤旭,サトウ アキラ,静岡,B1,S,570710,1,42,161,54,A,5.09,26.8,18,14,119,0,0,0.19,19,63.1,0.17,3.0,21,38.1,0.19,4.0,20,30.0,0.19,4.3,21,4.7,0.2,4.8,25,20.0,0.18,3.6,13,0.0,0.2,4.8,B1,A2,B1,49.0,49.0,2025,2,2024-11-01,2025-04-30,94,10,2,4,1,0,2,0,0,0,0,0,0,0,0,2,6,6,3,2,2,0,0,0,0,0,0,0,0,4,2,5,2,5,2,0,0,0,0,0,0,0,0,1,0,6,6,2,5,0,0,0,0,0,0,1,0,1,4,4,6,7,3,0,0,0,0,0,0,0,0,0,0,4,4,1,4,0,0,0,0,0,0,0,0,0,0,0,0,静岡
4274,長畑友輔,ナガハタ ユウスケ,東京,B1,S,570809,1,42,168,52,A,4.61,28.1,12,17,103,1,0,0.15,15,66.6,0.15,2.9,20,20.0,0.17,3.1,18,38.8,0.13,2.7,17,23.5,0.16,2.9,19,21.0,0.15,3.2,14,0.0,0.14,2.9,B1,B1,B1,48.0,47.0,2025,2,2024-11-01,2025-04-30,94,4,6,0,1,3,1,0,0,0,0,0,0,0,0,4,0,3,3,7,3,0,0,0,0,0,0,0,0,1,6,2,6,3,0,0,0,0,0,0,0,0,0,1,3,3,2,3,5,0,0,0,0,0,0,0,0,2,2,0,5,5,5,0,0,0,0,0,0,0,0,0,0,5,2,1,6,0,0,0,0,0,0,0,0,0,0,0,0,東京
4275,菅野はやか,カンノ ハヤカ,広島,B1,S,570908,2,42,158,54,B,3.81,14.1,6,8,99,0,0,0.21,14,35.7,0.22,4.1,21,19.0,0.2,4.1,19,5.2,0.21,4.2,12,25.0,0.15,3.4,21,4.7,0.24,4.2,12,0.0,0.23,4.4,B2,B1,B1,42.0,45.0,2025,2,2024-11-01,2025-04-30,94,3,2,1,2,4,2,0,0,0,0,0,0,0,0,1,3,5,4,4,4,0,0,0,0,0,0,0,0,0,1,3,5,4,6,0,0,0,0,0,0,0,0,2,1,5,0,2,2,0,0,0,0,0,0,0,0,0,1,1,9,5,5,0,0,0,0,0,0,0,0,0,0,1,2,3,6,0,0,0,0,0,0,0,0,0,0,0,0,広島
4276,鈴木勝博,スズキ カツヒロ,愛知,A1,S,580209,1,42,168,54,O,6.63,53.0,48,13,115,3,2,0.15,21,90.4,0.15,2.7,22,54.5,0.14,1.9,21,52.3,0.14,2.8,22,68.1,0.15,1.8,22,18.1,0.15,3.2,7,0.0,0.16,3.7,A2,A1,A1,53.0,53.0,2025,2,2024-11-01,2025-04-30,94,18,1,0,1,1,0,0,0,0,0,0,0,0,0,10,2,3,1,4,2,0,0,0,0,0,0,0,0,6,5,4,1,4,1,0,0,0,0,0,0,0,0,12,3,2,1,1,3,0,0,0,0,0,0,0,0,2,2,4,1,9,4,0,0,0,0,0,0,0,0,0,0,1,2,3,1,0,0,0,0,0,0,0,0,0,0,0,0,愛知
4277,金田大輔,カネダ ダイスケ,岡山,B1,S,580704,1,41,166,52,B,4.35,24.6,11,6,69,2,0,0.17,9,77.7,0.17,3.3,10,10.0,0.19,3.4,13,7.6,0.2,3.8,12,41.6,0.18,2.8,11,18.1,0.13,2.2,14,7.1,0.15,3.5,B1,B1,B1,45.0,46.0,2025,2,2024-11-01,2025-04-30,94,5,2,0,0,0,1,1,0,0,0,0,0,0,0,0,1,1,1,4,3,0,0,0,0,0,0,0,0,0,1,4,0,4,4,0,0,0,0,0,0,0,0,5,0,1,2,3,1,0,0,0,0,0,0,0,0,1,1,0,5,3,1,0,0,0,0,0,0,0,0,0,1,1,4,3,5,0,0,0,0,0,0,0,0,0,0,0,0,岡山
4278,藤岡俊介,フジオカ シュンスケ,兵庫,A1,S,580708,1,41,166,53,A,6.29,42.8,32,25,133,5,1,0.12,25,64.0,0.12,2.5,27,51.8,0.12,2.7,20,35.0,0.1,2.0,21,38.1,0.13,2.1,27,33.3,0.13,2.5,13,23.0,0.15,3.3,A1,A1,A1,55.0,63.0,2025,2,2024-11-01,2025-04-30,94,13,3,3,2,1,2,1,0,0,0,0,0,0,0,8,6,3,3,4,3,0,0,0,0,0,0,0,0,4,3,3,7,1,2,0,0,0,0,0,0,0,0,2,6,3,4,2,4,0,0,0,0,0,0,0,0,4,5,3,3,9,3,0,0,0,0,0,1,0,0,1,2,1,5,4,0,0,0,0,0,0,0,0,0,0,0,0,0,兵庫
4281,大澤大夢,オオサワ ヒロム,埼玉,B1,S,581113,1,41,164,55,A,5.14,26.4,9,18,102,0,0,0.16,13,76.9,0.14,2.5,20,25.0,0.14,2.8,17,29.4,0.16,2.5,24,20.8,0.17,2.7,17,11.7,0.18,2.8,11,0.0,0.17,4.1,B1,B1,B1,47.0,50.0,2025,2,2024-11-01,2025-04-30,94,7,3,1,2,0,0,0,0,0,0,0,0,0,0,1,4,9,2,3,1,0,0,0,0,0,1,0,0,0,5,3,5,1,3,0,0,0,0,0,0,0,0,1,4,9,2,7,1,0,0,0,0,0,0,0,0,0,2,5,3,4,3,0,0,0,0,0,0,0,0,0,0,2,3,4,2,0,0,0,0,0,0,0,0,0,0,1,0,埼玉
4283,石井裕美,イシイ ヒロミ,東京,B1,S,590115,2,41,153,51,AB,4.26,19.1,4,9,68,0,0,0.18,12,58.3,0.16,2.1,14,21.4,0.18,3.2,12,8.3,0.17,3.3,9,11.1,0.25,4.2,12,8.3,0.18,3.4,9,0.0,0.17,2.6,B1,B2,B1,45.0,46.0,2025,2,2024-11-01,2025-04-30,94,4,3,1,1,3,0,0,0,0,0,0,0,0,0,0,3,4,1,2,4,0,0,0,0,0,0,0,0,0,1,5,2,4,0,0,0,0,0,0,0,0,0,0,1,2,2,3,1,0,0,0,0,0,0,0,0,0,1,0,4,2,5,0,0,0,0,0,0,0,0,0,0,1,5,0,2,0,0,0,0,0,0,1,0,0,0,0,0,千葉
4286,平田さやか,ヒラタ サヤカ,東京,A2,S,590626,2,41,167,47,A,5.71,30.1,24,14,126,2,0,0.16,23,78.2,0.12,2.0,21,42.8,0.14,2.3,22,22.7,0.16,2.5,21,23.8,0.16,2.8,20,5.0,0.16,2.7,19,0.0,0.21,3.6,A2,A2,A2,53.0,53.0,2025,2,2024-11-01,2025-04-30,94,14,4,2,2,0,0,0,0,0,0,0,0,0,1,5,4,7,4,1,0,0,0,0,0,0,0,0,0,3,2,6,6,1,3,0,0,0,0,0,0,1,0,2,3,10,3,3,0,0,0,0,0,0,0,0,0,0,1,4,4,7,4,0,0,0,0,0,0,0,0,0,0,5,6,6,2,0,0,0,0,0,0,0,0,0,0,0,0,東京
4287,今井貴士,イマイ タカシ,福岡,A1,S,590726,1,40,163,59,O,6.56,50.6,41,36,152,5,1,0.15,38,86.8,0.15,2.6,22,50.0,0.15,2.7,17,64.7,0.16,2.9,31,41.9,0.15,2.5,25,28.0,0.17,2.9,19,10.5,0.14,2.7,A1,A1,A1,56.0,55.0,2025,2,2024-11-01,2025-04-30,94,27,6,1,3,1,0,0,0,0,0,0,0,0,0,3,8,7,3,1,0,0,0,0,0,0,0,0,0,4,7,3,1,1,1,0,0,0,0,0,0,0,0,6,7,7,4,5,2,0,0,0,0,0,0,0,0,1,6,1,7,6,4,0,0,0,0,0,0,0,0,0,2,3,5,4,5,0,0,0,0,0,0,0,0,0,0,0,0,福岡
4288,永田啓二,ナガタ ケイジ,福岡,A1,S,590926,1,40,170,55,B,6.86,51.4,44,27,138,7,3,0.13,32,84.3,0.11,1.8,27,48.1,0.13,2.5,22,68.1,0.14,2.5,25,40.0,0.13,2.3,13,15.3,0.15,3.3,19,21.0,0.14,3.3,A1,A1,A1,57.0,59.0,2025,2,2024-11-01,2025-04-30,94,24,3,2,1,1,1,0,0,0,0,0,0,0,0,5,8,5,2,4,3,0,0,0,0,0,1,0,0,6,9,2,4,1,0,0,0,0,0,0,0,0,0,6,4,5,5,0,3,0,0,0,0,0,0,2,0,2,0,3,4,1,3,0,0,0,0,0,1,0,0,1,3,3,5,5,2,0,0,0,0,0,0,0,0,0,0,0,0,福岡
4289,落合直子,オチアイ ナオコ,大阪,B1,S,591102,2,40,151,47,O,5.44,38.9,25,19,113,0,0,0.13,21,85.7,0.14,2.1,22,45.4,0.12,2.4,15,53.3,0.12,1.9,18,22.2,0.13,2.5,18,16.6,0.12,1.8,18,5.5,0.14,2.7,A2,A2,A1,53.0,49.0,2025,2,2024-11-01,2025-04-30,94,13,5,1,2,0,0,0,0,0,0,0,0,0,0,5,5,2,5,3,2,0,0,0,0,0,0,0,0,4,4,3,1,1,2,0,0,0,0,0,0,0,0,1,3,3,3,5,3,0,0,0,0,0,1,0,0,1,2,6,4,1,3,1,0,0,0,0,0,0,0,1,0,0,4,4,9,0,0,0,0,0,0,0,0,0,0,0,1,大阪
4290,稲田浩二,イナダ コウジ,兵庫,A1,S,591208,1,40,169,53,A,6.97,45.9,37,25,135,3,1,0.13,31,90.3,0.12,2.0,17,35.2,0.14,3.3,25,36.0,0.12,2.0,24,41.6,0.16,3.2,20,25.0,0.13,3.3,18,22.2,0.13,2.6,A1,A1,A1,61.0,68.0,2025,2,2024-11-01,2025-04-30,94,27,1,2,1,0,0,0,0,0,0,0,0,0,0,3,3,4,3,2,2,0,0,0,0,0,0,0,0,2,7,6,4,2,4,0,0,0,0,0,0,0,0,4,6,6,4,2,2,0,0,0,0,0,0,0,0,1,4,3,4,2,6,0,0,0,0,0,0,0,0,0,4,3,6,4,1,0,0,0,0,0,0,0,0,0,0,2,0,兵庫
4292,麻生慎介,アソウ シンスケ,広島,A2,S,600326,1,40,164,54,A,6.07,34.4,22,19,119,4,0,0.14,24,70.8,0.14,2.4,16,25.0,0.17,3.2,22,36.3,0.12,3.0,20,25.0,0.13,2.6,20,25.0,0.13,2.2,17,11.7,0.14,3.2,A1,A1,A1,54.0,58.0,2025,2,2024-11-01,2025-04-30,94,12,5,1,2,1,2,1,0,0,0,0,0,0,0,0,4,4,5,0,3,0,0,0,0,0,0,0,0,3,5,7,4,1,2,0,0,0,0,0,0,0,0,4,1,9,3,2,1,0,0,0,0,0,0,0,0,3,2,4,9,0,1,0,0,0,0,0,0,1,0,0,2,4,5,2,3,0,0,0,0,0,0,1,0,0,0,0,0,広島
4293,鈴木智啓,スズキ トモヒロ,愛知,A2,S,600803,1,39,170,59,A,5.57,39.8,28,21,123,1,1,0.16,23,86.9,0.16,2.4,14,42.8,0.18,3.9,25,40.0,0.16,3.0,24,25.0,0.14,2.6,18,27.7,0.16,3.4,19,10.5,0.17,3.7,A2,B1,B1,50.0,49.0,2025,2,2024-11-01,2025-04-30,94,17,3,2,0,0,0,0,0,0,0,0,0,1,0,3,3,1,4,2,1,0,0,0,0,0,0,0,0,3,7,7,3,3,2,0,0,0,0,0,2,0,0,4,2,3,8,3,4,0,0,0,0,0,0,0,0,1,4,2,3,5,2,0,0,0,0,0,0,1,0,0,2,2,2,6,7,0,0,0,0,0,0,0,0,0,0,0,0,愛知
4294,古賀繁輝,コガ シゲキ,佐賀,A2,S,610719,1,38,164,59,B,5.58,36.8,19,16,95,2,0,0.17,21,76.1,0.15,2.7,14,57.1,0.18,3.5,14,14.2,0.17,3.3,16,25.0,0.17,4.0,16,12.5,0.16,3.7,14,21.4,0.18,3.9,A1,A1,A1,61.0,60.0,2025,2,2024-11-01,2025-04-30,94,13,3,3,0,0,1,1,0,0,0,0,0,0,0,2,6,1,1,3,1,0,0,0,0,0,0,0,0,1,1,2,5,3,2,0,0,0,0,0,0,0,0,1,3,2,5,3,2,0,0,0,0,0,0,0,0,0,2,0,2,8,4,0,0,0,0,0,0,0,0,2,1,0,3,7,1,0,0,0,0,0,0,0,0,0,0,0,0,佐賀
4295,小坂尚哉,コサカ ナオヤ,兵庫,A1,S,610912,1,38,170,54,AB,7.13,56.5,43,35,138,6,1,0.13,27,100.0,0.12,2.1,21,61.9,0.16,2.9,28,57.1,0.13,2.0,21,47.6,0.13,2.1,22,36.3,0.13,2.8,19,21.0,0.14,2.7,A1,A1,A1,55.0,60.0,2025,2,2024-11-01,2025-04-30,94,21,6,0,0,0,0,0,0,0,0,0,0,0,0,3,10,5,1,2,0,0,0,0,0,0,0,0,0,9,7,7,1,4,0,0,0,0,0,0,0,0,0,5,5,3,4,3,1,0,0,0,0,0,1,0,0,4,4,1,6,6,1,0,0,0,0,0,0,0,0,1,3,5,6,2,2,0,0,0,0,0,0,0,0,0,0,0,0,大阪
4296,岡崎恭裕,オカザキ ヤスヒロ,福岡,A1,S,620110,1,38,172,53,O,7.04,56.3,31,31,110,7,2,0.13,28,89.2,0.13,2.3,19,57.8,0.12,2.8,15,26.6,0.15,2.5,26,42.3,0.11,2.0,14,50.0,0.13,2.5,8,50.0,0.11,3.1,A1,A1,A1,61.0,59.0,2025,2,2024-11-01,2025-04-30,94,21,4,0,1,1,1,0,0,0,0,0,0,0,0,3,8,3,3,1,0,0,0,0,0,0,0,1,0,2,2,4,1,3,3,0,0,0,0,0,0,0,0,2,9,8,3,0,4,0,0,0,0,0,0,0,0,1,6,3,2,1,0,1,0,0,0,0,0,0,0,2,2,2,1,0,1,0,0,0,0,0,0,0,0,0,0,1,0,福岡
4297,山田哲也,ヤマダ テツヤ,東京,A1,S,571014,1,42,170,52,A,6.8,51.8,39,18,110,3,1,0.1,22,81.8,0.1,1.7,19,57.8,0.11,2.1,20,45.0,0.11,1.8,16,50.0,0.1,1.6,21,38.1,0.08,1.5,12,25.0,0.09,1.9,A1,A1,A2,57.0,60.0,2025,2,2024-11-01,2025-04-30,95,17,1,0,3,0,0,1,0,0,0,0,0,0,0,6,5,3,3,1,1,0,0,0,0,0,0,0,0,6,3,2,2,5,2,0,0,0,0,0,0,0,0,6,2,4,3,0,1,0,0,0,0,0,0,0,0,3,5,2,3,4,4,0,0,0,0,0,0,0,0,1,2,2,2,1,4,0,0,0,0,0,0,0,0,0,0,0,0,千葉
4298,宮下元胤,ミヤシタ モトツグ,愛知,A2,S,571111,1,42,170,55,B,6.0,40.5,20,29,121,4,0,0.18,22,81.8,0.16,2.4,20,45.0,0.17,3.4,15,40.0,0.14,2.7,23,26.0,0.17,4.2,24,29.1,0.2,3.5,17,17.6,0.21,4.6,A2,A2,A2,52.0,52.0,2025,2,2024-11-01,2025-04-30,95,10,8,2,1,0,0,1,0,0,0,0,0,0,0,4,5,2,4,4,1,0,0,0,0,0,0,0,0,2,4,5,1,3,0,0,0,0,0,0,0,0,0,3,3,8,7,2,0,0,0,0,0,0,0,0,0,0,7,7,4,5,1,0,0,0,0,0,1,0,0,1,2,3,3,6,2,0,0,0,0,0,0,0,0,0,0,0,0,愛知
4299,中島浩哉,ナカシマ ヒロヤ,長崎,B1,S,571203,1,42,167,57,A,4.61,25.0,8,14,88,0,0,0.14,11,90.9,0.13,2.5,19,21.0,0.16,2.9,16,31.2,0.14,2.6,15,6.6,0.14,3.1,17,11.7,0.12,2.6,10,0.0,0.17,3.4,B1,B1,B1,45.0,48.0,2025,2,2024-11-01,2025-04-30,95,7,3,0,1,0,0,0,0,0,0,0,0,0,0,0,4,3,5,2,5,0,0,0,0,0,0,0,0,0,5,2,3,3,3,0,0,0,0,0,0,0,0,0,1,3,6,3,2,0,0,0,0,0,0,0,0,1,1,4,4,4,3,0,0,0,0,0,0,0,0,0,0,2,2,3,3,0,0,0,0,0,0,0,0,0,0,0,0,長崎
4300,加藤綾,カトウ アヤ,三重,B1,S,580304,2,42,160,50,A,4.73,23.7,9,10,80,1,0,0.21,10,70.0,0.21,3.1,15,33.3,0.2,4.0,17,23.5,0.22,3.8,11,18.1,0.2,3.7,12,0.0,0.18,4.1,15,6.6,0.23,4.3,B1,B1,B1,49.0,48.0,2025,2,2024-11-01,2025-04-30,95,5,2,2,0,0,1,0,0,0,0,0,0,0,0,2,3,5,2,2,1,0,0,0,0,0,0,0,0,0,4,4,3,1,4,1,0,0,0,0,0,0,0,2,0,1,4,2,2,0,0,0,0,0,0,0,0,0,0,2,7,2,1,0,0,0,0,0,1,0,0,0,1,0,5,7,2,0,0,0,0,0,0,0,0,0,0,0,0,三重
4301,関裕也,セキ ユウヤ,福岡,B1,S,580306,1,42,169,57,B,4.9,27.9,11,15,93,0,0,0.16,13,61.5,0.14,2.5,15,40.0,0.12,2.3,22,22.7,0.17,2.6,23,21.7,0.18,3.1,16,6.2,0.17,3.4,4,25.0,0.13,2.3,B1,B1,B1,47.0,48.0,2025,2,2024-11-01,2025-04-30,95,6,2,3,0,0,1,1,0,0,0,0,0,0,0,3,3,5,1,1,2,0,0,0,0,0,0,0,0,1,4,5,5,4,3,0,0,0,0,0,0,0,0,1,4,5,1,7,5,0,0,0,0,0,0,0,0,0,1,4,4,3,4,0,0,0,0,0,0,0,0,0,1,0,0,2,1,0,0,0,0,0,0,0,0,0,0,0,0,福岡
4302,西野翔太,ニシノ ショウタ,広島,A1,S,580407,1,42,165,53,A,6.32,46.8,24,28,111,5,1,0.15,28,82.1,0.16,3.1,23,52.1,0.14,3.3,22,36.3,0.16,2.8,18,33.3,0.16,2.7,18,16.6,0.15,3.4,2,0.0,0.13,3.0,A2,A1,A1,53.0,53.0,2025,2,2024-11-01,2025-04-30,95,15,8,3,2,0,0,0,0,0,0,0,0,0,0,6,6,6,2,2,0,0,0,0,0,0,0,0,1,0,8,4,4,4,2,0,0,0,0,0,0,0,0,2,4,5,3,1,2,1,0,0,0,0,0,0,0,1,2,2,6,5,2,0,0,0,0,0,0,0,0,0,0,0,0,1,1,0,0,0,0,0,0,0,0,0,0,0,0,広島
4303,牧原崇,マキハラ タカシ,愛知,A2,S,580430,1,42,165,53,O,5.55,34.8,20,25,129,0,0,0.19,20,75.0,0.18,2.8,23,39.1,0.2,3.7,23,30.4,0.17,3.0,29,41.3,0.17,3.1,14,7.1,0.2,4.2,20,5.0,0.22,4.6,B1,A2,B1,49.0,51.0,2025,2,2024-11-01,2025-04-30,95,9,6,3,1,0,1,0,0,0,0,0,0,0,0,3,6,9,2,3,0,0,0,0,0,0,0,0,0,1,6,8,5,0,3,0,0,0,0,0,0,0,0,7,5,6,4,5,2,0,0,0,0,0,0,0,0,0,1,2,2,6,3,0,0,0,0,0,0,0,0,0,1,3,4,9,3,0,0,0,0,0,1,0,0,0,0,0,0,愛知
4304,藤崎小百合,フジサキ サユリ,福岡,B1,S,580704,2,41,159,48,A,5.86,46.0,13,10,50,1,0,0.13,6,83.3,0.13,1.6,10,60.0,0.14,2.5,7,42.8,0.15,3.1,11,54.5,0.12,2.3,7,42.8,0.13,1.6,7,0.0,0.09,1.7,B2,B2,B2,55.0,49.0,2025,2,2024-11-01,2025-04-30,95,5,0,0,0,1,0,0,0,0,0,0,1,0,0,4,2,0,2,1,1,0,0,0,0,0,0,0,0,1,2,1,1,1,1,0,0,0,0,0,0,0,0,2,4,2,3,0,0,0,0,0,0,0,0,0,0,1,2,0,1,2,1,0,0,0,0,0,0,0,0,0,0,2,2,0,3,0,0,0,0,0,0,0,0,0,0,0,2,鹿児島
4305,金子拓矢,カネコ タクヤ,群馬,A1,S,581002,1,41,169,53,AB,6.89,54.6,26,33,108,6,1,0.15,24,95.8,0.13,2.9,21,52.3,0.14,2.9,16,62.5,0.15,3.2,18,50.0,0.17,3.7,12,8.3,0.13,2.9,17,29.4,0.18,4.0,A1,A1,A1,58.0,59.0,2025,2,2024-11-01,2025-04-30,95,14,9,0,1,0,0,0,0,0,0,0,0,0,0,6,5,7,3,0,0,0,0,0,0,0,0,0,0,3,7,0,3,2,1,0,0,0,0,0,0,0,0,2,7,4,1,2,1,1,0,0,0,0,0,0,0,0,1,5,2,3,1,0,0,0,0,0,0,0,0,1,4,3,2,4,3,0,0,0,0,0,0,0,0,0,0,0,0,栃木
4306,畔柳俊吾,クロヤナギ シュンゴ,愛知,B1,S,581024,1,41,170,49,A,5.13,28.4,14,15,102,1,0,0.19,14,50.0,0.21,3.6,14,28.5,0.18,4.1,25,48.0,0.18,3.8,21,23.8,0.22,4.0,13,7.6,0.18,3.5,15,0.0,0.19,4.1,B1,B1,A2,50.0,50.0,2025,2,2024-11-01,2025-04-30,95,6,1,2,2,1,2,0,0,0,0,0,0,0,0,1,3,2,3,5,0,0,0,0,0,0,0,0,0,6,6,4,6,2,1,0,0,0,0,0,0,0,0,1,4,4,7,1,4,0,0,0,0,0,0,0,0,0,1,3,6,1,2,0,0,0,0,0,0,0,0,0,0,1,7,5,2,0,0,0,0,0,0,0,0,0,0,0,0,愛知
4308,河村了,カワムラ リョウ,愛知,A2,S,581220,1,41,167,52,O,6.24,39.8,20,23,108,2,0,0.17,22,68.1,0.15,3.0,17,41.1,0.17,3.5,15,66.6,0.16,2.8,21,14.2,0.16,3.9,20,25.0,0.2,4.3,13,23.0,0.19,4.1,A1,A1,A1,56.0,58.0,2025,2,2024-11-01,2025-04-30,95,13,2,2,2,1,1,1,0,0,0,0,0,0,0,2,5,5,2,2,1,0,0,0,0,0,0,0,0,4,6,3,2,0,0,0,0,0,0,0,0,0,0,1,2,5,5,7,1,0,0,0,0,0,0,0,0,0,5,3,5,6,1,0,0,0,0,0,0,0,0,0,3,6,4,0,0,0,0,0,0,0,0,0,0,0,0,0,0,愛知
4311,岡村仁,オカムラ マサシ,大阪,A1,S,590219,1,41,168,57,O,6.39,46.5,30,31,131,3,1,0.17,30,80.0,0.16,3.2,17,64.7,0.17,3.6,21,42.8,0.16,3.1,24,33.3,0.16,4.0,15,40.0,0.17,3.6,24,12.5,0.2,4.9,A1,A1,A1,59.0,55.0,2025,2,2024-11-01,2025-04-30,95,23,1,2,1,2,0,1,0,0,0,0,0,0,0,3,8,6,0,0,0,0,0,0,0,0,0,0,0,1,8,3,5,2,2,0,0,0,0,0,0,0,0,2,6,5,5,4,1,0,0,0,0,0,0,1,0,0,6,5,1,1,2,0,0,0,0,0,0,0,0,1,2,7,4,5,3,1,0,0,0,0,1,1,0,0,0,0,0,大阪
4313,西村美智子,ニシムラ ミチコ,香川,B2,S,590412,2,41,157,52,B,0.0,0.0,0,0,0,0,0,0.0,0,0.0,0.0,0.0,0,0.0,0.0,0.0,0,0.0,0.0,0.0,0,0.0,0.0,0.0,0,0.0,0.0,0.0,0,0.0,0.0,0.0,B2,A2,A2,52.0,0.0,2025,2,2024-11-01,2025-04-30,95,0,0,0,0,0,0,0,0,0,0,0,0,0,0,0,0,0,0,0,0,0,0,0,0,0,0,0,0,0,0,0,0,0,0,0,0,0,0,0,0,0,0,0,0,0,0,0,0,0,0,0,0,0,0,0,0,0,0,0,0,0,0,0,0,0,0,0,0,0,0,0,0,0,0,0,0,0,0,0,0,0,0,0,0,0,0,0,0,香川
4314,青木幸太郎,アオキ コウタロウ,福岡,A2,S,590508,1,41,168,52,B,5.59,35.5,17,15,90,1,0,0.14,10,90.0,0.17,2.4,17,35.2,0.15,3.1,14,35.7,0.12,2.4,20,40.0,0.13,2.0,15,26.6,0.13,2.6,14,0.0,0.15,3.2,B1,B1,B1,50.0,50.0,2025,2,2024-11-01,2025-04-30,95,6,3,0,0,0,1,0,0,0,0,0,1,0,0,2,4,4,4,2,1,0,0,0,0,0,0,0,0,3,2,4,2,1,2,0,0,0,0,0,0,0,0,5,3,2,4,5,0,1,0,0,0,0,0,0,0,1,3,4,4,2,1,0,0,0,0,0,0,0,0,0,0,3,5,2,4,0,0,0,0,0,0,0,0,0,0,0,0,福岡
4315,山崎昂介,ヤマサキ コウスケ,長崎,B1,S,590602,1,41,166,54,B,4.94,30.6,16,25,134,0,0,0.18,26,65.3,0.16,3.4,22,45.4,0.2,4.0,22,27.2,0.18,3.5,26,11.5,0.16,3.7,17,11.7,0.18,3.4,21,14.2,0.19,4.2,A2,B1,B1,50.0,48.0,2025,2,2024-11-01,2025-04-30,95,11,6,2,5,0,2,0,0,0,0,0,0,0,0,2,8,4,2,5,1,0,0,0,0,0,0,0,0,1,5,5,3,4,4,0,0,0,0,0,0,0,0,1,2,8,5,4,6,0,0,0,0,0,0,0,0,0,2,2,3,7,3,0,0,0,0,0,0,0,0,1,2,3,3,6,6,0,0,0,0,0,0,0,0,0,0,0,0,長崎
4317,木村紗友希,キムラ サユキ,静岡,B1,S,590714,2,40,154,48,B,3.59,15.9,3,8,69,0,0,0.19,8,62.5,0.21,4.1,11,45.4,0.15,3.3,13,0.0,0.19,3.2,15,0.0,0.2,3.5,12,8.3,0.2,3.6,10,0.0,0.17,3.6,B1,B1,B1,48.0,43.0,2025,2,2024-11-01,2025-04-30,95,1,4,0,1,1,1,0,0,0,0,0,0,0,0,2,3,2,1,0,3,0,0,0,0,0,0,0,0,0,0,4,2,4,3,0,0,0,0,0,0,0,0,0,0,2,1,5,7,0,0,0,0,0,0,0,0,0,1,0,3,3,5,0,0,0,0,0,0,0,0,0,0,1,4,2,3,0,0,0,0,0,0,0,0,0,0,0,0,静岡
4318,桑原将光,クワバラ マサミツ,東京,A2,S,590731,1,40,163,51,O,5.5,33.8,25,21,136,2,0,0.16,25,76.0,0.15,2.4,22,18.1,0.17,3.5,22,45.4,0.14,2.7,21,23.8,0.16,3.6,25,24.0,0.16,3.5,20,10.0,0.16,3.2,A2,A2,A2,52.0,50.0,2025,2,2024-11-01,2025-04-30,95,14,5,3,0,2,1,0,0,0,0,0,0,0,0,2,2,8,6,2,2,0,0,0,0,0,0,0,0,6,4,3,4,3,2,0,0,0,0,0,0,0,0,1,4,1,7,5,3,0,0,0,0,0,0,0,0,1,5,8,2,8,0,0,0,0,0,0,0,0,1,1,1,6,4,4,4,0,0,0,0,0,0,0,0,0,0,0,1,東京
4319,三宅潤,ミヤケ ジュン,大阪,A2,S,600309,1,40,164,54,A,5.93,40.2,30,30,149,1,0,0.16,28,85.7,0.16,2.8,22,54.5,0.15,3.3,31,35.4,0.15,2.7,25,20.0,0.16,3.3,25,20.0,0.17,3.6,18,16.6,0.21,5.1,A2,A2,B1,51.0,52.0,2025,2,2024-11-01,2025-04-30,95,20,4,1,2,1,0,0,0,0,0,0,0,0,0,3,9,5,4,0,1,0,0,0,0,0,0,0,0,3,8,8,5,4,3,0,0,0,0,0,0,0,0,3,2,8,9,2,1,0,0,0,0,0,1,0,0,1,4,6,6,5,3,0,0,0,0,0,0,0,0,0,3,2,3,3,7,0,0,0,0,0,0,0,0,0,0,0,0,大阪
4320,峰竜太,ミネ リュウタ,佐賀,A1,S,600330,1,40,173,51,B,7.45,49.5,27,24,103,3,0,0.11,22,90.9,0.11,2.5,17,41.1,0.13,3.0,18,50.0,0.1,2.0,17,58.8,0.11,2.8,14,21.4,0.11,2.6,15,13.3,0.12,3.5,A1,A1,A1,75.0,74.0,2025,2,2024-11-01,2025-04-30,95,17,3,1,0,0,0,0,0,0,0,0,0,1,0,2,5,5,2,1,2,0,0,0,0,0,0,0,0,5,4,3,3,2,1,0,0,0,0,0,0,0,0,2,8,2,2,2,1,0,0,0,0,0,0,0,0,1,2,5,2,1,3,0,0,0,0,0,0,0,0,0,2,2,4,5,2,0,0,0,0,0,0,0,0,0,0,0,0,佐賀
4323,山田佑樹,ヤマダ ユウキ,岡山,B1,S,611014,1,38,169,57,B,5.29,38.3,23,20,112,1,0,0.16,23,65.2,0.14,2.8,17,52.9,0.15,2.9,14,28.5,0.15,3.7,17,35.2,0.16,2.6,18,16.6,0.2,3.9,23,26.0,0.17,3.5,A2,B1,A2,51.0,49.0,2025,2,2024-11-01,2025-04-30,95,13,2,1,2,2,3,0,0,0,0,0,0,0,0,4,5,2,2,2,2,0,0,0,0,0,0,0,0,2,2,3,3,2,2,0,0,0,0,0,1,0,0,1,5,3,3,2,3,0,0,0,0,0,0,0,0,2,1,2,2,4,7,0,0,0,0,0,0,0,0,1,5,2,5,3,7,0,0,0,0,0,0,0,0,0,0,1,0,岡山
4324,海野康志郎,ウンノ コウシロウ,山口,A1,S,621215,1,37,173,61,A,6.92,49.2,37,29,134,7,1,0.14,30,96.6,0.13,1.9,25,52.0,0.12,2.9,28,39.2,0.15,3.2,22,36.3,0.15,3.1,22,18.1,0.17,3.0,7,14.2,0.11,3.6,A1,A1,A1,58.0,62.0,2025,2,2024-11-01,2025-04-30,95,25,4,0,0,0,0,1,0,0,0,0,0,0,0,4,9,6,0,3,3,0,0,0,0,0,0,0,0,7,4,5,4,2,6,0,0,0,0,0,0,0,0,1,7,2,7,0,5,0,0,0,0,0,0,0,0,0,4,10,4,2,2,0,0,0,0,0,0,0,0,0,1,3,1,1,1,0,0,0,0,0,0,0,0,0,0,0,0,山口
4325,新出浩司,シンデ コウジ,大阪,B1,S,580415,1,42,168,52,A,4.94,27.8,12,17,104,0,0,0.16,15,46.6,0.17,3.2,20,40.0,0.16,2.7,15,33.3,0.15,2.6,19,26.3,0.16,3.3,21,14.2,0.17,2.7,14,7.1,0.18,3.4,B1,A2,B1,50.0,49.0,2025,2,2024-11-01,2025-04-30,96,4,3,0,3,5,0,0,0,0,0,0,0,0,0,4,4,1,4,5,2,0,0,0,0,0,0,0,0,2,3,5,4,0,0,1,0,0,0,0,0,0,0,1,4,4,4,1,5,0,0,0,0,0,0,0,0,1,2,2,9,5,2,0,0,0,0,0,0,0,0,0,1,3,6,3,1,0,0,0,0,0,0,0,0,0,0,0,0,大阪
4327,加藤翔,カトウ ショウ,静岡,B1,S,580609,1,42,159,53,A,4.36,23.9,9,20,121,0,0,0.2,17,58.8,0.17,2.9,22,27.2,0.2,4.0,19,26.3,0.18,3.7,22,18.1,0.21,4.4,25,16.0,0.21,3.6,15,0.0,0.23,5.2,B1,B1,B1,47.0,46.0,2025,2,2024-11-01,2025-04-30,96,5,5,2,3,2,0,0,0,0,0,0,0,0,0,1,5,4,4,3,5,0,0,0,0,0,0,0,0,3,2,3,6,3,2,0,0,0,0,0,0,0,0,0,4,4,8,3,2,0,0,0,0,0,0,1,0,0,4,0,7,8,6,0,0,0,0,0,0,0,0,0,0,0,5,4,6,0,0,0,0,0,0,0,0,0,0,0,1,静岡
4329,小松卓司,コマツ タクジ,福岡,B1,S,580712,1,41,161,52,O,4.75,27.1,4,12,59,0,0,0.17,7,85.7,0.13,2.4,9,44.4,0.12,3.1,10,0.0,0.18,3.3,14,28.5,0.18,2.9,12,8.3,0.18,3.1,7,14.2,0.23,4.0,B1,B1,B1,50.0,48.0,2025,2,2024-11-01,2025-04-30,96,2,4,0,0,0,1,0,0,0,0,0,0,0,0,0,4,1,3,1,0,0,0,0,0,0,0,0,0,0,0,4,2,3,1,0,0,0,0,0,0,0,0,2,2,3,2,3,0,0,0,0,0,0,0,2,0,0,1,1,5,3,2,0,0,0,0,0,0,0,0,0,1,1,2,1,2,0,0,0,0,0,0,0,0,0,0,0,0,福岡
4330,奈須啓太,ナス ケイタ,福岡,A2,S,580817,1,41,159,51,A,5.74,38.8,19,14,85,2,1,0.12,15,86.6,0.11,2.5,11,45.4,0.12,1.9,19,47.3,0.11,2.2,13,23.0,0.13,2.2,10,20.0,0.12,2.3,17,5.8,0.12,2.6,B2,A2,A2,55.0,52.0,2025,2,2024-11-01,2025-04-30,96,12,1,0,1,0,1,0,0,0,0,0,0,0,0,3,2,1,2,2,1,0,0,0,0,0,0,0,0,3,6,3,3,1,2,1,0,0,0,0,0,0,0,0,3,6,3,0,1,0,0,0,0,0,0,0,0,1,1,2,0,4,2,0,0,0,0,0,0,0,0,0,1,3,3,3,7,0,0,0,0,0,0,0,0,0,0,0,0,福岡
4331,三好勇人,ミヨシ ハヤト,香川,B1,S,580903,1,41,171,54,A,5.42,31.0,20,17,119,0,0,0.16,22,68.1,0.14,2.3,18,33.3,0.14,2.4,21,42.8,0.15,3.0,17,29.4,0.17,3.2,25,4.0,0.17,3.3,16,6.2,0.2,4.8,A2,A2,A2,52.0,52.0,2025,2,2024-11-01,2025-04-30,96,11,4,3,1,2,0,1,0,0,0,0,0,0,0,2,4,7,1,3,1,0,0,0,0,0,0,0,0,3,6,3,7,2,0,0,0,0,0,0,0,0,0,4,1,4,3,5,0,0,0,0,0,0,0,0,0,0,1,4,10,7,3,0,0,0,0,0,0,0,0,0,1,4,2,4,5,0,0,0,0,0,0,0,0,0,0,0,0,愛媛
4332,村上彰一,ムラカミ ショウイチ,福岡,B1,S,580924,1,41,168,58,A,4.61,22.0,4,13,77,0,0,0.18,11,18.1,0.17,3.6,11,45.4,0.2,3.8,16,31.2,0.14,2.7,15,6.6,0.21,3.3,14,14.2,0.16,4.1,10,20.0,0.24,4.2,B1,B1,B1,49.0,48.0,2025,2,2024-11-01,2025-04-30,96,2,0,4,2,1,2,0,0,0,0,0,0,0,0,1,4,3,1,0,2,0,0,0,0,0,0,0,0,0,5,2,3,4,2,0,0,0,0,0,0,0,0,0,1,5,3,4,2,0,0,0,0,0,0,0,0,0,2,3,5,3,1,0,0,0,0,0,0,0,0,1,1,1,1,4,2,0,0,0,0,0,0,0,0,0,0,0,0,福岡
4335,若林将,ワカバヤシ ショウ,東京,A1,S,590108,1,41,170,56,O,6.63,42.1,33,21,128,4,1,0.13,30,80.0,0.12,2.2,22,36.3,0.13,2.4,20,35.0,0.13,2.0,18,50.0,0.13,2.7,19,10.5,0.13,2.4,19,21.0,0.12,2.1,A1,A1,A1,55.0,59.0,2025,2,2024-11-01,2025-04-30,96,19,5,4,1,1,0,0,0,0,0,0,0,0,0,2,6,5,4,3,2,0,0,0,0,0,0,0,0,5,2,9,2,1,1,0,0,0,0,0,0,0,0,4,5,4,2,1,2,0,0,0,0,0,0,0,0,2,0,7,2,4,3,0,0,0,0,0,0,1,0,1,3,3,9,0,3,0,0,0,0,0,1,0,0,0,0,0,0,千葉
4336,松田竜馬,マツダ タツマ,福岡,A2,S,590122,1,41,166,54,A,5.53,36.7,24,15,106,0,0,0.15,18,94.4,0.17,2.3,22,40.9,0.15,3.0,17,41.1,0.13,2.5,17,23.5,0.14,2.9,18,11.1,0.18,3.1,14,0.0,0.17,3.8,A2,A2,B1,52.0,50.0,2025,2,2024-11-01,2025-04-30,96,15,2,0,0,1,0,0,0,0,0,0,0,0,0,4,5,3,5,2,3,0,0,0,0,0,0,0,0,1,6,6,0,3,1,0,0,0,0,0,0,0,0,3,1,3,2,6,1,0,0,0,0,0,0,0,1,1,1,5,2,8,1,0,0,0,0,0,0,0,0,0,0,4,2,2,6,0,0,0,0,0,0,0,0,0,0,0,0,鹿児島
4337,平本真之,ヒラモト マサユキ,愛知,A1,S,590505,1,41,160,55,A,7.01,49.1,29,31,122,5,1,0.12,29,75.8,0.1,2.2,20,60.0,0.14,2.5,15,73.3,0.13,2.7,23,43.4,0.11,2.9,22,13.6,0.14,2.9,13,15.3,0.13,3.6,A1,A1,A1,68.0,70.0,2025,2,2024-11-01,2025-04-30,96,18,4,3,2,1,1,0,0,0,0,0,0,0,0,3,9,0,4,2,2,0,0,0,0,0,1,0,0,5,6,1,0,1,2,0,0,0,0,0,0,0,0,2,8,5,4,2,1,0,0,0,0,0,0,1,0,1,2,5,5,5,4,0,0,0,0,0,0,0,0,0,2,2,3,4,2,0,0,0,0,0,0,0,0,0,0,0,0,愛知
4339,平瀬城啓,ヒラセ クニヒロ,福井,B1,S,590616,1,41,163,55,AB,4.16,16.6,10,9,114,0,0,0.19,17,47.0,0.16,2.5,17,41.1,0.18,3.8,21,4.7,0.18,3.2,20,15.0,0.17,3.6,18,0.0,0.22,3.9,21,0.0,0.24,5.0,B1,B1,B1,46.0,46.0,2025,2,2024-11-01,2025-04-30,96,6,2,2,5,1,1,0,0,0,0,0,0,0,0,3,4,3,2,3,2,0,0,0,0,0,0,0,0,0,1,8,7,4,1,0,0,0,0,0,0,0,0,1,2,3,3,8,3,0,0,0,0,0,0,0,0,0,0,2,8,2,6,0,0,0,0,0,0,0,0,0,0,2,4,2,13,0,0,0,0,0,0,0,0,0,0,0,0,富山
4340,土性雅也,ドショウ マサヤ,三重,B2,S,590806,1,40,162,57,A,0.33,0.0,0,0,3,0,0,0.26,0,0.0,0.0,0.0,0,0.0,0.0,0.0,1,0.0,0.32,5.0,0,0.0,0.0,0.0,1,0.0,0.19,4.0,0,0.0,0.0,0.0,B1,B1,B1,48.0,10.0,2025,2,2024-11-01,2025-04-30,96,0,0,0,0,0,0,0,0,0,0,0,0,0,0,0,0,0,0,0,0,0,0,0,0,0,0,0,0,0,0,0,0,0,1,0,0,0,0,0,0,0,0,0,0,0,0,0,0,0,0,0,0,0,0,0,0,0,0,0,0,0,0,0,0,0,0,0,0,1,0,0,0,0,0,0,0,0,0,0,0,0,0,0,0,0,0,0,1,三重
4342,谷野錬志,ヤノ レンシ,静岡,B1,S,590911,1,40,166,54,A,5.25,33.8,10,14,71,1,0,0.19,9,66.6,0.18,4.1,7,28.5,0.2,3.9,9,44.4,0.17,3.1,14,50.0,0.18,3.9,19,21.0,0.21,4.4,13,7.6,0.18,3.9,A1,A1,A1,57.0,54.0,2025,2,2024-11-01,2025-04-30,96,6,0,1,0,1,0,1,0,0,0,0,0,0,0,0,2,0,2,0,3,0,0,0,0,0,0,0,0,2,2,2,1,0,1,1,0,0,0,0,0,0,0,0,7,3,1,1,2,0,0,0,0,0,0,0,0,1,3,3,4,5,3,0,0,0,0,0,0,0,0,1,0,2,4,0,6,0,0,0,0,0,0,0,0,0,0,1,0,静岡
4343,村岡賢,ムラオカ ケン,広島,B1,S,590915,1,40,165,54,A,3.74,18.4,6,11,92,0,0,0.18,12,75.0,0.19,3.3,15,20.0,0.19,4.1,17,17.6,0.17,2.9,15,13.3,0.16,3.4,20,0.0,0.17,3.8,13,0.0,0.2,4.3,B1,B1,B1,45.0,44.0,2025,2,2024-11-01,2025-04-30,96,6,3,0,1,0,2,0,0,0,0,0,0,0,0,0,3,2,3,1,6,0,0,0,0,0,0,0,0,0,3,2,4,2,6,0,0,0,0,0,0,0,0,0,2,2,6,3,1,0,0,0,0,0,0,0,1,0,0,4,1,8,7,0,0,0,0,0,0,0,0,0,0,0,2,7,4,0,0,0,0,0,0,0,0,0,0,0,0,広島
4344,新田雄史,ニッタ ユウシ,三重,A1,S,600219,1,40,169,56,B,7.63,56.1,43,30,130,8,6,0.14,29,89.6,0.13,2.5,21,57.1,0.14,2.6,20,45.0,0.13,3.2,25,56.0,0.17,3.3,22,40.9,0.16,3.5,13,23.0,0.14,3.2,A1,A1,A1,62.0,67.0,2025,2,2024-11-01,2025-04-30,96,25,1,2,0,0,1,0,0,0,0,0,0,0,0,7,5,4,1,2,2,0,0,0,0,0,0,0,0,5,4,4,3,1,3,0,0,0,0,0,0,0,0,2,12,6,3,1,1,0,0,0,0,0,0,0,0,2,7,7,3,2,1,0,0,0,0,0,0,0,0,2,1,2,4,1,3,0,0,0,0,0,0,0,0,0,0,0,0,三重
4345,西舘健,ニシダテ ケン,東京,A2,S,600228,1,40,168,54,AB,5.77,42.7,33,23,131,4,1,0.16,27,77.7,0.16,2.8,19,47.3,0.16,3.1,20,55.0,0.16,2.7,21,33.3,0.13,2.6,23,26.0,0.15,2.7,21,9.5,0.17,3.8,A2,B1,B1,50.0,50.0,2025,2,2024-11-01,2025-04-30,96,18,3,2,1,1,1,1,0,0,0,0,0,0,0,6,3,4,4,0,2,0,0,0,0,0,0,0,0,4,7,4,2,2,1,0,0,0,0,0,1,0,0,3,4,4,2,2,4,0,0,0,0,0,0,2,0,2,4,2,6,8,1,0,0,0,0,0,0,0,0,0,2,4,1,4,10,0,0,0,0,0,0,0,0,0,0,0,0,神奈川
4346,前田健太郎,マエダ ケンタロウ,福岡,B1,S,600420,1,40,166,53,A,4.45,34.4,8,24,93,1,0,0.19,12,75.0,0.16,3.1,16,37.5,0.2,4.6,17,35.2,0.2,3.4,16,31.2,0.19,3.3,16,25.0,0.18,2.6,16,12.5,0.19,3.9,B1,B1,B1,45.0,45.0,2025,2,2024-11-01,2025-04-30,96,4,5,0,1,1,1,0,0,0,0,0,0,0,0,0,6,2,2,1,5,0,0,0,0,0,0,0,0,2,4,2,0,1,6,1,0,0,0,0,0,1,0,2,3,2,2,1,6,0,0,0,0,0,0,0,0,0,4,1,1,6,4,0,0,0,0,0,0,0,0,0,2,3,0,3,8,0,0,0,0,0,0,0,0,0,0,0,0,福岡
4347,魚谷香織,ウオタニ カオリ,福岡,A2,S,600426,2,40,155,46,AB,6.49,45.0,23,13,80,1,0,0.16,18,66.6,0.15,2.8,12,75.0,0.18,3.8,13,61.5,0.15,2.8,16,31.2,0.2,3.3,12,16.6,0.14,2.8,8,0.0,0.16,2.6,A2,A1,A1,55.0,55.0,2025,2,2024-11-01,2025-04-30,96,9,3,1,2,2,0,0,0,0,0,0,0,1,0,3,6,1,0,2,0,0,0,0,0,0,0,0,0,6,2,0,5,0,0,0,0,0,0,0,0,0,0,3,2,8,1,0,2,0,0,0,0,0,0,0,0,2,0,3,5,1,1,0,0,0,0,0,0,0,0,0,0,4,1,2,1,0,0,0,0,0,0,0,0,0,0,0,1,山口
4348,宮崎奨,ミヤザキ ススム,香川,A2,S,600821,1,39,171,55,AB,6.12,40.1,31,22,132,0,0,0.18,29,96.5,0.17,2.8,19,52.6,0.19,4.4,21,42.8,0.18,3.4,21,14.2,0.18,3.2,21,9.5,0.17,3.9,21,4.7,0.19,4.5,A1,A1,A2,53.0,55.0,2025,2,2024-11-01,2025-04-30,96,21,7,1,0,0,0,0,0,0,0,0,0,0,0,6,4,3,4,1,1,0,0,0,0,0,0,0,0,4,5,7,2,2,1,0,0,0,0,0,0,0,0,0,3,7,6,1,3,0,0,0,0,0,0,1,0,0,2,7,6,5,1,0,0,0,0,0,1,0,0,0,1,5,2,8,5,0,0,0,0,0,0,0,0,0,0,1,0,香川
4349,犬童千秋,インドウ チアキ,福岡,B1,S,600913,2,39,157,49,A,5.36,36.0,15,20,97,1,0,0.15,16,87.5,0.13,2.6,19,42.1,0.19,3.7,15,26.6,0.18,2.8,13,15.3,0.14,2.8,17,29.4,0.14,2.2,17,11.7,0.14,2.5,B1,A2,B1,50.0,50.0,2025,2,2024-11-01,2025-04-30,96,10,4,1,1,0,0,0,0,0,0,0,0,0,0,1,7,3,4,1,3,0,0,0,0,0,0,0,0,1,3,1,5,4,1,0,0,0,0,0,1,0,0,0,2,2,5,2,2,0,0,0,0,0,0,0,0,2,3,2,4,3,3,0,0,0,0,0,0,0,0,1,1,6,0,6,3,0,0,0,0,0,0,0,0,0,0,0,0,宮崎
4350,篠崎元志,シノザキ モトシ,福岡,A1,S,610228,1,39,170,53,A,7.03,44.9,35,32,149,6,0,0.13,35,85.7,0.13,2.8,23,56.5,0.12,2.6,26,42.3,0.13,2.7,26,19.2,0.13,3.2,18,27.7,0.11,2.9,21,14.2,0.15,3.5,A1,A1,A1,70.0,71.0,2025,2,2024-11-01,2025-04-30,96,25,5,1,0,3,1,0,0,0,0,0,0,0,0,2,11,3,3,3,1,0,0,0,0,0,1,0,0,7,4,6,5,4,0,0,0,0,0,0,0,0,0,1,4,9,5,6,1,0,0,0,0,0,0,0,0,0,5,3,5,2,3,0,0,0,0,0,0,0,0,0,3,3,8,6,1,0,0,0,0,0,0,0,0,0,0,0,0,福岡
4351,里岡右貴,サトオカ ユウキ,福岡,A1,S,610315,1,39,161,56,B,6.68,48.1,29,22,106,3,0,0.15,25,84.0,0.13,2.4,15,53.3,0.16,3.0,14,21.4,0.17,3.4,18,50.0,0.12,2.1,21,38.1,0.15,3.1,13,15.3,0.16,2.8,A1,A1,A1,55.0,56.0,2025,2,2024-11-01,2025-04-30,96,18,3,1,1,2,0,0,0,0,0,0,0,0,0,1,7,4,1,0,2,0,0,0,0,0,0,0,0,2,1,6,3,2,0,0,0,0,0,0,0,0,0,5,4,1,5,2,1,0,0,0,0,0,0,0,0,3,5,5,4,3,1,0,0,0,0,0,1,0,0,0,2,6,2,2,1,0,0,0,0,0,0,0,0,0,0,0,0,福岡
4352,下條雄太郎,シモジョウ ユウタロウ,長崎,A1,S,610401,1,39,167,53,AB,6.6,42.8,20,22,98,2,0,0.13,21,76.1,0.13,2.6,15,40.0,0.14,3.2,20,50.0,0.12,2.4,14,35.7,0.12,2.7,13,23.0,0.11,2.3,15,13.3,0.16,3.4,A1,A1,A2,61.0,64.0,2025,2,2024-11-01,2025-04-30,96,10,6,2,2,1,0,0,0,0,0,0,0,0,0,1,5,2,3,3,1,0,0,0,0,0,0,0,0,6,4,7,1,1,1,0,0,0,0,0,0,0,0,1,4,3,2,4,0,0,0,0,0,0,0,0,0,1,2,1,4,2,2,1,0,0,0,0,0,0,0,1,1,0,9,2,2,0,0,0,0,0,0,0,0,0,0,0,0,長崎
4355,小川広大,オガワ コウダイ,福岡,B1,S,581223,1,41,172,61,A,3.48,13.4,8,5,97,0,0,0.2,14,57.1,0.13,2.7,15,13.3,0.2,4.4,18,5.5,0.21,3.9,17,11.7,0.22,3.9,16,0.0,0.2,3.8,17,0.0,0.23,4.9,B1,B1,B1,45.0,43.0,2025,2,2024-11-01,2025-04-30,97,6,2,1,3,2,0,0,0,0,0,0,0,0,0,1,1,1,3,3,6,0,0,0,0,0,0,0,0,1,0,3,4,2,8,0,0,0,0,0,0,0,0,0,2,1,5,4,5,0,0,0,0,0,0,0,0,0,0,1,3,7,5,0,0,0,0,0,0,0,0,0,0,3,3,3,8,0,0,0,0,0,0,0,0,0,0,0,0,福岡
4356,長岡良也,ナガオカ リョウヤ,兵庫,A1,S,590318,1,41,168,51,O,6.87,53.9,34,34,126,5,0,0.16,27,85.1,0.15,2.6,19,63.1,0.15,2.9,22,59.0,0.15,2.8,22,40.9,0.17,3.7,25,36.0,0.18,3.7,11,18.1,0.17,3.5,A2,A1,A1,52.0,55.0,2025,2,2024-11-01,2025-04-30,97,19,4,1,1,1,1,0,0,0,0,0,0,0,0,5,7,4,2,1,0,0,0,0,0,0,0,0,0,6,7,5,2,2,0,0,0,0,0,0,0,0,0,4,5,7,4,1,1,0,0,0,0,0,0,0,0,0,9,3,7,3,2,1,0,0,0,0,0,0,0,0,2,1,6,2,0,0,0,0,0,0,0,0,0,0,0,0,0,兵庫
4357,田中和也,タナカ カズヤ,大阪,A1,S,590629,1,41,166,53,A,7.4,58.9,51,25,129,8,3,0.17,36,94.4,0.15,3.0,20,60.0,0.19,3.6,20,50.0,0.18,3.8,26,46.1,0.16,2.8,17,35.2,0.18,3.5,10,20.0,0.14,3.3,A1,A1,A1,52.0,57.0,2025,2,2024-11-01,2025-04-30,97,28,6,2,0,0,0,0,0,0,0,0,1,0,0,6,6,3,2,3,0,0,0,0,0,0,0,0,0,5,5,2,4,0,3,0,0,0,0,0,1,1,0,5,7,10,1,3,0,0,0,0,0,0,0,0,0,6,0,6,4,1,0,0,0,0,0,0,0,0,0,1,1,4,0,2,2,0,0,0,0,0,0,0,0,0,0,0,0,大阪
4358,松本庸平,マツモト ヨウヘイ,三重,B1,S,590824,1,40,164,50,O,4.15,23.5,9,16,106,0,0,0.21,15,53.3,0.2,3.4,19,26.3,0.2,4.4,21,28.5,0.19,3.8,20,15.0,0.22,4.5,18,16.6,0.24,4.7,13,0.0,0.22,5.1,B1,B1,B1,45.0,45.0,2025,2,2024-11-01,2025-04-30,97,7,1,2,1,2,2,0,0,0,0,0,0,0,0,0,5,4,3,3,4,0,0,0,0,0,0,0,0,2,4,1,5,4,5,0,0,0,0,0,0,0,0,0,3,1,5,3,8,0,0,0,0,0,0,0,0,0,3,4,4,1,6,0,0,0,0,0,0,0,0,0,0,0,3,5,5,0,0,0,0,0,0,0,0,0,0,0,0,三重
4359,横川聖志,ヨコガワ サトシ,徳島,B1,S,590830,1,40,169,58,O,5.09,30.6,13,29,137,0,0,0.13,19,68.4,0.11,2.2,28,42.8,0.14,2.7,22,31.8,0.14,2.4,17,23.5,0.13,1.9,30,16.6,0.14,2.5,21,4.7,0.13,3.1,B1,B1,B1,48.0,49.0,2025,2,2024-11-01,2025-04-30,97,9,4,3,2,0,1,0,0,0,0,0,0,0,0,1,11,5,5,5,1,0,0,0,0,0,0,0,0,1,6,6,3,3,3,0,0,0,0,0,0,0,0,1,3,3,7,1,2,0,0,0,0,0,0,0,0,1,4,7,8,5,4,1,0,0,0,0,0,0,0,0,1,2,6,4,8,0,0,0,0,0,0,0,0,0,0,0,0,徳島
4360,庄司孝輔,ショウジ コウスケ,静岡,B1,S,591003,1,40,168,53,O,4.42,22.0,7,6,59,0,0,0.18,10,90.0,0.15,2.7,11,18.1,0.17,4.5,11,18.1,0.18,3.4,7,0.0,0.21,3.1,11,0.0,0.19,4.5,9,0.0,0.19,4.6,B1,B1,A2,48.0,46.0,2025,2,2024-11-01,2025-04-30,97,6,3,0,0,1,0,0,0,0,0,0,0,0,0,0,2,2,0,3,4,0,0,0,0,0,0,0,0,1,1,1,2,2,4,0,0,0,0,0,1,0,0,0,0,4,2,0,1,0,0,0,0,0,0,0,0,0,0,3,3,2,3,0,0,0,0,0,0,0,0,0,0,2,2,2,3,0,0,0,0,0,0,0,0,1,0,0,0,静岡
4361,柳生泰二,ヤギュウ タイジ,山口,A1,S,591030,1,40,165,54,B,6.77,45.8,23,32,120,5,2,0.14,25,88.0,0.14,2.3,19,42.1,0.13,3.0,18,50.0,0.12,3.1,15,40.0,0.14,2.6,22,36.3,0.16,3.5,21,9.5,0.17,4.4,A1,A1,A1,62.0,65.0,2025,2,2024-11-01,2025-04-30,97,15,7,2,1,0,0,0,0,0,0,0,0,0,0,2,6,4,3,1,3,0,0,0,0,0,0,0,0,1,8,3,2,3,1,0,0,0,0,0,0,0,0,2,4,4,2,1,1,1,0,0,0,0,0,0,0,2,6,4,6,0,4,0,0,0,0,0,0,0,0,1,1,9,3,2,5,0,0,0,0,0,0,0,0,0,0,0,0,山口
4362,土屋智則,ツチヤ トモノリ,群馬,A1,S,600206,1,40,164,54,B,6.9,42.4,32,21,125,3,1,0.12,30,86.6,0.11,2.1,23,60.8,0.13,2.7,21,38.1,0.11,2.3,17,5.8,0.12,2.3,18,11.1,0.13,3.3,16,12.5,0.12,3.4,A1,A1,A1,64.0,71.0,2025,2,2024-11-01,2025-04-30,97,23,3,1,1,0,2,0,0,0,0,0,0,0,0,5,9,5,4,0,0,0,0,0,0,0,0,0,0,1,7,4,3,3,2,0,0,0,0,0,0,1,0,1,0,8,2,3,3,0,0,0,0,0,0,0,0,1,1,3,5,4,4,0,0,0,0,0,0,0,0,1,1,1,5,5,3,0,0,0,0,0,0,0,0,0,0,0,0,群馬
4363,大野芳顕,オオノ ヨシアキ,福岡,A2,S,600217,1,40,169,53,A,5.67,33.7,26,23,145,1,0,0.16,30,76.6,0.15,2.3,25,28.0,0.15,3.6,21,47.6,0.15,2.4,21,23.8,0.16,2.8,28,10.7,0.15,3.5,20,5.0,0.2,4.0,A2,A2,A2,51.0,52.0,2025,2,2024-11-01,2025-04-30,97,16,7,3,4,0,0,0,0,0,0,0,0,0,0,1,6,5,6,5,2,0,0,0,0,0,0,0,0,5,5,2,4,4,1,0,0,0,0,0,0,0,0,4,1,8,3,4,1,0,0,0,0,0,0,0,0,0,3,7,10,4,4,0,0,0,0,0,0,0,0,0,1,6,7,6,0,0,0,0,0,0,1,0,0,0,0,0,0,福岡
4364,池永太,イケナガ フトシ,福岡,A1,S,600319,1,40,169,54,A,6.51,42.4,27,15,99,5,0,0.14,22,81.8,0.14,3.2,12,41.6,0.13,3.5,18,66.6,0.14,2.9,13,38.4,0.13,3.2,15,13.3,0.13,3.3,19,0.0,0.15,4.2,A1,A1,A1,62.0,64.0,2025,2,2024-11-01,2025-04-30,97,16,2,3,0,0,0,1,0,0,0,0,0,0,0,4,1,2,3,1,1,0,0,0,0,0,0,0,0,5,7,2,3,1,0,0,0,0,0,0,0,0,0,2,3,2,2,2,2,0,0,0,0,0,1,0,0,0,2,0,6,1,6,0,0,0,0,0,0,0,0,0,0,6,3,4,6,0,0,0,0,0,0,0,0,0,0,0,0,宮崎
4365,盛本真輔,モリモト シンスケ,兵庫,B1,S,600925,1,39,169,52,B,4.99,30.8,30,11,133,0,0,0.19,29,62.0,0.15,2.4,17,17.6,0.21,4.3,21,38.1,0.16,3.4,27,29.6,0.19,3.2,21,14.2,0.19,3.7,18,5.5,0.24,4.9,A2,B1,B1,50.0,48.0,2025,2,2024-11-01,2025-04-30,97,16,2,5,2,3,1,0,0,0,0,0,0,0,0,1,2,3,5,5,1,0,0,0,0,0,0,0,0,4,4,4,6,1,2,0,0,0,0,0,0,0,0,7,1,5,4,5,5,0,0,0,0,0,0,0,0,2,1,2,4,8,3,0,0,0,0,0,0,1,0,0,1,0,0,5,12,0,0,0,0,0,0,0,0,0,0,0,0,兵庫
4366,前沢丈史,マエザワ タケシ,東京,A1,S,601009,1,39,170,57,AB,6.5,44.9,38,29,149,4,1,0.15,29,75.8,0.14,2.7,22,40.9,0.14,2.7,28,46.4,0.13,2.3,29,51.7,0.14,2.6,20,30.0,0.15,3.0,21,9.5,0.18,4.3,A1,A2,A1,52.0,56.0,2025,2,2024-11-01,2025-04-30,97,19,3,3,1,3,0,0,0,0,0,0,0,0,0,4,5,6,5,1,1,0,0,0,0,0,0,0,0,6,7,10,1,1,3,0,0,0,0,0,0,0,0,6,9,6,2,5,1,0,0,0,0,0,0,0,0,3,3,5,3,4,2,0,0,0,0,0,0,0,0,0,2,4,9,4,2,0,0,0,0,0,0,0,0,0,0,0,0,茨城
4367,山口修路,ヤマグチ シュウジ,福岡,B1,S,601025,1,39,165,53,A,4.94,26.9,9,15,89,1,0,0.22,14,50.0,0.19,3.2,10,40.0,0.2,3.8,17,35.2,0.2,4.1,16,18.7,0.23,4.9,17,23.5,0.24,4.2,15,0.0,0.23,4.3,B1,B1,B1,48.0,49.0,2025,2,2024-11-01,2025-04-30,97,5,2,3,1,1,1,1,0,0,0,0,0,0,0,1,3,1,4,1,0,0,0,0,0,0,0,0,0,3,3,5,2,3,1,0,0,0,0,0,0,0,0,0,3,3,4,3,3,0,0,0,0,0,0,0,0,0,4,4,2,7,0,0,0,0,0,0,0,0,0,0,0,2,5,5,3,0,0,0,0,0,0,0,0,0,0,0,0,福岡
4368,山口隆史,ヤマグチ タカフミ,福岡,B1,S,601025,1,39,164,51,A,4.37,22.2,10,16,117,0,0,0.18,13,61.5,0.16,3.1,21,23.8,0.17,2.9,22,27.2,0.15,2.6,23,13.0,0.18,3.7,18,16.6,0.18,3.1,20,5.0,0.24,4.6,B1,B1,B1,48.0,47.0,2025,2,2024-11-01,2025-04-30,97,6,2,2,2,1,0,0,0,0,0,0,0,0,0,2,3,3,7,4,2,0,0,0,0,0,0,0,0,2,4,6,4,2,4,0,0,0,0,0,0,0,0,0,3,4,6,7,3,0,0,0,0,0,0,0,0,0,3,2,4,5,4,0,0,0,0,0,0,0,0,0,1,1,3,5,10,0,0,0,0,0,0,0,0,0,0,0,0,福岡
4369,丹下将,タンゲ タモツ,愛知,A1,S,601029,1,39,170,60,A,6.42,47.0,28,27,117,5,1,0.17,23,82.6,0.18,3.4,20,35.0,0.18,3.4,20,60.0,0.16,3.5,20,55.0,0.17,2.9,17,23.5,0.16,3.5,17,11.7,0.19,4.5,A2,A2,A2,51.0,53.0,2025,2,2024-11-01,2025-04-30,97,16,3,0,2,1,0,1,0,0,0,0,0,0,0,1,6,8,2,2,1,0,0,0,0,0,0,0,0,4,8,4,3,0,1,0,0,0,0,0,0,0,0,4,7,2,4,0,3,0,0,0,0,0,0,0,0,2,2,5,1,4,3,0,0,0,0,0,0,0,0,1,1,7,4,2,2,0,0,0,0,0,0,0,0,0,0,0,0,愛知
4370,山口達也,ヤマグチ タツヤ,岡山,A1,S,611001,1,38,168,52,AB,6.54,50.4,38,21,117,4,3,0.17,29,82.7,0.16,2.8,19,42.1,0.14,3.9,17,70.5,0.16,3.5,24,25.0,0.19,3.8,17,41.1,0.17,3.4,11,18.1,0.17,4.2,A1,A1,A2,57.0,63.0,2025,2,2024-11-01,2025-04-30,97,23,1,1,2,0,2,0,0,0,0,0,0,0,0,4,4,3,2,3,3,0,0,0,0,0,0,0,0,4,8,1,1,2,1,0,0,0,0,0,0,0,0,2,4,3,3,3,9,0,0,0,0,0,0,0,0,5,2,1,1,2,6,0,0,0,0,0,0,0,0,0,2,2,1,3,3,0,0,0,0,0,1,0,0,0,0,0,0,岡山
4371,西山貴浩,ニシヤマ タカヒロ,福岡,A1,S,620515,1,38,169,53,A,6.63,36.6,21,12,90,4,1,0.14,18,77.7,0.13,2.9,15,33.3,0.16,3.4,16,56.2,0.14,3.5,16,18.7,0.11,2.5,12,8.3,0.14,3.4,13,7.6,0.19,4.6,A1,A1,A1,71.0,70.0,2025,2,2024-11-01,2025-04-30,97,13,1,2,0,0,1,1,0,0,0,0,0,0,0,4,1,5,2,1,2,0,0,0,0,0,1,0,0,2,7,1,4,1,1,0,0,0,0,0,0,0,0,1,2,6,4,3,0,0,0,0,0,0,0,0,0,1,0,2,4,0,4,0,0,0,0,0,2,1,0,0,1,1,4,2,5,0,0,0,0,0,0,0,0,0,0,0,0,福岡
4372,原田佑実,ハラダ ユミ,大阪,B1,S,620806,2,37,161,48,B,4.87,27.8,10,12,79,0,0,0.16,17,70.5,0.17,2.3,12,33.3,0.19,3.4,13,23.0,0.18,3.2,12,16.6,0.16,2.6,11,9.0,0.14,2.5,14,0.0,0.13,2.9,A2,B1,A2,52.0,48.0,2025,2,2024-11-01,2025-04-30,97,7,5,3,1,1,0,0,0,0,0,0,0,0,0,1,3,0,2,2,4,0,0,0,0,0,0,0,0,1,2,2,4,2,2,0,0,0,0,0,0,0,0,1,1,4,4,2,0,0,0,0,0,0,0,0,0,0,1,2,3,5,0,0,0,0,0,0,0,0,0,0,0,2,3,4,5,0,0,0,0,0,1,0,0,0,0,2,0,愛知
4373,若狭奈美子,ワカサ ナミコ,岡山,A2,S,630622,2,37,158,46,B,6.06,38.8,23,26,126,1,1,0.19,25,60.0,0.16,2.8,21,61.9,0.19,3.3,21,42.8,0.18,3.8,22,50.0,0.17,3.2,19,5.2,0.22,3.8,18,0.0,0.24,4.0,A2,B1,B1,52.0,52.0,2025,2,2024-11-01,2025-04-30,97,11,4,6,1,1,2,0,0,0,0,0,0,0,0,7,6,5,2,0,1,0,0,0,0,0,0,0,0,3,6,6,2,1,2,1,0,0,0,0,0,0,0,2,9,7,3,0,1,0,0,0,0,0,0,0,0,0,1,4,9,3,1,0,0,0,0,0,0,1,0,0,0,5,9,1,3,0,0,0,0,0,0,0,0,0,0,0,0,岡山
4374,永田義紘,ナガタ ヨシヒロ,広島,B1,S,590427,1,41,168,52,A,4.38,16.8,10,6,95,0,0,0.17,15,46.6,0.15,3.1,16,12.5,0.14,3.4,16,6.2,0.18,3.1,14,14.2,0.17,2.9,18,16.6,0.18,3.7,16,6.2,0.19,4.6,B1,B1,B1,48.0,47.0,2025,2,2024-11-01,2025-04-30,98,6,1,5,1,1,1,0,0,0,0,0,0,0,0,1,1,3,2,3,6,0,0,0,0,0,0,0,0,1,0,4,3,2,6,0,0,0,0,0,0,0,0,1,1,2,6,2,1,1,0,0,0,0,0,0,0,0,3,4,7,2,1,0,0,0,0,0,0,1,0,1,0,1,8,5,1,0,0,0,0,0,0,0,0,0,0,0,0,広島
4375,照屋厚仁,テルヤ アツヒト,兵庫,A2,S,590506,1,41,160,52,B,5.89,44.1,31,29,136,2,0,0.16,27,88.8,0.17,2.8,22,54.5,0.15,3.0,25,40.0,0.15,3.0,26,26.9,0.15,2.8,19,21.0,0.16,3.5,17,17.6,0.19,4.2,A2,A1,A2,50.0,51.0,2025,2,2024-11-01,2025-04-30,98,21,3,1,0,1,1,0,0,0,0,0,0,0,0,0,12,6,2,1,1,0,0,0,0,0,0,0,0,6,4,5,7,0,3,0,0,0,0,0,0,0,0,3,4,5,4,5,5,0,0,0,0,0,0,0,0,1,3,3,5,4,3,0,0,0,0,0,0,0,0,0,3,1,2,3,8,0,0,0,0,0,0,0,0,0,0,1,0,大阪
4376,藤田靖弘,フジタ ヤスヒロ,静岡,A2,S,590524,1,41,165,53,O,5.86,40.4,21,30,126,1,0,0.17,18,77.7,0.16,2.9,25,56.0,0.17,3.3,23,47.8,0.18,2.9,21,33.3,0.15,2.9,21,19.0,0.15,3.8,18,5.5,0.19,4.2,B1,A2,A2,50.0,52.0,2025,2,2024-11-01,2025-04-30,98,8,6,2,1,1,0,0,0,0,0,0,0,0,0,5,9,3,2,3,2,0,0,0,0,0,0,1,0,5,6,5,1,6,0,0,0,0,0,0,0,0,0,2,5,5,5,4,0,0,0,0,0,0,0,0,0,1,3,4,6,5,2,0,0,0,0,0,0,0,0,0,1,7,5,4,1,0,0,0,0,0,0,0,0,0,0,0,0,静岡
4377,濱本優一,ハマモト ユウイチ,大阪,A2,S,590621,1,41,170,50,AB,5.87,43.0,21,32,123,3,0,0.17,23,86.9,0.14,2.2,17,41.1,0.15,2.6,20,40.0,0.19,3.2,25,52.0,0.16,3.6,22,22.7,0.17,3.3,16,0.0,0.22,4.9,A2,A2,A2,50.0,51.0,2025,2,2024-11-01,2025-04-30,98,14,6,3,0,0,0,0,0,0,0,0,0,0,0,5,2,5,1,3,0,0,0,0,0,0,0,1,0,0,8,4,2,3,3,0,0,0,0,0,0,0,0,0,13,4,4,0,4,0,0,0,0,0,0,0,0,2,3,5,4,3,5,0,0,0,0,0,1,0,0,0,0,4,4,4,3,0,0,0,0,0,0,1,0,0,0,3,0,大阪
4379,桑島和宏,クワジマ カズヒロ,東京,A1,S,590808,1,40,163,58,O,6.26,39.8,28,25,133,3,0,0.16,23,78.2,0.15,3.3,19,36.8,0.17,2.9,26,34.6,0.13,2.6,24,29.1,0.16,3.2,22,45.4,0.17,3.5,19,10.5,0.19,4.3,A2,A2,A2,52.0,53.0,2025,2,2024-11-01,2025-04-30,98,15,3,4,1,0,0,0,0,0,0,0,1,0,0,1,6,5,3,2,2,0,0,0,0,0,0,0,0,6,3,10,5,2,0,0,0,0,0,0,0,0,0,3,4,3,7,5,2,0,0,0,0,0,0,0,0,3,7,8,3,0,1,0,0,0,0,0,0,0,0,0,2,7,4,4,2,0,0,0,0,0,2,0,0,0,0,0,0,千葉
4380,鈴木峻佑,スズキ シュンスケ,静岡,B1,S,590819,1,40,169,54,O,4.47,23.0,14,13,117,0,0,0.17,18,72.2,0.13,2.4,17,35.2,0.17,3.7,24,25.0,0.18,3.8,14,0.0,0.17,3.4,26,3.8,0.18,3.3,17,5.8,0.19,3.9,B1,B1,B1,47.0,47.0,2025,2,2024-11-01,2025-04-30,98,9,4,1,2,1,1,0,0,0,0,0,0,0,0,3,3,3,3,1,4,0,0,0,0,0,0,0,0,1,5,5,5,7,1,0,0,0,0,0,0,0,0,0,0,2,4,2,5,0,0,0,0,0,0,1,0,0,1,4,9,10,2,0,0,0,0,0,0,0,0,1,0,1,4,9,2,0,0,0,0,0,0,0,0,0,0,0,1,静岡
4381,田路朋史,トウジ トモヒト,兵庫,A1,S,590914,1,40,164,52,A,6.44,47.4,33,31,135,6,0,0.15,22,77.2,0.15,2.5,21,38.1,0.14,2.5,23,47.8,0.17,3.2,24,75.0,0.13,2.2,24,25.0,0.15,3.0,21,19.0,0.17,3.6,A2,B1,B1,51.0,53.0,2025,2,2024-11-01,2025-04-30,98,13,4,1,1,0,3,0,0,0,0,0,1,0,0,4,4,7,4,0,1,1,0,0,0,0,0,0,0,3,8,7,1,1,3,0,0,0,0,0,0,0,0,9,9,3,1,1,1,0,0,0,0,0,0,0,0,3,3,5,10,1,2,0,0,0,0,0,0,0,0,1,3,4,5,6,2,0,0,0,0,0,0,0,0,0,0,0,0,兵庫
4382,高山智至,タカヤマ サトシ,滋賀,B1,S,591013,1,40,170,58,A,5.1,26.4,10,13,87,0,0,0.17,14,64.2,0.16,1.9,21,23.8,0.18,2.8,11,9.0,0.15,2.5,14,28.5,0.17,3.5,16,18.7,0.17,3.6,11,9.0,0.21,4.7,B1,B1,B1,46.0,49.0,2025,2,2024-11-01,2025-04-30,98,6,3,2,1,1,1,0,0,0,0,0,0,0,0,3,2,7,5,1,2,1,0,0,0,0,0,0,0,0,1,5,2,2,1,0,0,0,0,0,0,0,0,1,3,4,2,2,2,0,0,0,0,0,0,0,0,0,3,3,3,5,2,0,0,0,0,0,0,0,0,0,1,2,4,0,4,0,0,0,0,0,0,0,0,0,0,0,0,京都
4383,竹田吉行,タケダ ヨシユキ,徳島,A2,S,600404,1,40,168,53,A,5.47,36.3,26,22,132,2,0,0.16,24,83.3,0.13,2.0,26,46.1,0.18,3.2,21,33.3,0.17,3.5,19,26.3,0.17,3.9,21,4.7,0.15,3.3,21,14.2,0.15,3.6,A2,A2,B1,51.0,51.0,2025,2,2024-11-01,2025-04-30,98,16,4,2,1,0,1,0,0,0,0,0,0,0,0,6,6,1,6,5,2,0,0,0,0,0,0,0,0,2,5,2,4,5,3,0,0,0,0,0,0,0,0,2,3,2,4,5,3,0,0,0,0,0,0,0,0,0,1,7,4,7,1,0,0,0,0,0,1,1,0,0,3,4,6,5,3,0,0,0,0,0,0,0,0,0,0,0,0,徳島
4384,鶴本崇文,ツルモト タカフミ,大阪,A1,S,600520,1,40,165,54,A,6.52,46.8,32,34,141,8,0,0.16,28,85.7,0.14,2.2,24,62.5,0.12,2.7,24,58.3,0.14,2.5,27,33.3,0.18,3.7,22,13.6,0.18,3.9,16,6.2,0.23,4.9,A2,A2,A1,50.0,54.0,2025,2,2024-11-01,2025-04-30,98,21,3,1,3,0,0,0,0,0,0,0,0,0,0,4,11,5,2,1,1,0,0,0,0,0,0,0,0,5,9,6,4,0,0,0,0,0,0,0,0,0,0,1,8,9,6,2,1,0,0,0,0,0,0,0,0,1,2,7,6,4,2,0,0,0,0,0,0,0,0,0,1,2,5,4,4,0,0,0,0,0,0,0,0,0,0,0,0,大阪
4385,鈴木祐美子,スズキ ユミコ,三重,B1,S,600709,2,39,153,49,A,3.59,5.3,2,1,56,0,0,0.22,9,11.1,0.15,2.9,11,9.0,0.22,4.5,10,10.0,0.23,3.7,6,0.0,0.24,5.5,14,0.0,0.23,5.1,6,0.0,0.24,5.5,B1,B1,B1,47.0,45.0,2025,2,2024-11-01,2025-04-30,98,0,1,4,3,1,0,0,0,0,0,0,0,0,0,1,0,3,3,2,2,0,0,0,0,0,0,0,0,1,0,4,1,4,0,0,0,0,0,0,0,0,0,0,0,1,2,1,2,0,0,0,0,0,0,0,0,0,0,1,3,7,3,0,0,0,0,0,0,0,0,0,0,0,1,1,4,0,0,0,0,0,0,0,0,0,0,0,0,三重
4387,平山智加,ヒラヤマ チカ,香川,A1,S,600713,2,39,156,47,O,6.91,53.8,29,27,104,5,0,0.16,23,91.3,0.16,2.9,20,55.0,0.17,3.8,14,50.0,0.16,2.8,20,35.0,0.15,3.1,15,46.6,0.15,2.5,12,25.0,0.17,3.8,A1,A1,A1,56.0,60.0,2025,2,2024-11-01,2025-04-30,98,18,3,0,0,2,0,0,0,0,0,0,0,0,0,3,8,4,4,0,1,0,0,0,0,0,0,0,0,4,3,2,2,3,0,0,0,0,0,0,0,0,0,2,5,6,2,3,2,0,0,0,0,0,0,0,0,2,5,0,3,1,4,0,0,0,0,0,0,0,0,0,3,3,3,2,1,0,0,0,0,0,0,0,0,0,0,0,0,香川
4388,是澤孝宏,コレサワ タカヒロ,滋賀,A2,S,600715,1,39,169,52,A,6.14,44.1,30,27,129,4,1,0.16,25,76.0,0.15,3.0,23,34.7,0.16,2.8,21,47.6,0.15,2.7,20,55.0,0.15,2.5,24,25.0,0.17,3.3,16,18.7,0.17,4.6,A2,A1,A1,54.0,53.0,2025,2,2024-11-01,2025-04-30,98,16,3,1,2,1,2,0,0,0,0,0,0,0,0,3,5,4,6,4,1,0,0,0,0,0,0,0,0,5,5,4,3,3,1,0,0,0,0,0,0,0,0,4,7,1,4,1,3,0,0,0,0,0,0,0,0,1,5,6,5,3,4,0,0,0,0,0,0,0,0,1,2,5,1,3,3,0,0,0,0,0,0,1,0,0,0,0,0,京都
4389,伊藤喜智,イトウ ヨシトモ,大阪,B1,S,600920,1,39,162,53,A,5.15,30.5,13,23,118,1,0,0.18,18,83.3,0.18,4.1,20,35.0,0.2,4.3,19,36.8,0.18,4.2,22,27.2,0.17,3.5,19,0.0,0.19,3.9,20,5.0,0.19,4.0,B1,A2,B1,49.0,49.0,2025,2,2024-11-01,2025-04-30,98,5,10,1,0,2,0,0,0,0,0,0,0,0,0,1,6,3,1,6,2,0,0,0,0,0,0,1,0,2,5,6,1,1,3,0,0,0,0,0,0,1,0,5,1,8,3,4,1,0,0,0,0,0,0,0,0,0,0,8,2,3,6,0,0,0,0,0,0,0,0,0,1,7,1,8,3,0,0,0,0,0,0,0,0,0,0,0,0,大阪
4390,松本弓雄,マツモト ユミオ,徳島,B1,S,610327,1,39,169,54,O,4.14,17.2,4,12,93,0,0,0.17,14,21.4,0.17,3.9,16,18.7,0.16,3.6,16,0.0,0.19,3.6,19,26.3,0.16,3.8,13,23.0,0.15,3.1,15,13.3,0.18,4.0,B1,B1,B1,46.0,46.0,2025,2,2024-11-01,2025-04-30,98,2,1,3,3,3,2,0,0,0,0,0,0,0,0,1,2,6,3,0,4,0,0,0,0,0,0,0,0,0,0,5,3,6,2,0,0,0,0,0,0,0,0,0,5,1,4,6,3,0,0,0,0,0,0,0,0,0,3,1,3,3,2,1,0,0,0,0,0,0,0,1,1,3,3,4,2,0,0,0,0,0,0,1,0,0,0,0,0,高知
4391,松田祐季,マツダ ユウキ,福井,A1,S,610425,1,39,164,55,O,7.13,51.1,39,27,129,6,1,0.16,32,87.5,0.15,3.1,21,57.1,0.15,3.1,23,52.1,0.15,3.0,19,26.3,0.16,2.9,13,46.1,0.14,3.2,21,14.2,0.19,4.4,A1,A1,A1,60.0,65.0,2025,2,2024-11-01,2025-04-30,98,27,1,0,1,1,2,0,0,0,0,0,0,0,0,4,8,3,3,2,1,0,0,0,0,0,0,0,0,4,8,5,4,0,2,0,0,0,0,0,0,0,0,2,3,9,2,1,2,0,0,0,0,0,0,0,0,2,4,1,5,1,0,0,0,0,0,0,1,0,0,0,3,5,7,1,5,0,0,0,0,0,0,0,0,0,0,0,0,福井
4393,田中孝明,タナカ タカアキ,福岡,B1,S,610507,1,39,165,61,A,4.14,18.6,5,12,91,0,0,0.2,13,38.4,0.18,3.2,14,14.2,0.21,4.0,18,44.4,0.15,3.5,13,7.6,0.21,4.5,20,0.0,0.23,4.3,13,7.6,0.23,5.3,B1,B1,B2,47.0,46.0,2025,2,2024-11-01,2025-04-30,98,2,3,5,2,0,1,0,0,0,0,0,0,0,0,1,1,2,3,5,2,0,0,0,0,0,0,0,0,2,6,2,4,3,1,0,0,0,0,0,0,0,0,0,1,2,2,3,5,0,0,0,0,0,0,0,0,0,0,3,7,4,6,0,0,0,0,0,1,0,0,0,1,1,2,7,2,0,0,0,0,0,0,0,0,0,0,1,0,福岡
4394,永嶋裕一,ナガシマ ユウイチ,福岡,B1,S,610509,1,39,165,56,A,5.21,31.2,11,14,80,0,0,0.17,11,90.9,0.17,3.2,11,36.3,0.18,3.2,13,53.8,0.15,2.2,19,15.7,0.17,3.4,16,6.2,0.16,3.1,10,0.0,0.17,4.0,B1,B1,B1,50.0,50.0,2025,2,2024-11-01,2025-04-30,98,8,2,0,0,0,1,0,0,0,0,0,1,0,0,1,3,2,3,2,0,0,0,0,0,0,0,0,0,1,6,3,2,0,1,0,0,0,0,0,0,0,0,1,2,4,6,3,3,0,0,0,0,0,0,0,0,0,1,3,5,5,1,0,0,0,0,0,0,1,0,0,0,1,5,3,1,0,0,0,0,0,0,0,0,0,0,0,0,福岡
4395,下河雅史,シモガワ マサフミ,福岡,A2,S,610515,1,39,171,58,O,6.02,40.5,22,23,111,2,0,0.17,20,85.0,0.16,2.6,17,64.7,0.16,2.4,23,21.7,0.17,3.6,16,31.2,0.15,2.9,21,28.5,0.16,3.3,14,7.1,0.22,4.0,A2,B1,B1,51.0,52.0,2025,2,2024-11-01,2025-04-30,98,12,5,2,1,0,0,0,0,0,0,0,1,0,0,4,7,4,0,1,1,0,0,0,0,0,0,0,0,0,5,11,3,4,0,0,0,0,0,0,0,0,0,4,1,5,2,2,2,0,0,0,0,0,0,0,0,1,5,3,4,5,3,0,0,0,0,0,0,0,0,1,0,2,4,5,2,0,0,0,0,0,0,0,0,0,0,0,0,福岡
4396,大田直弥,オオタ ナオヤ,山口,B1,S,610703,1,38,161,55,B,4.82,26.8,13,19,119,0,0,0.2,16,56.2,0.22,4.1,18,22.2,0.18,3.6,25,32.0,0.17,3.4,22,27.2,0.19,3.7,24,16.6,0.21,4.4,14,7.1,0.25,5.4,B1,B1,B1,50.0,49.0,2025,2,2024-11-01,2025-04-30,98,5,4,3,1,1,2,0,0,0,0,0,0,0,0,1,3,5,6,1,2,0,0,0,0,0,0,0,0,4,4,2,4,7,4,0,0,0,0,0,0,0,0,1,5,3,6,4,3,0,0,0,0,0,0,0,0,2,2,4,6,8,2,0,0,0,0,0,0,0,0,0,1,2,5,4,2,0,0,0,0,0,0,0,0,0,0,0,0,山口
4397,西村拓也,ニシムラ タクヤ,大阪,A1,S,611201,1,38,165,53,A,6.97,45.3,35,34,152,7,2,0.13,27,88.8,0.13,2.9,29,58.6,0.11,2.5,31,48.3,0.13,2.9,20,40.0,0.12,2.9,27,14.8,0.14,3.6,18,5.5,0.15,4.1,A1,A1,A1,62.0,67.0,2025,2,2024-11-01,2025-04-30,98,19,5,2,1,0,0,0,0,0,0,0,0,0,0,7,10,6,4,1,1,0,0,0,0,0,0,0,0,6,9,8,5,2,1,0,0,0,0,0,0,0,0,2,6,5,4,2,1,0,0,0,0,0,0,0,0,1,3,7,7,8,1,0,0,0,0,0,0,0,0,0,1,2,6,4,5,0,0,0,0,0,0,0,0,0,0,0,0,大阪
4398,船岡洋一郎,フナオカ ヨウイチロウ,広島,A1,S,620220,1,38,168,53,A,6.36,42.4,29,24,125,6,2,0.14,22,86.3,0.14,2.7,18,55.5,0.15,3.2,17,29.4,0.11,2.8,21,61.9,0.13,2.6,25,12.0,0.15,3.8,22,13.6,0.17,3.5,A1,A1,A1,60.0,63.0,2025,2,2024-11-01,2025-04-30,98,15,4,0,1,0,2,0,0,0,0,0,0,0,0,5,5,2,2,2,2,0,0,0,0,0,0,0,0,2,3,5,1,4,1,1,0,0,0,0,0,0,0,2,11,4,2,2,0,0,0,0,0,0,0,0,0,2,1,5,5,9,3,0,0,0,0,0,0,0,0,3,0,2,4,7,6,0,0,0,0,0,0,0,0,0,0,0,0,広島
4399,松本晶恵,マツモト アキエ,群馬,B1,S,620603,2,38,154,44,A,4.8,33.3,6,12,54,1,0,0.17,12,66.6,0.17,3.6,7,28.5,0.23,4.4,11,36.3,0.17,3.6,6,33.3,0.16,5.5,8,12.5,0.16,4.1,8,12.5,0.15,2.3,A2,A2,B1,55.0,47.0,2025,2,2024-11-01,2025-04-30,98,5,3,1,2,1,0,0,0,0,0,0,0,0,0,0,2,1,1,2,1,0,0,0,0,0,0,0,0,1,3,0,0,4,3,0,0,0,0,0,0,0,0,0,2,0,2,0,2,0,0,0,0,0,0,0,0,0,1,3,1,1,2,0,0,0,0,0,0,0,0,0,1,1,3,2,1,0,0,0,0,0,0,0,0,0,0,0,2,群馬
4400,加藤奈月,カトウ ナツキ,福井,B1,S,630728,2,36,157,55,O,4.13,19.4,5,10,77,0,0,0.19,10,70.0,0.19,2.7,12,16.6,0.18,4.2,17,29.4,0.21,3.2,13,0.0,0.19,3.6,13,7.6,0.18,3.4,12,0.0,0.2,4.2,B1,B1,B1,46.0,46.0,2025,2,2024-11-01,2025-04-30,98,4,3,0,0,2,1,0,0,0,0,0,0,0,0,0,2,2,3,3,2,0,0,0,0,0,1,0,0,1,4,2,5,2,3,0,0,0,0,0,0,0,0,0,0,4,4,2,3,0,0,0,0,0,0,0,0,0,1,0,3,6,3,0,0,0,0,0,0,0,0,0,0,2,4,4,2,0,0,0,0,0,0,0,0,0,0,0,0,福井
4401,小林泰,コバヤシ ヤスシ,東京,A2,S,591109,1,40,168,54,O,6.07,43.2,28,23,118,4,1,0.15,22,95.4,0.13,2.5,23,39.1,0.15,3.4,15,60.0,0.15,2.8,20,45.0,0.15,3.2,23,13.0,0.14,3.2,15,0.0,0.16,4.3,A1,A2,A2,54.0,55.0,2025,2,2024-11-01,2025-04-30,99,17,4,1,0,0,0,0,0,0,0,0,1,0,0,3,6,4,6,3,1,0,0,0,0,0,0,0,0,4,5,3,0,1,2,0,0,0,0,0,0,0,0,3,6,3,4,2,2,0,0,0,0,0,0,0,0,1,2,3,7,3,7,0,0,0,0,0,0,0,0,0,0,4,3,3,5,0,0,0,0,0,0,0,0,0,0,2,0,山梨
4402,乙藤智史,オトフジ サトシ,福岡,A2,S,600204,1,40,169,55,O,6.13,39.1,22,14,92,3,0,0.18,21,80.9,0.17,3.5,11,36.3,0.16,3.5,14,35.7,0.17,3.3,15,26.6,0.19,3.3,18,16.6,0.18,3.7,13,23.0,0.19,5.0,A2,A2,A2,52.0,52.0,2025,2,2024-11-01,2025-04-30,99,16,1,1,1,0,1,1,0,0,0,0,1,0,0,1,3,4,1,2,0,0,0,0,0,0,0,0,0,2,3,4,2,2,1,0,0,0,0,0,0,0,0,3,1,5,3,1,2,0,0,0,0,0,0,0,0,0,3,9,3,3,0,0,0,0,0,0,0,0,0,0,3,1,3,6,0,0,0,0,0,0,0,0,0,0,0,0,0,福岡
4403,木下大將,キノシタ ダイスケ,福岡,B1,S,600320,1,40,166,53,O,5.42,39.3,17,22,99,2,0,0.15,16,62.5,0.14,2.8,15,73.3,0.13,2.2,13,61.5,0.15,2.9,16,31.2,0.15,3.5,20,20.0,0.16,3.7,19,5.2,0.15,3.4,B1,A2,A1,50.0,49.0,2025,2,2024-11-01,2025-04-30,99,6,4,2,1,2,1,0,0,0,0,0,0,0,0,6,5,0,1,2,0,1,0,0,0,0,0,0,0,2,6,1,1,1,1,0,0,0,0,0,0,1,0,1,4,5,3,3,0,0,0,0,0,0,0,0,0,1,3,3,4,6,3,0,0,0,0,0,0,0,0,1,0,2,5,8,2,0,0,0,0,0,0,0,1,0,0,0,0,福岡
4404,岸蔭亮,キシカゲ アキラ,兵庫,B1,S,600501,1,40,166,54,B,4.63,27.1,12,23,129,0,0,0.2,19,31.5,0.21,3.4,24,54.1,0.19,3.8,21,33.3,0.21,4.4,27,18.5,0.19,4.5,22,18.1,0.2,4.4,16,0.0,0.21,4.4,B1,B1,B1,42.0,47.0,2025,2,2024-11-01,2025-04-30,99,3,3,6,3,2,2,0,0,0,0,0,0,0,0,5,8,1,1,3,6,0,0,0,0,0,0,0,0,4,3,3,4,4,3,0,0,0,0,0,0,0,0,0,5,7,5,5,5,0,0,0,0,0,0,0,0,0,4,2,7,5,4,0,0,0,0,0,0,0,0,0,0,2,4,3,7,0,0,0,0,0,0,0,0,0,0,0,0,兵庫
4405,南野利騰,ミナミノ トシタカ,福井,B1,S,600507,1,40,162,57,A,4.09,21.0,7,13,95,0,0,0.18,11,45.4,0.2,3.8,18,27.7,0.18,3.7,22,27.2,0.18,3.7,15,6.6,0.18,3.9,17,11.7,0.18,3.4,12,8.3,0.19,4.2,B2,B1,B1,42.0,46.0,2025,2,2024-11-01,2025-04-30,99,4,1,0,3,1,2,0,0,0,0,0,0,0,0,0,5,1,4,3,5,0,0,0,0,0,0,0,0,2,4,3,4,6,3,0,0,0,0,0,0,0,0,1,0,2,6,4,2,0,0,0,0,0,0,0,0,0,2,2,4,3,6,0,0,0,0,0,0,0,0,0,1,2,2,4,3,0,0,0,0,0,1,0,0,0,0,2,0,石川
4406,幸野史明,コウノ フミアキ,福岡,B1,S,600621,1,40,164,52,AB,4.25,21.4,7,19,121,1,1,0.16,14,50.0,0.15,2.5,20,20.0,0.17,3.7,22,36.3,0.16,3.1,24,8.3,0.18,3.0,22,18.1,0.15,2.6,19,5.2,0.16,3.2,B1,B1,B1,46.0,46.0,2025,2,2024-11-01,2025-04-30,99,4,3,3,2,0,2,0,0,0,0,0,0,0,0,1,3,6,3,6,1,0,0,0,0,0,0,0,0,0,8,6,2,3,3,0,0,0,0,0,0,0,0,0,2,3,8,5,6,0,0,0,0,0,0,0,0,1,3,2,4,6,6,0,0,0,0,0,0,0,0,1,0,1,2,8,7,0,0,0,0,0,0,0,0,0,0,0,0,福岡
4407,鹿島敏弘,カシマ トシヒロ,群馬,B1,S,610109,1,39,172,60,A,4.75,24.4,14,18,131,0,0,0.19,20,70.0,0.14,2.1,24,45.8,0.16,3.6,24,8.3,0.18,3.5,22,13.6,0.22,4.5,22,9.0,0.22,4.6,19,0.0,0.22,4.8,B1,B1,B1,47.0,48.0,2025,2,2024-11-01,2025-04-30,99,11,3,2,3,0,1,0,0,0,0,0,0,0,0,3,8,2,5,2,4,0,0,0,0,0,0,0,0,0,2,11,2,8,1,0,0,0,0,0,0,0,0,0,3,7,5,4,3,0,0,0,0,0,0,0,0,0,2,4,7,4,5,0,0,0,0,0,0,0,0,0,0,1,3,11,4,0,0,0,0,0,0,0,0,0,0,0,0,青森
4408,仁科さやか,ニシナ サヤカ,長崎,B2,S,610110,2,39,161,50,B,3.79,20.8,2,3,24,0,0,0.17,2,0.0,0.1,2.0,6,33.3,0.17,3.5,4,50.0,0.18,2.3,4,0.0,0.17,3.5,5,20.0,0.18,3.0,3,0.0,0.16,3.7,B2,B2,B2,0.0,44.0,2025,2,2024-11-01,2025-04-30,99,0,0,0,1,0,1,0,0,0,0,0,0,0,0,1,1,2,1,0,1,0,0,0,0,0,0,0,0,1,1,0,1,1,0,0,0,0,0,0,0,0,0,0,0,0,1,0,3,0,0,0,0,0,0,0,0,0,1,0,1,2,1,0,0,0,0,0,0,0,0,0,0,0,0,0,3,0,0,0,0,0,0,0,0,0,0,0,0,長崎
4409,坂元浩仁,サカモト ヒロヒト,愛知,A2,S,610216,1,39,169,56,A,6.22,43.7,35,28,144,1,0,0.14,30,90.0,0.14,2.6,26,50.0,0.15,2.7,23,34.7,0.12,2.6,22,50.0,0.14,2.9,23,13.0,0.16,3.1,20,5.0,0.15,3.5,A1,A1,A1,55.0,56.0,2025,2,2024-11-01,2025-04-30,99,23,4,0,0,1,2,0,0,0,0,0,0,0,0,2,11,7,3,2,1,0,0,0,0,0,0,0,0,6,2,4,4,4,3,0,0,0,0,0,0,0,0,3,8,4,3,3,1,0,0,0,0,0,0,0,0,1,2,8,4,6,2,0,0,0,0,0,0,0,0,0,1,4,5,5,5,0,0,0,0,0,0,0,0,0,0,0,0,愛知
4410,井上大輔,イノウエ ダイスケ,岡山,B1,S,610305,1,39,161,52,A,4.85,28.8,10,18,97,0,0,0.18,17,76.4,0.16,2.5,15,6.6,0.18,3.4,18,44.4,0.17,2.4,13,23.0,0.16,3.5,18,0.0,0.21,3.7,16,18.7,0.22,4.1,B1,A2,B1,48.0,48.0,2025,2,2024-11-01,2025-04-30,99,6,7,2,2,0,0,0,0,0,0,0,0,0,0,0,1,4,5,1,4,0,0,0,0,0,0,0,0,2,6,3,1,2,3,1,0,0,0,0,0,0,0,1,2,3,4,0,3,0,0,0,0,0,0,0,0,0,0,4,5,4,5,0,0,0,0,0,0,0,0,1,2,2,2,4,5,0,0,0,0,0,0,0,0,0,0,0,0,岡山
4411,沢田昭宏,サワダ アキヒロ,大阪,A2,S,610315,1,39,171,58,AB,5.48,32.4,22,25,145,3,0,0.17,19,84.2,0.16,3.1,25,48.0,0.17,3.5,24,33.3,0.17,3.6,27,22.2,0.18,4.3,33,12.1,0.16,3.2,17,5.8,0.14,4.0,B1,B1,A2,48.0,51.0,2025,2,2024-11-01,2025-04-30,99,12,4,1,1,0,1,0,0,0,0,0,0,0,0,3,9,2,6,2,3,0,0,0,0,0,0,0,0,3,5,10,5,0,1,0,0,0,0,0,0,0,0,2,4,7,5,7,2,0,0,0,0,0,0,0,0,2,2,11,9,3,6,0,0,0,0,0,0,0,0,0,1,2,2,9,3,0,0,0,0,0,0,0,0,0,0,0,0,大阪
4413,水摩敦,ミズマ アツシ,福岡,A1,S,610605,1,39,160,50,B,6.42,43.8,39,25,146,5,1,0.17,34,82.3,0.18,2.9,26,46.1,0.18,4.1,21,42.8,0.16,4.0,25,20.0,0.17,3.2,24,20.8,0.17,3.0,16,31.2,0.14,3.2,A2,A1,A2,50.0,53.0,2025,2,2024-11-01,2025-04-30,99,27,1,4,1,1,0,0,0,0,0,0,0,0,0,2,10,5,5,3,1,0,0,0,0,0,0,0,0,1,8,3,4,2,3,0,0,0,0,0,0,0,0,1,4,9,5,5,1,0,0,0,0,0,0,0,0,4,1,8,7,4,0,0,0,0,0,0,0,0,0,4,1,4,3,4,0,0,0,0,0,0,1,0,0,0,0,0,0,福岡
4414,大澤真菜,オオサワ マナ,東京,B1,S,610913,2,38,151,44,O,3.4,14.7,5,5,68,0,0,0.17,9,44.4,0.17,2.7,13,15.3,0.15,3.6,15,13.3,0.16,2.6,11,18.1,0.15,3.5,13,0.0,0.2,3.8,7,0.0,0.23,5.4,B1,B1,B1,43.0,42.0,2025,2,2024-11-01,2025-04-30,99,2,2,0,2,1,2,0,0,0,0,0,0,0,0,1,1,2,2,4,3,0,0,0,0,0,0,0,0,0,2,3,5,3,2,0,0,0,0,0,0,0,0,2,0,0,3,1,5,0,0,0,0,0,0,0,0,0,0,0,3,3,7,0,0,0,0,0,0,0,0,0,0,0,0,1,6,0,0,0,0,0,0,0,0,0,0,0,0,埼玉
4415,下出卓矢,シモデ タクヤ,福井,A1,S,611111,1,38,168,56,B,6.29,42.5,42,15,134,3,2,0.13,25,84.0,0.12,2.3,18,38.8,0.13,2.7,25,52.0,0.13,2.1,24,33.3,0.13,2.8,20,25.0,0.14,3.1,22,13.6,0.15,3.9,A1,A1,A2,56.0,62.0,2025,2,2024-11-01,2025-04-30,99,19,2,1,0,1,1,1,0,0,0,0,0,0,0,3,4,3,2,5,1,0,0,0,0,0,0,0,0,10,3,3,1,4,4,0,0,0,0,0,0,0,0,5,3,5,2,4,5,0,0,0,0,0,0,0,0,3,2,5,4,3,3,0,0,0,0,0,0,0,0,2,1,4,5,4,6,0,0,0,0,0,0,0,0,0,0,0,0,石川
4416,三宅健太,ミヤケ ケンタ,広島,B1,S,611123,1,38,168,55,A,5.2,30.0,16,20,120,1,0,0.17,15,60.0,0.19,3.6,18,27.7,0.15,3.3,25,36.0,0.15,3.1,22,22.7,0.17,3.7,24,25.0,0.18,3.4,16,12.5,0.18,4.7,B1,B1,B2,50.0,49.0,2025,2,2024-11-01,2025-04-30,99,8,1,3,2,0,1,0,0,0,0,0,0,0,0,2,3,4,5,3,1,0,0,0,0,0,0,0,0,3,6,5,2,9,0,0,0,0,0,0,0,0,0,1,4,6,5,3,3,0,0,0,0,0,0,0,0,1,5,6,4,6,2,0,0,0,0,0,0,0,0,1,1,4,0,5,4,0,0,0,0,0,0,1,0,0,0,1,0,広島
4417,服部剛,ハットリ ツヨシ,静岡,B1,S,620119,1,38,164,55,A,4.05,20.5,7,9,78,0,0,0.2,12,25.0,0.21,5.0,14,35.7,0.2,4.8,14,21.4,0.2,4.5,9,0.0,0.23,5.0,15,13.3,0.19,4.1,13,23.0,0.21,4.3,B1,B1,B1,49.0,45.0,2025,2,2024-11-01,2025-04-30,99,3,0,2,3,0,4,0,0,0,0,0,0,0,0,3,2,2,2,5,0,0,0,0,0,0,0,0,0,0,3,3,0,5,3,0,0,0,0,0,0,0,0,0,0,1,2,4,2,0,0,0,0,0,0,0,0,1,1,3,2,6,2,0,0,0,0,0,0,0,0,0,3,0,1,8,1,0,0,0,0,0,0,0,0,0,0,0,1,静岡
4418,茅原悠紀,カヤハラ ユウキ,岡山,A1,S,620711,1,37,171,56,A,8.88,67.5,51,22,108,9,4,0.14,32,90.6,0.13,2.4,17,58.8,0.14,3.4,20,65.0,0.13,2.5,17,88.2,0.14,3.2,12,16.6,0.15,4.0,10,40.0,0.17,4.2,A1,A1,A1,66.0,75.0,2025,2,2024-11-01,2025-04-30,99,28,1,3,0,0,0,0,0,0,0,0,0,0,0,6,4,4,2,1,0,0,0,0,0,0,1,0,0,7,6,5,0,0,2,0,0,0,0,0,0,0,0,8,7,2,0,0,0,0,0,0,0,0,0,0,0,1,1,6,3,1,0,0,0,0,0,0,0,0,0,1,3,3,2,1,0,0,0,0,0,0,0,0,0,0,0,0,0,岡山
4419,原加央理,ハラ カオリ,埼玉,B1,S,620727,2,37,156,46,AB,4.83,27.5,12,12,87,0,0,0.16,11,54.5,0.15,2.9,18,44.4,0.16,2.7,14,28.5,0.18,2.7,17,17.6,0.15,2.1,15,6.6,0.18,3.5,12,16.6,0.15,3.3,B1,B1,B1,49.0,48.0,2025,2,2024-11-01,2025-04-30,99,5,1,2,1,1,1,0,0,0,0,0,1,0,0,3,5,3,3,3,1,0,0,0,0,0,0,0,0,2,2,2,3,0,5,0,0,0,0,0,0,0,0,1,2,3,6,4,1,0,0,0,0,0,0,0,0,0,1,4,3,3,4,0,0,0,0,0,0,0,0,1,1,1,2,1,6,0,0,0,0,0,0,0,0,0,0,0,0,埼玉
4420,津久井拓也,ツクイ タクヤ,群馬,A2,S,621022,1,37,168,55,AB,5.73,39.8,21,30,128,1,0,0.17,25,76.0,0.18,3.1,19,47.3,0.17,3.1,23,34.7,0.14,2.9,22,31.8,0.14,3.5,19,26.3,0.19,3.8,20,15.0,0.18,4.0,A2,A2,A2,50.0,51.0,2025,2,2024-11-01,2025-04-30,99,15,4,2,1,2,0,1,0,0,0,0,0,0,0,2,7,5,0,3,2,0,0,0,0,0,0,0,0,2,6,9,1,3,2,0,0,0,0,0,0,0,0,1,6,2,7,5,1,0,0,0,0,0,0,0,0,1,4,6,2,4,2,0,0,0,0,0,0,0,0,0,3,3,6,3,5,0,0,0,0,0,0,0,0,0,0,0,0,栃木
4421,森作広大,モリサク コウタ,東京,B1,S,630705,1,36,166,56,A,3.76,13.6,4,5,66,0,0,0.18,10,50.0,0.17,2.6,10,10.0,0.15,2.7,12,16.6,0.14,3.4,10,10.0,0.18,3.9,12,0.0,0.2,4.7,12,0.0,0.23,5.3,B1,B2,B1,48.0,45.0,2025,2,2024-11-01,2025-04-30,99,1,4,2,1,1,1,0,0,0,0,0,0,0,0,1,0,3,1,3,2,0,0,0,0,0,0,0,0,1,1,3,2,4,1,0,0,0,0,0,0,0,0,1,0,1,3,3,2,0,0,0,0,0,0,0,0,0,0,0,5,2,5,0,0,0,0,0,0,0,0,0,0,1,2,6,3,0,0,0,0,0,0,0,0,0,0,0,0,茨城
4422,永井亮次,ナガイ リョウジ,大阪,B1,S,630824,1,36,172,53,A,4.47,26.2,23,14,141,0,0,0.19,22,81.8,0.14,2.8,25,40.0,0.16,3.8,24,12.5,0.19,3.4,28,10.7,0.21,4.1,24,12.5,0.23,4.9,18,0.0,0.2,4.8,B1,B1,B1,48.0,46.0,2025,2,2024-11-01,2025-04-30,99,14,4,1,1,0,2,0,0,0,0,0,0,0,0,4,6,1,7,4,3,0,0,0,0,0,0,0,0,2,1,5,7,6,3,0,0,0,0,0,0,0,0,1,2,6,6,9,4,0,0,0,0,0,0,0,0,2,1,2,3,5,11,0,0,0,0,0,0,0,0,0,0,0,3,4,11,0,0,0,0,0,0,0,0,0,0,2,0,大阪
4423,坂口貴彦,サカグチ タカヒコ,岡山,B1,H,010419,1,36,165,56,B,4.85,29.4,11,17,95,0,0,0.19,12,66.6,0.15,3.4,17,35.2,0.17,4.4,15,33.3,0.2,4.5,15,20.0,0.2,4.5,20,20.0,0.18,4.0,16,12.5,0.2,4.3,B1,B1,B1,48.0,48.0,2025,2,2024-11-01,2025-04-30,99,6,2,2,0,1,0,1,0,0,0,0,0,0,0,0,6,4,6,0,1,0,0,0,0,0,0,0,0,1,4,1,3,3,3,0,0,0,0,0,0,0,0,1,2,3,2,5,2,0,0,0,0,0,0,0,0,2,2,6,2,5,3,0,0,0,0,0,0,0,0,1,1,1,2,5,6,0,0,0,0,0,0,0,0,0,0,0,0,岡山
4424,松尾昂明,マツオ タカアキ,福岡,A2,S,600524,1,40,165,51,O,6.16,44.6,31,19,112,4,1,0.16,25,80.0,0.16,2.7,19,47.3,0.15,2.6,14,42.8,0.14,2.7,12,41.6,0.15,2.6,20,20.0,0.17,2.7,22,27.2,0.17,3.7,A2,A2,A2,53.0,52.0,2025,2,2024-11-01,2025-04-30,100,12,8,2,0,0,3,0,0,0,0,0,0,0,0,6,3,3,2,2,3,0,0,0,0,0,0,0,0,4,2,3,2,3,0,0,0,0,0,0,0,0,0,4,1,4,1,1,1,0,0,0,0,0,0,0,0,3,1,6,6,1,3,0,0,0,0,0,0,0,0,2,4,4,2,4,5,1,0,0,0,0,0,0,0,0,0,0,0,福岡
4425,大井清貴,オオイ キヨキ,山口,B1,S,600829,1,39,165,56,A,4.91,31.9,13,18,97,0,0,0.17,14,64.2,0.17,3.7,20,15.0,0.18,3.1,18,61.1,0.17,2.9,15,33.3,0.17,3.4,20,15.0,0.17,3.1,10,0.0,0.14,2.5,B1,B1,B1,44.0,47.0,2025,2,2024-11-01,2025-04-30,100,5,4,4,0,1,0,0,0,0,0,0,0,0,0,2,1,4,4,6,3,0,0,0,0,0,0,0,0,4,7,0,2,2,2,0,0,0,0,0,0,1,0,0,5,3,1,2,4,0,0,0,0,0,1,0,0,2,1,3,4,3,7,0,0,0,0,0,0,0,0,0,0,2,3,1,4,0,0,0,0,0,0,0,0,0,0,0,0,山口
4427,秦英悟,ハタ エイゴ,大阪,A1,S,600916,1,39,166,51,A,7.06,53.1,51,26,145,8,2,0.14,32,87.5,0.13,2.4,20,55.0,0.17,4.1,27,59.2,0.14,2.9,24,33.3,0.15,3.3,23,34.7,0.14,2.6,18,33.3,0.15,3.0,A2,A1,A1,58.0,57.0,2025,2,2024-11-01,2025-04-30,100,24,4,1,2,1,0,0,0,0,0,0,0,0,0,3,8,5,3,1,0,0,0,0,0,0,0,0,0,12,4,4,3,3,1,0,0,0,0,0,0,0,0,6,2,10,1,2,3,0,0,0,0,0,0,0,0,3,5,4,3,1,7,0,0,0,0,0,0,0,0,3,3,5,3,4,0,0,0,0,0,0,0,0,0,0,0,0,1,大阪
4428,有賀達也,アルガ タツヤ,埼玉,A2,S,600926,1,39,167,54,O,5.89,41.4,24,29,128,4,0,0.13,24,83.3,0.14,2.8,20,45.0,0.14,2.9,20,40.0,0.13,2.5,21,38.1,0.13,2.5,25,24.0,0.13,2.7,18,11.1,0.12,2.9,A1,A1,A1,53.0,57.0,2025,2,2024-11-01,2025-04-30,100,14,6,1,0,2,0,0,0,0,0,0,0,0,1,3,6,2,2,6,1,0,0,0,0,0,0,0,0,3,5,4,4,2,2,0,0,0,0,0,0,0,0,4,4,3,5,4,1,0,0,0,0,0,0,0,0,0,6,2,7,5,5,0,0,0,0,0,0,0,0,0,2,6,0,5,5,0,0,0,0,0,0,0,0,0,0,0,0,埼玉
4429,豊田泰洋,トヨタ ヤスヒロ,広島,B1,S,600930,1,39,169,61,A,4.1,17.4,10,12,126,0,0,0.19,13,53.8,0.17,2.8,26,26.9,0.18,3.9,23,13.0,0.15,3.0,22,22.7,0.2,3.6,27,0.0,0.19,3.9,15,0.0,0.24,4.7,B1,B1,B1,47.0,46.0,2025,2,2024-11-01,2025-04-30,100,4,3,3,0,1,2,0,0,0,0,0,0,0,0,3,4,5,5,5,4,0,0,0,0,0,0,0,0,1,2,5,7,6,2,0,0,0,0,0,0,0,0,2,3,4,5,4,4,0,0,0,0,0,0,0,0,0,0,4,7,9,7,0,0,0,0,0,0,0,0,0,0,1,1,7,6,0,0,0,0,0,0,0,0,0,0,0,0,広島
4430,永田秀二,ナガタ シュウジ,東京,A2,S,601018,1,39,165,57,A,5.91,41.7,28,30,139,5,0,0.17,28,75.0,0.13,2.5,22,63.6,0.17,3.3,27,44.4,0.17,3.5,16,25.0,0.18,3.6,25,20.0,0.18,3.7,21,9.5,0.21,3.5,A1,A1,A1,53.0,53.0,2025,2,2024-11-01,2025-04-30,100,15,6,2,2,2,1,0,0,0,0,0,0,0,0,5,9,0,5,1,2,0,0,0,0,0,0,0,0,5,7,7,3,2,3,0,0,0,0,0,0,0,0,1,3,3,4,3,2,0,0,0,0,0,0,0,0,1,4,9,7,2,2,0,0,0,0,0,0,0,0,1,1,1,6,4,8,0,0,0,0,0,1,0,0,0,0,0,0,東京
4431,石塚裕介,イシヅカ ユウスケ,三重,B1,S,610304,1,39,169,53,B,5.08,26.4,15,17,121,0,0,0.16,20,55.0,0.13,2.0,17,23.5,0.15,2.8,22,31.8,0.16,2.8,21,19.0,0.17,3.3,19,21.0,0.18,3.9,22,9.0,0.18,4.2,B1,A2,B1,49.0,49.0,2025,2,2024-11-01,2025-04-30,100,7,4,4,1,2,1,0,0,0,0,0,0,1,0,1,3,7,2,2,2,0,0,0,0,0,0,0,0,4,3,7,4,2,2,0,0,0,0,0,0,0,0,2,2,5,5,4,3,0,0,0,0,0,1,0,0,1,3,6,3,2,4,0,0,0,0,0,0,0,0,0,2,3,6,6,5,0,0,0,0,0,0,0,0,0,0,0,0,三重
4432,黄金井力良,コガネイ リキラ,埼玉,A2,S,610304,1,39,171,57,A,5.63,35.8,20,27,131,1,0,0.17,25,88.0,0.15,2.0,22,31.8,0.17,3.2,17,29.4,0.15,2.4,17,29.4,0.16,3.5,22,13.6,0.18,3.5,28,17.8,0.18,4.3,A2,A2,B1,51.0,51.0,2025,2,2024-11-01,2025-04-30,100,17,5,3,0,0,0,0,0,0,0,0,0,0,0,2,5,5,6,3,1,0,0,0,0,0,0,0,0,0,5,5,3,2,2,0,0,0,0,0,0,0,0,0,5,6,5,1,0,0,0,0,0,0,0,0,0,0,3,5,3,8,3,0,0,0,0,0,0,0,0,1,4,4,8,6,5,0,0,0,0,0,0,0,0,0,0,0,0,埼玉
4433,川野芽唯,カワノ メイ,福岡,A1,S,610325,2,39,163,49,AB,6.37,40.6,27,23,123,4,1,0.18,30,73.3,0.16,3.6,17,23.5,0.17,3.4,19,52.6,0.18,3.9,21,38.1,0.16,3.5,17,5.8,0.22,4.6,19,26.3,0.17,4.4,A1,A1,A1,56.0,58.0,2025,2,2024-11-01,2025-04-30,100,19,3,2,4,2,0,0,0,0,0,0,0,0,0,1,3,5,5,3,0,0,0,0,0,0,0,0,0,2,8,3,2,1,3,0,0,0,0,0,0,0,0,5,3,8,1,4,0,0,0,0,0,0,0,0,0,0,1,7,3,4,2,0,0,0,0,0,1,0,0,0,5,4,6,1,3,0,0,0,0,0,0,0,0,0,0,0,0,福岡
4434,田中辰彦,タナカ タツヒコ,広島,A1,S,610405,1,39,168,55,B,6.51,49.2,34,33,136,5,2,0.16,30,83.3,0.16,3.1,21,52.3,0.18,3.0,23,47.8,0.12,2.7,20,60.0,0.16,3.1,21,9.5,0.18,4.4,21,28.5,0.19,4.5,A2,A2,A1,54.0,53.0,2025,2,2024-11-01,2025-04-30,100,21,4,1,3,1,0,0,0,0,0,0,0,0,0,5,6,5,2,3,0,0,0,0,0,0,0,0,0,2,9,6,1,3,2,0,0,0,0,0,0,0,0,4,8,5,2,1,0,0,0,0,0,0,0,0,0,1,1,4,6,7,2,0,0,0,0,0,1,0,0,1,5,6,4,1,4,0,0,0,0,0,0,0,0,0,0,0,0,広島
4435,服部達哉,ハットリ タツヤ,愛知,B1,S,610417,1,39,164,58,A,4.67,24.3,10,18,115,1,0,0.19,23,52.1,0.17,3.5,14,28.5,0.18,3.8,16,25.0,0.19,3.9,19,31.5,0.18,3.7,21,4.7,0.18,3.6,22,4.5,0.23,4.9,A2,B1,A2,51.0,48.0,2025,2,2024-11-01,2025-04-30,100,7,5,5,2,2,2,0,0,0,0,0,0,0,0,1,3,2,2,3,3,0,0,0,0,0,0,0,0,1,3,2,2,2,5,1,0,0,0,0,0,0,0,0,6,5,3,3,2,0,0,0,0,0,0,0,0,1,0,6,5,4,5,0,0,0,0,0,0,0,0,0,1,3,10,4,4,0,0,0,0,0,0,0,0,0,0,0,0,愛知
4436,渋谷明憲,シブヤ アキノリ,大阪,A2,S,610509,1,39,160,53,O,5.98,43.9,30,24,123,2,0,0.16,24,79.1,0.14,2.3,23,43.4,0.16,3.4,19,42.1,0.14,3.0,20,55.0,0.15,3.6,17,29.4,0.18,3.2,20,5.0,0.19,3.7,A1,A2,A2,53.0,53.0,2025,2,2024-11-01,2025-04-30,100,19,0,3,0,0,2,0,0,0,0,0,0,0,0,5,5,5,2,3,2,1,0,0,0,0,0,0,0,2,6,4,5,2,0,0,0,0,0,0,0,0,0,3,8,2,3,3,1,0,0,0,0,0,0,0,0,1,4,0,3,4,5,0,0,0,0,0,0,0,0,0,1,5,5,4,5,0,0,0,0,0,0,0,0,0,0,1,0,大阪
4437,中田元泰,ナカタ ゲンタ,香川,A1,S,610607,1,39,171,56,A,6.28,50.0,41,18,118,4,2,0.15,29,96.5,0.14,2.3,19,52.6,0.15,3.4,19,42.1,0.17,2.9,16,50.0,0.17,3.3,18,27.7,0.15,3.4,15,0.0,0.16,4.6,A1,A1,A1,54.0,53.0,2025,2,2024-11-01,2025-04-30,100,26,2,0,0,0,1,0,0,0,0,0,0,0,0,7,3,1,3,0,5,0,0,0,0,0,0,0,0,3,5,2,3,2,0,0,0,0,0,0,0,3,1,3,5,3,2,0,3,0,0,0,0,0,0,0,0,2,3,6,2,3,2,0,0,0,0,0,1,0,0,0,0,2,1,7,5,0,0,0,0,0,0,0,0,0,0,0,2,香川
4438,森作雄大,モリサク ユウタ,東京,B1,S,610708,1,38,164,57,O,5.02,31.3,15,27,134,3,0,0.13,20,50.0,0.12,2.4,24,37.5,0.13,2.2,23,21.7,0.12,2.4,31,32.2,0.13,2.2,21,28.5,0.13,2.4,15,13.3,0.15,2.6,A2,B1,A2,50.0,48.0,2025,2,2024-11-01,2025-04-30,100,4,6,3,2,3,2,0,0,0,0,0,0,0,0,3,6,6,4,2,2,0,0,0,0,0,0,1,0,2,3,6,4,3,3,0,0,0,0,0,0,2,0,4,6,3,6,6,6,0,0,0,0,0,0,0,0,1,5,2,5,5,3,0,0,0,0,0,0,0,0,1,1,4,3,2,4,0,0,0,0,0,0,0,0,0,0,0,0,茨城
4439,近藤友宝,コンドウ トモタカ,埼玉,B1,S,610724,1,38,170,57,A,4.04,15.6,7,10,109,0,0,0.17,14,42.8,0.16,2.2,20,30.0,0.18,3.2,21,4.7,0.17,3.4,17,17.6,0.15,2.5,20,5.0,0.17,3.8,17,0.0,0.15,3.1,B1,B1,B1,45.0,46.0,2025,2,2024-11-01,2025-04-30,100,5,1,4,1,1,1,1,0,0,0,0,0,0,0,0,6,3,5,3,3,0,0,0,0,0,0,0,0,0,1,5,6,5,4,0,0,0,0,0,1,0,0,2,1,2,7,5,0,0,0,0,0,0,0,0,0,0,1,0,6,6,6,0,0,0,0,0,0,1,0,0,0,3,5,5,4,0,0,0,0,0,0,0,0,0,0,0,0,埼玉
4440,萩原知哉,ハギワラ トモヤ,東京,B1,S,610828,1,38,163,57,O,4.56,21.7,8,17,115,0,0,0.17,16,50.0,0.19,3.2,19,26.3,0.16,3.2,22,9.0,0.16,3.4,18,27.7,0.16,2.2,26,11.5,0.18,4.2,14,14.2,0.23,4.4,B1,B1,B1,46.0,48.0,2025,2,2024-11-01,2025-04-30,100,5,3,1,3,3,1,0,0,0,0,0,0,0,0,1,4,4,6,1,3,0,0,0,0,0,1,0,0,1,1,4,8,6,2,0,0,0,0,0,0,0,0,0,5,5,4,2,1,0,0,0,0,0,0,1,0,1,2,4,7,8,3,0,0,0,0,0,0,1,0,0,2,2,3,7,0,0,0,0,0,0,0,0,0,0,0,0,0,茨城
4441,末永由楽,スエナガ ユラク,岡山,A1,S,610831,1,38,162,58,O,6.27,41.4,30,26,135,3,0,0.13,26,76.9,0.14,2.9,22,59.0,0.13,2.5,22,45.4,0.11,1.8,27,29.6,0.13,2.7,18,5.5,0.13,3.0,20,20.0,0.15,3.0,A1,A1,A1,55.0,57.0,2025,2,2024-11-01,2025-04-30,100,16,4,2,4,0,0,0,0,0,0,0,0,0,0,8,5,4,2,1,2,0,0,0,0,0,0,0,0,4,6,1,4,2,5,0,0,0,0,0,0,0,0,1,7,9,4,3,3,0,0,0,0,0,0,0,0,1,0,10,4,1,2,0,0,0,0,0,0,0,0,0,4,6,1,7,1,0,0,0,0,0,0,0,1,0,0,0,0,岡山
4442,松竹大輔,マツタケ ダイスケ,愛知,A2,S,610906,1,38,168,53,A,5.68,41.7,33,20,127,1,1,0.16,24,79.1,0.16,2.4,22,50.0,0.16,2.8,19,36.8,0.14,2.5,21,38.1,0.14,3.1,25,16.0,0.17,3.6,16,25.0,0.19,4.4,A2,A2,A2,52.0,50.0,2025,2,2024-11-01,2025-04-30,100,16,3,2,1,1,1,0,0,0,0,0,0,0,0,6,5,2,2,5,2,0,0,0,0,0,0,0,0,4,3,6,2,3,1,0,0,0,0,0,1,0,0,4,4,2,4,3,2,0,0,0,0,0,0,2,0,1,3,2,5,12,2,0,0,0,0,0,0,0,0,2,2,2,3,3,4,0,0,0,0,0,0,0,0,0,0,1,0,愛知
4443,津田裕絵,ツダ ヒロエ,山口,B1,S,610909,2,38,156,50,AB,5.03,25.4,9,19,110,0,0,0.21,20,60.0,0.21,4.1,19,21.0,0.2,4.6,19,31.5,0.21,4.2,19,21.0,0.21,3.9,16,12.5,0.22,4.3,16,0.0,0.24,4.3,A2,B1,A2,53.0,49.0,2025,2,2024-11-01,2025-04-30,100,8,4,2,3,3,0,0,0,0,0,0,0,0,0,0,4,8,2,3,2,0,0,0,0,0,0,0,0,0,6,1,6,4,2,0,0,0,0,0,0,0,0,1,3,7,3,3,2,0,0,0,0,0,0,0,0,0,2,4,4,2,4,0,0,0,0,0,0,0,0,0,0,7,4,4,1,0,0,0,0,0,0,0,0,0,0,0,1,山口
4444,桐生順平,キリュウ ジュンペイ,埼玉,A1,S,611007,1,38,161,53,AB,8.17,67.2,39,33,107,10,3,0.14,32,96.8,0.13,2.5,18,66.6,0.12,3.3,20,65.0,0.13,2.9,16,62.5,0.14,3.1,14,35.7,0.18,3.9,7,14.2,0.15,4.1,A1,A1,A1,67.0,69.0,2025,2,2024-11-01,2025-04-30,100,27,4,1,0,0,0,0,0,0,0,0,0,0,0,4,8,3,2,0,1,0,0,0,0,0,1,0,0,6,7,3,3,1,0,0,0,0,0,0,0,0,0,1,9,2,1,2,1,0,0,0,0,0,0,0,0,1,4,2,2,4,1,0,0,0,0,0,0,0,0,0,1,2,3,0,1,0,0,0,0,0,0,0,0,0,0,0,0,福島
4445,宮地元輝,ミヤチ モトキ,佐賀,A1,S,611109,1,38,169,56,A,7.22,46.8,34,26,128,6,3,0.12,26,88.4,0.11,3.0,25,52.0,0.11,3.0,16,50.0,0.13,2.2,21,38.1,0.13,2.5,21,19.0,0.14,3.1,19,21.0,0.12,3.1,A1,A1,A1,68.0,73.0,2025,2,2024-11-01,2025-04-30,100,21,2,1,1,0,1,0,0,0,0,0,0,0,0,5,8,4,2,4,2,0,0,0,0,0,0,0,0,4,4,3,1,2,2,0,0,0,0,0,1,0,0,3,5,4,3,2,3,0,0,0,0,0,0,1,0,1,3,6,4,4,3,0,0,0,0,0,0,0,0,0,4,3,6,4,2,0,0,0,0,0,0,0,0,0,0,0,0,佐賀
4446,和田兼輔,ワダ ケンスケ,兵庫,A1,S,611228,1,38,163,54,A,6.78,48.5,37,29,136,7,1,0.14,27,85.1,0.13,2.4,22,72.7,0.13,3.5,20,50.0,0.15,2.9,25,32.0,0.15,3.1,23,30.4,0.14,3.3,19,10.5,0.16,3.6,A1,A1,A2,57.0,62.0,2025,2,2024-11-01,2025-04-30,100,18,5,3,0,1,0,0,0,0,0,0,0,0,0,7,9,3,1,1,1,0,0,0,0,0,1,0,0,5,5,2,6,1,1,0,0,0,0,0,0,0,0,5,3,8,5,2,1,1,0,0,0,0,0,0,0,2,5,2,5,8,1,0,0,0,0,0,0,0,0,0,2,4,3,9,1,0,0,0,0,0,0,0,0,0,0,0,0,兵庫
4447,深川麻奈美,フカガワ マナミ,福岡,A2,S,620121,2,38,160,52,A,5.72,38.6,23,18,106,0,0,0.16,21,71.4,0.17,2.9,17,41.1,0.14,2.7,16,50.0,0.13,2.6,13,30.7,0.16,2.8,19,31.5,0.18,3.3,20,5.0,0.17,3.7,A2,A2,A2,52.0,51.0,2025,2,2024-11-01,2025-04-30,100,11,4,2,2,0,1,1,0,0,0,0,0,0,0,4,3,4,3,3,0,0,0,0,0,0,0,0,0,4,4,2,3,3,0,0,0,0,0,0,0,0,0,2,2,2,2,3,2,0,0,0,0,0,0,0,0,1,5,1,7,3,1,0,0,0,0,0,0,1,0,1,0,6,4,5,2,0,0,0,0,0,0,2,0,0,0,0,0,熊本
4448,青木玄太,アオキ ゲンタ,滋賀,A1,S,620222,1,38,156,53,A,6.28,47.7,23,20,90,3,0,0.19,15,86.6,0.17,4.1,16,43.7,0.17,3.6,16,50.0,0.19,3.6,17,41.1,0.18,3.8,10,50.0,0.19,3.4,16,18.7,0.23,4.5,B2,A1,A1,0.0,52.0,2025,2,2024-11-01,2025-04-30,100,12,1,1,1,0,0,0,0,0,0,0,0,0,0,4,3,6,0,2,1,0,0,0,0,0,0,0,0,1,7,3,1,2,2,0,0,0,0,0,0,0,0,2,5,3,2,2,3,0,0,0,0,0,0,0,0,2,3,0,2,3,0,0,0,0,0,0,0,0,0,2,1,4,3,3,3,0,0,0,0,0,0,0,0,0,0,0,0,滋賀
4449,中嶋達也,ナカジマ タツヤ,兵庫,B1,S,620612,1,38,164,55,O,4.05,22.5,8,17,111,0,0,0.16,13,53.8,0.17,3.1,18,11.1,0.21,3.4,24,20.8,0.17,3.2,22,27.2,0.14,2.7,18,27.7,0.1,1.5,16,0.0,0.16,3.1,B1,B1,B1,45.0,45.0,2025,2,2024-11-01,2025-04-30,100,4,3,2,0,1,3,0,0,0,0,0,0,0,0,0,2,3,3,7,3,0,0,0,0,0,0,0,0,1,4,3,5,4,6,0,0,0,0,0,0,1,0,1,5,4,0,7,5,0,0,0,0,0,0,0,0,2,3,3,2,6,2,0,0,0,0,0,1,0,0,0,0,0,5,4,7,0,0,0,0,0,1,0,0,0,0,0,0,兵庫
4450,平高奈菜,ヒラタカ ナナ,香川,A1,S,620707,2,37,159,47,B,7.29,55.8,45,32,138,8,3,0.15,33,87.8,0.14,2.6,25,60.0,0.15,2.5,18,55.5,0.16,3.2,26,46.1,0.17,3.0,19,52.6,0.13,2.0,17,5.8,0.16,3.2,A1,A2,A2,56.0,59.0,2025,2,2024-11-01,2025-04-30,100,27,2,1,1,0,1,0,0,0,0,0,0,0,1,5,10,4,1,4,0,1,0,0,0,0,0,0,0,4,6,2,1,4,1,0,0,0,0,0,0,0,0,5,7,11,2,1,0,0,0,0,0,0,0,0,0,4,6,3,5,1,0,0,0,0,0,0,0,0,0,0,1,10,3,2,1,0,0,0,0,0,0,0,0,0,0,0,0,愛媛
4451,松崎祐太郎,マツザキ ユウタロウ,福岡,A1,S,621105,1,37,169,53,A,6.28,48.0,28,32,125,3,1,0.16,30,83.3,0.14,2.0,21,66.6,0.14,3.0,22,36.3,0.17,3.3,23,26.0,0.18,3.2,13,30.7,0.16,2.9,16,18.7,0.2,4.1,A1,A1,A1,53.0,54.0,2025,2,2024-11-01,2025-04-30,100,16,9,2,1,1,1,0,0,0,0,0,1,0,0,5,9,1,2,3,1,0,0,0,0,0,0,0,0,2,6,7,1,5,0,0,0,0,0,0,1,1,0,2,4,6,3,7,1,0,0,0,0,0,0,0,0,2,2,3,1,3,2,0,0,0,0,0,0,0,0,1,2,4,4,4,1,0,0,0,0,0,1,0,0,0,0,1,0,宮崎
4452,松尾祭,マツオ マツリ,香川,A2,S,621118,1,37,162,53,A,5.53,35.7,14,20,95,3,0,0.17,16,81.2,0.16,2.9,18,38.8,0.18,3.6,13,23.0,0.16,2.5,17,35.2,0.17,3.9,14,21.4,0.19,4.6,17,11.7,0.17,3.8,A2,A1,A1,50.0,51.0,2025,2,2024-11-01,2025-04-30,100,9,4,1,0,1,1,0,0,0,0,0,1,0,0,2,5,8,0,3,0,0,0,0,0,0,0,0,0,2,1,3,3,0,2,1,0,0,0,0,1,1,0,1,5,1,6,1,3,0,0,0,0,0,0,0,0,0,3,1,4,1,4,0,0,0,0,0,0,1,0,0,2,4,6,2,3,0,0,0,0,0,1,0,0,0,0,0,0,愛媛
4456,鎌倉涼,カマクラ リョウ,大阪,A1,H,010430,2,36,159,45,A,6.38,48.6,30,23,109,4,0,0.17,23,91.3,0.16,2.4,17,64.7,0.16,3.2,21,42.8,0.18,3.5,15,40.0,0.16,3.6,17,23.5,0.16,3.9,16,12.5,0.18,4.3,A1,B1,A2,54.0,56.0,2025,2,2024-11-01,2025-04-30,100,19,2,1,1,0,0,0,0,0,0,0,0,0,0,6,5,1,2,1,2,0,0,0,0,0,0,0,0,3,6,3,4,3,2,0,0,0,0,0,0,0,0,0,6,2,2,4,1,0,0,0,0,0,0,0,0,2,2,3,6,2,1,0,0,0,0,0,0,1,0,0,2,2,3,6,3,0,0,0,0,0,0,0,0,0,0,0,0,大阪
4457,神田達也,カンダ タツヤ,愛知,B1,S,601220,1,39,168,53,A,4.5,25.0,6,20,104,0,0,0.17,14,35.7,0.15,3.1,19,47.3,0.17,3.4,16,31.2,0.15,3.0,15,13.3,0.16,3.1,17,17.6,0.16,2.9,23,8.7,0.23,4.2,B1,B1,B1,46.0,47.0,2025,2,2024-11-01,2025-04-30,101,4,1,3,1,1,3,0,0,0,0,0,0,1,0,1,8,4,1,3,2,0,0,0,0,0,0,0,0,0,5,2,2,3,3,0,0,0,0,0,0,1,0,1,1,1,7,3,2,0,0,0,0,0,0,0,0,0,3,4,5,4,1,0,0,0,0,0,1,0,0,0,2,5,3,6,7,0,0,0,0,0,0,0,0,0,0,0,0,愛知
4458,抹香雄三,マッコウ ユウゾウ,広島,B1,S,610201,1,39,168,54,B,5.09,32.6,25,20,138,0,0,0.15,23,78.2,0.17,2.4,21,42.8,0.12,2.0,28,28.5,0.16,2.9,24,25.0,0.15,3.0,25,8.0,0.15,3.0,17,11.7,0.14,3.1,B1,A2,B1,47.0,49.0,2025,2,2024-11-01,2025-04-30,101,13,5,1,1,2,1,0,0,0,0,0,1,0,0,5,4,3,2,4,3,0,0,0,0,0,0,0,0,3,5,5,7,1,6,0,0,0,0,0,0,1,0,3,3,5,6,3,4,0,0,0,0,0,0,0,0,1,1,3,5,8,7,0,0,0,0,0,0,0,0,0,2,3,4,5,3,0,0,0,0,0,0,0,0,0,0,0,0,広島
4459,片岡雅裕,カタオカ マサヒロ,香川,A1,S,610211,1,39,154,53,AB,6.64,39.4,29,25,137,4,1,0.12,26,100.0,0.11,2.5,19,36.8,0.15,3.6,23,26.0,0.11,2.3,27,40.7,0.11,2.0,22,13.6,0.1,2.1,20,5.0,0.12,2.8,A1,A1,A1,71.0,69.0,2025,2,2024-11-01,2025-04-30,101,20,6,0,0,0,0,0,0,0,0,0,0,0,0,1,6,3,5,3,1,0,0,0,0,0,0,0,0,2,4,9,3,3,2,0,0,0,0,0,0,0,0,3,8,5,6,4,1,0,0,0,0,0,0,0,0,2,1,3,6,6,4,0,0,0,0,0,0,0,0,1,0,5,5,3,6,0,0,0,0,0,0,0,0,0,0,0,0,高知
4460,後藤翔之,ゴトウ ショウシ,東京,A1,S,610309,1,39,168,54,O,6.41,47.3,42,28,148,4,0,0.14,31,70.9,0.15,2.6,25,56.0,0.13,2.6,24,50.0,0.16,2.8,27,37.0,0.13,2.4,24,37.5,0.14,2.9,17,17.6,0.17,3.6,A2,A2,A1,50.0,53.0,2025,2,2024-11-01,2025-04-30,101,16,6,7,2,0,0,0,0,0,0,0,0,0,0,6,8,1,5,5,0,0,0,0,0,0,0,0,0,6,6,5,3,2,2,0,0,0,0,0,0,0,0,8,2,5,5,4,2,0,0,0,0,0,0,1,0,6,3,6,4,4,1,0,0,0,0,0,0,0,0,0,3,3,4,2,5,0,0,0,0,0,0,0,0,0,0,0,0,東京
4461,安田吉宏,ヤスダ ヨシヒロ,三重,B1,S,610414,1,39,164,59,O,4.27,18.8,8,9,90,0,0,0.17,15,53.3,0.2,2.6,16,18.7,0.15,3.3,12,8.3,0.13,3.2,13,15.3,0.18,3.6,17,17.6,0.16,3.1,17,0.0,0.19,4.0,B1,B1,B1,46.0,46.0,2025,2,2024-11-01,2025-04-30,101,5,3,1,3,2,0,1,0,0,0,0,0,0,0,0,3,4,0,4,5,0,0,0,0,0,0,0,0,0,1,5,2,2,2,0,0,0,0,0,0,0,0,2,0,3,4,3,1,0,0,0,0,0,0,0,0,1,2,3,4,3,3,0,0,0,0,0,0,1,0,0,0,1,5,8,3,0,0,0,0,0,0,0,0,0,0,0,0,岐阜
4462,夏山亮平,ナツヤマ リョウヘイ,大阪,B1,S,610519,1,39,171,58,O,4.87,35.8,8,25,92,1,0,0.19,14,57.1,0.19,3.0,13,61.5,0.19,3.7,14,28.5,0.16,2.6,15,33.3,0.17,3.1,19,26.3,0.19,4.1,17,17.6,0.2,4.9,B1,B1,A2,50.0,47.0,2025,2,2024-11-01,2025-04-30,101,4,4,0,1,2,3,0,0,0,0,0,0,0,0,0,8,2,0,1,2,0,0,0,0,0,0,0,0,0,4,3,4,2,1,0,0,0,0,0,0,0,0,1,4,3,2,4,1,0,0,0,0,0,0,0,0,2,3,2,1,5,5,1,0,0,0,0,0,0,0,1,2,3,0,5,6,0,0,0,0,0,0,0,0,0,0,0,0,大阪
4463,三苫晃幸,ミトマ テルユキ,福岡,A2,S,610526,1,39,166,55,B,5.93,40.0,26,20,115,2,0,0.17,24,91.6,0.17,3.3,15,40.0,0.17,4.1,23,30.4,0.16,3.9,21,28.5,0.19,4.3,15,20.0,0.18,3.6,17,11.7,0.18,4.4,A2,A2,A1,52.0,52.0,2025,2,2024-11-01,2025-04-30,101,17,5,1,1,0,0,0,0,0,0,0,0,0,0,3,3,5,2,2,0,0,0,0,0,0,0,0,0,4,3,4,4,5,3,0,0,0,0,0,0,0,0,0,6,6,6,2,1,0,0,0,0,0,0,0,0,2,1,1,2,5,3,1,0,0,0,0,0,0,0,0,2,6,4,4,1,0,0,0,0,0,0,0,0,0,0,0,0,福岡
4464,山下友貴,ヤマシタ ユウキ,静岡,B1,S,610605,2,39,152,42,A,4.75,24.7,7,14,85,1,0,0.2,12,33.3,0.17,3.3,15,33.3,0.2,3.6,14,28.5,0.21,3.9,13,23.0,0.22,5.0,17,17.6,0.21,4.4,14,14.2,0.21,4.1,B1,B1,A2,50.0,50.0,2025,2,2024-11-01,2025-04-30,101,3,1,3,4,0,1,0,0,0,0,0,0,0,0,1,4,2,1,2,4,1,0,0,0,0,0,0,0,1,3,4,3,1,2,0,0,0,0,0,0,0,0,2,1,1,5,3,1,0,0,0,0,0,0,0,0,0,3,4,0,8,2,0,0,0,0,0,0,0,0,0,2,2,5,1,4,0,0,0,0,0,0,0,0,0,0,0,0,静岡
4465,大西賢,オオニシ ケン,東京,B1,S,610810,1,38,163,54,O,4.37,20.3,8,13,103,0,0,0.18,17,64.7,0.17,2.6,15,33.3,0.19,2.9,19,21.0,0.18,3.4,21,0.0,0.18,4.0,17,0.0,0.19,3.8,14,7.1,0.21,4.9,B1,B1,B1,47.0,47.0,2025,2,2024-11-01,2025-04-30,101,6,5,1,1,3,1,0,0,0,0,0,1,0,0,1,4,2,4,3,1,0,0,0,0,0,0,0,0,1,3,5,4,3,3,0,0,0,0,0,1,0,0,0,0,5,6,6,4,0,0,0,0,0,0,0,0,0,0,5,7,2,3,0,0,0,0,0,0,0,0,0,1,0,3,2,8,0,0,0,0,0,0,0,0,0,0,0,0,茨城
4466,南佑典,ミナミ ユウスケ,三重,A2,S,610811,1,38,158,52,A,5.61,35.6,18,29,132,0,0,0.18,22,68.1,0.17,2.6,16,62.5,0.18,3.3,29,37.9,0.18,3.2,25,16.0,0.18,3.6,19,15.7,0.19,4.1,21,19.0,0.2,4.2,A2,A2,B1,53.0,51.0,2025,2,2024-11-01,2025-04-30,101,9,6,6,0,1,0,0,0,0,0,0,2,0,0,2,8,3,1,1,1,0,0,0,0,0,0,0,0,3,8,7,8,1,2,0,0,0,0,0,0,0,0,2,2,8,9,1,3,0,0,0,0,0,0,0,0,1,2,5,4,5,2,0,0,0,0,0,0,0,0,1,3,1,5,4,7,0,0,0,0,0,1,0,0,0,0,1,0,三重
4467,渡邉俊介,ワタナベ シュンスケ,愛知,A2,S,610904,1,38,158,52,A,5.51,33.3,13,22,105,1,0,0.14,16,75.0,0.12,2.2,16,31.2,0.14,2.6,22,36.3,0.14,3.0,19,26.3,0.12,2.5,14,28.5,0.12,2.2,18,5.5,0.18,4.5,B1,B1,B1,49.0,51.0,2025,2,2024-11-01,2025-04-30,101,5,7,2,2,0,0,0,0,0,0,0,0,0,0,3,2,4,3,2,2,0,0,0,0,0,0,0,0,3,5,5,5,3,1,0,0,0,0,0,0,0,0,1,4,6,4,4,0,0,0,0,0,0,0,0,0,1,3,4,4,1,1,0,0,0,0,0,0,0,0,0,1,4,3,3,7,0,0,0,0,0,0,0,0,0,0,0,0,岐阜
4468,大池佑来,オオイケ ユウキ,東京,A1,S,611223,1,38,158,51,A,6.61,42.2,25,24,116,5,0,0.14,24,91.6,0.13,2.5,18,44.4,0.13,2.9,16,37.5,0.13,2.8,18,27.7,0.13,2.7,19,31.5,0.13,3.1,21,9.5,0.15,4.0,A1,A1,A1,61.0,67.0,2025,2,2024-11-01,2025-04-30,101,17,5,1,1,0,0,0,0,0,0,0,0,0,0,2,6,6,3,0,1,0,0,0,0,0,0,0,0,2,4,2,5,1,2,0,0,0,0,0,0,0,0,0,5,3,3,5,2,0,0,0,0,0,0,0,0,3,3,5,4,2,1,0,0,0,0,0,0,1,0,1,1,4,5,8,2,0,0,0,0,0,0,0,0,0,0,0,0,神奈川
4469,土山卓也,ツチヤマ タクヤ,福井,A2,S,620108,1,38,168,57,A,5.53,32.9,11,17,85,2,0,0.18,9,77.7,0.14,3.6,18,38.8,0.19,3.7,16,50.0,0.18,3.3,12,16.6,0.17,3.2,21,19.0,0.18,3.8,9,0.0,0.2,4.6,B1,B1,A2,49.0,51.0,2025,2,2024-11-01,2025-04-30,101,3,4,2,0,0,0,0,0,0,0,0,0,0,0,2,5,4,3,1,3,0,0,0,0,0,0,0,0,3,5,4,1,1,2,0,0,0,0,0,0,0,0,1,1,3,4,2,1,0,0,0,0,0,0,0,0,2,2,6,7,3,1,0,0,0,0,0,0,0,0,0,0,1,3,3,2,0,0,0,0,0,0,0,0,0,0,1,0,福井
4470,平田健之佑,ヒラタ ケンノスケ,三重,A2,S,620302,1,38,165,53,O,6.22,50.0,37,32,138,6,0,0.15,32,90.6,0.15,2.6,23,52.1,0.16,3.0,20,45.0,0.12,2.4,19,36.8,0.14,2.5,20,40.0,0.15,2.8,24,16.6,0.19,3.3,A1,A2,A2,53.0,54.0,2025,2,2024-11-01,2025-04-30,101,24,5,1,2,0,0,0,0,0,0,0,0,0,0,2,10,3,4,3,1,0,0,0,0,0,0,0,0,4,5,2,2,3,4,0,0,0,0,0,0,0,0,4,3,3,4,2,3,0,0,0,0,0,0,0,0,2,6,2,1,5,3,0,0,0,0,0,0,1,0,1,3,3,4,6,7,0,0,0,0,0,0,0,0,0,0,1,0,三重
4471,新田泰章,ニッタ ヤスアキ,広島,A1,S,620430,1,38,160,52,B,6.31,43.3,33,19,120,6,0,0.16,25,96.0,0.14,2.1,22,45.4,0.15,3.7,19,52.6,0.17,3.1,16,31.2,0.17,3.4,19,10.5,0.17,3.8,19,5.2,0.2,4.6,A2,A1,A2,54.0,53.0,2025,2,2024-11-01,2025-04-30,101,23,1,0,0,0,1,0,0,0,0,0,0,0,0,3,7,6,2,1,3,0,0,0,0,0,0,0,0,5,5,5,1,0,3,0,0,0,0,0,0,0,0,0,5,7,3,1,0,0,0,0,0,0,0,0,0,2,0,4,6,6,1,0,0,0,0,0,0,0,0,0,1,3,7,2,4,1,0,0,0,0,0,1,0,0,0,0,0,広島
4472,尾嶋一広,オジマ カズヒロ,兵庫,A1,S,620515,1,38,166,55,O,7.16,58.7,43,41,143,7,3,0.15,31,87.1,0.15,2.7,29,62.0,0.16,3.7,22,68.1,0.16,3.0,18,44.4,0.15,2.7,24,41.6,0.15,3.5,19,31.5,0.15,2.9,A1,A1,A1,54.0,60.0,2025,2,2024-11-01,2025-04-30,101,23,4,3,0,1,0,0,0,0,0,0,0,0,0,9,9,5,3,2,1,0,0,0,0,0,0,0,0,6,9,2,4,0,1,0,0,0,0,0,0,0,0,3,5,2,4,3,1,0,0,0,0,0,1,0,0,0,10,5,6,2,1,0,0,0,0,0,0,0,0,2,4,3,2,5,3,0,0,0,0,0,0,0,0,0,0,0,0,兵庫
4473,藤堂里香,トウドウ リカ,福井,A2,S,620729,2,37,153,44,AB,5.81,44.0,26,18,100,2,0,0.15,20,75.0,0.11,1.7,16,43.7,0.16,2.5,17,58.8,0.16,2.4,12,75.0,0.14,3.2,14,14.2,0.17,3.6,21,4.7,0.14,3.0,A2,A2,B1,52.0,50.0,2025,2,2024-11-01,2025-04-30,101,13,2,4,0,1,0,0,0,0,0,0,0,0,0,6,1,2,1,4,2,0,0,0,0,0,0,0,0,2,8,2,4,1,0,0,0,0,0,0,0,0,0,5,4,1,0,1,1,0,0,0,0,0,0,0,0,0,2,4,3,2,3,0,0,0,0,0,0,0,0,0,1,2,1,7,10,0,0,0,0,0,0,0,0,0,0,0,0,福井
4474,渡辺崇,ワタナベ タカシ,福岡,B1,S,620906,1,37,169,58,B,5.09,29.4,16,19,119,0,0,0.17,17,94.1,0.13,1.6,25,24.0,0.16,3.1,19,31.5,0.16,2.8,21,23.8,0.18,3.5,19,5.2,0.17,3.5,18,5.5,0.21,4.7,B1,B1,B1,49.0,50.0,2025,2,2024-11-01,2025-04-30,101,12,4,0,1,0,0,0,0,0,0,0,0,0,0,1,5,3,9,6,1,0,0,0,0,0,0,0,0,0,6,5,5,2,1,0,0,0,0,0,0,0,0,3,2,5,4,4,3,0,0,0,0,0,0,0,0,0,1,6,5,4,3,0,0,0,0,0,0,0,0,0,1,2,3,5,7,0,0,0,0,0,0,0,0,0,0,0,0,大分
4475,末永祐輝,スエナガ ユウキ,山口,A1,S,620929,1,37,161,54,B,6.35,46.9,27,19,98,3,0,0.15,21,100.0,0.15,2.2,14,57.1,0.14,2.8,17,41.1,0.15,2.5,15,40.0,0.15,2.5,15,26.6,0.15,3.1,16,0.0,0.18,4.3,A2,A2,A2,51.0,52.0,2025,2,2024-11-01,2025-04-30,101,18,3,0,0,0,0,0,0,0,0,0,0,0,0,3,5,3,2,0,1,0,0,0,0,0,0,0,0,3,4,6,2,2,0,0,0,0,0,0,0,0,0,2,4,4,3,1,1,0,0,0,0,0,1,0,0,1,3,3,2,4,1,1,0,0,0,0,1,0,0,0,0,2,5,7,1,0,0,0,0,0,0,1,0,0,0,3,0,山口
4477,篠崎仁志,シノザキ ヒトシ,福岡,A1,S,621203,1,37,166,58,A,6.62,41.3,36,21,138,5,1,0.14,30,90.0,0.13,2.7,19,31.5,0.13,3.2,21,42.8,0.14,3.0,25,28.0,0.15,3.4,24,12.5,0.16,3.6,19,26.3,0.15,3.4,A1,A1,A1,65.0,66.0,2025,2,2024-11-01,2025-04-30,101,26,1,3,0,0,0,0,0,0,0,0,0,0,0,1,5,8,2,1,2,0,0,0,0,0,0,0,0,5,4,3,3,1,5,0,0,0,0,0,0,0,0,2,5,10,1,4,3,0,0,0,0,0,0,0,0,1,2,4,6,7,4,0,0,0,0,0,0,0,0,1,4,4,3,2,5,0,0,0,0,0,0,0,0,0,0,0,0,福岡
4478,櫻本あゆみ,サクラモト アユミ,群馬,A2,S,630210,2,37,155,49,AB,6.12,48.7,17,21,78,1,0,0.16,13,100.0,0.15,2.0,17,64.7,0.17,3.6,14,42.8,0.14,2.9,12,25.0,0.16,3.3,12,33.3,0.14,2.3,10,10.0,0.21,4.2,A2,A2,A1,54.0,52.0,2025,2,2024-11-01,2025-04-30,101,11,2,0,0,0,0,0,0,0,0,0,0,0,0,4,7,3,2,0,1,0,0,0,0,0,0,0,0,2,4,2,2,3,1,0,0,0,0,0,0,0,0,0,3,1,6,1,1,0,0,0,0,0,0,0,0,0,4,2,4,0,2,0,0,0,0,0,0,0,0,0,1,1,1,3,4,0,0,0,0,0,0,0,0,0,0,0,0,栃木
4479,矢野真梨菜,ヤノ マリナ,山口,B1,S,630403,2,37,156,45,O,4.19,22.8,6,10,70,0,0,0.18,8,62.5,0.19,2.8,12,25.0,0.18,3.8,14,28.5,0.17,3.1,14,14.2,0.17,2.9,12,16.6,0.18,3.7,10,0.0,0.19,3.9,B2,B2,B2,43.0,46.0,2025,2,2024-11-01,2025-04-30,101,1,4,2,1,0,0,0,0,0,0,0,0,0,0,2,1,1,3,2,3,0,0,0,0,0,0,0,0,2,2,2,2,4,2,0,0,0,0,0,0,0,0,1,1,2,3,5,2,0,0,0,0,0,0,0,0,0,2,1,1,5,3,0,0,0,0,0,0,0,0,0,0,2,0,3,5,0,0,0,0,0,0,0,0,0,0,0,0,福岡
4482,守屋美穂,モリヤ ミホ,岡山,A1,H,010120,2,36,154,45,B,7.56,65.4,64,25,136,10,2,0.15,41,87.8,0.12,2.1,20,85.0,0.14,2.7,18,61.1,0.16,2.6,20,50.0,0.18,3.1,20,45.0,0.17,2.9,17,35.2,0.17,2.8,A1,A1,A1,58.0,55.0,2025,2,2024-11-01,2025-04-30,101,35,1,2,0,1,1,1,0,0,0,0,0,0,0,8,9,2,0,0,1,0,0,0,0,0,0,0,0,7,4,4,0,2,1,0,0,0,0,0,0,0,0,7,3,4,3,2,1,0,0,0,0,0,0,0,0,5,4,3,3,2,3,0,0,0,0,0,0,0,0,2,4,4,2,2,3,0,0,0,0,0,0,0,0,0,0,0,0,岡山
4483,北野輝季,キタノ テルキ,愛知,A1,H,010228,1,36,172,54,AB,6.91,56.6,28,23,90,1,1,0.15,20,85.0,0.15,2.5,14,57.1,0.17,3.6,15,73.3,0.14,2.8,16,43.7,0.15,2.9,14,35.7,0.16,3.0,11,27.2,0.14,2.7,A1,A1,A1,55.0,61.0,2025,2,2024-11-01,2025-04-30,101,15,2,1,1,1,0,0,0,0,0,0,0,0,0,1,7,2,2,2,0,0,0,0,0,0,0,0,0,7,4,0,2,0,2,0,0,0,0,0,0,0,0,3,4,2,3,3,1,0,0,0,0,0,0,0,0,1,4,5,0,2,2,0,0,0,0,0,0,0,0,1,2,1,0,5,2,0,0,0,0,0,0,0,0,0,0,0,0,愛知
4484,稲生夏季,イノウ ナツキ,東京,B1,H,020721,2,34,154,50,AB,4.54,20.3,7,14,103,0,0,0.2,13,46.1,0.19,3.3,20,10.0,0.2,4.1,24,37.5,0.17,3.8,17,17.6,0.21,4.2,19,5.2,0.21,4.1,10,0.0,0.22,4.6,B1,B1,B1,46.0,48.0,2025,2,2024-11-01,2025-04-30,101,3,3,2,3,1,1,0,0,0,0,0,0,0,0,1,1,5,9,4,0,0,0,0,0,0,0,0,0,2,7,4,6,2,3,0,0,0,0,0,0,0,0,1,2,2,7,2,2,0,0,0,0,0,0,1,0,0,1,3,5,9,1,0,0,0,0,0,0,0,0,0,0,2,1,4,3,0,0,0,0,0,0,0,0,0,0,0,0,東京
4485,楠原正剛,クスハラ マサタカ,福岡,B1,S,610416,1,39,170,56,B,5.28,35.0,22,20,120,1,0,0.16,23,65.2,0.13,2.2,16,31.2,0.18,3.9,20,55.0,0.13,2.6,24,29.1,0.17,2.9,16,25.0,0.18,2.9,21,0.0,0.16,3.3,A2,B1,A2,50.0,49.0,2025,2,2024-11-01,2025-04-30,102,13,2,2,5,1,0,0,0,0,0,0,0,0,0,0,5,2,3,2,4,0,0,0,0,0,0,0,0,4,7,3,2,2,1,0,0,0,0,0,0,1,0,4,3,4,6,5,1,0,0,0,0,0,0,1,0,1,3,0,5,5,1,0,0,0,0,0,0,1,0,0,0,4,7,4,6,0,0,0,0,0,0,0,0,0,0,0,0,福岡
4486,野村誠,ノムラ マコト,群馬,A1,S,610508,1,39,163,54,A,6.39,47.2,30,30,127,5,0,0.16,23,82.6,0.14,2.4,24,70.8,0.14,2.6,18,27.7,0.15,2.8,19,52.6,0.18,3.1,23,26.0,0.16,3.3,20,15.0,0.21,4.1,A2,A2,A1,51.0,52.0,2025,2,2024-11-01,2025-04-30,102,15,4,2,1,1,0,0,0,0,0,0,0,0,0,7,10,6,1,0,0,0,0,0,0,0,0,0,0,2,3,7,1,2,3,0,0,0,0,0,0,0,0,3,7,5,1,0,2,1,0,0,0,0,0,0,0,2,4,7,5,4,1,0,0,0,0,0,1,0,0,1,2,3,4,4,4,0,0,0,0,0,0,2,0,0,0,0,0,群馬
4487,三原司,ミハラ ツカサ,福岡,B1,S,610512,1,39,162,53,O,4.22,19.1,9,13,115,0,0,0.18,15,53.3,0.18,3.1,20,20.0,0.2,4.8,22,31.8,0.18,3.6,18,11.1,0.17,4.4,26,3.8,0.18,3.8,14,0.0,0.17,4.4,B1,B1,B1,47.0,46.0,2025,2,2024-11-01,2025-04-30,102,5,3,4,1,2,0,0,0,0,0,0,0,0,0,0,4,3,4,6,3,0,0,0,0,0,0,0,0,4,3,3,6,4,2,0,0,0,0,0,1,0,0,0,2,8,0,5,3,0,0,0,0,0,1,0,0,0,1,3,5,10,7,0,0,0,0,0,0,0,0,0,0,0,4,6,4,0,0,0,0,0,0,0,0,0,0,1,0,福岡
4488,小山勉,コヤマ ツトム,埼玉,A1,S,610603,1,39,165,55,A,6.3,46.8,27,33,128,3,0,0.15,27,81.4,0.14,2.7,23,52.1,0.16,2.7,15,26.6,0.15,2.7,22,50.0,0.14,3.1,23,21.7,0.15,3.1,18,33.3,0.18,4.7,A1,A1,A2,53.0,54.0,2025,2,2024-11-01,2025-04-30,102,20,2,2,1,2,0,0,0,0,0,0,0,0,0,3,9,2,1,6,2,0,0,0,0,0,0,0,0,0,4,5,4,2,0,0,0,0,0,0,1,0,0,3,8,6,2,2,1,0,0,0,0,0,0,0,0,1,4,6,6,4,2,0,0,0,0,0,0,0,0,0,6,2,6,0,4,0,0,0,0,0,0,0,0,0,0,0,0,埼玉
4489,岩川仁士,イワカワ ヒトシ,大阪,B1,S,610923,1,38,165,56,A,5.18,31.0,18,13,100,2,0,0.17,14,85.7,0.15,2.1,15,33.3,0.16,3.2,20,35.0,0.17,3.3,20,25.0,0.16,3.2,22,9.0,0.16,3.5,9,0.0,0.21,5.1,B1,B1,A2,49.0,49.0,2025,2,2024-11-01,2025-04-30,102,11,1,1,0,1,0,0,0,0,0,0,0,0,0,2,3,5,1,2,2,0,0,0,0,0,0,0,0,1,6,0,5,5,3,0,0,0,0,0,0,0,0,4,1,3,4,4,4,0,0,0,0,0,0,0,0,0,2,6,6,7,1,0,0,0,0,0,0,0,0,0,0,2,3,1,3,0,0,0,0,0,0,0,0,0,0,0,0,大阪
4491,田中堅,タナカ ケン,群馬,B1,S,620203,1,38,161,53,A,4.49,19.7,8,11,96,0,0,0.19,12,50.0,0.17,3.9,16,18.7,0.2,4.3,17,23.5,0.18,4.4,19,15.7,0.18,4.0,14,7.1,0.23,5.0,18,11.1,0.2,4.1,B1,B1,A2,48.0,47.0,2025,2,2024-11-01,2025-04-30,102,3,3,1,3,0,2,0,0,0,0,0,0,0,0,1,2,4,2,4,2,1,0,0,0,0,0,0,0,1,3,4,2,2,5,0,0,0,0,0,0,0,0,2,1,4,4,4,4,0,0,0,0,0,0,0,0,1,0,2,6,2,3,0,0,0,0,0,0,0,0,0,2,4,9,2,1,0,0,0,0,0,0,0,0,0,0,0,0,群馬
4492,本多宏和,ホンダ ヒロカズ,愛知,B1,S,620215,1,38,167,51,B,5.34,34.4,15,15,87,0,0,0.16,19,84.2,0.14,2.7,12,50.0,0.19,4.3,14,21.4,0.17,3.4,15,26.6,0.14,2.7,12,8.3,0.17,2.8,15,0.0,0.18,4.0,A1,B1,A1,52.0,49.0,2025,2,2024-11-01,2025-04-30,102,13,3,0,2,1,0,0,0,0,0,0,0,0,0,0,6,1,3,2,0,0,0,0,0,0,0,0,0,0,3,6,1,3,1,0,0,0,0,0,0,0,0,1,3,6,3,1,0,1,0,0,0,0,0,0,0,1,0,1,2,4,4,0,0,0,0,0,0,0,0,0,0,3,1,7,4,0,0,0,0,0,0,0,0,0,0,0,0,愛知
4494,河合佑樹,カワイ ユウキ,静岡,A1,S,620314,1,38,164,52,A,7.1,48.4,39,24,130,6,2,0.14,33,75.7,0.12,2.4,17,41.1,0.15,3.5,21,52.3,0.12,2.4,22,36.3,0.17,3.4,23,43.4,0.14,2.8,14,14.2,0.17,3.9,A1,A1,A1,60.0,69.0,2025,2,2024-11-01,2025-04-30,102,22,3,1,2,3,2,0,0,0,0,0,0,0,0,5,2,4,2,4,0,0,0,0,0,0,0,0,0,5,6,2,4,0,4,0,0,0,0,0,0,0,0,2,6,2,4,5,3,0,0,0,0,0,0,0,0,5,5,6,3,2,2,0,0,0,0,0,0,0,0,0,2,3,2,1,6,0,0,0,0,0,0,0,0,0,0,0,0,静岡
4495,森晋太郎,モリ シンタロウ,福岡,B1,S,620423,1,38,164,56,O,4.49,25.2,15,9,95,0,0,0.16,10,80.0,0.11,2.1,17,35.2,0.16,3.8,16,6.2,0.15,3.5,12,8.3,0.21,3.6,20,30.0,0.15,2.7,20,10.0,0.14,3.1,B1,B1,B1,47.0,46.0,2025,2,2024-11-01,2025-04-30,102,6,2,0,1,0,1,0,0,0,0,0,0,0,0,3,3,5,2,2,2,0,0,0,0,0,0,0,0,1,0,2,3,3,6,1,0,0,0,0,0,0,0,1,0,1,4,3,3,0,0,0,0,0,0,0,0,3,3,2,5,6,1,0,0,0,0,0,0,0,0,1,1,1,6,3,8,0,0,0,0,0,0,0,0,0,0,0,0,福岡
4496,内堀学,ウチボリ マナブ,東京,A1,S,620519,1,38,167,55,A,6.55,54.0,29,31,111,4,3,0.18,27,77.7,0.19,4.2,16,68.7,0.2,3.8,16,62.5,0.18,3.2,20,45.0,0.18,3.6,13,53.8,0.16,3.1,19,10.5,0.17,4.1,A2,A2,B1,50.0,52.0,2025,2,2024-11-01,2025-04-30,102,14,7,3,0,1,2,0,0,0,0,0,0,0,0,4,7,4,1,0,0,0,0,0,0,0,0,0,0,3,7,2,1,0,2,1,0,0,0,0,0,0,0,4,5,3,2,5,1,0,0,0,0,0,0,0,0,3,4,3,1,1,1,0,0,0,0,0,0,0,0,1,1,6,2,3,5,1,0,0,0,0,0,0,0,0,0,0,0,東京
4497,桑原悠,クワハラ ユウ,長崎,A1,S,620527,1,38,166,52,A,6.9,46.9,35,19,115,4,2,0.13,24,91.6,0.11,2.0,18,38.8,0.11,2.8,20,60.0,0.12,2.3,18,33.3,0.15,2.9,13,30.7,0.15,3.2,22,13.6,0.15,2.9,A1,A1,A1,61.0,67.0,2025,2,2024-11-01,2025-04-30,102,19,3,2,0,0,0,0,0,0,0,0,0,0,0,4,3,4,1,3,3,0,0,0,0,0,0,0,0,6,6,3,2,2,1,0,0,0,0,0,0,0,0,2,4,4,3,3,2,0,0,0,0,0,0,0,0,2,2,3,1,1,4,0,0,0,0,0,0,0,0,2,1,3,4,6,5,1,0,0,0,0,0,0,0,0,0,0,0,長崎
4498,宮本夏樹,ミヤモト ナツキ,長崎,B1,S,620721,1,37,174,57,A,5.1,32.6,20,13,101,2,1,0.18,17,52.9,0.19,3.6,15,53.3,0.16,3.1,18,50.0,0.17,3.9,20,10.0,0.17,3.7,14,28.5,0.18,3.9,17,5.8,0.18,4.2,B1,A2,B1,48.0,48.0,2025,2,2024-11-01,2025-04-30,102,9,0,3,3,1,1,0,0,0,0,0,0,0,0,2,6,1,4,0,1,1,0,0,0,0,0,0,0,4,5,3,2,2,2,0,0,0,0,0,0,0,0,1,1,4,5,3,6,0,0,0,0,0,0,0,0,4,0,1,2,3,4,0,0,0,0,0,0,0,0,0,1,4,1,2,9,0,0,0,0,0,0,0,0,0,0,0,0,長崎
4499,滝川真由子,タキカワ マユコ,長崎,B1,S,620930,2,37,158,45,A,4.82,25.5,14,11,98,0,0,0.16,17,52.9,0.15,3.1,14,35.7,0.15,2.7,18,22.2,0.15,2.7,21,28.5,0.15,3.0,12,8.3,0.17,3.2,16,0.0,0.18,3.4,A2,A2,A2,54.0,52.0,2025,2,2024-11-01,2025-04-30,102,9,0,2,1,2,2,1,0,0,0,0,0,0,0,3,2,3,1,3,2,0,0,0,0,0,0,0,0,1,3,4,3,3,4,0,0,0,0,0,0,0,0,1,5,6,4,1,4,0,0,0,0,0,0,0,0,0,1,2,3,2,4,0,0,0,0,0,0,0,0,0,0,3,1,6,6,0,0,0,0,0,0,0,0,0,0,1,0,愛知
4500,山田康二,ヤマダ コウジ,佐賀,A1,S,621226,1,37,167,54,O,7.32,53.2,47,27,139,8,6,0.15,33,81.8,0.16,2.8,26,73.0,0.13,2.8,21,57.1,0.14,3.0,21,38.1,0.15,3.1,26,23.0,0.14,3.7,12,16.6,0.17,4.4,A1,A1,A1,62.0,67.0,2025,2,2024-11-01,2025-04-30,102,24,3,2,3,1,0,0,0,0,0,0,0,0,0,8,11,5,0,2,0,0,0,0,0,0,0,0,0,6,6,2,6,1,0,0,0,0,0,0,0,0,0,6,2,4,6,3,0,0,0,0,0,0,0,0,0,2,4,2,6,5,7,0,0,0,0,0,0,0,0,1,1,2,2,5,1,0,0,0,0,0,0,0,0,0,0,0,0,佐賀
4501,樋口由加里,ヒグチ ユカリ,岡山,A2,S,630119,2,37,144,45,B,5.68,38.9,24,27,131,1,0,0.16,24,83.3,0.14,2.6,20,45.0,0.15,3.3,24,50.0,0.16,2.5,21,28.5,0.16,2.5,22,9.0,0.16,3.2,20,10.0,0.16,3.2,B1,A2,A2,50.0,50.0,2025,2,2024-11-01,2025-04-30,102,13,7,3,0,0,1,0,0,0,0,0,0,0,0,3,6,7,3,0,1,0,0,0,0,0,0,0,0,7,5,4,2,2,4,0,0,0,0,0,0,0,0,0,6,5,4,3,3,0,0,0,0,0,0,0,0,0,2,5,2,8,5,0,0,0,0,0,0,0,0,1,1,6,2,4,6,0,0,0,0,0,0,0,0,0,0,0,0,岡山
4502,遠藤エミ,エンドウ エミ,滋賀,A1,S,630219,2,37,154,46,A,6.77,39.2,30,19,125,4,2,0.14,26,65.3,0.14,3.0,18,44.4,0.14,3.2,27,48.1,0.12,2.5,20,30.0,0.14,2.9,17,29.4,0.15,3.5,17,0.0,0.18,4.5,A1,A1,A1,64.0,69.0,2025,2,2024-11-01,2025-04-30,102,14,3,3,1,2,3,0,0,0,0,0,0,0,0,4,4,1,4,2,3,0,0,0,0,0,0,0,0,7,6,6,3,4,0,0,0,0,0,0,0,1,0,2,4,5,5,2,2,0,0,0,0,0,0,0,0,3,2,2,6,1,3,0,0,0,0,0,0,0,0,0,0,5,6,5,1,0,0,0,0,0,0,0,0,0,0,0,0,滋賀
4503,上野真之介,ウエノ シンノスケ,佐賀,A1,S,630225,1,37,167,53,A,7.83,55.2,48,31,143,6,1,0.12,30,96.6,0.11,2.1,23,56.5,0.11,2.1,20,55.0,0.12,2.7,32,40.6,0.11,2.4,21,47.6,0.12,2.7,17,17.6,0.13,3.0,A1,A1,A1,63.0,71.0,2025,2,2024-11-01,2025-04-30,102,25,4,0,0,0,1,0,0,0,0,0,0,0,0,7,6,5,4,1,0,0,0,0,0,0,0,0,0,6,5,5,1,1,2,0,0,0,0,0,0,0,0,8,5,7,6,3,3,0,0,0,0,0,0,0,0,2,8,7,2,0,2,0,0,0,0,0,0,0,0,0,3,3,6,2,3,0,0,0,0,0,0,0,0,0,0,0,0,佐賀
4504,前田将太,マエダ ショウタ,福岡,A1,S,630323,1,37,168,55,A,7.74,57.3,41,29,122,7,3,0.14,33,100.0,0.13,2.8,21,61.9,0.15,3.3,17,29.4,0.17,3.8,17,58.8,0.14,3.3,19,42.1,0.13,3.0,15,6.6,0.15,4.3,A1,A1,A1,67.0,67.0,2025,2,2024-11-01,2025-04-30,102,26,7,0,0,0,0,0,0,0,0,0,0,0,0,6,7,3,4,1,0,0,0,0,0,0,0,0,0,3,2,4,5,3,0,0,0,0,0,0,0,0,0,1,9,3,2,1,0,1,0,0,0,0,0,0,0,5,3,5,2,3,1,0,0,0,0,0,0,0,0,0,1,3,5,2,3,0,0,0,0,0,0,0,1,0,0,0,0,福岡
4505,島田賢人,シマダ ケント,埼玉,A1,S,630406,1,37,162,57,A,6.33,44.5,23,18,92,3,1,0.16,19,78.9,0.14,2.7,13,46.1,0.16,3.3,13,30.7,0.14,3.3,15,20.0,0.21,4.2,13,61.5,0.12,2.3,19,26.3,0.18,3.9,A1,A1,A1,56.0,56.0,2025,2,2024-11-01,2025-04-30,102,14,1,1,1,1,0,0,0,0,0,0,0,1,0,1,5,2,2,0,3,0,0,0,0,0,0,0,0,2,2,6,2,0,1,0,0,0,0,0,0,0,0,1,2,4,3,3,1,1,0,0,0,0,0,0,0,4,4,0,3,0,2,0,0,0,0,0,0,0,0,1,4,4,5,3,2,0,0,0,0,0,0,0,0,0,0,0,0,埼玉
4506,稗田聖也,ヒエダ セイヤ,福岡,A2,S,630412,1,37,162,53,B,5.85,41.4,29,22,123,2,0,0.14,22,86.3,0.15,2.3,17,47.0,0.14,2.6,25,48.0,0.12,1.8,24,33.3,0.15,2.2,18,16.6,0.13,2.2,17,5.8,0.15,2.9,B1,A2,B1,48.0,51.0,2025,2,2024-11-01,2025-04-30,102,17,2,1,0,1,1,0,0,0,0,0,0,0,0,2,6,3,1,2,3,0,0,0,0,0,0,0,0,5,7,6,1,5,1,0,0,0,0,0,0,0,0,3,5,6,2,4,4,0,0,0,0,0,0,0,0,1,2,3,5,5,2,0,0,0,0,0,0,0,0,1,0,6,2,3,5,0,0,0,0,0,0,0,0,0,0,0,0,福岡
4508,野間大樹,ノマ ダイキ,大阪,B1,S,630924,1,36,170,51,B,4.55,25.6,8,12,78,0,0,0.18,10,90.0,0.15,3.3,15,26.6,0.16,3.0,15,13.3,0.19,3.9,14,28.5,0.19,3.7,14,7.1,0.2,4.1,10,0.0,0.21,3.8,B1,A2,B1,46.0,47.0,2025,2,2024-11-01,2025-04-30,102,5,4,1,0,0,0,0,0,0,0,0,0,0,0,1,3,4,2,0,5,0,0,0,0,0,0,0,0,0,2,4,2,3,4,0,0,0,0,0,1,0,0,1,3,0,5,2,3,0,0,0,0,0,0,0,0,1,0,2,7,1,3,0,0,0,0,0,0,0,0,0,0,1,2,1,6,0,0,0,0,0,0,0,0,0,0,2,0,大阪
4509,平見真彦,ヒラミ マサヒコ,愛知,A1,S,631229,1,36,167,54,B,6.33,42.6,28,30,136,3,0,0.18,26,88.4,0.14,2.7,21,42.8,0.15,2.9,22,59.0,0.18,3.1,26,26.9,0.19,3.5,20,25.0,0.18,3.7,21,4.7,0.23,4.9,A2,A2,A2,52.0,54.0,2025,2,2024-11-01,2025-04-30,102,17,6,2,0,1,0,0,0,0,0,0,0,0,0,2,7,5,5,2,0,0,0,0,0,0,0,0,0,5,8,7,0,2,0,0,0,0,0,0,0,0,0,2,5,9,8,2,0,0,0,0,0,0,0,0,0,2,3,7,4,3,1,0,0,0,0,0,0,0,0,0,1,3,9,6,2,0,0,0,0,0,0,0,0,0,0,1,0,愛知
4510,坂本奈央,サカモト ナオ,福岡,B2,S,640104,2,36,157,53,B,0.0,0.0,0,0,0,0,0,0.0,0,0.0,0.0,0.0,0,0.0,0.0,0.0,0,0.0,0.0,0.0,0,0.0,0.0,0.0,0,0.0,0.0,0.0,0,0.0,0.0,0.0,B2,B2,B2,0.0,0.0,2025,2,2024-11-01,2025-04-30,102,0,0,0,0,0,0,0,0,0,0,0,0,0,0,0,0,0,0,0,0,0,0,0,0,0,0,0,0,0,0,0,0,0,0,0,0,0,0,0,0,0,0,0,0,0,0,0,0,0,0,0,0,0,0,0,0,0,0,0,0,0,0,0,0,0,0,0,0,0,0,0,0,0,0,0,0,0,0,0,0,0,0,0,0,0,0,0,0,熊本
4511,中岡健人,ナカオカ ケント,香川,B2,H,010320,1,36,161,58,O,3.17,12.2,2,3,41,0,0,0.19,4,25.0,0.16,3.4,7,28.5,0.16,3.3,6,16.6,0.19,3.8,6,0.0,0.18,3.8,11,9.0,0.2,4.1,7,0.0,0.22,4.6,B1,B1,B1,46.0,41.0,2025,2,2024-11-01,2025-04-30,102,1,0,0,0,2,1,0,0,0,0,0,1,0,0,1,1,0,1,1,2,1,0,0,0,0,0,0,0,0,1,0,1,1,3,0,0,0,0,0,0,0,0,0,0,2,1,2,1,0,0,0,0,0,0,0,0,0,1,2,3,3,2,0,0,0,0,0,0,0,0,0,0,0,0,4,3,0,0,0,0,0,0,0,0,0,0,1,0,高知
4512,高野哲史,コウノ サトシ,兵庫,A1,H,010410,1,36,170,53,A,6.73,48.2,35,32,139,7,1,0.15,31,83.8,0.15,3.4,20,65.0,0.15,3.1,23,56.5,0.16,2.7,21,23.8,0.18,3.3,24,25.0,0.12,2.5,20,20.0,0.14,3.1,A1,A1,A1,57.0,59.0,2025,2,2024-11-01,2025-04-30,102,22,4,1,4,0,0,0,0,0,0,0,0,0,0,4,9,3,1,2,1,0,0,0,0,0,0,0,0,2,11,6,1,3,0,0,0,0,0,0,0,0,0,3,2,7,6,1,2,0,0,0,0,0,0,0,0,3,3,5,5,4,4,0,0,0,0,0,0,0,0,1,3,8,3,2,3,0,0,0,0,0,0,0,0,0,0,0,0,兵庫
4513,河野真也,カワノ シンヤ,福岡,A2,H,010505,1,36,169,55,AB,5.61,34.2,22,28,146,3,0,0.17,25,80.0,0.18,3.4,25,28.0,0.17,3.5,27,37.0,0.15,3.4,27,25.9,0.19,3.6,20,20.0,0.18,4.0,22,9.0,0.16,4.0,A2,A2,A2,50.0,51.0,2025,2,2024-11-01,2025-04-30,102,16,4,2,1,1,1,0,0,0,0,0,0,0,0,2,5,9,4,4,1,0,0,0,0,0,0,0,0,1,9,5,5,3,3,1,0,0,0,0,0,0,0,2,5,10,4,5,1,0,0,0,0,0,0,0,0,1,3,6,5,3,2,0,0,0,0,0,0,0,0,0,2,6,3,2,9,0,0,0,0,0,0,0,0,0,0,2,0,宮崎
4514,上條嘉嗣,カミジョウ ヨシツグ,大阪,A1,H,011212,1,35,167,52,O,6.74,50.6,53,26,156,6,3,0.17,42,88.1,0.14,2.9,25,64.0,0.16,3.2,23,39.1,0.17,3.4,21,28.5,0.17,4.1,23,39.1,0.18,3.9,22,9.0,0.23,4.9,A1,A1,A1,55.0,55.0,2025,2,2024-11-01,2025-04-30,102,33,4,4,0,1,0,0,0,0,0,0,0,0,0,9,7,3,2,2,2,0,0,0,0,0,0,0,0,3,6,6,3,4,1,0,0,0,0,0,0,0,0,3,3,6,5,1,3,0,0,0,0,0,0,0,0,5,4,3,3,4,4,0,0,0,0,0,0,0,0,0,2,7,4,6,3,0,0,0,0,0,0,0,0,0,0,1,0,大阪
4515,藤田浩人,フジタ ヒロヒト,佐賀,A2,S,610531,1,39,159,55,B,5.66,38.5,22,25,122,1,0,0.17,21,95.2,0.15,2.7,23,47.8,0.17,3.6,20,45.0,0.16,2.8,20,25.0,0.16,4.1,21,9.5,0.2,4.1,17,0.0,0.21,5.5,A2,A2,A2,53.0,50.0,2025,2,2024-11-01,2025-04-30,102,15,5,0,0,0,1,0,0,0,0,0,0,0,0,2,9,8,0,4,0,0,0,0,0,0,0,0,0,3,6,3,4,2,2,0,0,0,0,0,0,0,0,2,3,6,3,4,2,0,0,0,0,0,0,0,0,0,2,5,3,7,4,0,0,0,0,0,0,0,0,0,0,5,2,6,3,1,0,0,0,0,1,0,0,0,0,0,0,佐賀
4516,野口勝弘,ノグチ カツヒロ,愛知,A1,S,611203,1,38,160,49,B,6.66,47.3,36,17,112,4,1,0.15,23,78.2,0.13,2.7,18,50.0,0.15,2.8,18,44.4,0.16,3.0,19,47.3,0.16,3.1,22,22.7,0.16,3.2,12,33.3,0.17,3.8,A1,A1,A1,53.0,55.0,2025,2,2024-11-01,2025-04-30,103,18,0,1,3,1,0,0,0,0,0,0,0,0,0,5,4,5,3,1,0,0,0,0,0,0,1,0,0,5,3,2,4,3,1,0,0,0,0,0,1,0,0,4,5,5,3,1,1,0,0,0,0,0,0,0,0,4,1,7,3,5,2,0,0,0,0,0,1,0,0,0,4,2,2,3,1,0,0,0,0,0,0,0,0,0,0,0,0,愛知
4518,大須賀友,オオスカ ユウ,愛知,A1,S,620131,1,38,166,53,O,6.44,46.7,39,19,124,1,0,0.16,31,93.5,0.13,2.7,17,47.0,0.17,3.7,23,34.7,0.15,3.2,20,35.0,0.16,3.1,17,35.2,0.17,3.8,15,0.0,0.18,4.0,A1,A1,A1,52.0,52.0,2025,2,2024-11-01,2025-04-30,103,25,4,0,1,1,0,0,0,0,0,0,0,0,0,6,2,5,2,1,1,0,0,0,0,0,0,0,0,4,4,9,2,4,0,0,0,0,0,0,0,0,0,2,5,6,1,4,2,0,0,0,0,0,0,0,0,2,4,3,1,2,5,0,0,0,0,0,0,0,0,0,0,5,5,2,3,0,0,0,0,0,0,0,0,0,0,2,1,愛知
4519,清水沙樹,シミズ サキ,東京,A2,S,620221,2,38,154,50,O,6.06,45.9,19,26,98,3,2,0.15,17,76.4,0.17,2.6,22,40.9,0.16,3.0,18,50.0,0.18,3.3,15,40.0,0.12,2.3,17,35.2,0.13,2.1,9,22.2,0.14,1.4,B1,B1,A1,48.0,53.0,2025,2,2024-11-01,2025-04-30,103,7,6,0,2,2,0,0,0,0,0,0,0,0,0,1,8,6,2,2,2,0,0,0,0,0,0,1,0,1,8,2,3,3,1,0,0,0,0,0,0,0,0,5,1,3,1,2,3,0,0,0,0,0,0,0,0,4,2,3,2,3,3,0,0,0,0,0,0,0,0,1,1,2,3,1,1,0,0,0,0,0,0,0,0,0,0,0,0,千葉
4520,高倉孝太,タカクラ コウタ,福井,B1,S,620321,1,38,164,49,O,5.09,28.4,14,19,116,1,0,0.16,15,53.3,0.14,2.0,19,5.2,0.16,3.4,18,38.8,0.15,2.8,24,41.6,0.16,2.8,21,23.8,0.17,2.9,19,10.5,0.16,2.9,B1,B1,B1,49.0,50.0,2025,2,2024-11-01,2025-04-30,103,6,2,4,2,1,0,0,0,0,0,0,0,0,0,0,1,7,6,2,3,0,0,0,0,0,0,0,0,3,4,2,4,3,2,0,0,0,0,0,1,0,0,1,9,4,3,4,3,0,0,0,0,0,0,0,0,4,1,3,5,5,3,0,0,0,0,0,0,0,0,0,2,3,6,5,3,0,0,0,0,0,0,0,0,0,0,0,0,石川
4521,小池公生,コイケ キミオ,福岡,A2,S,620402,1,38,161,54,A,5.79,38.1,19,18,97,0,0,0.17,13,69.2,0.13,2.7,17,70.5,0.17,3.1,17,35.2,0.17,3.2,14,35.7,0.14,3.0,20,20.0,0.17,4.2,16,6.2,0.2,4.5,B1,B2,A1,50.0,51.0,2025,2,2024-11-01,2025-04-30,103,7,2,1,1,2,0,0,0,0,0,0,0,0,0,5,7,1,2,2,0,0,0,0,0,0,0,0,0,3,3,5,3,1,2,0,0,0,0,0,0,0,0,4,1,6,1,2,0,0,0,0,0,0,0,0,0,0,4,3,6,3,3,1,0,0,0,0,0,0,0,0,1,4,5,5,1,0,0,0,0,0,0,0,0,0,0,0,0,福岡
4522,古澤光紀,フルサワ ミツノリ,福岡,A1,S,621028,1,37,164,57,B,6.35,46.3,26,18,95,3,1,0.14,21,95.2,0.13,1.9,17,64.7,0.11,2.1,15,40.0,0.12,2.1,13,15.3,0.15,3.2,17,23.5,0.15,3.0,12,8.3,0.17,3.7,A1,A1,A1,57.0,58.0,2025,2,2024-11-01,2025-04-30,103,17,3,0,0,1,0,0,0,0,0,0,0,0,0,3,8,1,2,3,0,0,0,0,0,0,0,0,0,1,5,5,2,2,0,0,0,0,0,0,0,0,0,2,0,4,3,2,2,0,0,0,0,0,0,0,0,3,1,1,2,5,5,0,0,0,0,0,0,0,0,0,1,2,5,2,2,0,0,0,0,0,0,0,0,0,0,0,0,福岡
4523,中村辰也,ナカムラ タツヤ,長崎,A2,S,630226,1,37,166,53,A,5.7,37.3,31,16,126,2,0,0.13,25,92.0,0.12,2.2,26,38.4,0.13,2.7,16,37.5,0.14,2.7,15,26.6,0.15,2.9,26,11.5,0.14,2.9,18,5.5,0.12,2.9,A2,A2,A2,52.0,51.0,2025,2,2024-11-01,2025-04-30,103,19,4,1,0,0,0,0,0,0,0,0,0,1,0,7,3,3,6,4,3,0,0,0,0,0,0,0,0,4,2,2,3,3,2,0,0,0,0,0,0,0,0,0,4,6,4,1,0,0,0,0,0,0,0,0,0,1,2,2,10,7,4,0,0,0,0,0,0,0,0,0,1,6,3,6,2,0,0,0,0,0,1,0,0,0,0,0,0,長崎
4524,深谷知博,フカヤ トモヒロ,静岡,A1,S,630401,1,37,164,52,A,6.84,41.6,27,25,125,2,0,0.12,28,85.7,0.1,2.2,15,33.3,0.12,3.1,19,57.8,0.14,2.6,26,23.0,0.12,2.7,18,22.2,0.12,2.8,19,10.5,0.11,3.1,A1,A1,A1,70.0,72.0,2025,2,2024-11-01,2025-04-30,103,22,2,3,0,0,1,0,0,0,0,0,0,0,0,1,4,4,0,3,3,0,0,0,0,0,0,0,0,3,8,1,3,2,2,0,0,0,0,0,0,0,0,1,5,8,5,3,3,0,0,0,0,0,0,1,0,0,4,4,3,3,4,0,0,0,0,0,0,0,0,0,2,3,6,5,3,0,0,0,0,0,0,0,0,0,0,0,0,静岡
4525,真子奈津実,マコ ナツミ,福岡,B1,S,630509,2,37,157,46,A,4.32,19.1,8,11,99,0,0,0.14,14,57.1,0.13,2.1,19,21.0,0.14,2.3,19,26.3,0.15,2.8,17,0.0,0.15,2.8,16,12.5,0.14,2.8,14,0.0,0.14,3.2,B1,A2,B1,47.0,47.0,2025,2,2024-11-01,2025-04-30,103,7,1,3,1,0,2,0,0,0,0,0,0,0,0,0,4,3,6,5,1,0,0,0,0,0,0,0,0,0,5,2,5,6,1,0,0,0,0,0,0,0,0,0,0,1,4,11,1,0,0,0,0,0,0,0,0,1,1,4,4,2,4,0,0,0,0,0,0,0,0,0,0,3,4,4,3,0,0,0,0,0,0,0,0,0,0,0,0,福岡
4526,池田雄祐,イケダ ユウスケ,愛知,A2,S,630519,1,37,167,53,O,6.59,47.3,19,16,74,3,0,0.16,17,100.0,0.17,3.7,12,25.0,0.16,3.9,9,55.5,0.15,4.2,14,35.7,0.13,2.4,7,28.5,0.15,2.3,15,20.0,0.17,4.3,A1,A2,A2,52.0,53.0,2025,2,2024-11-01,2025-04-30,103,13,4,0,0,0,0,0,0,0,0,0,0,0,0,0,3,7,0,2,0,0,0,0,0,0,0,0,0,3,2,1,3,0,0,0,0,0,0,0,0,0,0,3,2,4,2,1,2,0,0,0,0,0,0,0,0,0,2,3,0,0,0,0,0,0,0,0,0,2,0,0,3,5,3,3,1,0,0,0,0,0,0,0,0,0,0,0,0,愛知
4527,高野心吾,タカノ シンゴ,愛知,B1,S,630625,1,37,169,51,O,3.67,15.7,9,6,95,0,0,0.18,12,41.6,0.17,2.5,21,28.5,0.15,3.5,17,23.5,0.17,2.8,14,0.0,0.2,4.0,22,0.0,0.21,3.7,9,0.0,0.24,5.0,B1,B1,B1,46.0,44.0,2025,2,2024-11-01,2025-04-30,103,5,0,0,2,3,2,0,0,0,0,0,0,0,0,3,3,0,2,7,6,0,0,0,0,0,0,0,0,1,3,2,1,6,4,0,0,0,0,0,0,0,0,0,0,4,5,3,2,0,0,0,0,0,0,0,0,0,0,5,7,4,5,1,0,0,0,0,0,0,0,0,0,0,0,3,6,0,0,0,0,0,0,0,0,0,0,0,0,愛知
4528,黒井達矢,クロイ タツヤ,埼玉,A1,S,630808,1,36,168,53,B,6.28,44.6,38,24,139,7,0,0.16,23,78.2,0.16,3.0,24,50.0,0.16,3.5,24,29.1,0.17,3.2,24,41.6,0.15,3.1,28,32.1,0.15,3.7,16,37.5,0.15,3.2,A1,A1,A1,61.0,61.0,2025,2,2024-11-01,2025-04-30,103,15,3,1,0,2,2,0,0,0,0,0,0,0,0,7,5,4,3,3,2,0,0,0,0,0,0,0,0,3,4,5,3,4,5,0,0,0,0,0,0,0,0,5,5,2,6,4,2,0,0,0,0,0,0,0,0,4,5,0,7,5,6,0,0,0,0,0,0,1,0,4,2,2,5,2,1,0,0,0,0,0,0,0,0,0,0,0,0,埼玉
4529,嶋義信,シマ ヨシノブ,香川,A2,S,630929,1,36,166,54,AB,5.51,38.1,18,19,97,1,0,0.14,17,76.4,0.12,2.3,16,31.2,0.13,3.0,18,55.5,0.14,2.6,15,40.0,0.13,2.7,17,17.6,0.14,2.9,14,0.0,0.2,4.8,B1,A2,A2,49.0,50.0,2025,2,2024-11-01,2025-04-30,103,11,2,2,2,0,0,0,0,0,0,0,0,0,0,1,4,5,3,2,1,0,0,0,0,0,0,0,0,3,7,1,3,2,1,0,0,0,0,0,0,1,0,1,5,1,2,4,2,0,0,0,0,0,0,0,0,2,1,3,3,5,3,0,0,0,0,0,0,0,0,0,0,3,4,3,4,0,0,0,0,0,0,0,0,0,0,0,0,香川
4530,小野生奈,オノ セイナ,福岡,A1,S,631002,2,36,156,46,B,6.61,48.0,31,18,102,2,1,0.16,21,85.7,0.14,2.3,16,56.2,0.17,3.6,14,57.1,0.14,3.1,16,31.2,0.16,2.9,19,26.3,0.17,3.6,16,25.0,0.21,4.4,A2,A1,A1,55.0,60.0,2025,2,2024-11-01,2025-04-30,103,18,0,1,0,1,1,0,0,0,0,0,0,0,0,6,3,3,1,1,2,0,0,0,0,0,0,0,0,3,5,3,1,1,1,0,0,0,0,0,0,0,0,3,2,4,3,3,0,1,0,0,0,0,0,0,0,0,5,1,5,6,2,0,0,0,0,0,0,0,0,1,3,3,3,5,1,0,0,0,0,0,0,0,0,0,0,0,0,福岡
4531,武富智亮,タケドミ トモアキ,佐賀,A2,S,631023,1,36,162,54,O,6.07,48.0,23,25,100,3,0,0.15,19,94.7,0.12,1.9,18,55.5,0.16,2.8,15,33.3,0.12,3.1,20,40.0,0.15,4.2,11,36.3,0.14,3.2,17,17.6,0.19,4.0,A2,A2,A1,50.0,52.0,2025,2,2024-11-01,2025-04-30,103,16,2,0,0,0,1,0,0,0,0,0,0,0,0,5,5,1,3,0,4,0,0,0,0,0,0,0,0,1,4,4,1,4,1,0,0,0,0,0,0,0,0,0,8,3,3,4,2,0,0,0,0,0,0,0,0,0,4,1,2,3,1,0,0,0,0,0,0,0,0,1,2,5,2,5,2,0,0,0,0,0,0,0,0,0,0,0,0,佐賀
4532,秋元哲,アキモト サトル,埼玉,A1,S,631101,1,36,158,49,A,6.88,49.1,36,19,112,7,3,0.15,26,84.6,0.14,2.5,16,43.7,0.18,3.3,17,64.7,0.14,2.3,19,52.6,0.16,3.6,16,18.7,0.16,3.5,18,11.1,0.17,4.0,A1,A1,A1,57.0,58.0,2025,2,2024-11-01,2025-04-30,103,19,3,3,1,0,0,0,0,0,0,0,0,0,0,4,3,4,1,2,2,0,0,0,0,0,0,0,0,7,4,4,1,1,0,0,0,0,0,0,0,0,0,5,5,5,2,0,1,1,0,0,0,0,0,0,0,1,2,6,3,3,1,0,0,0,0,0,0,0,0,0,2,4,3,4,5,0,0,0,0,0,0,0,0,0,0,0,0,栃木
4533,峰重侑治,ミネシゲ ユウジ,岡山,A2,S,631124,1,36,169,52,AB,5.71,37.2,20,18,102,1,0,0.16,18,77.7,0.17,3.1,10,30.0,0.17,3.3,23,30.4,0.15,2.9,19,47.3,0.13,2.3,19,21.0,0.16,3.5,13,7.6,0.21,4.3,B1,A2,A2,49.0,50.0,2025,2,2024-11-01,2025-04-30,103,10,4,2,1,1,0,0,0,0,0,0,0,0,0,1,2,2,3,1,1,0,0,0,0,0,0,0,0,3,4,7,3,1,4,1,0,0,0,0,0,0,0,5,4,4,2,3,1,0,0,0,0,0,0,0,0,1,3,5,5,2,3,0,0,0,0,0,0,0,0,0,1,4,0,4,4,0,0,0,0,0,0,0,0,0,0,0,0,岡山
4534,坂咲友理,サカ サユリ,大阪,B1,H,010926,2,35,148,43,A,3.69,15.3,3,5,52,0,0,0.19,6,33.3,0.26,4.6,10,30.0,0.22,3.8,12,8.3,0.16,3.8,10,20.0,0.17,3.3,6,0.0,0.19,4.2,8,0.0,0.21,4.1,B1,B1,B2,46.0,44.0,2025,2,2024-11-01,2025-04-30,103,1,1,0,0,2,1,1,0,0,0,0,0,0,0,1,2,1,3,2,1,0,0,0,0,0,0,0,0,0,1,1,6,4,0,0,0,0,0,0,0,0,0,1,1,1,2,2,2,0,0,0,0,0,0,1,0,0,0,1,1,2,2,0,0,0,0,0,0,0,0,0,0,1,2,1,4,0,0,0,0,0,0,0,0,0,0,0,0,奈良
4535,北山康介,キタヤマ コウスケ,東京,A1,H,011123,1,35,164,54,AB,7.52,67.2,34,38,107,8,0,0.13,26,96.1,0.14,2.5,14,71.4,0.15,3.2,13,61.5,0.14,2.2,20,65.0,0.12,2.5,16,56.2,0.12,2.4,18,38.8,0.12,2.3,A1,A1,A1,54.0,59.0,2025,2,2024-11-01,2025-04-30,103,17,8,0,0,1,0,0,0,0,0,0,0,0,0,3,7,1,2,0,0,1,0,0,0,0,0,0,0,3,5,4,1,0,0,0,0,0,0,0,0,0,0,5,8,2,1,2,2,0,0,0,0,0,0,0,0,4,5,2,3,1,0,0,0,0,0,0,0,1,0,2,5,3,4,4,0,0,0,0,0,0,0,0,0,0,0,0,0,神奈川
4536,喜井つかさ,キイ ツカサ,岡山,A2,H,020114,2,35,159,48,B,5.66,36.8,23,22,122,2,0,0.17,24,83.3,0.13,2.2,17,41.1,0.16,2.7,24,25.0,0.17,3.1,19,15.7,0.16,3.6,18,38.8,0.19,4.1,20,10.0,0.23,5.1,A1,A1,A2,54.0,53.0,2025,2,2024-11-01,2025-04-30,103,17,3,0,0,2,2,0,0,0,0,0,0,0,0,3,4,4,1,3,2,0,0,0,0,0,0,0,0,2,4,6,5,4,3,0,0,0,0,0,0,0,0,1,2,8,5,1,1,1,0,0,0,0,0,0,0,0,7,2,4,2,2,0,0,0,0,0,0,1,0,0,2,5,1,7,4,0,0,0,0,0,0,1,0,0,0,0,0,岡山
4537,渡邉和将,ワタナベ カズマサ,岡山,A1,H,020212,1,35,166,52,A,7.28,54.1,40,25,120,6,2,0.12,28,89.2,0.13,2.4,20,60.0,0.13,2.3,17,52.9,0.11,2.2,19,52.6,0.12,2.6,20,30.0,0.12,3.1,16,18.7,0.14,3.4,A1,A1,A1,58.0,67.0,2025,2,2024-11-01,2025-04-30,103,21,4,1,0,0,1,1,0,0,0,0,0,0,0,5,7,4,1,2,1,0,0,0,0,0,0,0,0,5,4,3,3,0,2,0,0,0,0,0,0,0,0,5,5,2,3,2,2,0,0,0,0,0,0,0,0,2,4,2,3,6,3,0,0,0,0,0,0,0,0,2,1,5,3,1,4,0,0,0,0,0,0,0,0,0,0,1,0,岡山
4538,笠置博之,カサギ ヒロユキ,大阪,A2,H,020809,1,34,175,58,B,6.14,46.0,34,19,115,1,0,0.15,18,94.4,0.13,2.5,14,50.0,0.16,3.4,19,57.8,0.16,3.1,15,40.0,0.15,3.6,23,30.4,0.14,2.9,26,19.2,0.16,3.2,A2,A2,B1,50.0,51.0,2025,2,2024-11-01,2025-04-30,103,13,4,0,0,0,1,0,0,0,0,0,0,0,0,2,5,3,1,3,0,0,0,0,0,0,0,0,0,5,6,2,3,2,1,0,0,0,0,0,0,0,0,4,2,1,5,2,0,1,0,0,0,0,0,0,0,7,0,4,3,4,5,0,0,0,0,0,0,0,0,3,2,8,3,5,5,0,0,0,0,0,0,0,0,0,0,0,0,大阪
4539,金子賢志,カネコ サトシ,群馬,A1,H,021018,1,34,161,55,A,6.28,47.0,38,25,134,2,0,0.13,28,82.1,0.14,2.2,21,52.3,0.15,2.7,25,32.0,0.13,2.3,22,40.9,0.12,2.1,21,33.3,0.12,2.5,17,29.4,0.14,2.7,A1,A2,A2,53.0,55.0,2025,2,2024-11-01,2025-04-30,103,19,4,0,2,2,1,0,0,0,0,0,0,0,0,5,6,4,1,4,1,0,0,0,0,0,0,0,0,2,6,6,5,2,4,0,0,0,0,0,0,0,0,8,1,3,5,1,4,0,0,0,0,0,0,0,0,3,4,3,5,4,2,0,0,0,0,0,0,0,0,1,4,3,2,3,4,0,0,0,0,0,0,0,0,0,0,0,0,群馬
4540,相原利章,アイハラ トシアキ,東京,B1,S,620822,1,37,165,53,A,5.35,32.2,15,16,96,1,0,0.13,15,86.6,0.12,1.6,18,33.3,0.13,2.7,16,43.7,0.12,2.2,16,25.0,0.16,2.7,17,5.8,0.12,2.2,14,0.0,0.13,2.8,B1,A2,A2,49.0,49.0,2025,2,2024-11-01,2025-04-30,104,11,2,0,1,1,0,0,0,0,0,0,0,0,0,0,6,8,1,3,0,0,0,0,0,0,0,0,0,2,5,1,1,2,4,1,0,0,0,0,0,0,0,1,3,8,1,0,3,0,0,0,0,0,0,0,0,1,0,5,3,6,2,0,0,0,0,0,1,0,0,0,0,2,4,5,3,0,0,0,0,0,0,0,0,0,0,1,0,東京
4543,重木輝彦,シゲキ テルヒコ,兵庫,A1,S,621125,1,37,170,53,B,6.36,42.8,20,22,98,3,0,0.19,19,89.4,0.15,2.6,18,50.0,0.16,3.6,19,47.3,0.17,3.2,19,21.0,0.25,5.0,15,13.3,0.23,4.7,8,12.5,0.22,5.4,A1,A1,A1,54.0,59.0,2025,2,2024-11-01,2025-04-30,104,13,4,1,1,0,0,0,0,0,0,0,0,0,0,4,5,1,3,2,2,0,0,0,0,0,0,1,0,2,7,4,2,0,3,1,0,0,0,0,0,0,0,1,3,7,5,1,2,0,0,0,0,0,0,0,0,0,2,5,6,2,0,0,0,0,0,0,0,0,0,0,1,1,3,1,2,0,0,0,0,0,0,0,0,0,0,0,0,兵庫
4544,松田大志郎,マツダ タイシロウ,福岡,A1,S,621205,1,37,158,53,A,6.9,50.0,38,24,124,6,2,0.17,28,89.2,0.16,3.0,20,45.0,0.17,4.3,15,33.3,0.18,4.7,21,47.6,0.16,3.6,20,40.0,0.19,3.7,20,25.0,0.17,4.3,A1,A1,A1,56.0,61.0,2025,2,2024-11-01,2025-04-30,104,23,2,1,1,0,0,1,0,0,0,0,0,0,0,5,4,5,1,3,1,0,0,0,0,0,2,0,1,1,4,4,2,2,2,0,0,0,0,0,0,0,0,4,6,7,1,2,1,0,0,0,0,0,0,0,0,3,5,1,4,7,0,0,0,0,0,0,0,0,0,2,3,3,6,5,1,0,0,0,0,0,0,0,0,0,0,0,0,福岡
4545,岡村慶太,オカムラ ケイタ,福岡,A1,S,630208,1,37,167,56,A,6.52,47.1,36,37,155,7,1,0.13,34,88.2,0.13,2.4,24,62.5,0.13,3.0,27,55.5,0.14,2.7,26,23.0,0.13,2.9,27,25.9,0.12,2.5,17,0.0,0.12,3.4,A1,A1,A1,57.0,58.0,2025,2,2024-11-01,2025-04-30,104,26,4,0,3,0,1,0,0,0,0,0,0,0,0,4,11,3,2,3,1,0,0,0,0,0,0,0,0,3,12,4,2,4,2,0,0,0,0,0,0,0,0,1,5,9,5,2,4,0,0,0,0,0,1,0,0,2,5,9,2,6,3,0,0,0,0,0,0,0,0,0,0,6,5,4,2,0,0,0,0,0,0,0,0,0,0,1,0,福岡
4546,浜田亜理沙,ハマダ アリサ,埼玉,A1,S,630319,2,37,163,48,B,6.83,51.6,29,34,122,4,0,0.16,24,83.3,0.15,2.7,25,64.0,0.16,3.2,19,47.3,0.14,2.8,23,30.4,0.14,2.7,17,47.0,0.17,3.2,14,21.4,0.19,4.4,A1,A1,A1,61.0,63.0,2025,2,2024-11-01,2025-04-30,104,16,4,0,0,2,2,0,0,0,0,0,0,0,0,7,9,3,3,1,2,0,0,0,0,0,0,0,0,3,6,2,6,1,1,0,0,0,0,0,0,0,0,3,4,7,3,5,1,0,0,0,0,0,0,0,0,0,8,7,0,2,0,0,0,0,0,0,0,0,0,0,3,2,2,3,4,0,0,0,0,0,0,0,0,0,0,0,0,広島
4547,中田竜太,ナカダ リュウタ,埼玉,A1,S,630410,1,37,166,52,A,7.39,53.2,29,29,109,4,0,0.16,20,85.0,0.15,2.9,18,61.1,0.17,4.1,16,37.5,0.15,3.1,22,50.0,0.14,3.5,17,35.2,0.15,2.8,16,43.7,0.17,3.8,A1,A1,A1,69.0,66.0,2025,2,2024-11-01,2025-04-30,104,15,2,2,0,0,1,0,0,0,0,0,0,0,0,5,6,5,1,0,0,1,0,0,0,0,0,0,0,2,4,3,3,2,2,0,0,0,0,0,0,0,0,5,6,5,3,2,1,0,0,0,0,0,0,0,0,2,4,5,1,3,2,0,0,0,0,0,0,0,0,0,7,4,2,3,0,0,0,0,0,0,0,0,0,0,0,2,0,福島
4548,篠木亜衣花,シノギ アイカ,三重,B2,S,630602,2,37,151,60,B,3.67,11.1,1,0,9,0,0,0.25,1,100.0,0.09,1.0,2,0.0,0.29,5.0,2,0.0,0.18,4.5,1,0.0,0.33,6.0,1,0.0,0.2,4.0,2,0.0,0.34,6.0,B2,B2,B2,0.0,44.0,2025,2,2024-11-01,2025-04-30,104,1,0,0,0,0,0,0,0,0,0,0,0,0,0,0,0,0,1,1,0,0,0,0,0,0,0,0,0,0,0,1,0,0,1,0,0,0,0,0,0,0,0,0,0,0,1,0,0,0,0,0,0,0,0,0,0,0,0,0,1,0,0,0,0,0,0,0,0,0,0,0,0,0,0,0,2,0,0,0,0,0,0,0,0,0,0,0,0,三重
4549,小林文彦,コバヤシ フミヒコ,福岡,A2,S,630916,1,36,164,54,B,5.5,33.3,12,22,102,0,0,0.2,14,57.1,0.17,4.0,18,27.7,0.17,4.2,22,27.2,0.2,3.9,18,38.8,0.22,4.3,16,37.5,0.17,4.5,14,14.2,0.24,5.1,A2,B1,A2,51.0,51.0,2025,2,2024-11-01,2025-04-30,104,7,1,3,2,1,0,0,0,0,0,0,0,0,0,1,4,4,7,1,1,0,0,0,0,0,0,0,0,1,5,4,5,4,2,1,0,0,0,0,1,0,0,1,6,6,3,1,1,0,0,0,0,0,0,0,0,2,4,2,3,1,4,0,0,0,0,0,0,0,0,0,2,4,4,3,1,0,0,0,0,0,0,0,0,0,0,0,0,福岡
4550,石岡将太,イシオカ ショウタ,群馬,B1,S,631106,1,36,167,58,O,5.33,36.6,20,24,120,1,0,0.16,20,70.0,0.15,2.3,19,26.3,0.16,3.2,23,43.4,0.16,2.8,21,33.3,0.15,2.9,21,28.5,0.17,3.8,16,12.5,0.16,3.3,B1,B1,B1,45.0,49.0,2025,2,2024-11-01,2025-04-30,104,11,3,2,1,2,1,0,0,0,0,0,0,0,0,3,2,2,6,0,6,0,0,0,0,0,1,0,0,3,7,4,4,2,2,0,0,0,0,0,0,1,0,1,6,5,4,4,1,0,0,0,0,0,0,0,0,2,4,2,5,3,5,0,0,0,0,0,1,0,0,0,2,3,2,4,5,0,0,0,0,0,0,0,0,0,0,0,0,群馬
4551,三川昂暁,ミカワ タカアキ,福岡,A2,S,631210,1,36,160,54,A,5.55,38.0,20,23,113,1,0,0.18,22,72.7,0.15,2.6,15,66.6,0.18,4.2,16,37.5,0.19,3.1,23,34.7,0.22,4.0,20,10.0,0.16,3.5,17,5.8,0.17,3.7,A2,A2,A2,52.0,50.0,2025,2,2024-11-01,2025-04-30,104,11,5,3,0,2,1,0,0,0,0,0,0,0,0,2,8,2,1,0,2,0,0,0,0,0,0,0,0,3,3,2,1,4,2,1,0,0,0,0,1,0,0,2,6,6,5,3,1,0,0,0,0,0,0,0,0,2,0,4,5,5,4,0,0,0,0,0,0,0,0,0,1,5,3,4,4,0,0,0,0,0,0,0,0,0,0,1,0,福岡
4552,杉山勝匡,スギヤマ カツマサ,佐賀,A2,H,010223,1,36,158,54,B,5.81,42.5,27,24,120,1,0,0.15,15,73.3,0.15,3.3,19,36.8,0.17,3.4,23,43.4,0.14,2.7,23,43.4,0.14,2.8,22,45.4,0.16,3.0,18,16.6,0.15,3.2,B1,B1,B1,49.0,51.0,2025,2,2024-11-01,2025-04-30,104,10,1,2,1,0,1,0,0,0,0,0,0,0,0,3,4,4,4,1,3,0,0,0,0,0,0,0,0,4,6,7,1,3,2,0,0,0,0,0,0,0,0,5,5,1,4,4,4,0,0,0,0,0,0,0,0,5,5,1,4,4,3,0,0,0,0,0,0,0,0,0,3,3,4,6,2,0,0,0,0,0,0,0,0,0,0,0,0,佐賀
4553,坪口竜也,ツボグチ タツヤ,長崎,A2,H,010414,1,36,165,52,A,6.16,42.3,23,21,104,4,0,0.15,23,78.2,0.14,2.3,19,42.1,0.14,2.9,12,66.6,0.17,3.2,16,31.2,0.16,3.5,21,14.2,0.16,3.5,13,15.3,0.16,4.2,A1,A2,A2,53.0,54.0,2025,2,2024-11-01,2025-04-30,104,17,1,2,1,1,0,0,0,0,0,0,0,1,0,2,6,3,4,4,0,0,0,0,0,0,0,0,0,1,7,2,2,0,0,0,0,0,0,0,0,0,0,2,3,3,3,3,2,0,0,0,0,0,0,0,0,0,3,9,3,5,0,0,0,0,0,0,0,1,0,1,1,2,3,5,1,0,0,0,0,0,0,0,0,0,0,1,0,長崎
4555,富永大一,トミナガ タイチ,福岡,B1,H,010719,1,35,158,56,B,5.3,34.6,17,17,98,2,0,0.19,16,62.5,0.19,3.3,18,50.0,0.19,3.9,15,33.3,0.17,2.8,16,37.5,0.17,2.9,16,25.0,0.21,4.3,17,0.0,0.19,4.1,B1,B1,B1,48.0,49.0,2025,2,2024-11-01,2025-04-30,104,9,1,0,3,3,0,0,0,0,0,0,0,0,0,3,6,3,1,2,3,0,0,0,0,0,0,0,0,2,3,3,4,1,2,0,0,0,0,0,0,0,0,3,3,6,2,1,1,0,0,0,0,0,0,0,0,0,4,1,3,5,3,0,0,0,0,0,0,0,0,0,0,4,2,5,6,0,0,0,0,0,0,0,0,0,0,0,0,福岡
4556,竹井奈美,タケイ ナミ,福岡,B2,H,010731,2,35,151,48,A,5.8,46.6,3,4,15,1,0,0.13,2,100.0,0.1,1.0,3,66.6,0.12,3.3,2,50.0,0.23,4.5,4,50.0,0.09,2.0,4,0.0,0.16,3.8,0,0.0,0.0,0.0,B2,B1,A2,0.0,51.0,2025,2,2024-11-01,2025-04-30,104,1,1,0,0,0,0,0,0,0,0,0,0,0,0,2,0,0,0,1,0,0,0,0,0,0,0,0,0,0,1,0,0,0,1,0,0,0,0,0,0,0,0,0,2,0,1,1,0,0,0,0,0,0,0,0,0,0,0,2,0,0,2,0,0,0,0,0,0,0,0,0,0,0,0,0,0,0,0,0,0,0,0,0,0,0,0,0,0,福岡
4557,松尾光広,マツオ ミツヒロ,岡山,A2,H,020111,1,35,161,58,A,5.73,40.4,16,18,84,3,0,0.16,11,72.7,0.15,2.2,18,55.5,0.16,2.7,8,25.0,0.15,2.4,16,37.5,0.13,3.2,16,31.2,0.2,4.9,15,20.0,0.17,3.7,B1,B1,B1,47.0,50.0,2025,2,2024-11-01,2025-04-30,104,6,2,2,0,1,0,0,0,0,0,0,0,0,0,4,6,4,0,2,2,0,0,0,0,0,0,0,0,2,0,1,4,1,0,0,0,0,0,0,0,0,0,2,4,5,2,0,2,0,0,0,0,0,0,1,0,1,4,1,4,3,3,0,0,0,0,0,0,0,0,1,2,2,3,3,3,0,0,0,0,0,0,1,0,0,0,1,0,岡山
4558,宮野仁,ミヤノ ジン,岡山,B1,H,020127,1,35,167,56,A,4.69,23.2,14,13,116,0,0,0.19,16,68.7,0.16,3.6,20,20.0,0.21,4.5,22,9.0,0.16,3.3,21,23.8,0.19,4.1,21,19.0,0.19,4.2,16,6.2,0.23,4.8,B1,B1,A2,46.0,48.0,2025,2,2024-11-01,2025-04-30,104,7,4,1,0,2,2,0,0,0,0,0,0,0,0,1,3,1,5,7,2,0,0,0,0,0,1,1,0,2,0,6,9,5,0,0,0,0,0,0,0,0,0,4,1,5,4,4,3,0,0,0,0,0,0,0,0,0,4,4,4,7,2,0,0,0,0,0,0,0,0,0,1,5,3,3,3,0,0,0,0,0,0,1,0,0,0,0,0,岡山
4560,庄司樹良々,ショウジ キララ,東京,A1,H,030107,1,34,169,56,O,6.35,46.0,22,30,113,2,0,0.14,19,68.4,0.16,3.1,18,61.1,0.14,3.2,19,42.1,0.14,2.4,21,71.4,0.12,2.2,20,20.0,0.13,2.5,16,6.2,0.16,4.2,B1,B1,B1,49.0,53.0,2025,2,2024-11-01,2025-04-30,104,10,3,2,3,1,0,0,0,0,0,0,0,0,0,2,9,3,2,1,1,0,0,0,0,0,0,0,0,2,6,5,4,2,0,0,0,0,0,0,0,0,0,7,8,1,4,1,0,0,0,0,0,0,0,0,0,1,3,7,4,2,2,0,0,0,0,0,0,1,0,0,1,6,4,3,2,0,0,0,0,0,0,0,0,0,0,0,0,東京
4561,藤山翔大,フジヤマ ショウタ,大阪,A1,H,030205,1,34,170,55,O,6.33,51.2,51,31,160,8,0,0.2,33,54.5,0.21,4.6,26,34.6,0.21,4.3,30,76.6,0.2,3.6,32,62.5,0.2,3.5,24,33.3,0.2,3.7,15,26.6,0.2,4.4,A2,A1,A1,50.0,52.0,2025,2,2024-11-01,2025-04-30,104,13,5,4,5,1,5,0,0,0,0,0,0,0,0,3,6,2,3,10,2,0,0,0,0,0,0,0,0,14,9,1,2,3,1,0,0,0,0,0,1,0,0,14,6,5,3,2,2,0,0,0,0,0,0,0,0,3,5,3,3,3,7,0,0,0,0,0,0,0,0,4,0,3,1,2,5,0,0,0,0,0,0,0,0,0,0,0,0,大阪
4562,阪本勇介,サカモト ユウスケ,岡山,B1,S,621106,1,37,168,57,A,4.48,20.9,7,15,105,0,0,0.2,13,46.1,0.16,2.6,19,15.7,0.22,4.0,17,41.1,0.2,3.9,19,26.3,0.18,3.1,20,0.0,0.2,4.1,17,5.8,0.22,5.1,B1,B1,B1,45.0,47.0,2025,2,2024-11-01,2025-04-30,105,2,4,1,1,2,2,0,0,0,0,0,1,0,1,2,1,2,9,3,2,0,0,0,0,0,0,0,0,1,6,4,1,2,3,0,0,0,0,0,1,0,0,2,3,6,4,2,2,0,0,0,0,0,0,0,0,0,0,6,7,3,4,0,0,0,0,0,0,0,0,0,1,3,1,7,5,0,0,0,0,0,0,0,0,0,0,0,0,岡山
4563,齋藤真之,サイトウ マサユキ,岡山,B1,S,621204,1,37,167,55,O,3.51,16.4,5,9,85,0,0,0.19,10,70.0,0.12,2.4,16,6.2,0.2,3.9,15,13.3,0.18,3.3,14,7.1,0.2,4.6,22,9.0,0.18,3.8,8,12.5,0.23,4.8,B1,B1,B1,45.0,43.0,2025,2,2024-11-01,2025-04-30,105,4,3,0,1,1,1,0,0,0,0,0,0,0,0,0,1,1,3,4,7,0,0,0,0,0,1,0,0,0,2,1,3,5,4,0,0,0,0,0,0,0,0,0,1,1,4,2,6,0,0,0,0,0,0,0,0,1,1,4,3,6,7,0,0,0,0,0,1,0,0,0,1,1,1,2,3,0,0,0,0,0,0,0,0,0,0,0,0,岡山
4564,山本景士郎,ヤマモト ケイシロウ,広島,B1,S,621205,1,37,171,54,O,4.43,23.0,6,15,91,0,0,0.18,12,41.6,0.21,3.7,19,21.0,0.17,4.1,14,42.8,0.18,3.1,13,30.7,0.15,2.9,17,5.8,0.2,4.6,16,6.2,0.19,4.8,B1,B1,A2,49.0,47.0,2025,2,2024-11-01,2025-04-30,105,3,2,2,1,1,1,1,0,0,0,0,0,1,0,2,2,4,7,3,1,0,0,0,0,0,0,0,0,0,6,3,3,0,2,0,0,0,0,0,0,0,0,1,3,1,5,1,2,0,0,0,0,0,0,0,0,0,1,2,4,5,5,0,0,0,0,0,0,0,0,0,1,2,3,3,7,0,0,0,0,0,0,0,0,0,0,0,0,広島
4565,西村豪洋,ニシムラ タケヒロ,愛知,B1,S,621208,1,37,168,54,A,4.9,25.8,12,12,93,0,0,0.17,14,71.4,0.16,3.4,14,35.7,0.18,3.7,16,6.2,0.17,2.8,18,16.6,0.15,2.9,15,20.0,0.18,3.3,16,12.5,0.18,3.6,B1,B1,B1,45.0,48.0,2025,2,2024-11-01,2025-04-30,105,4,6,1,2,0,0,0,0,0,0,0,0,0,1,3,2,2,1,1,4,0,0,0,0,0,0,1,0,0,1,5,3,6,1,0,0,0,0,0,0,0,0,3,0,4,6,3,2,0,0,0,0,0,0,0,0,1,2,4,2,4,2,0,0,0,0,0,0,0,0,1,1,4,5,2,3,0,0,0,0,0,0,0,0,0,0,0,0,愛知
4566,塩田北斗,シオタ ホクト,福岡,A1,S,621225,1,37,166,56,O,7.53,60.3,42,31,121,7,4,0.15,34,85.2,0.14,3.1,15,66.6,0.12,3.0,24,66.6,0.15,3.3,18,55.5,0.14,2.5,18,33.3,0.16,3.4,12,16.6,0.16,3.8,A1,A1,A1,60.0,60.0,2025,2,2024-11-01,2025-04-30,105,24,5,3,2,0,0,0,0,0,0,0,0,0,0,4,6,2,0,1,1,1,0,0,0,0,0,0,0,8,8,5,2,0,1,0,0,0,0,0,0,0,0,6,4,5,1,1,1,0,0,0,0,0,0,0,0,0,6,4,2,4,2,0,0,0,0,0,0,0,0,0,2,5,4,0,1,0,0,0,0,0,0,0,0,0,0,0,0,福岡
4567,上村慎太郎,ウエムラ シンタロウ,山口,B1,S,621231,1,37,167,52,A,3.48,14.7,3,10,88,0,0,0.23,11,54.5,0.15,3.4,17,29.4,0.2,4.9,19,0.0,0.22,4.8,15,13.3,0.24,5.1,14,0.0,0.26,5.0,12,0.0,0.3,5.8,B1,B1,B1,44.0,43.0,2025,2,2024-11-01,2025-04-30,105,3,3,1,2,2,0,0,0,0,0,0,0,0,0,0,5,3,3,3,3,0,0,0,0,0,0,0,0,0,0,3,5,6,5,0,0,0,0,0,0,0,0,0,2,2,1,3,7,0,0,0,0,0,1,0,0,0,0,1,4,6,3,0,0,0,0,0,1,0,0,0,0,0,1,4,6,0,0,0,0,0,0,1,0,0,0,1,0,山口
4568,廣瀬真也,ヒロセ シンヤ,東京,A2,S,630116,1,37,164,51,B,5.66,36.0,16,24,111,1,0,0.14,20,75.0,0.12,1.8,24,41.6,0.15,3.0,13,38.4,0.14,2.5,16,37.5,0.13,2.1,20,20.0,0.13,2.6,18,0.0,0.19,3.8,B1,B1,B1,49.0,52.0,2025,2,2024-11-01,2025-04-30,105,10,5,1,2,1,1,0,0,0,0,0,0,0,0,1,9,4,4,4,2,0,0,0,0,0,0,0,0,1,4,4,3,1,0,0,0,0,0,0,0,0,0,3,3,4,2,2,2,0,0,0,0,0,0,0,0,1,3,7,4,5,0,0,0,0,0,0,0,0,0,0,0,3,8,6,1,0,0,0,0,0,0,0,0,0,0,0,0,神奈川
4569,中澤宏奈,ナカザワ ヒロナ,東京,B1,S,630319,2,37,164,48,O,5.31,32.8,13,10,70,1,0,0.15,12,66.6,0.18,2.9,12,25.0,0.15,2.7,13,46.1,0.12,2.0,11,45.4,0.12,2.2,10,10.0,0.17,2.6,12,0.0,0.16,3.8,A2,B1,B1,51.0,48.0,2025,2,2024-11-01,2025-04-30,105,7,1,2,1,1,0,0,0,0,0,0,0,0,0,0,3,6,2,1,0,0,0,0,0,0,0,0,0,4,2,0,4,0,2,0,0,0,0,0,0,1,0,2,3,1,1,0,3,0,0,0,0,0,0,1,0,0,1,3,4,0,1,0,0,0,0,0,0,1,0,0,0,1,3,4,4,0,0,0,0,0,0,0,0,0,0,0,0,東京
4570,前田聖文,マエダ キヨフミ,愛知,A1,S,630417,1,37,164,55,O,6.65,49.2,32,30,126,4,0,0.13,27,85.1,0.15,3.3,21,66.6,0.13,3.1,18,61.1,0.13,2.3,20,25.0,0.11,2.5,23,21.7,0.13,2.7,17,23.5,0.16,3.3,A1,A1,A2,54.0,55.0,2025,2,2024-11-01,2025-04-30,105,18,5,1,3,0,0,0,0,0,0,0,2,0,0,6,8,4,1,2,0,0,0,0,0,0,0,0,0,3,8,4,1,2,0,0,0,0,0,0,0,0,0,3,2,7,4,3,0,0,0,0,0,0,0,0,1,2,3,7,6,3,2,0,0,0,0,0,1,0,0,0,4,1,8,4,0,0,0,0,0,0,0,0,0,0,0,0,0,愛知
4571,菅章哉,スガ フミヤ,徳島,A1,S,630702,1,36,159,54,B,6.89,49.5,44,12,113,8,5,0.17,22,77.2,0.16,3.8,13,61.5,0.15,3.6,11,54.5,0.18,3.9,24,54.1,0.15,3.5,14,35.7,0.2,3.6,29,24.1,0.17,3.9,A1,A1,A1,53.0,64.0,2025,2,2024-11-01,2025-04-30,105,16,1,3,0,2,0,0,0,0,0,0,0,0,0,6,2,0,3,1,1,0,0,0,0,0,0,0,0,3,3,2,1,1,1,0,0,0,0,0,0,0,0,11,2,2,3,2,4,0,0,0,0,0,0,0,0,3,2,4,1,2,2,0,0,0,0,0,0,0,0,5,2,3,3,4,12,0,0,0,0,0,0,0,0,0,0,1,0,徳島
4572,渡部悟,ワタナベ サトル,大阪,B1,S,630813,1,36,163,58,O,4.85,26.6,13,19,120,0,0,0.15,19,78.9,0.1,1.9,20,25.0,0.16,2.7,18,33.3,0.14,2.6,17,23.5,0.12,2.3,19,5.2,0.18,3.9,27,3.7,0.19,3.9,A2,A2,A2,50.0,47.0,2025,2,2024-11-01,2025-04-30,105,9,6,0,2,2,0,0,0,0,0,0,0,0,0,2,3,8,3,1,1,1,0,0,0,0,0,1,0,2,4,3,6,0,3,0,0,0,0,0,0,0,0,0,4,3,5,3,2,0,0,0,0,0,0,0,0,0,1,6,4,5,2,0,0,0,0,0,1,1,0,0,1,6,2,9,8,0,0,0,0,0,0,1,0,0,0,0,0,大阪
4573,佐藤翼,サトウ ツバサ,埼玉,A1,S,630910,1,36,168,54,B,7.22,43.9,26,25,116,5,1,0.14,21,80.9,0.12,2.7,20,55.0,0.12,2.7,19,57.8,0.15,3.3,18,27.7,0.13,3.7,19,15.7,0.15,3.4,19,21.0,0.16,4.4,A1,A1,A1,69.0,74.0,2025,2,2024-11-01,2025-04-30,105,15,2,2,1,0,1,0,0,0,0,0,0,0,0,4,7,4,3,0,2,0,0,0,0,0,0,0,0,3,8,2,2,2,2,0,0,0,0,0,0,0,0,2,3,5,4,2,1,0,0,0,0,0,0,1,0,2,1,7,4,3,2,0,0,0,0,0,0,0,0,0,4,2,5,4,4,0,0,0,0,0,0,0,0,0,0,0,0,埼玉
4574,東潤樹,アズマ ジュンキ,広島,B1,S,630910,1,36,162,54,B,4.91,28.8,16,20,125,0,0,0.19,16,81.2,0.16,2.8,25,40.0,0.19,4.5,21,38.1,0.14,3.3,28,14.2,0.21,4.3,21,4.7,0.21,4.7,14,0.0,0.2,4.4,B1,B1,B1,47.0,49.0,2025,2,2024-11-01,2025-04-30,105,10,3,2,0,1,0,0,0,0,0,0,0,0,0,5,5,3,6,2,3,0,0,0,0,0,0,0,1,1,7,3,6,3,1,0,0,0,0,0,0,0,0,0,4,3,8,12,1,0,0,0,0,0,1,0,0,0,1,6,4,7,3,0,0,0,0,0,0,0,0,0,0,1,5,4,4,0,0,0,0,0,0,0,0,0,0,0,0,愛媛
4575,戸塚邦好,トツカ クニヨシ,東京,A2,S,630921,1,36,168,53,B,5.88,39.5,16,18,86,2,0,0.14,18,72.2,0.14,2.3,10,70.0,0.15,2.8,16,37.5,0.16,2.6,14,42.8,0.11,2.5,15,0.0,0.14,3.1,13,15.3,0.16,3.2,A2,A2,A1,50.0,51.0,2025,2,2024-11-01,2025-04-30,105,11,2,2,0,0,3,0,0,0,0,0,0,0,0,2,5,2,1,0,0,0,0,0,0,0,0,0,0,1,5,3,3,1,3,0,0,0,0,0,0,0,0,2,4,5,2,0,1,0,0,0,0,0,0,0,0,0,0,5,5,2,3,0,0,0,0,0,0,0,0,0,2,2,5,1,3,0,0,0,0,0,0,0,0,0,0,0,0,東京
4578,藤山雅弘,フジヤマ マサヒロ,大阪,A2,H,010605,1,36,167,53,B,6.24,46.2,34,21,119,1,0,0.16,19,100.0,0.12,1.9,24,62.5,0.16,3.3,22,31.8,0.15,2.7,20,40.0,0.16,3.1,18,22.2,0.15,3.0,16,12.5,0.2,3.9,B1,B1,A2,47.0,52.0,2025,2,2024-11-01,2025-04-30,105,16,3,0,0,0,0,0,0,0,0,0,0,0,0,5,10,6,3,0,0,0,0,0,0,0,0,0,0,4,3,5,1,4,5,0,0,0,0,0,0,0,0,6,2,3,5,2,2,0,0,0,0,0,0,0,0,2,2,3,0,6,5,0,0,0,0,0,0,0,0,1,1,6,4,4,0,0,0,0,0,0,0,0,0,0,0,0,0,大阪
4579,中嶋健一郎,ナカジマ ケンイチロウ,三重,A1,H,010623,1,36,162,53,B,6.59,43.2,29,19,111,4,2,0.15,18,88.8,0.13,2.6,18,55.5,0.15,3.8,22,59.0,0.16,3.5,22,27.2,0.15,3.7,19,5.2,0.18,3.7,12,16.6,0.17,4.3,A1,A1,A1,54.0,63.0,2025,2,2024-11-01,2025-04-30,105,15,1,2,0,0,0,0,0,0,0,0,0,0,0,3,7,4,1,2,1,0,0,0,0,0,0,0,0,6,7,2,4,2,1,0,0,0,0,0,0,0,0,4,2,6,6,3,1,0,0,0,0,0,0,0,0,0,1,7,3,2,6,0,0,0,0,0,0,0,0,1,1,2,3,2,3,0,0,0,0,0,0,0,0,0,0,0,0,三重
4580,長谷川雅和,ハセガワ マサカズ,岡山,A2,H,010703,1,35,169,54,A,5.48,40.3,31,19,124,3,0,0.16,27,81.4,0.15,3.0,20,30.0,0.17,3.8,20,55.0,0.16,3.2,16,31.2,0.15,3.4,21,28.5,0.16,3.3,20,0.0,0.17,4.2,A2,A2,A2,51.0,49.0,2025,2,2024-11-01,2025-04-30,105,20,2,1,1,1,1,1,0,0,0,0,0,0,0,1,5,4,3,2,5,0,0,0,0,0,0,0,0,6,5,4,2,0,3,0,0,0,0,0,0,0,0,1,4,0,4,4,3,0,0,0,0,0,0,0,0,3,3,1,7,4,3,0,0,0,0,0,0,0,0,0,0,3,2,7,8,0,0,0,0,0,0,0,0,0,0,0,0,岡山
4581,吉村誠,ヨシムラ マコト,静岡,A2,H,010717,1,35,164,54,A,5.82,38.1,31,25,147,0,0,0.14,28,75.0,0.11,2.1,25,44.0,0.14,3.1,25,32.0,0.15,2.7,26,30.7,0.13,2.5,18,22.2,0.15,3.1,25,16.0,0.13,2.6,A2,A2,A2,51.0,51.0,2025,2,2024-11-01,2025-04-30,105,17,4,1,1,3,1,1,1,0,0,0,0,0,0,6,5,7,4,1,1,0,0,0,0,0,0,0,1,2,6,5,8,3,1,0,0,0,0,0,0,0,0,3,5,6,6,5,1,0,0,0,0,0,0,0,0,2,2,5,3,2,4,0,0,0,0,0,0,0,0,1,3,7,5,6,3,0,0,0,0,0,0,0,0,0,0,0,0,静岡
4583,古田祐貴,フルタ ユウキ,香川,A2,H,010824,1,35,166,52,O,5.49,34.6,18,18,104,0,0,0.16,16,87.5,0.15,2.3,15,40.0,0.14,3.1,23,43.4,0.14,2.5,18,16.6,0.16,2.5,19,15.7,0.18,3.3,13,0.0,0.21,4.6,B1,A2,A2,50.0,49.0,2025,2,2024-11-01,2025-04-30,105,10,4,0,1,0,0,0,0,0,0,0,0,1,0,4,2,5,1,1,1,0,0,0,0,0,0,1,0,3,7,4,6,3,0,0,0,0,0,0,0,0,0,1,2,6,3,3,3,0,0,0,0,0,0,0,0,0,3,6,5,2,1,1,0,0,0,0,0,1,0,0,0,1,5,1,6,0,0,0,0,0,1,0,0,0,0,0,0,香川
4584,村岡賢人,ムラオカ ケント,岡山,A1,H,011228,1,35,163,55,AB,6.53,46.8,44,22,141,5,0,0.12,31,83.8,0.12,1.8,21,61.9,0.12,2.2,24,37.5,0.12,2.5,22,40.9,0.11,2.2,24,29.1,0.14,3.0,19,10.5,0.13,3.9,A1,A1,A1,56.0,57.0,2025,2,2024-11-01,2025-04-30,105,23,3,2,2,1,0,0,0,0,0,0,0,0,0,3,10,2,1,3,1,0,0,0,0,0,0,1,0,7,2,6,5,1,3,0,0,0,0,0,0,0,0,5,4,7,1,2,3,0,0,0,0,0,0,0,0,5,2,3,2,7,5,0,0,0,0,0,0,0,0,1,1,4,10,2,1,0,0,0,0,0,0,0,0,0,0,2,0,鳥取
4586,磯部誠,イソベ マコト,愛知,A1,H,020908,1,34,172,57,A,7.08,43.1,40,17,132,4,2,0.13,31,87.1,0.12,2.5,21,47.6,0.13,3.0,18,55.5,0.14,2.7,20,35.0,0.11,2.6,21,4.7,0.12,2.8,21,9.5,0.14,3.3,A1,A1,A1,72.0,72.0,2025,2,2024-11-01,2025-04-30,105,27,0,1,0,1,2,0,0,0,0,0,0,0,0,6,4,4,0,5,2,0,0,0,0,0,0,0,0,4,6,5,2,1,0,0,0,0,0,0,0,0,0,3,4,4,2,6,1,0,0,0,0,0,0,0,0,0,1,5,6,8,1,0,0,0,0,0,0,0,0,0,2,5,6,6,2,0,0,0,0,0,0,0,0,0,0,0,0,愛知
4587,木田峰由季,キダ ミネユキ,福井,A2,H,021216,1,34,164,55,B,5.59,36.0,20,20,111,1,0,0.16,20,55.0,0.14,2.6,19,47.3,0.17,3.5,18,33.3,0.13,2.8,18,38.8,0.16,2.6,22,27.2,0.19,3.8,14,7.1,0.2,5.1,B1,A2,B1,48.0,50.0,2025,2,2024-11-01,2025-04-30,105,6,5,4,0,3,2,0,0,0,0,0,0,0,0,5,4,3,4,2,1,0,0,0,0,0,0,0,0,5,1,6,3,1,2,0,0,0,0,0,0,0,0,3,4,6,2,1,1,1,0,0,0,0,0,0,0,1,5,2,5,5,3,0,0,0,0,0,0,1,0,0,1,4,2,6,1,0,0,0,0,0,0,0,0,0,0,0,0,石川
4588,田中京介,タナカ キョウスケ,福岡,A2,H,030308,1,34,164,57,B,5.51,35.4,22,17,110,0,0,0.16,22,77.2,0.14,2.6,15,40.0,0.15,2.4,22,36.3,0.14,3.0,16,18.7,0.12,2.9,17,23.5,0.17,3.5,18,5.5,0.22,4.6,A2,A2,B1,49.0,49.0,2025,2,2024-11-01,2025-04-30,105,14,3,3,1,0,0,1,0,0,0,0,0,0,0,2,4,4,1,1,2,0,0,0,0,0,1,1,0,4,4,4,5,1,3,0,0,0,0,0,0,1,0,0,3,4,4,4,1,0,0,0,0,0,0,0,0,2,2,4,4,1,4,0,0,0,0,0,0,0,0,0,1,1,8,6,2,0,0,0,0,0,0,0,0,0,0,0,0,福岡
4589,塩崎桐加,シオザキ ヒサカ,三重,B1,H,040420,2,33,161,52,B,5.27,37.7,19,27,122,1,0,0.17,21,76.1,0.21,3.8,26,50.0,0.14,2.9,12,25.0,0.19,3.5,24,29.1,0.16,3.3,23,21.7,0.15,3.6,16,12.5,0.16,3.3,A2,B1,B1,51.0,49.0,2025,2,2024-11-01,2025-04-30,105,12,4,1,1,1,1,0,0,0,0,0,0,1,0,3,10,2,2,7,2,0,0,0,0,0,0,0,0,2,1,4,0,2,2,1,0,0,0,0,0,0,0,1,6,5,5,4,3,0,0,0,0,0,0,0,0,1,4,1,8,5,4,0,0,0,0,0,0,0,0,0,2,3,4,3,4,0,0,0,0,0,0,0,0,0,0,0,0,三重
4590,渡邉優美,ワタナベ ユミ,福岡,A1,H,040919,2,32,161,49,B,7.08,54.8,30,27,104,4,1,0.15,27,81.4,0.14,3.1,20,65.0,0.14,3.6,14,64.2,0.13,2.8,15,46.6,0.16,3.7,12,25.0,0.15,3.3,16,18.7,0.19,4.0,A1,A1,A1,58.0,62.0,2025,2,2024-11-01,2025-04-30,105,18,4,2,1,0,1,1,0,0,0,0,0,0,0,7,6,1,3,1,2,0,0,0,0,0,0,0,0,4,5,2,3,0,0,0,0,0,0,0,0,0,0,1,6,2,3,1,2,0,0,0,0,0,0,0,0,0,3,2,3,3,1,0,0,0,0,0,0,0,0,0,3,8,1,2,2,0,0,0,0,0,0,0,0,0,0,0,0,福岡
4592,小林孝弘,コバヤシ タカヒロ,山口,B1,S,551211,1,44,166,52,A,4.3,23.0,5,18,100,0,0,0.17,15,60.0,0.17,3.3,18,38.8,0.19,3.4,19,10.5,0.13,2.6,18,22.2,0.18,3.9,13,0.0,0.18,3.6,17,5.8,0.19,4.1,B1,B1,B1,48.0,46.0,2025,2,2024-11-01,2025-04-30,106,4,5,0,2,3,1,0,0,0,0,0,0,0,0,0,7,5,0,1,5,0,0,0,0,0,0,0,0,0,2,6,3,4,4,0,0,0,0,0,0,0,0,1,3,5,1,1,7,0,0,0,0,0,0,0,0,0,0,2,1,8,2,0,0,0,0,0,0,0,0,0,1,4,3,2,7,0,0,0,0,0,0,0,0,0,0,0,0,山口
4593,小坂宗司,コサカ タカシ,大阪,A2,S,551231,1,44,169,52,AB,5.62,39.6,18,22,101,0,0,0.18,22,90.9,0.15,2.5,17,47.0,0.15,3.0,12,33.3,0.17,3.2,18,27.7,0.19,3.7,15,13.3,0.21,4.3,17,5.8,0.21,4.5,A2,A2,B1,51.0,50.0,2025,2,2024-11-01,2025-04-30,106,15,5,0,0,0,1,1,0,0,0,0,0,0,0,2,6,3,3,1,2,0,0,0,0,0,0,0,0,1,3,3,2,0,3,0,0,0,0,0,0,0,0,0,5,5,2,3,3,0,0,0,0,0,0,0,0,0,2,4,3,5,1,0,0,0,0,0,0,0,0,0,1,4,5,3,4,0,0,0,0,0,0,0,0,0,0,2,0,大阪
4594,谷川祐一,タニガワ ユウイチ,滋賀,A2,S,561105,1,43,164,53,B,5.95,41.7,32,24,134,3,0,0.16,28,89.2,0.13,2.5,22,54.5,0.17,3.5,23,30.4,0.18,2.9,25,24.0,0.14,3.1,25,24.0,0.15,2.8,11,0.0,0.18,3.0,A1,A1,A2,52.0,51.0,2025,2,2024-11-01,2025-04-30,106,21,4,2,0,0,0,1,0,0,0,0,0,0,0,3,9,3,3,3,1,0,0,0,0,0,0,0,0,1,6,5,5,1,5,0,0,0,0,0,0,0,0,3,3,8,5,3,3,0,0,0,0,0,0,0,0,4,2,6,6,5,2,0,0,0,0,0,0,0,0,0,0,0,3,5,3,0,0,0,0,0,0,0,0,0,0,0,0,滋賀
4596,葛原大陽,クズハラ ヒロアキ,徳島,A1,S,580614,1,42,167,55,A,6.29,46.0,33,31,139,5,0,0.16,26,96.1,0.15,2.5,26,61.5,0.16,3.3,23,34.7,0.14,3.0,20,35.0,0.16,3.0,22,13.6,0.16,3.5,22,22.7,0.16,3.9,A1,A2,A2,52.0,54.0,2025,2,2024-11-01,2025-04-30,106,20,5,1,0,0,0,0,0,0,0,0,0,0,0,7,9,2,1,6,0,0,0,0,0,0,0,1,0,2,6,8,3,2,2,0,0,0,0,0,0,0,0,3,4,7,3,2,1,0,0,0,0,0,1,0,0,0,3,4,5,6,4,0,0,0,0,0,0,0,0,1,4,4,7,3,2,0,0,0,0,0,0,0,1,0,0,0,0,徳島
4598,加藤政彦,カトウ マサヒコ,東京,A1,S,590525,1,41,162,54,A,6.32,46.9,32,29,130,6,0,0.16,29,82.7,0.15,2.3,22,54.5,0.15,2.5,21,52.3,0.12,1.7,17,47.0,0.16,3.3,15,26.6,0.14,3.3,26,7.6,0.21,4.6,A2,A1,A2,50.0,53.0,2025,2,2024-11-01,2025-04-30,106,18,6,2,2,0,0,0,0,0,0,0,0,1,0,5,7,6,1,1,2,0,0,0,0,0,0,0,0,6,5,3,3,3,1,0,0,0,0,0,0,0,0,1,7,2,5,1,1,0,0,0,0,0,0,0,0,0,4,4,2,2,3,0,0,0,0,0,0,0,0,2,0,4,11,7,2,0,0,0,0,0,0,0,0,0,0,0,0,東京
4600,井内将太郎,イウチ マサタロウ,広島,A2,S,591216,1,40,167,52,O,6.02,39.4,30,24,137,4,0,0.13,28,89.2,0.14,2.6,17,47.0,0.16,3.2,23,26.0,0.13,1.8,26,23.0,0.12,2.4,23,39.1,0.11,2.0,20,0.0,0.16,3.4,A2,A2,A1,51.0,52.0,2025,2,2024-11-01,2025-04-30,106,19,6,0,3,0,0,0,0,0,0,0,0,0,0,3,5,6,0,2,1,0,0,0,0,0,0,0,0,4,2,7,6,4,0,0,0,0,0,0,0,0,0,2,4,6,7,5,2,0,0,0,0,0,0,0,0,2,7,4,5,2,3,0,0,0,0,0,0,0,0,0,0,3,11,5,1,0,0,0,0,0,1,0,0,0,0,0,0,広島
4601,森野正弘,モリノ マサヒロ,山口,A1,S,600128,1,40,166,55,A,6.61,47.5,38,29,141,6,0,0.14,37,86.4,0.15,3.1,21,57.1,0.14,2.2,18,38.8,0.12,2.3,23,26.0,0.13,2.8,22,31.8,0.16,2.9,20,15.0,0.15,3.3,A1,A1,A1,55.0,56.0,2025,2,2024-11-01,2025-04-30,106,26,6,1,0,1,3,0,0,0,0,0,0,0,0,5,7,1,3,3,2,0,0,0,0,0,0,0,0,2,5,9,0,1,1,0,0,0,0,0,3,0,0,1,5,7,5,4,1,0,0,0,0,0,0,0,0,3,4,1,8,5,1,0,0,0,0,0,0,0,0,1,2,10,2,1,4,0,0,0,0,0,2,0,0,0,0,1,0,山口
4603,谷川将太,タニガワ ショウタ,長崎,A2,S,630112,1,37,167,54,AB,5.48,37.9,18,29,124,1,0,0.14,18,83.3,0.13,2.2,23,60.8,0.14,2.4,18,27.7,0.13,2.2,22,22.7,0.15,2.8,25,24.0,0.14,2.7,18,11.1,0.18,3.6,B1,B1,B1,48.0,50.0,2025,2,2024-11-01,2025-04-30,106,11,4,0,2,0,1,0,0,0,0,0,0,0,0,2,12,3,2,2,2,0,0,0,0,0,0,0,0,2,3,2,2,6,3,0,0,0,0,0,0,0,0,1,4,4,7,5,1,0,0,0,0,0,0,0,0,1,5,7,6,4,2,0,0,0,0,0,0,0,0,1,1,2,7,4,3,0,0,0,0,0,0,0,0,0,0,0,0,長崎
4604,岩瀬裕亮,イワセ ユウスケ,愛知,A1,S,630611,1,37,163,54,A,7.31,52.5,28,34,118,7,2,0.14,26,100.0,0.12,2.0,20,65.0,0.14,3.2,18,50.0,0.14,3.1,17,41.1,0.16,3.2,22,31.8,0.16,3.6,15,0.0,0.15,3.7,A1,A1,A1,55.0,63.0,2025,2,2024-11-01,2025-04-30,106,22,4,0,0,0,0,0,0,0,0,0,0,0,0,3,10,3,3,1,0,0,0,0,0,0,0,0,0,0,9,4,1,3,1,0,0,0,0,0,0,0,0,1,6,8,0,1,1,0,0,0,0,0,0,0,0,2,5,8,5,1,0,0,0,0,0,0,0,1,0,0,0,9,4,2,0,0,0,0,0,0,0,0,0,0,0,0,0,愛知
4607,鶴田勇雄,ツルタ イサオ,福岡,A2,H,010317,1,36,164,52,A,5.96,41.1,24,36,146,1,0,0.17,27,81.4,0.16,2.8,23,21.7,0.18,4.0,23,26.0,0.18,3.3,27,33.3,0.17,3.0,25,48.0,0.18,3.4,21,28.5,0.15,3.2,A2,A2,A2,52.0,52.0,2025,2,2024-11-01,2025-04-30,106,14,8,3,1,0,1,0,0,0,0,0,0,0,0,2,3,9,4,2,2,0,0,0,0,0,0,0,1,1,5,7,6,2,2,0,0,0,0,0,0,0,0,3,6,6,4,5,3,0,0,0,0,0,0,0,0,1,11,4,2,6,1,0,0,0,0,0,0,0,0,3,3,6,4,2,3,0,0,0,0,0,0,0,0,0,0,0,0,福岡
4608,荒井翔伍,アライ ショウゴ,東京,A2,H,011001,1,35,157,56,O,5.89,42.1,30,32,147,2,0,0.14,29,86.2,0.11,2.0,22,68.1,0.13,2.6,24,33.3,0.15,3.1,26,34.6,0.14,2.5,26,15.3,0.15,3.1,20,5.0,0.16,4.0,A2,A2,A1,51.0,51.0,2025,2,2024-11-01,2025-04-30,106,17,8,1,0,1,1,0,0,0,0,0,0,1,0,5,10,3,1,3,0,0,0,0,0,0,0,0,0,3,5,7,5,2,2,0,0,0,0,0,1,0,0,4,5,5,6,4,2,0,0,0,0,0,0,0,0,1,3,4,10,6,2,0,0,0,0,0,0,0,0,0,1,4,6,4,4,0,0,0,0,0,1,1,0,0,0,1,0,千葉
4610,佐藤大佑,サトウ ダイスケ,東京,A2,H,020731,1,34,164,55,A,5.66,41.1,34,22,136,5,2,0.17,23,69.5,0.18,3.3,25,64.0,0.15,2.8,20,45.0,0.17,2.6,20,30.0,0.16,3.2,25,24.0,0.17,3.4,23,13.0,0.21,4.0,A2,A2,A1,50.0,50.0,2025,2,2024-11-01,2025-04-30,106,13,3,2,2,1,2,0,0,0,0,0,0,0,0,6,10,1,4,2,2,0,0,0,0,0,1,0,0,5,4,6,2,2,0,0,0,0,0,0,0,1,0,5,1,4,2,7,1,0,0,0,0,0,0,0,0,3,3,3,4,5,7,0,0,0,0,0,0,0,0,2,1,2,4,9,5,0,0,0,0,0,0,0,0,0,0,0,0,千葉
4611,今井美亜,イマイ ミア,福井,A2,H,020814,2,34,157,48,AB,6.24,46.9,24,22,98,4,0,0.16,18,94.4,0.14,2.2,19,57.8,0.16,2.9,15,60.0,0.13,2.5,14,42.8,0.17,2.7,18,16.6,0.18,3.5,14,0.0,0.19,3.9,A2,A2,A2,53.0,54.0,2025,2,2024-11-01,2025-04-30,106,14,3,0,0,0,1,0,0,0,0,0,0,0,0,1,10,2,2,3,1,0,0,0,0,0,0,0,0,7,2,2,2,2,0,0,0,0,0,0,0,0,0,1,5,1,4,2,1,0,0,0,0,0,1,0,0,1,2,2,7,1,4,0,0,0,0,0,2,1,0,0,0,3,6,2,3,0,0,0,0,0,0,0,0,0,0,1,0,富山
4614,石倉洋行,イシクラ ヨウコウ,福岡,A1,S,550313,1,45,170,55,B,6.73,50.8,37,26,124,3,1,0.13,27,81.4,0.13,2.3,19,52.6,0.15,2.8,19,57.8,0.1,1.9,25,44.0,0.13,2.2,19,36.8,0.13,2.2,15,13.3,0.15,2.6,A2,A1,B2,51.0,55.0,2025,2,2024-11-01,2025-04-30,107,20,2,2,2,1,0,0,0,0,0,0,0,0,0,5,5,2,5,1,1,0,0,0,0,0,1,0,0,5,6,5,3,0,0,0,0,0,0,0,0,0,0,5,6,6,2,2,3,0,0,0,0,0,0,1,0,2,5,3,3,5,1,0,0,0,0,0,0,0,0,0,2,3,5,1,3,1,0,0,0,0,1,0,0,0,0,0,0,福岡
4615,板倉敦史,イタクラ アツシ,東京,B1,S,550621,1,45,169,54,O,4.38,20.6,7,13,97,0,0,0.21,14,42.8,0.17,3.0,18,33.3,0.21,4.0,20,20.0,0.19,3.6,13,15.3,0.2,4.2,17,5.8,0.23,4.6,15,6.6,0.26,4.8,B1,B1,B1,48.0,47.0,2025,2,2024-11-01,2025-04-30,107,5,1,3,3,0,2,0,0,0,0,0,0,0,0,1,5,2,5,4,1,0,0,0,0,0,0,0,0,0,4,7,3,2,4,0,0,0,0,0,0,0,0,1,1,0,4,4,3,0,0,0,0,0,1,0,0,0,1,3,5,5,3,0,0,0,0,0,0,0,0,0,1,2,4,2,6,0,0,0,0,0,0,0,0,0,0,0,0,千葉
4618,乃村康友,ノムラ ヤストモ,三重,B1,S,580126,1,42,166,58,O,5.05,29.3,11,16,92,0,0,0.18,14,50.0,0.16,3.1,18,50.0,0.21,4.9,18,22.2,0.17,3.4,13,23.0,0.17,3.9,17,11.7,0.16,3.4,12,16.6,0.19,3.6,B1,B1,A2,48.0,49.0,2025,2,2024-11-01,2025-04-30,107,5,2,3,0,1,3,0,0,0,0,0,0,0,0,4,5,3,2,3,1,0,0,0,0,0,0,0,0,1,3,4,4,6,0,0,0,0,0,0,0,0,0,0,3,2,4,1,3,0,0,0,0,0,2,0,0,1,1,4,6,3,2,0,0,0,0,0,0,0,0,0,2,2,3,2,2,1,0,0,0,0,0,0,0,0,0,0,0,香川
4619,伏田裕隆,フシダ ヒロタカ,東京,B1,S,580129,1,42,163,53,O,4.56,25.5,11,12,90,0,0,0.2,11,63.6,0.17,3.1,14,35.7,0.2,3.4,18,27.7,0.2,3.9,12,8.3,0.19,3.9,19,10.5,0.21,3.9,16,18.7,0.2,4.1,B1,B1,B1,47.0,47.0,2025,2,2024-11-01,2025-04-30,107,4,3,2,0,0,2,0,0,0,0,0,0,0,0,2,3,1,2,3,3,0,0,0,0,0,0,0,0,1,4,3,3,2,5,0,0,0,0,0,0,0,0,1,0,3,4,2,2,0,0,0,0,0,0,0,0,2,0,3,4,6,4,0,0,0,0,0,0,0,0,1,2,3,2,4,4,0,0,0,0,0,0,0,0,0,0,1,0,千葉
4623,中北将史,ナカギタ マサシ,三重,B1,S,591124,1,40,161,55,A,4.51,22.2,12,18,135,0,0,0.18,17,58.8,0.15,2.4,25,24.0,0.17,3.4,23,21.7,0.16,2.5,27,22.2,0.18,3.6,28,7.1,0.19,3.1,15,6.6,0.22,4.6,B1,B1,B1,47.0,48.0,2025,2,2024-11-01,2025-04-30,107,7,3,3,1,3,0,0,0,0,0,0,0,0,0,1,5,4,3,8,3,0,0,0,0,0,0,1,0,1,4,8,5,4,1,0,0,0,0,0,0,0,0,2,4,4,8,7,2,0,0,0,0,0,0,0,0,0,2,4,5,14,3,0,0,0,0,0,0,0,0,1,0,3,1,6,4,0,0,0,0,0,0,0,0,0,0,0,0,三重
4624,高田明,タカダ アキラ,佐賀,A2,S,600423,1,40,172,50,O,5.93,39.4,21,9,76,1,1,0.18,14,71.4,0.19,4.1,8,62.5,0.16,4.0,13,23.0,0.16,3.6,16,43.7,0.16,3.9,11,27.2,0.2,3.7,14,14.2,0.2,4.7,A2,A2,A2,52.0,50.0,2025,2,2024-11-01,2025-04-30,107,8,2,1,0,0,2,1,0,0,0,0,0,0,0,2,3,2,1,0,0,0,0,0,0,0,0,0,0,3,0,6,3,1,0,0,0,0,0,0,0,0,0,5,2,3,4,0,1,0,0,0,0,0,0,1,0,3,0,4,1,2,1,0,0,0,0,0,0,0,0,0,2,2,0,4,6,0,0,0,0,0,0,0,0,0,0,0,0,佐賀
4625,渡邊裕貴,ワタナベ ヒロキ,静岡,B1,S,610228,1,39,167,54,B,4.53,28.0,10,18,100,0,0,0.15,10,80.0,0.11,3.6,17,23.5,0.18,4.1,24,29.1,0.14,3.0,19,21.0,0.14,3.5,19,21.0,0.16,3.5,11,9.0,0.13,3.4,B1,B1,B1,48.0,47.0,2025,2,2024-11-01,2025-04-30,107,5,3,0,2,0,0,0,0,0,0,0,1,0,0,0,4,3,4,4,2,0,0,0,0,0,0,0,0,3,4,4,2,6,5,0,0,0,0,0,0,0,0,1,3,4,4,2,5,0,0,0,0,0,0,0,0,1,3,3,1,6,5,0,0,0,0,0,0,0,0,0,1,0,2,4,4,0,0,0,0,0,0,0,0,0,0,0,0,静岡
4626,伊藤紘章,イトウ ヒロアキ,愛知,B1,S,610407,1,39,163,53,A,4.01,26.0,7,11,69,0,0,0.2,9,66.6,0.16,2.2,15,26.6,0.17,3.3,10,40.0,0.19,4.3,12,8.3,0.23,4.4,13,7.6,0.21,4.6,10,20.0,0.25,4.8,B1,B1,B1,48.0,44.0,2025,2,2024-11-01,2025-04-30,107,3,3,1,2,0,0,0,0,0,0,0,0,0,0,2,2,1,1,4,5,0,0,0,0,0,0,0,0,2,2,0,2,1,3,0,0,0,0,0,0,0,0,0,1,0,3,1,6,1,0,0,0,0,0,0,0,0,1,2,1,5,4,0,0,0,0,0,0,0,0,0,2,1,2,0,5,0,0,0,0,0,0,0,0,0,0,0,0,愛知
4627,藤原菜希,フジワラ ナツキ,東京,A2,S,610420,2,39,156,50,A,5.47,37.8,14,14,74,1,0,0.15,14,71.4,0.08,1.3,13,69.2,0.16,2.9,12,41.6,0.16,3.2,12,16.6,0.16,3.0,14,7.1,0.16,3.4,9,11.1,0.18,4.1,A1,A1,A1,55.0,56.0,2025,2,2024-11-01,2025-04-30,107,8,2,0,1,0,1,2,0,0,0,0,0,0,0,3,6,1,1,1,1,0,0,0,0,0,0,0,0,1,4,1,0,2,4,0,0,0,0,0,0,0,0,1,1,3,3,0,4,0,0,0,0,0,0,0,0,1,0,2,3,2,6,0,0,0,0,0,0,0,0,0,1,2,2,0,4,0,0,0,0,0,0,0,0,0,0,0,0,大阪
4630,岩永雅人,イワナガ マサト,愛知,A1,S,620120,1,38,171,54,B,6.27,44.9,31,27,129,3,2,0.17,30,76.6,0.17,3.8,19,63.1,0.19,3.1,15,46.6,0.18,3.9,22,50.0,0.15,2.7,24,12.5,0.16,3.5,19,10.5,0.15,3.8,A2,A2,A2,51.0,53.0,2025,2,2024-11-01,2025-04-30,107,16,7,4,1,1,1,0,0,0,0,0,0,0,0,5,7,3,3,0,1,0,0,0,0,0,0,0,0,4,3,3,3,2,0,0,0,0,0,0,1,0,0,2,9,3,6,1,1,0,0,0,0,0,0,0,0,3,0,7,5,4,5,0,0,0,0,0,0,0,0,1,1,6,4,4,3,0,0,0,0,0,0,0,0,0,0,1,0,愛知
4631,新井英孝,アライ ヒデタカ,大阪,A2,S,620627,1,38,170,53,A,6.01,44.3,26,21,106,1,0,0.14,21,76.1,0.14,2.0,16,56.2,0.11,2.6,16,50.0,0.15,2.9,19,52.6,0.14,2.5,15,13.3,0.13,3.0,19,10.5,0.15,3.2,A2,B1,B1,50.0,51.0,2025,2,2024-11-01,2025-04-30,107,13,3,1,2,1,0,0,0,0,0,0,0,1,0,5,4,2,3,1,1,0,0,0,0,0,0,0,0,3,5,1,5,2,0,0,0,0,0,0,0,0,0,5,5,3,5,0,1,0,0,0,0,0,0,0,0,0,2,4,4,1,4,0,0,0,0,0,0,0,0,0,2,5,2,2,7,1,0,0,0,0,0,0,0,0,0,0,0,大阪
4632,長尾京志郎,ナガオ キョウシロウ,福岡,B1,H,010325,1,36,160,52,O,4.43,24.1,7,21,116,0,0,0.2,17,47.0,0.17,3.5,20,40.0,0.21,4.1,18,22.2,0.17,2.9,25,24.0,0.21,3.8,16,6.2,0.19,3.9,19,5.2,0.23,5.0,B1,B1,B1,50.0,46.0,2025,2,2024-11-01,2025-04-30,107,4,4,3,3,2,1,0,0,0,0,0,0,0,0,2,6,3,5,3,1,0,0,0,0,0,0,0,0,0,4,8,0,2,4,0,0,0,0,0,0,0,0,1,5,2,11,1,4,0,0,0,0,0,0,1,0,0,1,2,1,7,5,0,0,0,0,0,0,0,0,0,1,2,3,6,7,0,0,0,0,0,1,0,0,0,0,0,1,福岡
4633,森智也,モリ トモヤ,兵庫,B1,H,010515,1,36,167,52,B,4.8,29.0,15,17,110,0,0,0.16,16,81.2,0.1,2.2,18,38.8,0.16,3.2,17,41.1,0.14,2.7,22,18.1,0.16,3.1,19,0.0,0.16,3.8,18,5.5,0.21,5.1,B1,B1,B1,50.0,48.0,2025,2,2024-11-01,2025-04-30,107,11,2,2,1,0,0,0,0,0,0,0,0,0,0,0,7,5,2,3,1,0,0,0,0,0,0,0,0,2,5,2,3,2,2,1,0,0,0,0,0,0,0,2,2,5,6,4,3,0,0,0,0,0,0,0,0,0,0,1,6,5,7,0,0,0,0,0,0,0,0,0,1,2,1,9,5,0,0,0,0,0,0,0,0,0,0,0,0,兵庫
4635,峰重力也,ミネシゲ リキヤ,岡山,B1,H,020224,1,35,171,56,A,4.77,30.8,10,19,94,1,0,0.15,13,76.9,0.17,2.6,16,43.7,0.16,2.1,17,29.4,0.15,1.9,14,21.4,0.15,3.5,21,14.2,0.13,2.8,13,7.6,0.16,2.8,B1,B1,B1,48.0,47.0,2025,2,2024-11-01,2025-04-30,107,6,4,0,0,0,3,0,0,0,0,0,0,0,0,1,6,1,4,4,0,0,0,0,0,0,0,0,0,0,5,5,0,4,2,1,0,0,0,0,0,0,0,1,2,3,2,2,4,0,0,0,0,0,0,0,0,1,2,5,5,2,5,1,0,0,0,0,0,0,0,1,0,2,1,3,6,0,0,0,0,0,0,0,0,0,0,1,0,岡山
4636,赤池修平,アカイケ シュウヘイ,徳島,B1,H,020316,1,35,160,55,A,3.84,17.4,5,6,63,0,0,0.17,7,42.8,0.21,3.6,14,7.1,0.18,4.1,12,33.3,0.16,3.5,10,0.0,0.13,2.5,13,15.3,0.17,4.1,7,14.2,0.21,4.0,B1,B1,B1,41.0,44.0,2025,2,2024-11-01,2025-04-30,107,2,1,0,0,2,2,0,0,0,0,0,0,0,0,0,1,3,1,3,6,0,0,0,0,0,0,0,0,2,2,1,3,2,2,0,0,0,0,0,0,0,0,0,0,3,3,2,2,0,0,0,0,0,0,0,0,1,1,2,3,2,4,0,0,0,0,0,0,0,0,0,1,1,0,1,4,0,0,0,0,0,0,0,0,0,0,0,0,徳島
4637,中田友也,ナカダ トモヤ,埼玉,B1,H,020323,1,35,167,59,AB,5.08,33.6,15,17,95,2,0,0.16,13,76.9,0.14,2.6,15,53.3,0.18,3.4,17,41.1,0.16,3.0,15,26.6,0.15,2.7,20,15.0,0.17,3.9,15,0.0,0.17,3.9,B1,B1,B1,50.0,48.0,2025,2,2024-11-01,2025-04-30,107,8,2,1,0,1,1,0,0,0,0,0,0,0,0,2,6,3,1,1,2,0,0,0,0,0,0,0,0,3,4,4,3,0,3,0,0,0,0,0,0,0,0,2,2,4,2,2,3,0,0,0,0,0,0,0,0,0,3,2,7,3,5,0,0,0,0,0,0,0,0,0,0,0,3,5,7,0,0,0,0,0,0,0,0,0,0,0,0,埼玉
4638,小林遼太,コバヤシ リョウタ,福岡,B1,H,021019,1,34,173,56,A,5.07,32.0,15,18,103,1,0,0.19,15,73.3,0.14,2.3,19,47.3,0.19,3.9,19,42.1,0.17,3.4,16,12.5,0.19,4.1,16,12.5,0.22,5.3,18,5.5,0.23,5.2,B1,B1,B1,47.0,49.0,2025,2,2024-11-01,2025-04-30,107,10,1,1,2,1,0,0,0,0,0,0,0,0,0,0,9,2,3,3,2,0,0,0,0,0,0,0,0,3,5,1,4,1,5,0,0,0,0,0,0,0,0,1,1,6,1,6,1,0,0,0,0,0,0,0,0,1,1,3,4,3,3,0,0,0,0,0,0,1,0,0,1,2,7,5,3,0,0,0,0,0,0,0,0,0,0,0,0,福岡
4639,雑賀勇貴,サイガ ユウキ,大阪,B1,H,021206,1,34,166,55,O,4.22,21.7,11,12,106,0,0,0.18,14,78.5,0.17,2.6,17,17.6,0.19,3.2,21,28.5,0.16,3.1,14,21.4,0.18,3.2,22,0.0,0.19,4.0,17,0.0,0.2,4.8,B1,B1,B1,47.0,46.0,2025,2,2024-11-01,2025-04-30,107,8,3,0,1,1,1,0,0,0,0,0,0,0,0,1,2,5,0,8,1,0,0,0,0,0,0,0,0,1,5,4,2,7,2,0,0,0,0,0,0,0,0,1,2,2,5,1,3,0,0,0,0,0,0,0,0,0,0,4,6,3,9,0,0,0,0,0,0,0,0,0,0,0,6,4,7,0,0,0,0,0,0,0,0,0,0,0,1,大阪
4640,山ノ内雅人,ヤマノウチ マサト,福岡,A2,H,030219,1,34,173,55,O,5.67,35.8,23,20,120,2,0,0.16,24,87.5,0.15,2.7,20,30.0,0.17,3.6,18,33.3,0.13,2.9,23,30.4,0.16,2.8,21,14.2,0.17,3.7,14,0.0,0.16,4.0,A1,A2,A2,52.0,52.0,2025,2,2024-11-01,2025-04-30,107,17,4,1,2,0,0,0,0,0,0,0,0,0,0,1,5,5,3,3,1,1,0,0,0,0,0,1,0,2,4,7,0,2,3,0,0,0,0,0,0,0,0,2,5,8,4,1,3,0,0,0,0,0,0,0,0,1,2,4,2,8,3,0,0,0,0,0,0,1,0,0,0,2,6,3,3,0,0,0,0,0,0,0,0,0,0,1,0,福岡
4641,磯村匠,イソムラ タクミ,東京,B1,H,030523,1,34,168,50,B,4.66,25.9,11,17,108,0,0,0.19,16,62.5,0.15,3.1,20,20.0,0.19,4.0,19,26.3,0.21,3.9,16,18.7,0.19,4.1,21,23.8,0.2,4.2,16,6.2,0.22,5.0,B1,B1,B2,49.0,47.0,2025,2,2024-11-01,2025-04-30,107,6,4,2,3,1,0,0,0,0,0,0,0,0,0,1,3,6,3,3,4,0,0,0,0,0,0,0,0,1,4,4,2,1,5,0,0,0,0,0,0,1,1,0,3,4,4,4,0,0,0,1,0,0,0,0,0,3,2,2,7,4,3,0,0,0,0,0,0,0,0,0,1,2,1,7,5,0,0,0,0,0,0,0,0,0,0,0,0,東京
4642,松尾夏海,マツオ カナミ,香川,A1,H,031029,2,33,157,49,A,6.59,51.5,28,21,95,4,1,0.15,22,95.4,0.15,3.0,18,55.5,0.17,3.1,13,69.2,0.13,2.2,18,11.1,0.15,3.1,12,41.6,0.15,2.4,12,16.6,0.16,3.0,A2,A1,A2,53.0,57.0,2025,2,2024-11-01,2025-04-30,107,19,2,0,0,0,1,0,0,0,0,0,0,0,0,5,5,2,2,4,0,0,0,0,0,0,0,0,0,2,7,0,1,1,2,0,0,0,0,0,0,0,0,1,1,5,2,8,1,0,0,0,0,0,0,0,0,1,4,3,1,2,1,0,0,0,0,0,0,0,0,0,2,3,0,6,1,0,0,0,0,0,0,0,0,0,0,0,0,愛媛
4643,近江翔吾,オオミ ショウゴ,香川,A1,H,050218,1,32,168,55,O,6.59,51.2,34,29,123,5,1,0.15,25,88.0,0.12,2.0,18,83.3,0.15,2.6,18,44.4,0.16,2.8,24,33.3,0.14,2.5,22,31.8,0.17,3.3,16,18.7,0.18,4.6,A1,A1,A1,55.0,59.0,2025,2,2024-11-01,2025-04-30,107,21,1,0,0,1,1,0,0,0,0,0,0,1,0,4,11,2,0,0,0,0,0,0,0,0,0,1,0,4,4,4,1,2,3,0,0,0,0,0,0,0,0,3,5,5,5,3,2,1,0,0,0,0,0,0,0,2,5,0,7,6,2,0,0,0,0,0,0,0,0,0,3,3,5,2,2,0,0,0,0,0,0,1,0,0,0,0,0,大阪
4644,山田亮太,ヤマダ リョウタ,東京,B1,S,540327,1,46,167,51,O,4.97,29.8,11,12,77,1,0,0.15,13,92.3,0.15,2.3,12,41.6,0.15,3.5,12,16.6,0.18,3.7,17,11.7,0.14,3.7,12,16.6,0.15,2.8,11,0.0,0.14,2.8,A2,A2,A2,51.0,48.0,2025,2,2024-11-01,2025-04-30,108,8,4,1,0,0,0,0,0,0,0,0,0,0,0,2,3,2,2,1,2,0,0,0,0,0,0,0,0,0,2,3,1,2,4,0,0,0,0,0,0,0,0,1,1,4,3,6,2,0,0,0,0,0,1,0,0,0,2,2,6,0,2,0,0,0,0,0,0,0,0,0,0,2,2,1,5,0,0,0,0,0,0,1,0,0,0,0,0,東京
4645,上村純一,ウエムラ ジュンイチ,群馬,A2,S,550527,1,45,171,53,A,6.03,40.3,28,20,119,4,1,0.15,22,90.9,0.13,2.3,20,50.0,0.15,2.9,21,33.3,0.16,2.8,18,33.3,0.17,3.4,18,22.2,0.13,2.7,20,5.0,0.18,3.6,A1,A2,A1,54.0,57.0,2025,2,2024-11-01,2025-04-30,108,16,4,1,0,0,1,0,0,0,0,0,0,0,0,5,5,3,4,1,2,0,0,0,0,0,0,0,0,1,6,3,2,4,2,1,0,0,0,0,0,2,0,4,2,6,1,3,2,0,0,0,0,0,0,0,0,1,3,5,3,4,2,0,0,0,0,0,0,0,0,1,0,3,6,4,6,0,0,0,0,0,0,0,0,0,0,0,0,千葉
4648,木村亮太,キムラ リョウタ,兵庫,B1,S,590502,1,41,160,54,A,4.84,27.2,14,13,99,0,0,0.15,14,71.4,0.16,2.0,18,27.7,0.17,3.9,22,27.2,0.15,2.3,16,25.0,0.15,2.9,20,10.0,0.15,2.6,9,0.0,0.13,2.2,B1,B1,B1,49.0,48.0,2025,2,2024-11-01,2025-04-30,108,9,1,1,2,1,0,0,0,0,0,0,0,0,0,1,4,4,5,0,4,0,0,0,0,0,0,0,0,1,5,5,1,4,5,0,0,0,0,0,0,1,0,2,2,2,6,3,1,0,0,0,0,0,0,0,0,1,1,4,6,3,5,0,0,0,0,0,0,0,0,0,0,1,1,6,0,0,0,0,0,0,0,1,0,0,0,0,0,大阪
4649,和田操拓,ワダ アヤヒロ,滋賀,A2,S,590528,1,41,156,51,A,5.91,37.0,28,22,135,3,0,0.14,27,74.0,0.16,2.1,26,50.0,0.16,2.5,20,35.0,0.13,2.7,20,15.0,0.12,1.8,22,22.7,0.11,2.1,20,10.0,0.16,2.6,A2,A2,B1,51.0,52.0,2025,2,2024-11-01,2025-04-30,108,17,3,3,1,2,1,0,0,0,0,0,0,0,0,2,11,4,3,4,1,0,0,0,0,0,0,1,0,4,3,8,4,0,1,0,0,0,0,0,0,0,0,2,1,5,5,5,2,0,0,0,0,0,0,0,0,1,4,3,8,4,2,0,0,0,0,0,0,0,0,2,0,8,6,2,2,0,0,0,0,0,0,0,0,0,0,0,0,京都
4650,中山雄太,ナカヤマ ユウタ,愛知,A1,S,590710,1,40,166,55,A,6.31,44.6,30,24,121,1,0,0.15,27,81.4,0.15,3.1,19,42.1,0.16,2.8,18,44.4,0.15,2.9,22,36.3,0.14,2.8,18,27.7,0.15,3.3,17,17.6,0.17,3.5,A1,A1,A1,53.0,57.0,2025,2,2024-11-01,2025-04-30,108,18,4,2,1,1,1,0,0,0,0,0,0,0,0,4,4,3,5,2,1,0,0,0,0,0,0,0,0,2,6,3,2,4,1,0,0,0,0,0,0,0,0,5,3,9,4,1,0,0,0,0,0,0,0,0,0,1,4,5,3,4,1,0,0,0,0,0,0,0,0,0,3,1,1,6,6,0,0,0,0,0,0,0,0,0,0,2,0,愛知
4651,佐藤大騎,サトウ タイキ,大阪,B1,S,591209,1,40,162,53,A,4.5,22.6,5,14,84,1,0,0.17,8,75.0,0.19,4.6,12,25.0,0.15,3.4,16,25.0,0.18,3.8,16,12.5,0.19,3.7,19,10.5,0.18,3.9,13,15.3,0.16,3.1,B1,B1,B1,46.0,47.0,2025,2,2024-11-01,2025-04-30,108,2,4,0,1,1,0,0,0,0,0,0,0,0,0,1,2,1,2,3,2,1,0,0,0,0,0,0,0,1,3,6,3,2,1,0,0,0,0,0,0,0,0,0,2,3,4,2,5,0,0,0,0,0,0,0,0,0,2,3,8,2,4,0,0,0,0,0,0,0,0,1,1,2,2,5,2,0,0,0,0,0,0,0,0,0,0,0,0,大阪
4652,酒見峻介,サケミ シュンスケ,佐賀,A2,S,600724,1,39,158,50,B,6.2,47.0,36,35,151,4,1,0.15,30,80.0,0.15,3.0,16,62.5,0.14,2.8,29,31.0,0.14,2.9,28,42.8,0.14,2.9,21,38.1,0.15,2.3,27,29.6,0.16,3.1,A2,A2,A2,51.0,51.0,2025,2,2024-11-01,2025-04-30,108,17,7,2,1,1,1,0,0,0,0,0,0,1,0,4,6,4,1,0,1,0,0,0,0,0,0,0,0,3,6,11,1,2,6,0,0,0,0,0,0,0,0,8,4,3,5,2,4,1,0,0,0,0,0,0,1,2,6,4,3,4,2,0,0,0,0,0,0,0,0,2,6,6,5,6,1,0,0,0,0,0,0,1,0,0,0,0,0,兵庫
4653,小野達哉,オノ タツヤ,大阪,A1,S,610124,1,39,160,52,A,6.3,43.0,37,19,130,4,2,0.16,32,81.2,0.16,2.9,23,56.5,0.16,2.8,15,40.0,0.16,3.6,19,31.5,0.14,3.7,17,23.5,0.13,2.2,23,4.3,0.19,4.3,A1,A1,A1,54.0,56.0,2025,2,2024-11-01,2025-04-30,108,20,6,1,2,2,0,1,0,0,0,0,0,0,0,7,6,2,3,4,1,0,0,0,0,0,0,0,0,3,3,2,3,1,3,0,0,0,0,0,0,0,0,3,3,6,6,0,1,0,0,0,0,0,0,0,0,3,1,6,4,2,1,0,0,0,0,0,0,0,0,1,0,5,6,5,5,0,0,0,0,0,0,1,0,0,0,0,1,大阪
4654,篠田優也,シノダ ユウヤ,兵庫,A1,S,610607,1,39,172,55,B,6.46,44.9,20,29,109,4,0,0.14,21,85.7,0.16,2.6,18,61.1,0.14,2.9,18,44.4,0.14,2.2,15,40.0,0.13,2.3,23,21.7,0.14,2.5,14,7.1,0.16,3.6,A1,A2,A2,54.0,56.0,2025,2,2024-11-01,2025-04-30,108,14,4,2,1,0,0,0,0,0,0,0,0,0,0,2,9,4,1,1,1,0,0,0,0,0,0,0,0,3,5,9,1,0,0,0,0,0,0,0,0,0,0,1,5,4,4,1,0,0,0,0,0,0,0,0,0,0,5,5,6,4,3,0,0,0,0,0,0,0,0,0,1,3,3,5,2,0,0,0,0,0,0,0,0,0,0,0,0,兵庫
4656,大崎翔,オオサキ ショウ,兵庫,B1,S,620624,1,38,171,60,O,4.84,22.8,11,13,105,0,0,0.16,14,57.1,0.15,3.0,15,26.6,0.18,3.5,18,38.8,0.15,2.5,18,22.2,0.15,2.9,16,0.0,0.16,3.1,24,4.1,0.17,3.4,B1,B1,B1,50.0,49.0,2025,2,2024-11-01,2025-04-30,108,4,4,5,1,0,0,0,0,0,0,0,1,0,0,2,2,3,5,1,2,0,0,0,0,0,0,0,0,3,4,3,4,1,3,0,0,0,0,0,0,0,0,1,3,4,6,2,2,0,0,0,0,0,0,0,0,0,0,2,8,2,4,0,0,0,0,0,0,0,0,1,0,5,6,7,5,0,0,0,0,0,1,0,0,0,0,0,0,兵庫
4659,木下翔太,キノシタ ショウタ,大阪,A1,H,030403,1,34,172,55,A,6.45,39.8,28,29,143,3,0,0.14,28,85.7,0.17,2.8,27,44.4,0.15,3.6,21,38.1,0.14,3.3,23,26.0,0.12,2.2,21,19.0,0.13,2.4,23,13.0,0.12,3.2,A1,A1,A1,60.0,66.0,2025,2,2024-11-01,2025-04-30,108,18,6,3,0,1,0,0,0,0,0,0,0,0,0,2,10,5,4,3,3,0,0,0,0,0,0,0,0,1,7,5,5,2,1,0,0,0,0,0,0,0,0,4,2,10,5,2,0,0,0,0,0,0,0,0,0,2,2,1,3,6,7,0,0,0,0,0,0,0,0,1,2,6,8,3,3,0,0,0,0,0,0,0,0,0,0,0,0,大阪
4660,宇田川信一,ウダガワ シンイチ,東京,B1,H,030620,1,34,166,52,O,3.96,18.3,3,10,71,0,0,0.2,9,33.3,0.22,4.0,13,38.4,0.18,3.8,9,33.3,0.17,4.1,11,9.0,0.23,4.9,14,7.1,0.18,4.2,15,0.0,0.23,5.0,B1,B1,B1,46.0,45.0,2025,2,2024-11-01,2025-04-30,108,2,1,1,1,3,0,1,0,0,0,0,0,0,0,0,5,1,5,1,1,0,0,0,0,0,0,0,0,1,2,1,1,4,0,0,0,0,0,0,1,0,0,0,1,4,1,2,3,0,0,0,0,0,0,0,0,0,1,3,2,4,4,0,0,0,0,0,0,0,0,0,0,1,4,4,5,0,0,0,0,0,0,1,0,0,0,0,0,神奈川
4661,中島昂章,ナカシマ タカアキ,佐賀,B1,H,040122,1,33,168,53,O,4.76,21.2,6,8,66,0,0,0.21,10,50.0,0.17,4.2,11,36.3,0.22,4.2,13,23.0,0.19,3.9,12,8.3,0.21,5.1,11,0.0,0.23,4.8,9,11.1,0.26,5.7,A2,A2,A2,51.0,48.0,2025,2,2024-11-01,2025-04-30,108,4,1,2,2,0,0,0,0,0,0,0,0,1,0,1,3,2,4,1,0,0,0,0,0,0,0,0,0,0,3,4,3,1,2,0,0,0,0,0,0,0,0,0,1,3,2,3,2,1,0,0,0,0,0,0,0,0,0,2,4,2,3,0,0,0,0,0,0,0,0,1,0,3,2,2,1,0,0,0,0,0,0,0,0,0,0,0,0,佐賀
4663,籾山佳岳,モミヤマ ヨシタケ,愛知,A2,S,570911,1,42,167,55,O,5.57,31.6,16,15,98,0,0,0.15,16,68.7,0.12,2.3,21,38.1,0.12,2.6,13,46.1,0.17,2.4,12,16.6,0.12,1.8,22,9.0,0.16,3.5,14,14.2,0.21,3.9,B1,B1,B1,49.0,51.0,2025,2,2024-11-01,2025-04-30,109,6,5,4,1,0,0,0,0,0,0,0,0,0,0,3,5,6,5,1,1,0,0,0,0,0,0,0,0,5,1,1,4,2,0,0,0,0,0,0,0,0,0,1,1,7,1,2,0,0,0,0,0,0,0,0,0,1,1,4,5,6,5,0,0,0,0,0,0,0,0,0,2,4,2,4,2,0,0,0,0,0,0,0,0,0,0,0,0,愛知
4664,東口晃,ヒガシグチ アキラ,福井,B1,S,580802,1,41,166,57,O,3.78,20.4,5,15,98,0,0,0.19,13,53.8,0.17,3.5,14,28.5,0.19,3.5,20,25.0,0.18,3.8,17,17.6,0.2,4.2,23,4.3,0.19,4.3,11,0.0,0.22,3.2,B1,B1,B1,44.0,44.0,2025,2,2024-11-01,2025-04-30,109,1,6,3,0,3,0,0,0,0,0,0,0,0,0,1,3,1,2,4,3,0,0,0,0,0,0,0,0,2,3,2,2,5,6,0,0,0,0,0,0,0,0,1,2,3,2,3,6,0,0,0,0,0,1,0,0,0,1,2,4,11,5,0,0,0,0,0,0,0,0,0,0,0,3,2,6,0,0,0,0,0,0,0,0,0,0,0,0,石川
4665,加藤啓太,カトウ ケイタ,愛知,B1,S,581007,1,41,172,53,A,4.5,19.6,6,15,107,0,0,0.18,16,37.5,0.18,3.0,11,36.3,0.15,2.6,24,16.6,0.18,3.6,18,11.1,0.17,3.7,22,9.0,0.16,3.3,16,18.7,0.2,4.3,B1,B1,B1,45.0,48.0,2025,2,2024-11-01,2025-04-30,109,2,4,3,3,1,2,0,0,0,0,0,0,1,0,1,3,2,3,1,1,0,0,0,0,0,1,0,0,1,3,6,7,5,2,0,0,0,0,0,0,0,0,0,2,7,2,4,3,0,0,0,0,0,0,0,0,1,1,5,8,7,0,0,0,0,0,0,0,0,0,1,2,0,4,3,6,0,0,0,0,0,0,0,0,0,0,1,0,愛知
4666,日笠勝弘,ヒガサ マサヒロ,大阪,B1,S,581121,1,41,164,51,A,4.43,23.5,11,14,106,0,0,0.16,15,80.0,0.16,2.5,19,10.5,0.18,3.5,16,25.0,0.14,3.2,21,19.0,0.15,3.0,19,15.7,0.15,3.1,16,0.0,0.21,3.7,B1,B1,B1,45.0,47.0,2025,2,2024-11-01,2025-04-30,109,7,5,1,1,1,0,0,0,0,0,0,0,0,0,0,2,3,6,1,7,0,0,0,0,0,0,0,0,1,3,3,6,2,1,0,0,0,0,0,0,0,0,3,1,2,6,5,4,0,0,0,0,0,0,0,0,0,3,5,3,6,2,0,0,0,0,0,0,0,0,0,0,1,1,8,6,0,0,0,0,0,0,0,0,0,0,0,0,大阪
4669,井上茂,イノウエ シゲル,福岡,B1,S,600427,1,40,162,55,A,5.11,28.2,10,16,92,1,0,0.18,15,46.6,0.11,1.9,13,30.7,0.16,3.2,15,46.6,0.14,3.3,16,12.5,0.21,4.4,19,21.0,0.23,4.7,14,14.2,0.22,4.1,B1,B1,B1,47.0,49.0,2025,2,2024-11-01,2025-04-30,109,4,3,3,1,2,1,1,0,0,0,0,0,0,0,2,2,4,4,0,1,0,0,0,0,0,0,0,0,2,5,2,3,3,0,0,0,0,0,0,0,0,0,1,1,3,6,3,1,0,0,0,0,0,1,1,0,1,3,3,6,4,2,0,0,0,0,0,0,0,0,0,2,4,2,4,2,0,0,0,0,0,0,0,0,0,0,0,0,福岡
4672,守屋大地,モリヤ ダイチ,岡山,B1,S,610321,1,39,162,53,B,4.46,26.6,8,17,94,0,0,0.19,11,63.6,0.2,3.3,16,25.0,0.17,3.9,19,42.1,0.21,3.7,24,12.5,0.19,4.0,13,0.0,0.18,3.3,11,27.2,0.19,3.3,B1,B1,B1,47.0,47.0,2025,2,2024-11-01,2025-04-30,109,3,4,2,2,0,0,0,0,0,0,0,0,0,0,0,4,2,3,5,2,0,0,0,0,0,0,0,0,2,6,3,1,6,0,0,0,0,0,0,0,1,0,1,2,4,5,6,6,0,0,0,0,0,0,0,0,0,0,1,5,3,4,0,0,0,0,0,0,0,0,2,1,0,1,4,3,0,0,0,0,0,0,0,0,0,0,0,0,岡山
4674,池田剛規,イケダ コウキ,福岡,A2,S,620801,1,37,165,51,A,5.75,38.7,20,23,111,1,0,0.16,20,70.0,0.15,2.6,19,42.1,0.17,3.2,19,42.1,0.14,2.1,21,38.1,0.16,3.4,18,22.2,0.18,2.7,14,7.1,0.17,3.6,B1,A2,B1,49.0,51.0,2025,2,2024-11-01,2025-04-30,109,11,3,4,1,1,0,0,0,0,0,0,0,0,0,0,8,4,3,3,1,0,0,0,0,0,0,0,0,3,5,3,1,6,1,0,0,0,0,0,0,0,0,4,4,6,4,1,1,0,0,0,0,0,0,1,0,2,2,5,7,1,1,0,0,0,0,0,0,0,0,0,1,2,1,3,6,0,0,0,0,0,0,1,0,0,0,0,0,福岡
4675,井手良太,イデ リョウタ,大阪,B1,S,621124,1,37,168,52,B,5.16,26.7,14,9,86,0,0,0.14,11,63.6,0.16,2.5,19,36.8,0.14,2.9,11,27.2,0.13,2.5,12,16.6,0.13,2.1,20,15.0,0.12,2.2,13,7.6,0.14,3.4,B1,B1,B1,48.0,49.0,2025,2,2024-11-01,2025-04-30,109,5,2,2,2,0,0,0,0,0,0,0,0,0,0,2,5,6,5,1,0,0,0,0,0,0,0,0,0,3,0,3,2,1,1,0,0,0,0,0,0,0,1,2,0,1,4,3,1,0,0,0,0,0,0,0,1,1,2,5,3,4,5,0,0,0,0,0,0,0,0,1,0,3,3,5,1,0,0,0,0,0,0,0,0,0,0,0,0,大阪
4676,後藤隼之,ゴトウ ハヤト,東京,B1,S,630326,1,37,172,57,O,5.28,32.5,16,23,120,2,0,0.15,20,60.0,0.12,2.1,24,41.6,0.14,2.5,18,11.1,0.13,2.1,26,46.1,0.16,3.0,16,0.0,0.15,3.6,16,18.7,0.19,4.0,B1,B1,B1,49.0,50.0,2025,2,2024-11-01,2025-04-30,109,7,5,3,3,2,0,0,0,0,0,0,0,0,0,1,9,8,4,0,2,0,0,0,0,0,0,0,0,1,1,7,2,3,3,0,0,0,0,0,0,1,0,6,6,2,6,5,1,0,0,0,0,0,0,0,0,0,0,2,4,7,3,0,0,0,0,0,0,0,0,1,2,2,2,5,4,0,0,0,0,0,1,0,0,0,0,0,0,東京
4677,片橋幸貴,カタハシ ユキタカ,滋賀,A1,S,630620,1,37,173,54,O,6.67,50.3,33,32,129,5,0,0.14,32,81.2,0.15,2.3,21,61.9,0.14,2.4,18,44.4,0.16,2.3,27,40.7,0.12,2.0,21,33.3,0.13,3.0,10,0.0,0.15,3.9,A1,A1,A2,53.0,55.0,2025,2,2024-11-01,2025-04-30,109,19,7,3,2,0,0,0,0,0,0,0,0,1,0,6,7,2,2,2,1,0,0,0,0,0,0,1,0,4,4,4,3,2,1,0,0,0,0,0,1,0,0,4,7,8,3,4,1,0,0,0,0,0,0,0,0,0,7,6,4,4,0,0,0,0,0,0,1,0,0,0,0,3,2,0,5,0,0,0,0,0,0,0,0,0,0,0,0,京都
4678,水野望美,ミズノ ノゾミ,愛知,B1,S,631117,2,36,158,46,O,4.94,32.6,16,16,98,0,0,0.17,17,82.3,0.15,2.6,17,23.5,0.18,3.2,18,38.8,0.15,2.2,13,15.3,0.19,3.6,17,23.5,0.17,2.9,16,6.2,0.18,4.1,A2,B1,B1,52.0,49.0,2025,2,2024-11-01,2025-04-30,109,12,2,0,1,1,1,0,0,0,0,0,0,0,0,1,3,3,1,3,6,0,0,0,0,0,0,0,0,2,5,3,1,4,2,1,0,0,0,0,0,0,0,0,2,3,3,3,2,0,0,0,0,0,1,0,0,1,3,2,4,4,3,0,0,0,0,0,0,0,0,0,1,1,4,7,3,0,0,0,0,0,0,0,0,0,0,0,0,愛知
4679,植田太一,ウエダ タイチ,福岡,A2,H,010711,1,35,171,62,A,5.47,40.7,24,18,103,2,0,0.18,21,80.9,0.16,2.9,14,35.7,0.15,3.0,15,40.0,0.16,3.3,17,35.2,0.16,3.8,16,37.5,0.19,3.5,20,10.0,0.22,4.6,A2,B1,B1,49.0,49.0,2025,2,2024-11-01,2025-04-30,109,12,5,3,1,0,0,0,0,0,0,0,1,0,0,2,3,3,3,2,1,0,0,0,0,0,0,0,0,4,2,2,2,0,5,0,0,0,0,0,0,0,0,2,4,0,1,5,4,0,0,0,0,0,0,1,0,3,3,1,1,2,6,0,0,0,0,0,0,0,0,1,1,3,6,5,4,0,0,0,0,0,0,0,0,0,0,1,0,福岡
4680,後藤美翼,ゴトウ ミク,東京,B1,H,020131,2,35,157,46,O,5.12,32.9,11,21,97,0,0,0.2,20,70.0,0.18,4.1,19,42.1,0.18,4.3,15,26.6,0.2,3.9,10,20.0,0.19,3.8,20,20.0,0.24,4.8,13,0.0,0.2,4.2,B1,A2,A2,51.0,49.0,2025,2,2024-11-01,2025-04-30,109,7,7,3,1,2,0,0,0,0,0,0,0,0,0,2,6,5,2,2,2,0,0,0,0,0,0,0,0,0,4,3,3,3,2,0,0,0,0,0,1,0,0,1,1,1,4,0,3,0,0,0,0,0,1,0,0,1,3,1,6,7,1,0,0,0,0,0,0,0,1,0,0,1,6,5,1,0,0,0,0,0,0,0,0,0,0,0,0,東京
4681,太田潮,オオタ ウシオ,愛知,B1,H,020701,1,34,168,55,A,4.19,23.6,6,16,93,0,0,0.18,11,72.7,0.14,1.9,18,27.7,0.19,3.8,20,15.0,0.17,2.9,17,11.7,0.16,3.1,15,26.6,0.18,3.8,12,0.0,0.21,4.0,B1,B1,B1,48.0,46.0,2025,2,2024-11-01,2025-04-30,109,2,6,1,0,0,1,1,0,0,0,0,0,0,0,1,4,2,3,6,2,0,0,0,0,0,1,0,0,2,1,4,5,5,3,0,0,0,0,0,0,0,0,0,2,3,5,4,3,0,0,0,0,0,0,0,0,1,3,0,3,5,3,0,0,0,0,0,1,0,0,0,0,1,1,6,4,0,0,0,0,0,0,0,0,0,0,0,0,愛知
4682,大上卓人,オオウエ タクト,広島,A1,H,020903,1,34,168,52,AB,7.18,51.4,41,29,136,7,2,0.13,32,90.6,0.11,1.9,21,61.9,0.14,3.0,23,47.8,0.11,2.9,21,38.1,0.13,2.8,18,38.8,0.14,3.3,21,9.5,0.16,2.6,A1,A1,A1,61.0,67.0,2025,2,2024-11-01,2025-04-30,109,26,3,2,1,0,0,0,0,0,0,0,0,0,0,2,11,3,1,3,1,0,0,0,0,0,0,0,0,5,6,5,3,4,0,0,0,0,0,0,1,0,0,4,4,5,3,3,2,0,0,0,0,0,0,0,0,4,3,5,3,0,3,0,0,0,0,0,0,0,0,0,2,6,4,3,6,0,0,0,0,0,1,0,0,0,0,0,0,広島
4683,向井田直弥,ムカイダ ナオヤ,広島,B1,H,020929,1,34,171,48,A,5.34,32.0,8,8,50,1,0,0.12,2,100.0,0.12,1.0,5,0.0,0.14,2.0,16,37.5,0.1,1.9,11,45.4,0.12,1.9,11,9.0,0.17,2.8,5,40.0,0.08,1.4,B1,B1,B1,45.0,49.0,2025,2,2024-11-01,2025-04-30,109,2,0,0,0,0,0,0,0,0,0,0,0,0,0,0,0,2,1,1,1,0,0,0,0,0,0,0,0,4,2,4,1,4,0,1,0,0,0,0,0,0,0,0,5,1,4,0,0,0,0,0,0,0,0,1,0,1,0,2,4,3,1,0,0,0,0,0,0,0,0,1,1,0,2,0,1,0,0,0,0,0,0,0,0,0,0,0,0,広島
4684,楠原翔太,クスハラ ショウタ,福岡,B1,H,021126,1,34,168,58,O,5.21,32.3,20,13,102,0,0,0.18,16,68.7,0.2,3.3,17,29.4,0.2,4.4,14,35.7,0.17,3.3,22,22.7,0.17,3.8,15,33.3,0.16,3.3,18,11.1,0.18,4.0,B1,A2,B1,45.0,48.0,2025,2,2024-11-01,2025-04-30,109,10,1,1,2,1,0,1,0,0,0,0,0,0,0,4,1,4,2,6,0,0,0,0,0,0,0,0,0,3,2,3,3,1,2,0,0,0,0,0,0,0,0,3,2,3,4,5,4,0,0,0,0,0,0,1,0,0,5,4,3,1,2,0,0,0,0,0,0,0,0,0,2,3,3,5,5,0,0,0,0,0,0,0,0,0,0,0,0,福岡
4685,島村隆幸,シマムラ タカヨシ,徳島,A1,H,021215,1,34,165,51,O,6.86,42.5,20,23,101,2,1,0.13,22,86.3,0.1,1.7,15,46.6,0.13,2.3,13,23.0,0.13,2.3,17,41.1,0.14,3.2,17,29.4,0.14,3.6,17,11.7,0.15,3.6,A1,A1,A1,69.0,72.0,2025,2,2024-11-01,2025-04-30,109,13,6,2,0,0,1,0,0,0,0,0,0,0,0,1,6,2,1,4,1,0,0,0,0,0,0,0,0,2,1,2,4,2,1,1,0,0,0,0,0,0,0,1,6,1,2,2,5,0,0,0,0,0,0,0,0,3,2,3,4,2,3,0,0,0,0,0,0,0,0,0,2,9,0,4,2,0,0,0,0,0,0,0,0,0,0,0,0,高知
4686,丸野一樹,マルノ カズキ,滋賀,A1,H,030805,1,33,165,54,A,6.39,38.6,25,19,114,2,1,0.16,21,85.7,0.15,3.2,19,36.8,0.18,4.7,21,38.1,0.16,3.6,22,27.2,0.16,3.6,13,23.0,0.16,3.8,18,11.1,0.16,3.6,A1,A1,A1,65.0,70.0,2025,2,2024-11-01,2025-04-30,109,16,2,1,1,0,1,0,0,0,0,0,0,0,0,2,5,5,1,2,4,0,0,0,0,0,0,0,0,4,4,5,3,2,3,0,0,0,0,0,0,0,0,3,3,6,3,4,3,0,0,0,0,0,0,0,0,0,3,0,2,2,6,0,0,0,0,0,0,0,0,0,2,2,3,6,5,0,0,0,0,0,0,0,0,0,0,1,0,京都
4688,永井彪也,ナガイ ヒョウヤ,東京,A1,H,041115,1,32,164,54,A,6.95,53.7,39,32,132,7,1,0.13,28,85.7,0.12,2.5,23,52.1,0.15,3.3,22,63.6,0.12,2.2,19,57.8,0.13,2.2,18,33.3,0.14,2.6,22,18.1,0.15,3.1,A1,A1,A1,64.0,63.0,2025,2,2024-11-01,2025-04-30,109,21,3,3,1,0,0,0,0,0,0,0,0,0,0,5,7,1,2,4,4,0,0,0,0,0,0,0,0,7,7,4,2,1,1,0,0,0,0,0,0,0,0,2,9,4,1,1,2,0,0,0,0,0,0,0,0,3,3,6,0,4,2,0,0,0,0,0,0,0,0,1,3,4,4,4,6,0,0,0,0,0,0,0,0,0,0,0,0,東京
4689,豊田結,トヨダ ユイ,静岡,A2,H,050719,2,31,159,50,A,5.92,44.4,19,13,72,2,0,0.17,13,84.6,0.16,2.0,11,63.6,0.18,3.1,12,41.6,0.17,3.0,13,30.7,0.14,2.8,12,33.3,0.17,2.9,11,9.0,0.18,3.9,B2,B2,B2,55.0,51.0,2025,2,2024-11-01,2025-04-30,109,10,1,1,1,0,0,0,0,0,0,0,0,0,0,3,4,2,0,2,0,0,0,0,0,0,1,0,0,3,2,1,2,1,3,0,0,0,0,0,0,0,0,1,3,3,3,1,2,0,0,0,0,0,0,0,0,1,3,1,2,4,1,0,0,0,0,0,0,0,0,1,0,1,3,4,2,0,0,0,0,0,0,0,0,0,0,0,0,静岡
4690,高石梨菜,タカイシ リナ,東京,B2,H,051128,2,31,165,50,A,5.98,42.5,8,12,47,1,0,0.16,9,55.5,0.13,2.4,10,70.0,0.15,3.3,7,42.8,0.15,3.3,6,33.3,0.19,3.0,8,25.0,0.19,3.1,7,14.2,0.17,3.1,A2,B1,B1,51.0,52.0,2025,2,2024-11-01,2025-04-30,109,3,2,0,2,1,1,0,0,0,0,0,0,0,0,3,4,2,0,1,0,0,0,0,0,0,0,0,0,1,2,3,0,0,1,0,0,0,0,0,0,0,0,1,1,2,1,1,0,0,0,0,0,0,0,0,0,0,2,2,2,2,0,0,0,0,0,0,1,0,0,0,1,1,2,1,2,0,0,0,0,0,0,0,0,0,0,1,0,東京
4691,水原慎,ミズハラ シン,徳島,B1,S,580530,1,42,165,52,O,4.81,23.2,11,15,112,0,0,0.17,17,58.8,0.12,2.1,21,42.8,0.17,4.0,20,20.0,0.16,3.7,16,12.5,0.17,2.9,23,4.3,0.19,3.7,15,0.0,0.2,4.1,B1,B1,B1,45.0,49.0,2025,2,2024-11-01,2025-04-30,110,9,1,3,3,1,0,0,0,0,0,0,0,0,0,2,7,4,2,2,4,0,0,0,0,0,0,0,0,0,4,5,3,6,2,0,0,0,0,0,0,0,0,0,2,6,4,2,2,0,0,0,0,0,0,0,0,0,1,4,7,8,3,0,0,0,0,0,0,0,0,0,0,3,6,4,2,0,0,0,0,0,0,0,0,0,0,0,0,徳島
4692,酒井俊弘,サカイ トシヒロ,福井,B1,S,590227,1,41,168,55,A,4.96,33.3,17,16,99,0,0,0.14,13,76.9,0.16,2.5,16,12.5,0.17,3.3,19,31.5,0.13,2.8,16,31.2,0.16,3.1,19,31.5,0.13,2.2,16,25.0,0.13,2.7,B1,A2,B1,42.0,48.0,2025,2,2024-11-01,2025-04-30,110,5,5,0,1,0,1,0,0,0,0,0,0,1,0,1,1,2,4,3,4,1,0,0,0,0,0,0,0,1,5,2,8,2,1,0,0,0,0,0,0,0,0,3,2,1,2,5,3,0,1,0,0,0,0,0,0,4,2,3,4,1,5,0,0,0,0,0,0,0,0,3,1,2,1,8,1,0,0,0,0,0,0,0,0,0,0,0,0,福井
4693,松下誉士,マツシタ タカシ,福岡,B1,S,590413,1,41,158,55,AB,4.32,20.3,12,15,133,0,0,0.19,16,50.0,0.18,3.3,27,14.8,0.2,4.7,20,30.0,0.19,4.1,21,14.2,0.17,3.6,25,20.0,0.18,4.1,24,4.1,0.21,4.3,B1,B1,B1,48.0,47.0,2025,2,2024-11-01,2025-04-30,110,6,2,1,2,2,3,0,0,0,0,0,1,0,0,2,2,8,5,4,6,0,0,0,0,0,0,0,0,1,5,5,3,3,3,0,0,0,0,0,0,0,0,0,3,2,6,6,4,0,0,0,0,0,0,0,0,2,3,4,7,6,3,0,0,0,0,0,1,0,0,1,0,2,8,4,9,0,0,0,0,0,0,0,0,0,0,0,0,福岡
4694,高田綾,タカダ アヤ,福岡,B1,S,600119,2,40,151,46,AB,4.5,26.3,12,7,72,0,0,0.18,11,36.3,0.17,2.7,10,40.0,0.16,3.3,11,36.3,0.17,3.3,13,30.7,0.19,3.2,14,14.2,0.18,2.9,13,7.6,0.22,3.7,B2,B2,B2,47.0,46.0,2025,2,2024-11-01,2025-04-30,110,3,1,1,3,3,0,0,0,0,0,0,0,0,0,4,0,1,0,2,2,1,0,0,0,0,0,0,0,2,2,1,2,0,4,0,0,0,0,0,0,0,0,3,1,2,2,2,3,0,0,0,0,0,0,0,0,0,2,1,1,6,4,0,0,0,0,0,0,0,0,0,1,3,4,2,3,0,0,0,0,0,0,0,0,0,0,0,0,福岡
4695,尾崎雄二,オサキ ユウジ,長崎,B1,S,600929,1,39,168,54,O,5.05,29.4,18,20,129,2,0,0.18,27,74.0,0.18,3.1,20,25.0,0.16,3.6,23,26.0,0.17,3.3,17,29.4,0.19,3.7,17,5.8,0.19,4.2,25,4.0,0.18,3.8,A2,B1,B1,51.0,48.0,2025,2,2024-11-01,2025-04-30,110,15,5,2,1,4,0,0,0,0,0,0,0,0,0,0,5,2,8,2,3,0,0,0,0,0,0,0,0,1,5,6,2,5,3,0,0,0,0,0,0,1,0,2,3,6,3,2,1,0,0,0,0,0,0,0,0,0,1,5,1,5,5,0,0,0,0,0,0,0,0,0,1,6,5,5,7,0,0,0,0,0,0,1,0,0,0,1,0,長崎
4697,國弘翔平,クニヒロ ショウヘイ,福岡,B1,S,610806,1,38,156,51,A,4.25,21.0,8,16,114,0,0,0.19,15,33.3,0.2,3.4,20,25.0,0.18,3.8,23,21.7,0.16,3.2,18,27.7,0.16,3.4,18,16.6,0.18,4.0,20,5.0,0.26,5.2,B1,B1,B1,47.0,46.0,2025,2,2024-11-01,2025-04-30,110,4,1,0,4,3,3,0,0,0,0,0,0,0,0,0,5,4,4,5,2,0,0,0,0,0,1,0,0,2,3,4,5,5,4,0,0,0,0,0,1,0,0,2,3,5,1,4,3,0,0,0,0,0,0,0,0,0,3,2,5,5,3,0,0,0,0,0,0,0,0,0,1,3,3,8,5,0,0,0,0,0,0,0,0,0,0,0,0,福岡
4700,金子和之,カネコ カズユキ,埼玉,A1,S,620410,1,38,168,55,O,6.42,47.8,29,37,138,5,0,0.16,27,77.7,0.14,2.0,24,62.5,0.16,3.3,21,28.5,0.17,3.5,23,60.8,0.17,3.5,22,40.9,0.16,3.1,21,4.7,0.15,3.2,A1,A2,A2,54.0,54.0,2025,2,2024-11-01,2025-04-30,110,17,4,4,1,0,1,0,0,0,0,0,0,0,0,4,11,5,1,1,2,0,0,0,0,0,0,0,0,1,5,7,3,0,5,0,0,0,0,0,1,0,0,4,10,2,2,3,2,0,0,0,0,0,0,0,0,2,7,4,4,2,3,0,0,0,0,0,1,0,0,1,0,9,6,2,3,0,0,0,0,0,0,0,0,0,0,0,0,新潟
4702,三浦敬太,ミウラ ケイタ,東京,A1,S,620520,1,38,165,52,B,6.48,51.5,28,22,97,4,1,0.14,22,81.8,0.15,2.6,15,53.3,0.15,2.5,15,60.0,0.15,3.1,17,41.1,0.13,2.5,12,33.3,0.18,2.8,16,25.0,0.11,2.6,A2,A1,A2,52.0,53.0,2025,2,2024-11-01,2025-04-30,110,16,2,1,1,2,0,0,0,0,0,0,0,0,0,1,7,1,2,3,0,1,0,0,0,0,0,0,0,7,2,4,1,0,1,0,0,0,0,0,0,0,0,2,5,1,4,4,1,0,0,0,0,0,0,0,0,1,3,3,2,1,2,0,0,0,0,0,0,0,0,1,3,5,1,4,2,0,0,0,0,0,0,0,0,0,0,2,0,北海道
4703,森永隆,モリナガ タカシ,山口,A1,S,630226,1,37,163,52,B,6.8,49.6,40,28,137,4,2,0.15,35,80.0,0.13,2.3,21,66.6,0.14,1.9,25,44.0,0.13,2.7,21,38.1,0.16,3.5,20,25.0,0.16,3.3,15,13.3,0.17,3.9,A1,A2,A1,53.0,56.0,2025,2,2024-11-01,2025-04-30,110,25,3,5,2,0,0,0,0,0,0,0,0,0,0,7,7,4,1,2,0,0,0,0,0,0,0,0,0,5,6,5,4,4,1,0,0,0,0,0,0,0,0,2,6,4,5,1,3,0,0,0,0,0,0,0,0,1,4,7,5,3,0,0,0,0,0,0,0,0,0,0,2,6,3,1,3,0,0,0,0,0,1,0,0,0,0,0,0,山口
4704,河野大,カワノ ダイ,徳島,A1,S,630627,1,37,163,51,B,6.26,45.7,33,36,151,4,0,0.16,24,100.0,0.12,2.7,25,64.0,0.18,3.8,31,29.0,0.15,3.3,26,34.6,0.18,3.6,26,34.6,0.17,3.4,19,10.5,0.18,4.1,A1,A2,A1,53.0,56.0,2025,2,2024-11-01,2025-04-30,110,19,5,0,0,0,0,0,0,0,0,0,0,0,0,5,11,2,4,2,1,0,0,0,0,0,0,0,0,4,5,8,2,8,4,0,0,0,0,0,0,0,0,1,8,4,7,4,1,0,0,0,0,0,0,0,1,4,5,7,6,2,2,0,0,0,0,0,0,0,0,0,2,4,3,7,3,0,0,0,0,0,0,0,0,0,0,2,0,徳島
4705,吉川勇作,ヨシカワ ユウサク,長崎,B1,S,630806,1,36,172,56,O,4.54,29.4,25,8,112,1,0,0.14,19,78.9,0.13,2.1,18,44.4,0.12,2.0,23,26.0,0.14,2.5,16,18.7,0.14,2.8,15,0.0,0.14,2.9,21,4.7,0.15,3.0,B1,B1,B1,44.0,45.0,2025,2,2024-11-01,2025-04-30,110,15,0,1,2,0,1,0,0,0,0,0,0,0,0,5,3,2,3,1,4,0,0,0,0,0,0,0,0,3,3,6,1,3,7,0,0,0,0,0,1,0,0,2,1,1,1,3,8,0,0,0,0,0,0,0,0,0,0,1,3,6,5,0,0,0,0,0,0,0,0,0,1,1,1,8,10,0,0,0,0,0,0,0,0,0,0,0,0,長崎
4706,三浦洋次朗,ミウラ ヨウジロウ,愛知,A2,S,631026,1,36,166,50,O,5.68,34.8,24,23,135,2,1,0.17,26,65.3,0.19,3.4,25,60.0,0.15,3.4,19,31.5,0.17,3.2,23,21.7,0.16,3.2,24,12.5,0.17,3.2,18,5.5,0.15,3.5,A2,A2,A2,52.0,52.0,2025,2,2024-11-01,2025-04-30,110,15,2,2,5,1,1,0,0,0,0,0,0,0,0,5,10,1,6,3,0,0,0,0,0,0,0,0,0,1,5,5,2,5,1,0,0,0,0,0,0,0,0,1,4,6,5,5,1,1,0,0,0,0,1,0,0,2,1,8,9,3,1,0,0,0,0,0,0,0,0,0,1,3,5,7,2,0,0,0,0,0,0,0,0,0,0,0,0,愛知
4708,半田尚也,ハンダ ナオヤ,広島,B1,H,010509,1,36,169,55,O,4.63,20.0,6,16,110,0,0,0.19,18,50.0,0.18,3.8,19,10.5,0.21,3.9,16,31.2,0.23,3.9,18,22.2,0.18,4.2,23,8.7,0.17,3.2,16,0.0,0.21,4.4,B1,B1,B1,44.0,48.0,2025,2,2024-11-01,2025-04-30,110,5,4,2,2,2,3,0,0,0,0,0,0,0,0,0,2,8,5,3,1,0,0,0,0,0,0,0,0,0,5,5,3,2,1,0,0,0,0,0,0,0,0,1,3,2,4,7,1,0,0,0,0,0,0,0,0,0,2,7,4,5,5,0,0,0,0,0,0,0,0,0,0,5,3,6,2,0,0,0,0,0,0,0,0,0,0,0,0,広島
4709,岡村将也,オカムラ マサヤ,福岡,A2,H,010703,1,35,164,56,A,5.72,34.9,22,21,123,1,0,0.18,21,76.1,0.16,3.4,21,33.3,0.17,3.7,19,52.6,0.15,3.1,23,21.7,0.19,3.5,22,22.7,0.17,3.2,17,0.0,0.21,4.4,A2,B1,A2,50.0,51.0,2025,2,2024-11-01,2025-04-30,110,15,1,2,1,1,0,0,0,0,0,0,0,0,1,3,4,5,2,3,4,0,0,0,0,0,0,0,0,1,9,3,4,2,0,0,0,0,0,0,1,0,0,3,2,8,5,2,3,0,0,0,0,0,0,0,0,0,5,5,6,4,2,0,0,0,0,0,1,0,0,0,0,6,7,3,1,0,0,0,0,0,0,0,0,0,0,0,0,福岡
4710,福田宗平,フクダ シュウヘイ,大阪,A2,H,011130,1,35,160,53,A,6.18,43.5,29,18,108,2,1,0.16,26,88.4,0.14,2.8,15,53.3,0.14,3.6,17,35.2,0.13,2.7,15,26.6,0.16,3.2,14,28.5,0.16,3.1,21,9.5,0.2,4.3,A2,A1,A2,53.0,52.0,2025,2,2024-11-01,2025-04-30,110,20,3,0,2,0,0,1,0,0,0,0,1,0,0,5,3,3,2,0,2,0,0,0,0,0,0,0,0,2,4,5,2,2,2,0,0,0,0,0,0,0,0,1,3,4,2,3,2,0,0,0,0,0,0,0,0,1,3,5,4,1,0,0,0,0,0,0,0,0,0,0,2,4,5,8,2,0,0,0,0,0,0,0,0,0,0,1,0,大阪
4711,前出達吉,マエデ タツキ,福井,A2,H,020222,1,35,160,53,A,5.67,41.2,12,28,97,0,0,0.14,16,68.7,0.13,1.9,18,55.5,0.15,2.4,14,50.0,0.15,2.4,21,19.0,0.14,2.5,17,29.4,0.13,2.8,11,27.2,0.17,3.5,B1,B1,A2,50.0,51.0,2025,2,2024-11-01,2025-04-30,110,6,5,2,1,1,1,0,0,0,0,0,0,0,0,2,8,3,2,2,1,0,0,0,0,0,0,0,0,2,5,1,4,2,0,0,0,0,0,0,0,0,0,1,3,6,6,3,2,0,0,0,0,0,0,0,0,1,4,5,3,2,2,0,0,0,0,0,1,0,0,0,3,0,0,6,2,0,0,0,0,0,0,0,0,0,0,0,0,石川
4713,白神優,シラガ ユウ,岡山,A1,H,020830,1,34,168,56,O,6.57,49.1,36,24,122,3,2,0.15,28,96.4,0.14,2.6,19,57.8,0.15,3.4,15,53.3,0.14,2.2,20,35.0,0.18,2.6,20,15.0,0.15,2.9,20,20.0,0.14,2.8,A1,A1,A1,57.0,58.0,2025,2,2024-11-01,2025-04-30,110,24,3,1,0,0,0,0,0,0,0,0,0,0,0,2,9,0,2,2,3,1,0,0,0,0,0,0,0,5,3,5,1,1,0,0,0,0,0,0,1,0,0,3,4,2,1,6,4,0,0,0,0,0,0,0,0,1,2,5,4,5,3,0,0,0,0,0,0,0,0,1,3,6,5,3,2,0,0,0,0,0,0,0,0,0,0,0,0,岡山
4714,喜多須杏奈,キタズ アンナ,徳島,B1,H,020930,2,34,157,51,A,4.93,26.0,13,13,100,0,0,0.18,18,72.2,0.16,2.7,18,22.2,0.19,3.5,21,23.8,0.18,3.2,15,13.3,0.19,3.6,18,11.1,0.17,3.0,10,0.0,0.17,3.8,B1,A2,B1,48.0,49.0,2025,2,2024-11-01,2025-04-30,110,9,4,3,0,1,1,0,0,0,0,0,0,0,0,2,2,3,4,3,4,0,0,0,0,0,0,0,0,1,4,5,5,4,2,0,0,0,0,0,0,0,0,0,2,1,4,5,3,0,0,0,0,0,0,0,0,1,1,7,4,4,1,0,0,0,0,0,0,0,0,0,0,3,2,1,4,0,0,0,0,0,0,0,0,0,0,0,0,徳島
4715,村上遼,ムラカミ リョウ,長崎,A1,H,040603,1,33,157,56,AB,6.43,45.8,30,20,109,6,0,0.13,21,85.7,0.12,2.1,20,40.0,0.14,2.8,17,52.9,0.15,2.6,18,44.4,0.11,1.9,15,33.3,0.12,2.3,18,11.1,0.14,3.4,A1,A1,A1,61.0,59.0,2025,2,2024-11-01,2025-04-30,110,14,4,0,0,1,2,0,0,0,0,0,0,0,0,4,4,2,3,3,4,0,0,0,0,0,0,0,0,5,4,5,2,0,1,0,0,0,0,0,0,0,0,5,3,4,2,1,3,0,0,0,0,0,0,0,0,2,3,3,1,4,2,0,0,0,0,0,0,0,0,0,2,5,4,3,3,0,0,0,0,0,0,1,0,0,0,0,0,長崎
4718,北川太一,キタガワ タイチ,佐賀,A2,H,050104,1,32,158,52,A,5.8,41.3,26,22,116,4,0,0.16,23,69.5,0.16,2.7,17,58.8,0.14,2.9,21,47.6,0.18,3.4,20,35.0,0.15,3.1,18,22.2,0.16,3.7,17,5.8,0.15,3.6,A2,A2,A2,50.0,51.0,2025,2,2024-11-01,2025-04-30,110,15,1,3,0,3,1,0,0,0,0,0,0,0,0,4,6,1,3,3,0,0,0,0,0,0,0,0,0,2,8,4,1,5,1,0,0,0,0,0,0,0,0,3,4,6,3,1,3,0,0,0,0,0,0,0,0,1,3,2,2,8,2,0,0,0,0,0,0,0,0,1,0,1,10,1,3,0,0,0,0,0,0,1,0,0,0,0,0,佐賀
4719,上條暢嵩,カミジョウ ノブタカ,大阪,A1,H,060104,1,31,167,51,O,6.87,45.8,29,21,109,5,1,0.14,21,85.7,0.14,3.8,23,52.1,0.15,3.3,20,60.0,0.14,3.2,15,26.6,0.14,3.1,17,17.6,0.12,3.1,13,7.6,0.16,4.5,A1,A1,A1,71.0,69.0,2025,2,2024-11-01,2025-04-30,110,18,0,1,1,0,0,0,0,0,0,0,0,1,0,4,8,2,4,3,2,0,0,0,0,0,0,0,0,5,7,2,2,4,0,0,0,0,0,0,0,0,0,1,3,4,3,3,1,0,0,0,0,0,0,0,0,1,2,4,2,5,3,0,0,0,0,0,0,0,0,0,1,1,5,4,2,0,0,0,0,0,0,0,0,0,0,0,0,大阪
4720,西澤日花里,ニシザワ ヒカリ,長崎,B1,H,060515,2,31,149,44,B,4.86,29.7,13,12,84,1,0,0.2,10,60.0,0.2,4.5,16,56.2,0.17,3.3,17,35.2,0.23,4.2,12,25.0,0.19,3.2,18,5.5,0.18,3.2,11,0.0,0.22,3.2,B1,B1,B1,48.0,48.0,2025,2,2024-11-01,2025-04-30,110,5,1,1,3,0,0,0,0,0,0,0,0,0,0,2,7,3,1,3,0,0,0,0,0,0,0,0,0,4,2,2,4,3,2,0,0,0,0,0,0,0,0,2,1,2,2,4,1,0,0,0,0,0,0,0,0,0,1,3,5,7,2,0,0,0,0,0,0,0,0,0,0,0,0,4,7,0,0,0,0,0,0,0,0,0,0,0,0,熊本
4723,寺島吉彦,テラシマ ヨシヒコ,東京,B1,S,601213,1,39,157,50,A,4.69,26.9,8,20,104,1,0,0.17,15,53.3,0.14,3.4,14,28.5,0.15,3.5,18,44.4,0.14,3.0,21,23.8,0.18,2.9,13,0.0,0.2,3.7,22,13.6,0.19,4.3,A2,B1,A2,51.0,47.0,2025,2,2024-11-01,2025-04-30,111,3,5,5,1,1,0,0,0,0,0,0,0,0,0,2,2,6,0,1,3,0,0,0,0,0,0,0,0,2,6,1,2,1,5,0,0,0,0,0,0,1,0,0,5,5,3,5,3,0,0,0,0,0,0,0,0,0,0,2,1,7,3,0,0,0,0,0,0,0,0,1,2,6,3,3,6,1,0,0,0,0,0,0,0,0,0,0,1,福島
4724,吉田祐貴,ヨシダ ユウキ,佐賀,B1,S,610109,1,39,163,54,A,4.1,17.8,3,12,84,0,0,0.2,10,70.0,0.17,3.1,13,15.3,0.21,4.6,16,25.0,0.21,4.3,15,13.3,0.22,4.7,16,0.0,0.19,4.1,14,0.0,0.19,4.1,B1,B1,B1,46.0,46.0,2025,2,2024-11-01,2025-04-30,111,1,6,1,0,0,0,1,0,0,0,0,0,0,1,0,2,4,0,6,1,0,0,0,0,0,0,0,0,1,3,5,3,1,3,0,0,0,0,0,0,0,0,1,1,1,5,4,3,0,0,0,0,0,2,0,0,0,0,2,3,8,3,0,0,0,0,0,0,0,0,0,0,3,5,4,2,0,0,0,0,0,0,0,0,0,0,0,0,佐賀
4725,佐竹太一,サタケ タイチ,兵庫,B1,S,610908,1,38,166,52,B,4.82,25.2,14,14,111,1,0,0.2,16,68.7,0.21,4.3,21,14.2,0.2,4.3,20,20.0,0.2,3.5,19,10.5,0.19,3.5,21,28.5,0.17,3.4,14,14.2,0.2,5.0,B1,B1,A2,47.0,48.0,2025,2,2024-11-01,2025-04-30,111,6,5,0,0,2,3,0,0,0,0,0,0,0,0,2,1,6,4,5,3,0,0,0,0,0,0,0,0,3,1,6,3,2,5,0,0,0,0,0,0,0,0,1,1,5,8,3,1,0,0,0,0,0,0,0,0,2,4,5,3,5,2,0,0,0,0,0,0,0,0,0,2,1,4,1,6,0,0,0,0,0,0,0,0,0,0,0,0,兵庫
4726,島田なぎさ,シマダ ナギサ,埼玉,B2,S,620426,2,38,156,47,A,4.32,29.5,6,7,44,0,0,0.15,9,55.5,0.14,3.0,7,28.5,0.17,3.1,8,12.5,0.14,2.9,6,50.0,0.16,2.5,7,28.5,0.14,4.4,7,0.0,0.18,3.6,B2,B2,B2,0.0,45.0,2025,2,2024-11-01,2025-04-30,111,4,1,2,0,0,2,0,0,0,0,0,0,0,0,0,2,1,0,3,1,0,0,0,0,0,0,0,0,0,1,0,1,3,3,0,0,0,0,0,0,0,0,1,2,1,0,1,1,0,0,0,0,0,0,0,0,1,1,0,1,1,3,0,0,0,0,0,0,0,0,0,0,1,1,1,4,0,0,0,0,0,0,0,0,0,0,0,0,埼玉
4727,安部慎一,アベ シンイチ,福岡,B1,S,620814,1,37,169,55,O,4.38,25.9,12,15,104,0,0,0.16,16,68.7,0.12,1.8,18,38.8,0.17,3.1,18,11.1,0.18,3.3,20,30.0,0.15,2.9,20,5.0,0.16,3.9,12,0.0,0.18,3.8,B1,B1,B1,48.0,45.0,2025,2,2024-11-01,2025-04-30,111,9,2,2,0,1,0,1,0,0,0,0,0,1,0,1,6,3,5,0,3,0,0,0,0,0,0,0,0,0,2,4,3,2,7,0,0,0,0,0,0,0,0,1,5,3,2,4,5,0,0,0,0,0,0,0,0,1,0,2,4,9,4,0,0,0,0,0,0,0,0,0,0,0,3,3,6,0,0,0,0,0,0,0,0,0,0,2,0,福岡
4728,山口亮,ヤマグチ リョウ,東京,B1,S,621031,1,37,167,55,B,4.51,25.0,20,8,112,1,1,0.19,17,76.4,0.14,2.2,24,41.6,0.18,3.4,15,26.6,0.2,3.9,20,0.0,0.2,3.5,19,5.2,0.18,3.5,17,0.0,0.23,4.8,B1,B1,B1,47.0,46.0,2025,2,2024-11-01,2025-04-30,111,12,1,1,0,2,1,0,0,0,0,0,0,0,0,5,5,3,5,2,4,0,0,0,0,0,0,0,0,3,1,0,5,1,5,0,0,0,0,0,0,0,0,0,0,6,7,4,3,0,0,0,0,0,0,0,0,0,1,2,3,7,6,0,0,0,0,0,0,0,0,0,0,2,2,4,9,0,0,0,0,0,0,0,0,0,0,0,0,神奈川
4729,佐藤謙史朗,サトウ ケンシロウ,福岡,B1,H,010207,1,36,158,55,B,4.45,22.6,8,14,97,1,0,0.17,13,46.1,0.17,2.4,21,28.5,0.17,4.1,20,20.0,0.18,3.7,16,12.5,0.17,3.2,14,21.4,0.17,3.1,13,7.6,0.17,4.2,B1,B1,B1,49.0,47.0,2025,2,2024-11-01,2025-04-30,111,4,2,1,2,2,0,1,0,0,0,0,0,1,0,1,5,5,5,4,1,0,0,0,0,0,0,0,0,2,2,1,9,5,1,0,0,0,0,0,0,0,0,1,1,5,1,5,3,0,0,0,0,0,0,0,0,0,3,2,3,4,2,0,0,0,0,0,0,0,0,0,1,2,1,3,6,0,0,0,0,0,0,0,0,0,0,0,0,大分
4730,土屋実沙希,ツチヤ ミサキ,静岡,B1,H,010211,2,36,154,48,A,4.64,28.9,6,14,69,0,0,0.2,10,40.0,0.18,3.0,13,53.8,0.21,3.8,13,15.3,0.18,2.8,11,18.1,0.21,4.1,14,28.5,0.21,4.6,8,12.5,0.24,5.1,B1,A2,B1,50.0,47.0,2025,2,2024-11-01,2025-04-30,111,2,2,3,1,1,1,0,0,0,0,0,0,0,0,2,5,0,3,2,1,0,0,0,0,0,0,0,0,0,2,3,4,3,1,0,0,0,0,0,0,0,0,2,0,1,1,1,5,0,0,0,0,0,1,0,1,0,4,3,0,4,3,0,0,0,0,0,0,0,0,0,1,1,2,1,3,0,0,0,0,0,0,0,0,0,0,2,0,静岡
4731,間野兼礼,マノ カズノリ,愛知,B1,H,010325,1,36,167,54,A,5.23,25.0,8,13,84,1,0,0.15,11,63.6,0.15,3.0,16,31.2,0.15,3.5,15,20.0,0.19,3.5,17,11.7,0.16,3.4,12,16.6,0.11,2.1,13,15.3,0.15,3.5,B1,B1,B1,49.0,50.0,2025,2,2024-11-01,2025-04-30,111,4,3,0,4,0,0,0,0,0,0,0,0,0,0,1,4,9,0,1,1,0,0,0,0,0,0,0,0,2,1,4,7,1,0,0,0,0,0,0,0,0,0,0,2,7,5,0,3,0,0,0,0,0,0,0,0,1,1,1,4,3,1,0,0,0,0,0,0,1,0,0,2,1,4,5,1,0,0,0,0,0,0,0,0,0,0,0,0,愛知
4732,堀本和也,ホリモト カズヤ,徳島,A1,H,010402,1,36,168,54,A,6.51,49.2,34,34,138,3,1,0.12,31,83.8,0.13,2.3,24,45.8,0.15,3.2,25,52.0,0.11,2.0,29,44.8,0.11,2.1,22,22.7,0.12,2.2,7,0.0,0.18,2.7,A1,A2,A1,53.0,56.0,2025,2,2024-11-01,2025-04-30,111,19,7,1,3,0,1,0,0,0,0,0,0,0,0,5,6,1,5,2,5,0,0,0,0,0,0,0,0,3,10,5,3,2,2,0,0,0,0,0,0,0,0,7,6,7,4,5,0,0,0,0,0,0,0,0,0,0,5,5,6,5,1,0,0,0,0,0,0,0,0,0,0,2,1,2,2,0,0,0,0,0,0,0,0,0,0,0,0,徳島
4733,赤井睦,アカイ ムツミ,徳島,B1,H,010503,2,36,161,49,B,5.05,34.6,16,20,104,0,0,0.16,21,52.3,0.15,2.6,18,50.0,0.17,2.8,19,42.1,0.16,2.8,14,42.8,0.13,2.5,20,5.0,0.16,3.1,12,8.3,0.15,3.2,A2,B1,B1,49.0,50.0,2025,2,2024-11-01,2025-04-30,111,9,2,6,1,0,3,0,0,0,0,0,0,0,0,3,6,0,0,5,3,1,0,0,0,0,0,0,0,2,6,5,1,2,3,0,0,0,0,0,0,0,0,1,5,2,2,2,2,0,0,0,0,0,0,0,0,0,1,4,2,7,6,0,0,0,0,0,0,0,0,1,0,1,1,3,6,0,0,0,0,0,0,0,0,0,0,0,0,岡山
4734,安河内将,ヤスコウチ ショウ,佐賀,A1,H,011027,1,35,167,52,B,6.41,45.4,40,25,143,1,0,0.16,35,82.8,0.18,3.8,22,54.5,0.17,3.8,20,40.0,0.14,3.3,31,35.4,0.15,3.0,18,16.6,0.13,3.2,17,11.7,0.2,4.3,A1,A1,A2,56.0,58.0,2025,2,2024-11-01,2025-04-30,111,23,6,2,1,1,1,0,0,0,0,0,0,1,0,6,6,1,1,4,3,0,0,0,0,0,1,1,0,5,3,3,5,3,1,0,0,0,0,0,0,0,0,4,7,11,5,1,3,0,0,0,0,0,0,0,0,0,3,4,5,4,2,0,0,0,0,0,0,0,0,2,0,3,5,2,5,0,0,0,0,0,1,0,0,0,0,0,0,佐賀
4735,角山雄哉,カクヤマ ユウヤ,兵庫,B1,H,021102,1,34,160,55,B,4.5,28.2,8,18,92,0,0,0.17,13,46.1,0.14,2.5,16,56.2,0.14,2.7,14,35.7,0.18,3.9,12,25.0,0.2,4.1,19,10.5,0.17,2.9,18,5.5,0.17,4.1,B1,B1,B1,48.0,46.0,2025,2,2024-11-01,2025-04-30,111,5,1,2,2,1,1,0,0,0,0,0,0,1,0,2,7,2,3,2,0,0,0,0,0,0,0,0,0,1,4,0,3,3,3,0,0,0,0,0,0,0,0,0,3,3,1,2,3,0,0,0,0,0,0,0,0,0,2,2,4,6,5,0,0,0,0,0,0,0,0,0,1,2,5,3,6,1,0,0,0,0,0,0,0,0,0,0,0,兵庫
4736,高倉和士,タカクラ カズト,福岡,A2,H,030625,1,34,169,54,A,6.17,36.9,23,18,111,5,1,0.12,23,82.6,0.12,1.8,22,50.0,0.12,2.0,15,26.6,0.08,2.3,14,35.7,0.12,2.0,21,9.5,0.12,2.1,16,0.0,0.18,4.1,A1,A1,A1,58.0,59.0,2025,2,2024-11-01,2025-04-30,111,15,4,1,0,1,2,0,0,0,0,0,0,0,0,2,9,5,2,2,1,1,0,0,0,0,0,0,0,2,2,3,6,2,0,0,0,0,0,0,0,0,0,3,2,3,4,0,2,0,0,0,0,0,0,0,0,1,1,6,8,2,3,0,0,0,0,0,0,0,0,0,0,5,5,3,3,0,0,0,0,0,0,0,0,0,0,0,0,福岡
4737,竹井貴史,タケイ タカシ,福岡,A1,H,030703,1,33,169,55,AB,6.81,52.8,36,28,121,6,1,0.16,28,89.2,0.18,3.9,16,68.7,0.17,4.1,26,42.3,0.16,3.1,19,63.1,0.19,3.3,14,35.7,0.12,2.0,18,0.0,0.14,3.4,A1,A1,A1,58.0,57.0,2025,2,2024-11-01,2025-04-30,111,22,3,1,2,0,0,0,0,0,0,0,0,0,0,7,4,1,1,2,1,0,0,0,0,0,0,0,0,2,9,6,4,3,2,0,0,0,0,0,0,0,0,2,10,2,4,1,0,0,0,0,0,0,0,0,0,3,2,4,3,0,1,1,0,0,0,0,0,0,0,0,0,5,3,6,3,1,0,0,0,0,0,0,0,0,0,0,0,福岡
4738,清埜翔子,セイノ ショウコ,埼玉,A2,H,030812,2,33,161,48,A,5.59,40.6,34,25,145,3,0,0.16,29,82.7,0.13,1.9,25,44.0,0.16,3.6,24,54.1,0.16,2.8,23,26.0,0.15,3.2,25,12.0,0.2,3.4,19,10.5,0.16,3.7,A2,A2,A1,53.0,51.0,2025,2,2024-11-01,2025-04-30,111,21,3,2,1,1,1,0,0,0,0,0,0,0,0,6,5,5,4,3,2,0,0,0,0,0,0,0,0,2,11,2,3,1,5,0,0,0,0,0,0,0,0,3,3,5,1,4,7,0,0,0,0,0,0,0,0,2,1,3,4,10,5,0,0,0,0,0,0,0,0,0,2,2,1,8,5,0,0,0,0,0,0,1,0,0,0,0,0,埼玉
4739,中村晃朋,ナカムラ アキトモ,香川,A1,H,031103,1,33,167,53,A,6.29,39.2,28,21,125,6,0,0.15,22,77.2,0.16,2.8,20,65.0,0.15,3.0,24,41.6,0.12,2.5,22,22.7,0.13,3.0,21,19.0,0.15,3.8,16,0.0,0.18,3.8,A1,A1,A1,59.0,65.0,2025,2,2024-11-01,2025-04-30,111,16,1,2,2,1,0,0,0,0,0,0,0,0,0,7,6,4,0,2,1,0,0,0,0,0,0,0,0,3,7,3,8,2,1,0,0,0,0,0,0,0,0,1,4,5,4,4,4,0,0,0,0,0,0,0,0,1,3,4,5,6,2,0,0,0,0,0,0,0,0,0,0,1,6,3,6,0,0,0,0,0,0,0,0,0,0,0,0,香川
4740,齋藤達希,サイトウ タツキ,静岡,B1,H,040208,1,33,168,53,A,4.15,21.5,9,14,107,0,0,0.2,13,53.8,0.16,2.7,23,34.7,0.2,3.9,15,20.0,0.18,2.9,17,17.6,0.2,4.7,24,4.1,0.21,4.4,15,6.6,0.22,4.6,B1,B1,B1,48.0,46.0,2025,2,2024-11-01,2025-04-30,111,6,1,2,1,0,3,0,0,0,0,0,0,0,0,2,6,4,4,2,5,0,0,0,0,0,0,0,0,0,3,1,6,3,2,0,0,0,0,0,0,0,0,1,2,3,3,5,3,0,0,0,0,0,0,0,0,0,1,3,5,9,6,0,0,0,0,0,0,0,0,0,1,0,4,5,5,0,0,0,0,0,0,0,0,0,0,0,0,静岡
4743,木村仁紀,キムラ マサキ,滋賀,A1,H,040917,1,32,165,57,O,6.7,46.1,34,26,130,5,1,0.14,31,93.5,0.11,1.8,17,29.4,0.15,3.2,18,55.5,0.14,2.2,20,35.0,0.15,3.3,21,19.0,0.15,3.0,23,21.7,0.18,3.4,A1,A1,A1,56.0,60.0,2025,2,2024-11-01,2025-04-30,111,21,8,2,0,0,0,0,0,0,0,0,0,0,0,3,2,8,1,2,1,0,0,0,0,0,0,0,0,4,6,1,2,2,3,0,0,0,0,0,0,0,0,3,4,5,5,2,1,0,0,0,0,0,0,0,0,2,2,7,7,2,1,0,0,0,0,0,0,0,0,1,4,3,7,6,2,0,0,0,0,0,0,0,0,0,0,0,0,京都
4744,伊藤玲奈,イトウ レナ,福岡,B1,H,040929,2,32,152,46,A,4.87,26.6,7,18,94,0,0,0.21,12,41.6,0.23,4.1,18,38.8,0.2,4.3,18,22.2,0.2,4.1,18,33.3,0.22,4.2,15,13.3,0.2,3.9,13,7.6,0.19,4.7,B1,B1,B1,47.0,49.0,2025,2,2024-11-01,2025-04-30,111,3,2,5,1,0,1,0,0,0,0,0,0,0,0,1,6,3,4,2,2,0,0,0,0,0,0,0,0,2,2,6,1,4,3,0,0,0,0,0,1,0,0,1,5,4,4,3,1,0,0,0,0,0,0,0,0,0,2,0,1,8,4,0,0,0,0,0,0,0,0,0,1,4,4,3,1,0,0,0,0,0,0,0,0,0,0,0,0,福岡
4746,大豆生田蒼,オオマメウダ アオイ,埼玉,A2,H,061126,2,30,155,49,A,5.93,43.3,17,22,90,1,0,0.18,19,78.9,0.17,2.7,13,38.4,0.23,3.9,14,35.7,0.23,4.4,12,41.6,0.17,2.7,17,41.1,0.14,3.4,15,13.3,0.15,2.9,A2,A1,A2,54.0,52.0,2025,2,2024-11-01,2025-04-30,111,10,5,0,2,1,1,0,0,0,0,0,0,0,0,0,5,3,2,1,2,0,0,0,0,0,0,0,0,2,3,2,4,2,1,0,0,0,0,0,0,0,0,1,4,1,3,1,2,0,0,0,0,0,0,0,0,4,3,6,0,1,1,1,0,0,0,0,0,0,1,0,2,4,3,3,3,0,0,0,0,0,0,0,0,0,0,0,0,栃木
4747,山戸信二,ヤマト シンジ,長崎,B1,S,600803,1,39,160,53,A,3.49,19.1,6,8,73,0,0,0.17,10,50.0,0.17,4.1,13,15.3,0.14,2.2,10,20.0,0.15,2.3,11,18.1,0.21,3.8,17,11.7,0.16,2.4,12,8.3,0.21,4.5,B1,B1,B1,45.0,42.0,2025,2,2024-11-01,2025-04-30,112,1,4,0,2,1,2,0,0,0,0,0,0,0,0,1,1,3,2,3,3,0,0,0,0,0,0,0,0,1,1,0,2,4,2,0,0,0,0,0,0,0,0,0,2,1,2,2,4,0,0,0,0,0,0,0,0,2,0,0,2,6,7,0,0,0,0,0,0,0,0,1,0,0,2,1,7,1,0,0,0,0,0,0,0,0,0,0,0,熊本
4748,渡邉雄朗,ワタナベ タケロウ,東京,A1,S,610501,1,39,171,54,A,6.42,46.9,39,31,149,3,0,0.13,32,84.3,0.16,2.4,23,52.1,0.13,2.5,27,48.1,0.13,2.1,25,44.0,0.13,2.4,22,13.6,0.13,2.5,20,20.0,0.11,2.1,A1,A1,A2,54.0,56.0,2025,2,2024-11-01,2025-04-30,112,22,5,3,1,0,1,0,0,0,0,0,0,0,0,6,6,5,5,0,1,0,0,0,0,0,0,0,0,7,6,3,5,4,2,0,0,0,0,0,0,0,0,1,10,5,2,4,3,0,0,0,0,0,0,0,0,2,1,5,5,3,6,0,0,0,0,0,1,0,0,1,3,5,6,2,3,0,0,0,0,0,1,0,0,0,0,0,0,千葉
4750,井上尚悟,イノウエ ショウゴ,大阪,B1,S,620629,1,38,163,52,A,4.18,21.6,11,15,120,0,0,0.17,16,56.2,0.18,3.1,21,19.0,0.17,3.7,19,31.5,0.17,3.1,24,8.3,0.17,3.6,21,14.2,0.17,3.5,18,11.1,0.16,3.8,B1,B1,B1,46.0,45.0,2025,2,2024-11-01,2025-04-30,112,5,4,1,1,4,1,0,0,0,0,0,0,0,0,3,1,3,7,4,2,0,0,0,0,0,0,0,1,2,4,4,2,4,3,0,0,0,0,0,0,0,0,0,2,4,7,5,6,0,0,0,0,0,0,0,0,1,2,4,1,8,5,0,0,0,0,0,0,0,0,0,2,1,3,7,5,0,0,0,0,0,0,0,0,0,0,0,1,大阪
4752,西尾亮輔,ニシオ リョウスケ,愛知,B1,S,630413,1,37,153,53,AB,4.09,17.4,11,8,109,0,0,0.18,15,40.0,0.19,3.7,16,25.0,0.2,3.5,22,18.1,0.14,2.9,17,11.7,0.16,3.4,21,14.2,0.2,3.7,18,0.0,0.21,3.9,B1,B1,B1,44.0,45.0,2025,2,2024-11-01,2025-04-30,112,3,3,4,1,3,1,0,0,0,0,0,0,0,0,2,2,2,4,4,2,0,0,0,0,0,0,0,0,2,2,2,5,4,5,0,0,0,0,0,0,1,1,1,1,3,5,5,2,0,0,0,0,0,0,0,0,3,0,4,4,8,1,1,0,0,0,0,0,0,0,0,0,3,3,5,7,0,0,0,0,0,0,0,0,0,0,0,0,愛知
4753,森照夫,モリ テルオ,福岡,B1,S,630718,1,36,171,60,A,4.66,29.5,14,17,105,1,0,0.16,13,53.8,0.17,3.5,21,28.5,0.15,3.2,19,42.1,0.16,2.7,15,33.3,0.15,1.9,17,5.8,0.18,2.4,20,20.0,0.13,2.1,B1,B1,B2,46.0,47.0,2025,2,2024-11-01,2025-04-30,112,5,2,1,3,2,0,0,0,0,0,0,0,0,0,1,5,4,3,1,5,0,0,0,0,0,0,0,2,3,5,1,1,5,4,0,0,0,0,0,0,0,0,3,2,1,5,3,1,0,0,0,0,0,0,0,0,0,1,4,3,6,3,0,0,0,0,0,0,0,0,2,2,1,4,5,6,0,0,0,0,0,0,0,0,0,0,0,0,福岡
4754,松尾充,マツオ ミツル,三重,A1,S,630903,1,36,169,51,B,6.58,48.0,40,23,131,5,1,0.15,29,89.6,0.14,2.1,22,40.9,0.13,3.3,24,58.3,0.16,3.0,21,33.3,0.15,3.0,16,18.7,0.14,3.0,19,21.0,0.15,3.0,A2,A1,A2,53.0,54.0,2025,2,2024-11-01,2025-04-30,112,24,2,2,1,0,0,0,0,0,0,0,0,0,0,3,6,6,2,2,3,0,0,0,0,0,0,0,0,8,6,7,2,1,0,0,0,0,0,0,0,0,0,4,3,6,4,1,3,0,0,0,0,0,0,0,0,0,3,2,3,4,4,0,0,0,0,0,0,0,0,1,3,5,3,4,3,0,0,0,0,0,0,0,0,0,0,0,0,三重
4756,渡邉昌成,ワタナベ マサナリ,静岡,B2,H,010110,1,36,166,54,AB,0.0,0.0,0,0,1,0,0,0.17,0,0.0,0.0,0.0,0,0.0,0.0,0.0,0,0.0,0.0,0.0,0,0.0,0.0,0.0,0,0.0,0.0,0.0,1,0.0,0.17,6.0,B2,B2,B2,0.0,0.0,2025,2,2024-11-01,2025-04-30,112,0,0,0,0,0,0,0,0,0,0,0,0,0,0,0,0,0,0,0,0,0,0,0,0,0,0,0,0,0,0,0,0,0,0,0,0,0,0,0,0,0,0,0,0,0,0,0,0,0,0,0,0,0,0,0,0,0,0,0,0,0,0,0,0,0,0,0,0,0,0,0,0,0,0,0,0,0,0,0,0,0,0,1,0,0,0,0,0,静岡
4757,山田祐也,ヤマダ ユウヤ,徳島,A1,H,010706,1,35,170,54,A,6.6,45.5,29,32,134,2,0,0.14,27,74.0,0.13,3.0,21,47.6,0.16,4.1,20,45.0,0.16,3.3,19,47.3,0.14,3.8,30,26.6,0.14,3.4,17,29.4,0.14,3.6,A1,A1,A1,61.0,67.0,2025,2,2024-11-01,2025-04-30,112,18,2,4,1,1,1,0,0,0,0,0,0,0,0,2,8,4,3,1,3,0,0,0,0,0,0,0,0,3,6,7,1,3,0,0,0,0,0,0,0,0,0,3,6,3,2,2,3,0,0,0,0,0,0,0,0,3,5,4,7,6,5,0,0,0,0,0,0,0,0,0,5,2,2,2,6,0,0,0,0,0,0,0,0,0,0,0,0,高知
4758,富樫麗加,トガシ レイカ,東京,B1,H,011108,2,35,163,54,B,5.32,26.9,11,10,78,1,0,0.19,12,50.0,0.15,2.6,11,45.4,0.15,2.8,15,6.6,0.16,3.0,12,16.6,0.19,4.4,13,30.7,0.22,3.5,15,20.0,0.25,5.1,A2,B2,B2,53.0,52.0,2025,2,2024-11-01,2025-04-30,112,5,1,3,1,2,0,0,0,0,0,0,0,0,0,3,2,2,1,1,2,0,0,0,0,0,0,0,0,0,1,4,8,0,0,1,0,0,0,0,0,1,0,2,0,3,3,2,1,0,0,0,0,0,0,1,0,1,3,3,1,3,2,0,0,0,0,0,0,0,0,0,3,4,5,2,1,0,0,0,0,0,0,0,0,0,0,0,0,東京
4759,今泉友吾,イマイズミ ユウゴ,東京,A1,H,011203,1,35,165,53,B,6.7,48.8,36,30,135,6,0,0.16,31,90.3,0.14,3.0,18,44.4,0.19,4.7,22,36.3,0.16,4.0,20,50.0,0.17,4.0,22,22.7,0.16,3.6,22,31.8,0.16,3.8,A1,A1,A1,59.0,60.0,2025,2,2024-11-01,2025-04-30,112,24,4,2,0,0,0,0,0,0,0,0,0,0,1,3,5,4,1,3,2,0,0,0,0,0,0,0,0,3,5,6,2,4,2,0,0,0,0,0,0,0,0,1,9,1,6,1,2,0,0,0,0,0,0,0,0,2,3,5,8,2,2,0,0,0,0,0,0,0,0,3,4,5,5,2,3,0,0,0,0,0,0,0,0,0,0,0,0,東京
4760,山崎郡,ヤマザキ グン,大阪,A1,H,011208,1,35,167,51,A,7.55,52.1,40,32,138,6,2,0.12,32,96.8,0.11,1.9,22,40.9,0.14,2.9,22,36.3,0.13,3.1,25,56.0,0.12,2.2,21,28.5,0.13,2.8,16,25.0,0.12,2.5,A1,A1,A1,64.0,70.0,2025,2,2024-11-01,2025-04-30,112,29,2,1,0,0,0,0,0,0,0,0,0,0,0,3,6,5,4,0,3,1,0,0,0,0,0,0,0,1,7,8,3,2,1,0,0,0,0,0,0,0,0,3,11,7,2,0,2,0,0,0,0,0,0,0,0,1,5,5,4,4,2,0,0,0,0,0,0,0,0,3,1,2,4,4,2,0,0,0,0,0,0,0,0,0,0,0,0,大阪
4761,山田晃大,ヤマダ アキヒロ,滋賀,A1,H,020106,1,35,167,54,B,6.27,45.0,26,19,100,4,0,0.13,18,88.8,0.12,2.1,17,52.9,0.13,2.2,12,50.0,0.13,2.4,19,42.1,0.13,2.4,19,10.5,0.11,2.4,15,26.6,0.15,3.0,A1,B2,A2,53.0,54.0,2025,2,2024-11-01,2025-04-30,112,15,1,0,1,0,0,0,0,1,0,0,0,0,0,5,4,4,3,0,1,0,0,0,0,0,0,0,0,1,5,0,1,4,1,0,0,0,0,0,0,0,0,3,5,4,3,2,1,0,0,0,0,0,0,1,0,0,2,7,6,2,2,0,0,0,0,0,0,0,0,2,2,2,2,5,2,0,0,0,0,0,1,0,0,0,0,0,0,滋賀
4762,藤原啓史朗,フジワラ ケイシロウ,岡山,A1,H,020307,1,35,169,51,A,7.61,63.5,58,38,151,11,4,0.13,38,97.3,0.13,2.6,25,68.0,0.13,2.7,23,60.8,0.12,2.0,23,47.8,0.11,2.8,20,40.0,0.13,2.5,22,40.9,0.13,2.2,A1,A1,A1,66.0,63.0,2025,2,2024-11-01,2025-04-30,112,34,3,0,0,0,1,0,0,0,0,0,0,0,0,9,8,2,3,2,1,0,0,0,0,0,0,0,0,7,7,5,2,1,1,0,0,0,0,0,0,0,0,2,9,4,3,2,3,0,0,0,0,0,0,0,0,3,5,3,4,2,3,0,0,0,0,0,1,0,0,3,6,2,6,0,4,1,0,0,0,0,0,0,0,0,0,0,0,岡山
4764,小池礼乃,コイケ アヤノ,福岡,A2,H,020517,2,35,156,48,A,5.66,39.7,20,17,93,2,1,0.17,14,71.4,0.14,2.7,16,37.5,0.17,4.0,19,52.6,0.17,3.5,15,46.6,0.17,2.5,20,20.0,0.17,3.2,9,0.0,0.17,3.2,B1,B2,B2,48.0,50.0,2025,2,2024-11-01,2025-04-30,112,7,3,1,1,2,0,0,0,0,0,0,0,0,0,5,1,3,1,3,3,0,0,0,0,0,0,0,0,4,6,5,3,0,0,0,0,0,0,0,0,1,0,3,4,2,2,2,2,0,0,0,0,0,0,0,0,1,3,2,6,4,4,0,0,0,0,0,0,0,0,0,0,2,2,2,3,0,0,0,0,0,0,0,0,0,0,0,0,福岡
4765,野田部宏子,ノタベ ヒロコ,福岡,B1,H,020625,2,35,164,53,A,5.1,36.0,20,11,86,0,0,0.14,12,58.3,0.14,2.1,16,31.2,0.16,3.2,16,43.7,0.14,2.6,13,38.4,0.15,2.8,17,35.2,0.13,2.2,12,8.3,0.12,2.9,B1,B1,A2,46.0,47.0,2025,2,2024-11-01,2025-04-30,112,6,1,2,0,2,0,1,0,0,0,0,0,0,0,3,2,2,3,1,4,0,0,0,0,0,0,1,0,3,4,4,0,3,2,0,0,0,0,0,1,0,0,2,3,1,0,3,4,0,0,0,0,0,0,0,0,5,1,0,1,7,3,0,0,0,0,0,0,0,0,1,0,4,1,2,4,0,0,0,0,0,0,0,0,0,0,0,0,福岡
4766,石井孝之,イシイ タカユキ,群馬,B1,H,030119,1,34,167,58,AB,5.11,31.5,19,17,114,0,0,0.12,16,62.5,0.15,2.1,21,42.8,0.14,2.5,17,23.5,0.15,2.1,23,43.4,0.08,1.9,20,10.0,0.11,1.8,17,5.8,0.12,2.2,B1,B1,B1,48.0,49.0,2025,2,2024-11-01,2025-04-30,112,6,4,3,2,0,1,0,0,0,0,0,0,0,0,4,5,6,3,3,0,0,0,0,0,0,0,0,0,1,3,3,3,4,3,0,0,0,0,0,0,0,0,7,3,4,3,1,4,0,0,0,0,0,0,1,0,1,1,2,4,7,5,0,0,0,0,0,0,0,0,0,1,2,4,7,3,0,0,0,0,0,0,0,0,0,0,0,0,群馬
4769,馬場剛,ババ ツヨシ,東京,A2,H,040706,1,32,168,52,AB,5.49,32.1,14,14,87,4,0,0.12,17,70.5,0.1,1.9,9,77.7,0.12,1.9,15,13.3,0.12,2.0,15,26.6,0.15,2.5,14,14.2,0.12,2.1,17,5.8,0.12,2.8,A2,A1,A1,51.0,51.0,2025,2,2024-11-01,2025-04-30,112,8,4,2,2,0,1,0,0,0,0,0,0,0,0,2,5,1,0,0,1,0,0,0,0,0,0,0,0,0,2,8,1,3,1,0,0,0,0,0,0,0,0,3,1,2,5,2,2,0,0,0,0,0,0,0,0,1,1,3,1,4,4,0,0,0,0,0,0,0,0,0,1,5,5,3,3,0,0,0,0,0,0,0,0,0,0,0,0,東京
4771,下寺秀和,シモデラ ヒデカズ,広島,A1,H,050208,1,32,165,53,B,6.53,45.9,35,21,122,4,2,0.15,23,86.9,0.16,3.0,19,68.4,0.16,2.6,22,36.3,0.14,2.7,16,43.7,0.12,1.8,21,38.1,0.18,3.4,21,0.0,0.15,3.7,A1,A2,A2,53.0,58.0,2025,2,2024-11-01,2025-04-30,112,18,2,1,2,0,0,0,0,0,0,0,0,0,0,8,5,3,1,2,0,0,0,0,0,0,0,0,0,4,4,7,3,2,2,0,0,0,0,0,0,0,0,4,3,4,3,0,2,0,0,0,0,0,0,0,0,1,7,6,1,3,3,0,0,0,0,0,0,0,0,0,0,5,4,4,8,0,0,0,0,0,0,0,0,0,0,0,0,広島
4772,石丸海渡,イシマル カイト,香川,A1,H,050621,1,32,165,58,O,6.66,51.5,32,18,97,5,1,0.11,22,90.9,0.1,1.5,17,52.9,0.14,2.9,10,30.0,0.1,1.9,17,52.9,0.08,1.9,12,41.6,0.12,2.3,19,21.0,0.14,2.9,A1,A1,A1,61.0,58.0,2025,2,2024-11-01,2025-04-30,112,18,2,1,0,0,1,0,0,0,0,0,0,0,0,5,4,4,0,1,2,1,0,0,0,0,0,0,0,0,3,1,3,2,1,0,0,0,0,0,0,0,0,4,5,2,2,3,1,0,0,0,0,0,1,0,0,4,1,2,2,2,1,0,0,0,0,0,0,0,0,1,3,3,3,5,4,0,0,0,0,0,1,0,0,0,0,1,0,愛媛
4773,中川りな,ナカガワ リナ,福岡,A2,H,050708,2,31,160,49,B,5.75,40.4,20,31,126,2,0,0.18,25,80.0,0.19,3.8,21,23.8,0.2,3.7,19,68.4,0.15,3.3,19,31.5,0.17,3.5,16,25.0,0.2,3.9,26,11.5,0.18,4.1,A2,A2,B2,52.0,52.0,2025,2,2024-11-01,2025-04-30,112,14,6,3,1,1,0,0,0,0,0,0,0,0,0,0,5,4,5,4,3,0,0,0,0,0,0,0,0,3,10,2,1,2,1,0,0,0,0,0,0,0,0,2,4,3,5,3,2,0,0,0,0,0,0,0,0,0,4,4,2,3,3,0,0,0,0,0,0,0,0,1,2,5,8,6,4,0,0,0,0,0,0,0,0,0,0,0,0,福岡
4775,千葉真弥,チバ マヤ,静岡,B1,H,051020,2,31,163,47,O,4.47,18.1,7,5,66,0,0,0.18,9,22.2,0.17,3.4,10,0.0,0.25,3.5,16,37.5,0.17,2.6,11,18.1,0.15,2.7,13,7.6,0.17,3.8,7,14.2,0.21,5.0,B1,B2,B2,45.0,47.0,2025,2,2024-11-01,2025-04-30,112,2,0,4,1,0,2,0,0,0,0,0,0,0,0,0,0,4,3,2,1,0,0,0,0,0,1,0,0,3,3,1,3,5,1,0,0,0,0,0,0,0,0,1,1,2,1,5,1,0,0,0,0,0,0,0,0,0,1,4,2,3,3,0,0,0,0,0,0,0,0,1,0,2,0,1,3,0,0,0,0,0,0,0,0,0,0,0,0,静岡
4776,竹田和哉,タケダ カズヤ,香川,A1,H,051219,1,31,169,54,O,6.54,45.4,25,25,110,3,1,0.17,24,91.6,0.14,2.5,19,52.6,0.18,3.6,14,42.8,0.14,3.2,18,33.3,0.16,3.8,18,22.2,0.19,4.2,17,11.7,0.19,4.2,A1,A1,A1,56.0,60.0,2025,2,2024-11-01,2025-04-30,112,18,4,0,2,0,0,0,0,0,0,0,0,0,0,2,8,3,3,1,2,0,0,0,0,0,1,0,0,2,4,1,4,2,0,1,0,0,0,0,0,0,0,2,4,6,3,2,1,0,0,0,0,0,0,0,0,0,4,5,7,1,1,0,0,0,0,0,0,0,0,1,1,2,7,4,2,0,0,0,0,0,0,0,0,0,0,0,0,愛媛
4778,堤啓輔,ツツミ ケイスケ,佐賀,B1,S,601107,1,39,168,52,B,5.21,30.9,20,14,110,2,0,0.17,21,71.4,0.15,3.0,21,33.3,0.19,3.5,17,47.0,0.2,3.5,19,10.5,0.16,3.4,15,13.3,0.19,3.5,17,0.0,0.16,3.6,B1,A2,A2,50.0,48.0,2025,2,2024-11-01,2025-04-30,113,12,3,3,0,0,2,1,0,0,0,0,0,0,0,1,6,3,4,3,3,0,0,0,0,0,0,0,1,6,2,4,1,3,0,0,0,0,0,0,0,1,0,0,2,6,4,2,5,0,0,0,0,0,0,0,0,1,1,4,4,1,4,0,0,0,0,0,1,0,0,0,0,4,4,6,3,0,0,0,0,0,0,0,0,0,0,1,0,佐賀
4779,伊倉光,イクラ ヒカル,東京,B1,S,610104,1,39,165,52,O,4.64,21.6,6,15,97,0,0,0.16,11,63.6,0.14,2.3,21,23.8,0.14,3.3,20,10.0,0.17,3.2,12,33.3,0.14,2.4,19,10.5,0.16,3.5,14,7.1,0.17,3.5,B1,B1,B2,45.0,48.0,2025,2,2024-11-01,2025-04-30,113,4,3,0,0,2,1,1,0,0,0,0,0,0,0,0,5,6,5,3,2,0,0,0,0,0,0,0,0,0,2,5,8,3,2,0,0,0,0,0,0,0,0,1,3,2,2,3,1,0,0,0,0,0,0,0,0,0,2,3,6,6,2,0,0,0,0,0,0,0,0,1,0,3,5,5,0,0,0,0,0,0,0,0,0,0,0,0,0,神奈川
4781,西舘果里,ニシダテ ミサト,東京,B1,S,611127,2,38,164,51,B,4.41,19.5,4,12,82,0,0,0.17,11,36.3,0.19,4.0,12,33.3,0.2,3.7,18,22.2,0.14,2.7,18,11.1,0.18,3.4,14,14.2,0.15,3.0,9,0.0,0.17,3.3,B1,B2,B2,48.0,47.0,2025,2,2024-11-01,2025-04-30,113,2,2,2,1,2,1,1,0,0,0,0,0,0,0,0,4,3,3,1,1,0,0,0,0,0,0,0,0,1,3,5,2,5,2,0,0,0,0,0,0,0,0,1,1,2,3,6,5,0,0,0,0,0,0,0,0,0,2,2,6,3,1,0,0,0,0,0,1,0,0,0,0,5,1,1,2,0,0,0,0,0,0,0,0,0,0,0,0,神奈川
4782,浜崎準也,ハマザキ ジュンヤ,岡山,B1,S,620220,1,38,172,53,O,5.27,33.3,24,14,114,0,0,0.17,19,73.6,0.15,2.6,15,80.0,0.14,2.5,22,18.1,0.16,2.6,19,21.0,0.18,3.0,19,21.0,0.17,3.8,20,0.0,0.2,4.6,B1,A2,A2,49.0,49.0,2025,2,2024-11-01,2025-04-30,113,11,3,4,1,0,0,0,0,0,0,0,0,0,0,8,4,2,1,0,0,0,0,0,0,0,0,0,0,2,2,3,8,4,2,1,0,0,0,0,0,0,0,2,2,4,4,4,3,0,0,0,0,0,0,0,0,1,3,1,6,4,4,0,0,0,0,0,0,0,0,0,0,2,6,5,6,0,0,0,0,0,0,1,0,0,0,0,0,岡山
4784,向井田真紀,ムカイダ マキ,広島,B1,S,621008,2,37,157,49,A,4.53,31.0,6,21,87,0,0,0.19,14,78.5,0.16,3.3,18,27.7,0.19,3.8,14,14.2,0.22,3.8,18,38.8,0.16,3.3,17,11.7,0.22,4.1,6,0.0,0.23,5.0,B1,B1,B1,47.0,47.0,2025,2,2024-11-01,2025-04-30,113,6,5,1,1,1,0,0,0,0,0,0,0,0,0,0,5,3,3,4,3,0,0,0,0,0,0,0,0,0,2,3,1,4,4,0,0,0,0,0,0,0,0,0,7,0,4,4,3,0,0,0,0,0,0,0,0,0,2,2,5,4,4,0,0,0,0,0,0,0,0,0,0,0,0,2,4,0,0,0,0,0,0,0,0,0,0,0,0,広島
4785,木幡純也,キバタ ジュンヤ,愛知,B1,S,621216,1,37,171,53,A,4.88,22.5,3,15,80,0,0,0.19,11,36.3,0.16,3.4,15,33.3,0.2,3.1,15,20.0,0.16,3.2,12,33.3,0.18,4.2,16,12.5,0.2,4.1,11,0.0,0.22,5.0,B1,B1,B1,48.0,50.0,2025,2,2024-11-01,2025-04-30,113,0,4,3,3,1,0,0,0,0,0,0,0,0,0,1,4,3,5,2,0,0,0,0,0,0,0,0,0,1,2,4,3,4,1,0,0,0,0,0,2,0,0,0,4,4,3,1,0,0,0,0,0,0,0,0,0,1,1,3,4,5,1,0,0,0,0,0,0,1,0,0,0,3,3,3,2,0,0,0,0,0,1,0,0,0,0,3,0,愛知
4786,佐藤博亮,サトウ ヒロアキ,愛知,A1,S,630401,1,37,170,53,A,6.34,47.8,23,32,115,4,1,0.14,22,81.8,0.13,2.4,22,63.6,0.13,2.7,14,64.2,0.12,2.9,18,50.0,0.14,2.3,19,21.0,0.15,4.0,20,5.0,0.14,4.0,A1,A1,A1,57.0,60.0,2025,2,2024-11-01,2025-04-30,113,14,4,1,0,3,0,0,0,0,0,0,0,0,0,2,12,3,1,1,3,0,0,0,0,0,0,0,0,3,6,2,2,0,0,0,0,0,0,0,0,1,0,1,8,2,6,1,0,0,0,0,0,0,0,0,0,3,1,5,2,5,2,0,0,0,0,0,0,1,0,0,1,4,3,5,6,1,0,0,0,0,0,0,0,0,0,0,0,愛知
4787,椎名豊,シイナ ユタカ,群馬,A1,S,630916,1,36,164,54,A,6.59,45.6,28,14,92,4,2,0.15,18,83.3,0.15,3.5,19,63.1,0.15,3.3,13,23.0,0.16,3.8,11,45.4,0.15,3.2,14,28.5,0.15,2.6,17,17.6,0.17,4.0,A1,A1,A1,62.0,66.0,2025,2,2024-11-01,2025-04-30,113,14,1,1,0,1,1,0,0,0,0,0,0,0,0,4,8,0,3,1,3,0,0,0,0,0,0,0,0,2,1,2,2,4,2,0,0,0,0,0,0,0,0,4,1,2,1,0,3,0,0,0,0,0,0,0,0,4,0,3,0,2,5,0,0,0,0,0,0,0,0,0,3,4,1,7,2,0,0,0,0,0,0,0,0,0,0,0,0,群馬
4788,小池哲也,コイケ テツヤ,大阪,A1,H,010629,1,36,172,55,A,6.48,46.3,35,28,136,3,1,0.15,30,73.3,0.15,2.3,20,40.0,0.15,2.8,22,50.0,0.16,3.4,22,50.0,0.15,3.0,17,47.0,0.14,2.9,25,12.0,0.17,4.0,A1,A1,A1,53.0,55.0,2025,2,2024-11-01,2025-04-30,113,18,4,4,3,0,0,1,0,0,0,0,0,0,0,2,6,4,5,2,1,0,0,0,0,0,0,0,0,3,8,5,4,2,0,0,0,0,0,0,0,0,0,7,4,6,1,2,2,0,0,0,0,0,0,0,0,3,5,1,4,4,0,0,0,0,0,0,0,0,0,2,1,6,9,3,4,0,0,0,0,0,0,0,0,0,0,4,0,大阪
4789,古賀智之,コガ トモユキ,福岡,B1,H,010731,1,35,172,54,AB,4.08,19.4,4,11,77,0,0,0.17,10,40.0,0.19,4.6,13,38.4,0.15,3.0,10,10.0,0.14,3.1,11,27.2,0.18,3.7,20,10.0,0.18,4.4,13,0.0,0.19,5.0,B1,B1,B1,45.0,44.0,2025,2,2024-11-01,2025-04-30,113,1,3,4,0,1,1,0,0,0,0,0,0,0,0,1,4,4,0,2,1,1,0,0,0,0,0,0,0,0,1,2,4,1,2,0,0,0,0,0,0,0,0,1,2,1,0,1,5,0,0,0,0,0,0,1,0,1,1,2,6,6,4,0,0,0,0,0,0,0,0,0,0,1,5,1,5,0,0,0,0,0,0,1,0,0,0,0,0,福岡
4790,柳内敬太,ヤナイ ケイタ,兵庫,A2,H,010912,1,35,161,51,A,5.73,38.6,29,17,119,2,0,0.16,23,69.5,0.14,2.6,18,38.8,0.18,3.7,17,58.8,0.16,2.9,20,40.0,0.16,2.7,17,23.5,0.17,3.5,24,4.1,0.15,3.9,A1,A2,A2,53.0,52.0,2025,2,2024-11-01,2025-04-30,113,12,4,3,0,0,4,0,0,0,0,0,0,0,0,4,3,6,1,0,4,0,0,0,0,0,0,0,0,8,2,5,1,1,0,0,0,0,0,0,0,0,0,2,6,1,5,3,2,1,0,0,0,0,0,0,0,2,2,4,4,3,2,0,0,0,0,0,1,0,0,1,0,2,7,7,7,0,0,0,0,0,0,0,0,0,0,3,0,兵庫
4791,黒澤めぐみ,クロサワ メグミ,東京,A2,H,011113,2,35,164,49,O,5.74,39.8,20,29,123,2,0,0.16,20,75.0,0.15,3.0,22,45.4,0.16,3.1,23,47.8,0.14,2.9,21,28.5,0.17,2.9,20,25.0,0.15,2.8,17,11.7,0.17,3.6,A2,B1,B1,51.0,51.0,2025,2,2024-11-01,2025-04-30,113,10,5,1,2,2,0,0,0,0,0,0,0,0,0,4,6,3,2,5,1,0,0,0,0,0,1,0,1,3,8,3,7,1,1,0,0,0,0,0,0,0,0,3,3,6,5,1,3,0,0,0,0,0,0,0,0,0,5,4,5,3,3,0,0,0,0,0,0,0,0,0,2,5,5,0,3,0,0,0,0,0,0,2,0,0,0,0,0,神奈川
4792,杉村賢也,スギムラ ケンヤ,東京,B1,H,020403,1,35,174,53,O,5.25,34.8,13,18,89,0,0,0.18,15,73.3,0.14,2.3,14,14.2,0.2,3.6,14,50.0,0.18,3.0,22,31.8,0.17,2.6,16,18.7,0.18,3.1,8,12.5,0.22,4.5,B1,B1,B1,44.0,49.0,2025,2,2024-11-01,2025-04-30,113,9,2,1,2,1,0,0,0,0,0,0,0,0,0,1,1,4,4,3,1,0,0,0,0,0,0,0,0,1,6,1,1,4,1,0,0,0,0,0,0,0,0,2,5,6,4,3,2,0,0,0,0,0,1,0,0,0,3,4,1,4,4,0,0,0,0,0,0,0,0,0,1,0,0,4,3,0,0,0,0,0,0,0,0,0,0,2,0,東京
4793,金子萌,カネコ ハジメ,静岡,A2,H,020503,1,35,170,52,B,5.56,39.2,28,25,135,2,0,0.16,23,82.6,0.14,2.5,22,63.6,0.17,3.4,25,32.0,0.15,2.8,23,17.3,0.15,3.2,20,25.0,0.15,3.2,22,13.6,0.18,4.4,A2,A2,A1,51.0,50.0,2025,2,2024-11-01,2025-04-30,113,13,6,3,1,0,0,0,0,0,0,0,0,0,0,5,9,2,3,1,1,0,0,0,0,0,0,1,0,6,2,5,2,6,4,0,0,0,0,0,0,0,0,2,2,6,3,5,5,0,0,0,0,0,0,0,0,1,4,4,5,3,2,0,0,0,0,0,1,1,0,1,2,3,2,10,4,0,0,0,0,0,0,0,0,0,0,0,0,静岡
4794,和田拓也,ワダ タクヤ,兵庫,A1,H,020630,1,35,170,54,O,6.71,51.3,50,25,146,2,1,0.12,34,82.3,0.12,2.1,23,47.8,0.12,3.1,23,65.2,0.12,2.3,23,56.5,0.12,2.3,21,28.5,0.13,2.9,22,9.0,0.14,3.0,A1,A1,A1,58.0,61.0,2025,2,2024-11-01,2025-04-30,113,25,3,2,1,3,0,0,0,0,0,0,0,0,0,5,6,5,2,5,0,0,0,0,0,0,0,0,0,8,7,4,2,0,1,0,0,0,0,0,0,1,0,7,6,3,3,1,3,0,0,0,0,0,1,0,0,5,1,2,3,4,6,0,0,0,0,0,0,0,0,0,2,2,5,7,6,0,0,0,0,0,0,0,0,0,0,0,0,兵庫
4796,春園功太,ハルゾノ コウタ,三重,A2,H,030806,1,33,163,52,B,6.07,46.1,26,22,104,3,0,0.15,21,95.2,0.15,1.7,20,40.0,0.15,2.6,17,58.8,0.16,2.8,16,18.7,0.18,3.2,16,25.0,0.15,3.6,14,21.4,0.14,1.9,A2,A1,A1,53.0,51.0,2025,2,2024-11-01,2025-04-30,113,17,3,0,0,1,0,0,0,0,0,0,0,0,0,4,4,6,1,3,1,1,0,0,0,0,1,0,0,2,8,2,1,1,3,0,0,0,0,0,1,0,0,2,1,3,3,4,3,0,0,0,0,0,0,0,0,1,3,3,3,3,3,0,0,0,0,0,0,0,0,0,3,1,7,2,1,0,0,0,0,0,1,0,0,0,0,1,0,三重
4797,中山将,ナカヤマ ショウ,三重,A2,H,040218,1,33,168,54,O,5.54,41.3,16,20,87,0,0,0.15,17,76.4,0.16,2.9,13,61.5,0.16,2.5,14,50.0,0.13,2.3,13,38.4,0.16,2.9,16,6.2,0.14,2.6,14,14.2,0.17,3.2,A2,A2,A2,51.0,49.0,2025,2,2024-11-01,2025-04-30,113,11,2,1,2,0,0,1,0,0,0,0,0,0,0,1,7,2,0,2,1,0,0,0,0,0,0,0,0,1,6,2,1,2,2,0,0,0,0,0,0,0,0,2,3,0,5,2,1,0,0,0,0,0,0,0,0,0,1,1,4,4,4,0,0,1,0,0,0,1,0,1,1,6,2,2,2,0,0,0,0,0,0,0,0,0,0,0,0,三重
4798,浜先真範,ハマサキ マサノリ,広島,A1,H,050416,1,32,166,52,O,7.1,51.7,46,28,143,5,2,0.13,34,91.1,0.11,1.7,21,71.4,0.1,2.0,22,36.3,0.15,2.5,21,47.6,0.15,2.8,21,38.1,0.13,2.5,24,8.3,0.17,3.6,A2,A1,A1,57.0,58.0,2025,2,2024-11-01,2025-04-30,113,26,5,2,1,0,0,0,0,0,0,0,0,0,0,7,8,4,2,0,0,0,0,0,0,0,0,0,0,4,4,7,4,1,2,0,0,0,0,0,0,0,0,2,8,4,5,2,0,0,0,0,0,0,0,0,0,5,3,5,5,0,3,0,0,0,0,0,0,0,0,2,0,10,5,3,4,0,0,0,0,0,0,0,0,0,0,0,0,広島
4803,飯田庄吾,イイダ ショウゴ,福岡,B1,H,051213,1,31,176,58,B,4.05,15.6,5,12,109,0,0,0.18,13,23.0,0.19,3.5,18,22.2,0.18,3.6,21,19.0,0.15,3.0,18,11.1,0.16,3.3,19,21.0,0.2,4.0,20,0.0,0.24,4.9,B1,B1,B2,44.0,46.0,2025,2,2024-11-01,2025-04-30,113,2,1,0,7,2,0,1,0,0,0,0,0,0,0,0,4,6,0,4,4,0,0,0,0,0,0,0,0,0,4,7,6,3,1,0,0,0,0,0,0,0,0,0,2,4,4,4,4,0,0,0,0,0,0,0,0,3,1,2,5,5,3,0,0,0,0,0,0,0,0,0,0,1,4,8,7,0,0,0,0,0,0,0,0,0,0,0,0,福岡
4804,高田ひかる,タカダ ヒカル,三重,A2,H,060805,2,30,157,47,A,5.64,34.2,23,13,105,1,0,0.2,21,66.6,0.19,3.6,16,50.0,0.2,4.6,15,40.0,0.2,3.7,20,25.0,0.23,4.2,14,21.4,0.19,4.2,19,0.0,0.2,4.4,A1,A2,A1,52.0,55.0,2025,2,2024-11-01,2025-04-30,113,14,0,1,2,1,2,1,0,0,0,0,0,0,0,3,5,2,2,2,2,0,0,0,0,0,0,0,0,2,4,4,2,2,1,0,0,0,0,0,0,0,0,2,3,5,4,1,5,0,0,0,0,0,0,0,0,2,1,6,1,0,4,0,0,0,0,0,0,0,0,0,0,3,5,7,4,0,0,0,0,0,0,0,0,0,0,0,0,三重
4808,松尾拓,マツオ ヒロム,三重,A2,S,630903,1,36,168,51,B,6.08,42.2,36,24,142,3,0,0.17,26,88.4,0.15,3.1,28,42.8,0.17,3.1,23,39.1,0.14,2.8,23,26.0,0.17,4.0,25,28.0,0.17,3.4,17,17.6,0.2,4.4,A1,A1,A1,57.0,56.0,2025,2,2024-11-01,2025-04-30,114,19,4,2,1,0,0,0,0,0,0,0,0,0,0,4,8,5,5,1,5,0,0,0,0,0,0,0,0,5,4,5,4,4,1,0,0,0,0,0,0,0,0,2,4,5,5,3,4,0,0,0,0,0,1,0,0,5,2,6,4,4,4,0,0,0,0,0,0,0,0,1,2,0,4,4,6,0,0,0,0,0,0,0,0,0,0,2,0,三重
4809,外崎悟,トノサキ サトル,埼玉,A2,H,010119,1,36,169,51,A,6.03,42.3,25,19,104,1,0,0.16,14,78.5,0.16,2.6,20,40.0,0.16,3.5,25,36.0,0.17,3.1,17,29.4,0.14,2.3,17,58.8,0.17,3.2,11,9.0,0.17,4.0,B1,A2,A2,49.0,52.0,2025,2,2024-11-01,2025-04-30,114,9,2,1,1,1,0,0,0,0,0,0,0,0,0,6,2,2,4,5,1,0,0,0,0,0,0,0,0,5,4,7,4,3,2,0,0,0,0,0,0,0,0,0,5,3,6,3,0,0,0,0,0,0,0,0,0,5,5,1,2,2,1,1,0,0,0,0,0,0,0,0,1,4,2,4,0,0,0,0,0,0,0,0,0,0,0,0,0,埼玉
4811,向井田佑紀,ムカイダ ユウキ,広島,B1,H,010513,1,36,170,50,A,4.65,22.1,9,16,113,0,0,0.17,15,60.0,0.14,2.8,19,57.8,0.16,3.5,22,4.5,0.19,3.0,17,17.6,0.14,3.5,24,0.0,0.18,3.8,16,6.2,0.18,4.6,B1,B1,A2,47.0,48.0,2025,2,2024-11-01,2025-04-30,114,4,5,2,3,1,0,0,0,0,0,0,0,0,0,3,8,1,3,2,2,0,0,0,0,0,0,0,0,1,0,8,5,8,0,0,0,0,0,0,0,0,0,1,2,6,4,3,0,0,0,0,0,0,0,1,0,0,0,2,10,7,5,0,0,0,0,0,0,0,0,0,1,4,3,2,5,0,0,0,0,0,0,1,0,0,0,0,0,広島
4812,西野雄貴,ニシノ ユウキ,徳島,A2,H,011119,1,35,163,52,O,6.24,40.6,24,13,91,2,1,0.17,17,82.3,0.17,2.9,16,37.5,0.15,3.4,14,28.5,0.17,3.8,11,45.4,0.17,2.7,14,42.8,0.16,2.7,19,10.5,0.19,3.7,A2,B1,A1,54.0,54.0,2025,2,2024-11-01,2025-04-30,114,10,4,1,1,1,0,0,0,0,0,0,1,0,0,4,2,5,1,2,1,1,0,0,0,0,0,0,0,2,2,4,2,3,1,0,0,0,0,0,0,0,0,3,2,3,3,0,0,0,0,0,0,0,0,0,0,4,2,3,1,1,2,1,0,0,0,0,0,0,0,1,1,4,6,6,1,0,0,0,0,0,0,0,0,0,0,0,0,徳島
4813,宮内直哉,ミヤウチ ナオヤ,東京,B1,H,011226,1,35,168,53,A,4.62,31.3,11,20,99,0,0,0.2,15,80.0,0.18,3.9,19,26.3,0.2,4.1,17,35.2,0.2,3.7,14,21.4,0.2,3.6,19,15.7,0.19,4.1,14,14.2,0.23,4.4,B1,B1,B1,44.0,46.0,2025,2,2024-11-01,2025-04-30,114,4,8,0,2,0,1,0,0,0,0,0,0,0,0,1,4,3,1,7,3,0,0,0,0,0,0,0,0,1,5,5,0,3,3,0,0,0,0,0,0,0,0,2,1,2,1,4,3,0,0,0,0,0,0,1,0,2,1,4,4,4,4,0,0,0,0,0,0,0,0,1,1,0,1,6,5,0,0,0,0,0,0,0,0,0,0,0,1,東京
4815,伏島祐介,フセジマ ユウスケ,東京,B1,H,020702,1,34,172,55,A,5.15,33.3,13,19,96,0,0,0.18,15,66.6,0.17,4.1,17,29.4,0.2,4.4,18,50.0,0.17,3.3,13,23.0,0.18,2.5,17,23.5,0.18,3.8,16,6.2,0.17,3.2,B1,B1,B1,48.0,48.0,2025,2,2024-11-01,2025-04-30,114,7,3,5,0,0,0,0,0,0,0,0,0,0,0,1,4,2,5,2,3,0,0,0,0,0,0,0,0,2,7,4,1,3,0,0,0,0,0,0,0,1,0,1,2,4,3,2,1,0,0,0,0,0,0,0,0,2,2,4,2,1,6,0,0,0,0,0,0,0,0,0,1,0,3,4,8,0,0,0,0,0,0,0,0,0,0,1,0,栃木
4816,村松修二,ムラマツ シュウジ,広島,A2,H,030227,1,34,165,54,A,5.9,44.8,29,23,116,3,0,0.16,25,80.0,0.16,2.7,17,35.2,0.17,3.4,22,40.9,0.17,3.2,14,50.0,0.16,3.0,15,33.3,0.12,1.9,23,21.7,0.14,3.0,A2,A1,A2,51.0,50.0,2025,2,2024-11-01,2025-04-30,114,17,3,1,1,2,1,0,0,0,0,0,0,0,0,1,5,6,4,0,0,0,0,0,0,0,0,1,0,4,5,3,4,3,2,1,0,0,0,0,0,0,0,3,4,2,2,0,3,0,0,0,0,0,0,0,0,2,3,2,2,3,3,0,0,0,0,0,0,0,0,2,3,2,5,2,8,0,0,0,0,0,0,1,0,0,0,0,0,広島
4817,渡邉翼,ワタナベ ツバサ,山口,A2,H,030427,1,34,158,49,A,5.5,36.2,16,29,124,5,0,0.17,22,63.6,0.16,3.1,20,50.0,0.16,4.0,23,34.7,0.13,2.6,19,36.8,0.15,2.9,16,31.2,0.17,3.1,24,4.1,0.23,4.5,A2,A2,B1,53.0,50.0,2025,2,2024-11-01,2025-04-30,114,11,3,3,4,1,0,0,0,0,0,0,0,0,0,3,7,4,1,4,1,0,0,0,0,0,0,0,0,1,7,3,5,4,2,1,0,0,0,0,0,0,0,0,7,4,2,4,2,0,0,0,0,0,0,0,0,1,4,5,3,3,0,0,0,0,0,0,0,0,0,0,1,5,6,5,7,0,0,0,0,0,0,0,0,0,0,0,0,山口
4818,伏見俊介,フシミ シュンスケ,東京,B1,H,030601,1,34,170,57,A,5.43,38.4,22,13,91,2,0,0.12,15,66.6,0.1,1.4,16,43.7,0.14,1.7,16,37.5,0.1,1.9,14,57.1,0.12,2.1,15,26.6,0.12,1.9,15,0.0,0.12,2.8,B1,B2,B1,49.0,49.0,2025,2,2024-11-01,2025-04-30,114,8,2,3,0,1,0,1,0,0,0,0,0,0,0,4,3,1,4,3,0,1,0,0,0,0,0,0,0,4,2,3,0,4,3,0,0,0,0,0,0,0,0,4,4,1,2,2,1,0,0,0,0,0,0,0,0,2,2,1,3,0,7,0,0,0,0,0,0,0,0,0,0,2,5,5,3,0,0,0,0,0,0,0,0,0,0,0,0,香川
4819,蜂須瑞生,ハチス ミズキ,群馬,B1,H,030609,2,34,160,47,O,4.92,23.4,12,11,98,0,0,0.16,18,50.0,0.13,1.9,15,53.3,0.16,3.3,12,16.6,0.14,2.8,16,12.5,0.19,3.6,24,8.3,0.18,3.5,13,0.0,0.17,3.7,A2,A2,A2,53.0,51.0,2025,2,2024-11-01,2025-04-30,114,7,2,3,2,2,1,1,0,0,0,0,0,0,0,4,4,5,0,1,1,0,0,0,0,0,0,0,0,1,1,3,1,3,3,0,0,0,0,0,0,0,0,0,2,5,5,4,0,0,0,0,0,0,0,0,0,0,2,6,6,7,3,0,0,0,0,0,0,0,0,0,0,1,4,5,3,0,0,0,0,0,0,0,0,0,0,0,0,群馬
4821,妻鳥晋也,メンドリ シンヤ,香川,B1,H,031212,1,33,170,56,B,5.06,31.4,12,22,108,1,0,0.19,11,36.3,0.21,4.9,21,47.6,0.22,5.0,18,22.2,0.2,4.7,22,27.2,0.2,4.1,22,31.8,0.17,3.5,14,21.4,0.16,3.6,B1,B1,B1,50.0,48.0,2025,2,2024-11-01,2025-04-30,114,3,1,2,2,0,2,0,0,0,0,0,0,1,0,2,8,3,2,2,3,0,0,0,0,0,0,1,0,0,4,6,2,3,3,0,0,0,0,0,0,0,0,2,4,3,3,7,2,0,0,0,0,0,0,1,0,3,4,4,5,3,3,0,0,0,0,0,0,0,0,2,1,5,1,3,2,0,0,0,0,0,0,0,0,0,0,0,0,愛媛
4822,百武翔,ヒャクタケ ショウ,佐賀,A2,H,041217,1,32,160,54,A,5.61,38.1,22,28,131,2,0,0.18,23,86.9,0.12,2.8,21,52.3,0.2,3.8,21,38.1,0.16,3.3,24,20.8,0.18,4.3,21,28.5,0.18,4.4,21,0.0,0.22,5.0,A2,B1,A2,51.0,51.0,2025,2,2024-11-01,2025-04-30,114,17,3,0,1,1,1,0,0,0,0,0,0,0,0,3,8,4,2,4,0,0,0,0,0,0,0,0,0,1,7,5,4,3,1,0,0,0,0,0,0,0,0,0,5,6,8,2,3,0,0,0,0,0,0,0,0,1,5,5,5,4,1,0,0,0,0,0,0,0,0,0,0,3,3,8,7,0,0,0,0,0,0,0,0,0,0,0,0,佐賀
4823,中村桃佳,ナカムラ モモカ,香川,B1,H,050203,2,32,156,47,B,5.25,35.2,8,10,51,2,0,0.15,11,81.8,0.17,2.4,5,40.0,0.11,2.8,9,55.5,0.14,2.1,7,14.2,0.19,3.1,8,12.5,0.11,2.0,11,0.0,0.14,3.5,B2,B2,B2,0.0,48.0,2025,2,2024-11-01,2025-04-30,114,6,3,1,0,0,1,0,0,0,0,0,0,0,0,0,2,1,0,1,1,0,0,0,0,0,0,0,0,2,3,1,2,0,0,0,0,0,0,0,0,1,0,0,1,1,0,2,3,0,0,0,0,0,0,0,0,0,1,7,0,0,0,0,0,0,0,0,0,0,0,0,0,1,1,3,5,1,0,0,0,0,0,0,0,0,0,0,0,香川
4824,松井洪弥,マツイ コウヤ,三重,A2,H,050308,1,32,165,53,B,6.04,35.6,34,13,132,2,0,0.13,29,75.8,0.14,2.5,21,47.6,0.1,2.5,20,30.0,0.13,2.1,18,22.2,0.11,2.3,21,23.8,0.15,2.7,23,0.0,0.17,4.0,A1,A1,A1,58.0,60.0,2025,2,2024-11-01,2025-04-30,114,20,2,2,2,1,2,0,0,0,0,0,0,0,0,6,4,4,3,0,3,0,0,0,0,0,0,1,0,2,4,7,4,3,0,0,0,0,0,0,1,0,0,4,0,2,4,3,5,0,0,0,0,0,0,0,0,2,3,5,5,3,3,0,0,0,0,0,0,0,0,0,0,4,8,4,7,0,0,0,0,0,0,0,0,0,0,0,0,三重
4825,倉持莉々,クラモチ リリ,東京,A2,H,051001,2,31,167,49,O,6.04,51.8,22,20,81,2,0,0.14,14,85.7,0.14,2.5,16,56.2,0.17,2.7,15,46.6,0.13,2.3,14,50.0,0.11,2.4,12,41.6,0.16,3.3,10,20.0,0.11,3.3,B2,B2,B2,55.0,50.0,2025,2,2024-11-01,2025-04-30,114,10,2,2,0,0,0,0,0,0,0,0,0,0,0,2,7,3,0,1,2,1,0,0,0,0,1,0,0,3,4,1,1,4,2,0,0,0,0,0,0,0,0,4,3,0,1,5,1,0,0,0,0,0,0,0,0,2,3,0,2,2,3,0,0,0,0,0,0,0,0,1,1,2,1,1,4,0,0,0,0,0,0,0,0,0,0,0,0,茨城
4826,井上一輝,イノウエ カズキ,大阪,A1,H,060507,1,31,157,52,O,7.09,50.0,62,17,158,7,1,0.14,36,91.6,0.14,2.6,24,62.5,0.14,3.0,30,50.0,0.13,2.3,25,32.0,0.14,2.8,25,24.0,0.13,2.4,18,11.1,0.16,3.1,A1,A1,A1,54.0,60.0,2025,2,2024-11-01,2025-04-30,114,32,1,2,1,0,0,0,0,0,0,0,0,0,0,9,6,4,2,2,1,0,0,0,0,0,0,0,0,9,6,7,6,0,2,0,0,0,0,0,0,0,0,4,4,8,4,5,0,0,0,0,0,0,0,0,0,6,0,6,3,6,4,0,0,0,0,0,0,0,0,2,0,5,4,1,6,0,0,0,0,0,0,0,0,0,0,0,0,大阪
4828,松山将吾,マツヤマ ショウゴ,滋賀,A1,H,060823,1,30,164,52,A,6.41,46.6,36,27,135,5,0,0.14,23,91.3,0.12,1.7,24,50.0,0.17,3.1,25,48.0,0.13,2.5,20,50.0,0.12,2.6,21,28.5,0.14,2.9,22,9.0,0.16,3.8,A2,A1,A1,57.0,57.0,2025,2,2024-11-01,2025-04-30,114,18,3,0,1,1,0,0,0,0,0,0,1,0,0,5,7,4,4,3,1,0,0,0,0,0,0,0,0,5,7,5,4,4,0,0,0,0,0,0,1,0,0,4,6,1,3,5,1,0,0,0,0,0,0,0,0,4,2,2,9,2,2,0,0,0,0,0,0,0,0,0,2,3,8,5,4,0,0,0,0,0,0,0,0,0,0,2,0,京都
4831,羽野直也,ハノ ナオヤ,福岡,A1,H,070329,1,30,166,56,AB,7.08,43.3,21,18,90,5,2,0.12,21,95.2,0.12,2.0,11,27.2,0.14,3.1,17,35.2,0.11,2.4,12,25.0,0.12,2.5,15,40.0,0.1,2.4,14,7.1,0.13,3.7,A1,A1,A1,71.0,70.0,2025,2,2024-11-01,2025-04-30,114,15,5,0,1,0,0,0,0,0,0,0,0,0,0,1,2,3,4,1,0,0,0,0,0,0,0,0,0,4,2,4,7,0,0,0,0,0,0,0,0,0,0,0,3,4,1,2,2,0,0,0,0,0,0,0,0,1,5,3,3,3,0,0,0,0,0,0,0,0,0,0,1,4,6,0,3,0,0,0,0,0,1,0,0,0,0,3,0,福岡
4832,権藤俊光,ゴンドウ トシミツ,大阪,A2,S,611210,1,38,171,52,A,7.05,55.7,26,18,79,4,1,0.16,17,88.2,0.15,2.7,11,63.6,0.19,3.1,10,80.0,0.12,2.1,11,45.4,0.16,3.3,14,35.7,0.15,2.9,16,25.0,0.18,3.6,A1,A1,A1,55.0,59.0,2025,2,2024-11-01,2025-04-30,115,11,4,2,0,0,0,0,0,0,0,0,0,0,0,3,4,1,1,1,0,1,0,0,0,0,0,0,0,5,3,1,0,1,0,0,0,0,0,0,0,0,0,4,1,2,0,2,1,0,0,0,0,0,0,1,0,3,2,5,2,1,0,1,0,0,0,0,1,0,0,0,4,3,4,2,3,0,0,0,0,0,0,0,0,0,0,1,0,大阪
4834,浜本裕己,ハマモト ユウキ,大阪,B1,S,621013,1,37,168,52,AB,4.84,29.8,19,21,134,1,0,0.17,20,80.0,0.19,3.2,26,46.1,0.17,3.3,25,16.0,0.16,3.2,18,27.7,0.15,2.9,31,6.4,0.15,3.4,14,7.1,0.19,3.6,B1,B1,B1,46.0,48.0,2025,2,2024-11-01,2025-04-30,115,12,4,0,1,0,3,0,0,0,0,0,0,0,0,4,8,4,4,4,2,0,0,0,0,0,0,0,0,1,3,7,3,5,6,0,0,0,0,0,0,0,0,1,4,5,2,5,1,0,0,0,0,0,0,0,0,1,1,3,8,12,6,0,0,0,0,0,0,0,0,0,1,1,3,5,4,0,0,0,0,0,0,0,0,0,0,0,0,大阪
4835,橋本明,ハシモト アキラ,広島,B1,S,630612,1,37,161,53,O,5.01,31.0,13,24,119,1,0,0.15,17,64.7,0.13,2.8,25,44.0,0.15,2.7,22,13.6,0.14,3.0,15,33.3,0.15,2.7,24,20.8,0.15,2.6,16,12.5,0.19,4.1,B1,B1,B1,49.0,49.0,2025,2,2024-11-01,2025-04-30,115,6,5,3,2,1,0,0,0,0,0,0,0,0,0,2,9,4,5,1,4,0,0,0,0,0,0,0,0,2,1,7,8,2,2,0,0,0,0,0,0,0,0,1,4,0,2,5,2,0,0,0,0,0,0,1,0,2,3,4,6,3,6,0,0,0,0,0,0,0,0,0,2,1,3,6,4,0,0,0,0,0,0,0,0,0,0,0,0,広島
4836,大谷健太,オオタニ ケンタ,埼玉,B1,S,631108,1,36,162,52,A,4.99,25.2,10,14,95,0,0,0.17,13,61.5,0.18,3.0,18,22.2,0.17,4.2,18,11.1,0.18,3.6,13,46.1,0.21,3.9,17,17.6,0.16,3.3,16,6.2,0.16,3.4,B1,B1,B1,47.0,48.0,2025,2,2024-11-01,2025-04-30,115,4,4,3,0,0,1,1,0,0,0,0,0,0,0,1,3,6,3,3,1,1,0,0,0,0,0,0,0,2,0,5,4,5,2,0,0,0,0,0,0,0,0,2,4,2,3,0,2,0,1,0,0,0,0,0,0,1,2,5,2,2,4,0,0,0,0,0,1,1,0,0,1,6,4,1,4,0,0,0,0,0,0,0,0,0,0,0,0,埼玉
4837,酒井陽祐,サカイ ヨウスケ,愛知,B1,H,010308,1,36,166,52,B,4.09,24.2,3,14,70,0,0,0.19,7,42.8,0.18,2.7,15,26.6,0.22,4.5,14,35.7,0.18,3.8,13,15.3,0.19,4.0,11,27.2,0.19,3.8,10,0.0,0.18,5.0,B1,B1,B1,46.0,45.0,2025,2,2024-11-01,2025-04-30,115,2,1,1,3,0,0,0,0,0,0,0,0,0,0,1,3,2,1,4,4,0,0,0,0,0,0,0,0,0,5,1,3,3,1,1,0,0,0,0,0,0,0,0,2,1,5,1,4,0,0,0,0,0,0,0,0,0,3,0,4,2,2,0,0,0,0,0,0,0,0,0,0,0,2,3,5,0,0,0,0,0,0,0,0,0,0,0,0,愛知
4839,四宮与寛,シノミヤ トモヒロ,徳島,A1,H,020620,1,35,167,54,O,6.4,48.5,40,26,136,3,0,0.13,28,82.1,0.12,2.1,22,77.2,0.13,2.2,22,31.8,0.15,2.5,18,38.8,0.14,1.9,21,42.8,0.13,2.4,25,12.0,0.15,3.4,A2,A2,A1,51.0,53.0,2025,2,2024-11-01,2025-04-30,115,20,3,1,1,3,0,0,0,0,0,0,0,0,0,10,7,2,1,0,2,0,0,0,0,0,0,0,0,3,4,8,4,0,3,0,0,0,0,0,0,0,0,4,3,4,3,1,2,0,0,0,0,0,0,1,0,2,7,3,3,4,2,0,0,0,0,0,1,0,0,1,2,5,6,5,6,0,0,0,0,0,0,0,0,0,0,0,0,徳島
4840,鈴木秀茉,スズキ シュウマ,静岡,B1,H,030813,1,33,166,51,A,4.81,28.1,10,17,96,1,0,0.17,16,62.5,0.13,2.5,14,50.0,0.2,3.8,17,29.4,0.15,3.2,16,18.7,0.16,3.5,20,10.0,0.2,3.6,13,0.0,0.2,4.3,B1,B1,B1,47.0,48.0,2025,2,2024-11-01,2025-04-30,115,7,3,4,1,1,0,0,0,0,0,0,0,0,0,1,6,1,2,1,3,0,0,0,0,0,0,0,0,0,5,3,4,2,2,0,0,0,0,0,0,1,0,2,1,2,3,6,2,0,0,0,0,0,0,0,0,0,2,6,6,5,1,0,0,0,0,0,0,0,0,0,0,0,3,4,6,0,0,0,0,0,0,0,0,0,0,0,0,静岡
4842,山下昂大,ヤマシタ コウダイ,岡山,A2,H,040425,1,33,162,55,O,5.48,33.6,12,23,104,0,0,0.17,12,58.3,0.18,4.0,20,35.0,0.19,3.8,18,38.8,0.16,3.4,22,27.2,0.15,2.8,20,35.0,0.14,2.8,12,8.3,0.23,4.8,B1,B1,A1,49.0,51.0,2025,2,2024-11-01,2025-04-30,115,4,3,4,0,1,0,0,0,0,0,0,1,0,0,3,4,7,4,2,0,0,0,0,0,0,0,0,0,1,6,3,4,4,0,0,0,0,0,0,0,0,0,4,2,6,2,4,4,0,0,0,0,0,0,0,0,0,7,3,3,5,2,0,0,0,0,0,0,0,0,0,1,4,1,4,2,0,0,0,0,0,0,0,0,0,0,0,0,岡山
4843,深尾巴恵,フカオ トモエ,静岡,B1,H,040925,2,32,157,47,B,4.94,29.6,18,14,108,0,0,0.18,15,46.6,0.23,4.0,18,22.2,0.17,3.8,21,38.1,0.17,3.0,23,30.4,0.17,3.4,17,17.6,0.17,3.1,14,21.4,0.16,3.2,B1,B1,A2,47.0,48.0,2025,2,2024-11-01,2025-04-30,115,7,0,1,2,2,3,0,0,0,0,0,0,0,0,0,4,2,4,7,1,0,0,0,0,0,0,0,0,5,3,7,1,3,2,0,0,0,0,0,0,0,0,3,4,5,4,3,4,0,0,0,0,0,0,0,0,0,3,1,5,4,4,0,0,0,0,0,0,0,0,3,0,2,2,3,3,0,0,0,0,0,0,1,0,0,0,0,0,群馬
4844,村上奈穂,ムラカミ ナホ,広島,B1,H,050113,2,32,156,49,AB,4.08,19.4,8,15,118,0,0,0.18,11,54.5,0.19,4.2,26,23.0,0.18,3.8,21,28.5,0.15,3.4,31,12.9,0.18,3.6,20,5.0,0.22,4.3,9,0.0,0.22,4.8,B1,B1,B2,46.0,45.0,2025,2,2024-11-01,2025-04-30,115,3,3,1,1,1,2,0,0,0,0,0,0,0,0,3,3,5,3,5,7,0,0,0,0,0,0,0,0,1,5,3,5,2,5,0,0,0,0,0,0,0,0,0,4,7,5,9,6,0,0,0,0,0,0,0,0,1,0,3,4,6,6,0,0,0,0,0,0,0,0,0,0,1,2,3,3,0,0,0,0,0,0,0,0,0,0,0,0,島根
4845,前田紗希,マエダ サキ,埼玉,A2,H,050221,2,32,158,47,O,5.71,39.6,21,23,111,2,0,0.15,23,73.9,0.15,2.6,21,33.3,0.16,2.9,15,26.6,0.13,2.3,20,50.0,0.13,2.7,18,33.3,0.16,3.2,14,0.0,0.16,3.3,A1,A2,B1,52.0,50.0,2025,2,2024-11-01,2025-04-30,115,14,3,3,0,0,2,1,0,0,0,0,0,0,0,2,5,7,2,3,2,0,0,0,0,0,0,0,0,0,4,5,1,2,2,0,0,0,0,0,0,0,1,5,5,3,5,0,2,0,0,0,0,0,0,0,0,0,6,2,5,3,2,0,0,0,0,0,1,0,0,0,0,1,6,1,6,0,0,0,0,0,0,0,0,0,0,1,0,埼玉
4846,佐藤駿介,サトウ シュンスケ,山口,B1,H,050923,1,31,169,52,A,3.65,20.0,6,16,110,0,0,0.17,11,27.2,0.19,3.1,20,55.0,0.16,3.3,23,13.0,0.16,3.0,17,5.8,0.17,3.5,23,13.0,0.19,3.1,16,6.2,0.18,3.9,B1,B1,B1,46.0,42.0,2025,2,2024-11-01,2025-04-30,115,2,1,2,1,1,4,0,0,0,0,0,0,0,0,3,8,5,0,2,2,0,0,0,0,0,0,0,0,1,2,3,5,3,9,0,0,0,0,0,0,0,0,0,1,1,1,2,11,0,0,0,0,0,0,1,0,0,3,3,4,3,10,0,0,0,0,0,0,0,0,0,1,2,0,3,10,0,0,0,0,0,0,0,0,0,0,0,0,山口
4847,佐藤隆太郎,サトウ リュウタロウ,東京,A1,H,060507,1,31,166,55,O,7.14,52.3,37,30,128,6,1,0.12,28,89.2,0.12,1.9,21,57.1,0.11,2.1,19,52.6,0.14,3.0,22,50.0,0.12,2.7,18,33.3,0.12,2.7,20,15.0,0.15,3.8,A1,A1,A1,62.0,69.0,2025,2,2024-11-01,2025-04-30,115,20,5,2,1,0,0,0,0,0,0,0,0,0,0,2,10,4,4,1,0,0,0,0,0,0,2,0,0,6,4,2,1,2,4,0,0,0,0,0,0,0,0,6,5,0,4,4,3,0,0,0,0,0,0,0,0,1,5,4,2,2,4,0,0,0,0,0,1,0,0,2,1,4,5,2,5,0,0,0,0,0,0,1,0,0,0,0,0,東京
4848,仲谷颯仁,ナカタニ ハヤト,福岡,A1,H,060820,1,30,162,52,O,7.37,50.0,40,27,134,7,3,0.15,31,80.6,0.15,2.6,24,62.5,0.15,3.5,19,47.3,0.13,3.5,18,44.4,0.17,3.7,21,28.5,0.16,3.6,21,19.0,0.16,4.3,A1,A1,A1,61.0,67.0,2025,2,2024-11-01,2025-04-30,115,22,3,3,1,0,1,1,0,0,0,0,0,0,0,5,10,2,5,2,0,0,0,0,0,0,0,0,0,6,3,7,2,1,0,0,0,0,0,0,0,0,0,3,5,6,1,1,2,0,0,0,0,0,0,0,0,1,5,5,6,3,1,0,0,0,0,0,0,0,0,3,1,6,0,7,4,0,0,0,0,0,0,0,0,0,0,0,0,福岡
4850,野中一平,ノナカ イッペイ,愛知,A2,H,061017,1,30,162,53,A,5.7,36.5,20,22,115,3,0,0.12,20,85.0,0.15,1.8,22,45.4,0.12,2.1,14,42.8,0.11,2.1,20,15.0,0.1,2.2,24,8.3,0.12,2.5,15,26.6,0.13,2.5,A1,A1,A1,57.0,60.0,2025,2,2024-11-01,2025-04-30,115,13,4,1,0,1,1,0,0,0,0,0,0,0,0,1,9,2,4,2,3,1,0,0,0,0,0,0,0,3,3,3,2,1,2,0,0,0,0,0,0,0,0,1,2,6,3,3,4,0,0,0,0,0,0,1,0,0,2,5,3,1,12,0,0,0,0,0,0,1,0,2,2,3,4,1,3,0,0,0,0,0,0,0,0,0,0,0,0,岐阜
4851,関浩哉,セキ ヒロヤ,群馬,A1,H,061116,1,30,158,52,O,7.76,51.9,29,24,102,7,0,0.14,23,91.3,0.13,2.2,13,69.2,0.13,2.8,19,52.6,0.14,3.0,14,28.5,0.13,3.2,14,35.7,0.14,3.0,19,21.0,0.16,3.7,A1,A1,A1,70.0,73.0,2025,2,2024-11-01,2025-04-30,115,18,3,1,0,0,0,1,0,0,0,0,0,0,0,4,5,1,1,2,0,0,0,0,0,0,0,0,0,3,7,3,3,1,1,0,0,0,0,0,0,1,0,1,3,6,2,1,1,0,0,0,0,0,0,0,0,2,3,4,2,1,2,0,0,0,0,0,0,0,0,1,3,8,2,3,2,0,0,0,0,0,0,0,0,0,0,1,0,群馬
4852,川原祐明,カワハラ ヒロアキ,香川,A1,H,061224,1,30,163,53,AB,6.42,46.9,35,27,132,4,0,0.17,27,81.4,0.18,3.3,19,42.1,0.16,3.4,26,42.3,0.16,3.5,23,43.4,0.17,3.3,16,18.7,0.17,3.5,21,38.1,0.16,3.3,A2,A2,A1,54.0,54.0,2025,2,2024-11-01,2025-04-30,115,21,1,3,1,1,0,0,0,0,0,0,0,0,0,1,7,3,4,2,1,0,0,0,0,0,0,1,0,3,8,5,9,1,0,0,0,0,0,0,0,0,0,5,5,5,4,3,1,0,0,0,0,0,0,0,0,2,1,6,1,3,3,0,0,0,0,0,0,0,0,3,5,0,6,5,2,0,0,0,0,0,0,0,0,0,0,0,0,愛媛
4853,前原哉,マエハラ チカ,岡山,B1,H,070123,2,30,157,44,O,4.54,26.7,10,21,116,0,0,0.21,11,63.6,0.19,2.7,26,46.1,0.2,3.3,24,25.0,0.19,4.0,23,17.3,0.21,4.4,20,10.0,0.22,4.3,12,0.0,0.23,4.6,B1,B1,B2,48.0,47.0,2025,2,2024-11-01,2025-04-30,115,5,2,3,0,1,0,0,0,0,0,0,0,0,0,4,8,6,4,2,2,0,0,0,0,0,0,0,0,1,5,2,4,7,5,0,0,0,0,0,0,0,0,0,4,4,6,4,5,0,0,0,0,0,0,0,0,0,2,1,6,5,6,0,0,0,0,0,0,0,0,0,0,0,4,3,5,0,0,0,0,0,0,0,0,0,0,0,0,岡山
4854,大橋由珠,オオハシ ユズ,東京,B2,H,070309,2,30,159,44,O,0.0,0.0,0,0,0,0,0,0.0,0,0.0,0.0,0.0,0,0.0,0.0,0.0,0,0.0,0.0,0.0,0,0.0,0.0,0.0,0,0.0,0.0,0.0,0,0.0,0.0,0.0,B2,B2,B2,0.0,0.0,2025,2,2024-11-01,2025-04-30,115,0,0,0,0,0,0,0,0,0,0,0,0,0,0,0,0,0,0,0,0,0,0,0,0,0,0,0,0,0,0,0,0,0,0,0,0,0,0,0,0,0,0,0,0,0,0,0,0,0,0,0,0,0,0,0,0,0,0,0,0,0,0,0,0,0,0,0,0,0,0,0,0,0,0,0,0,0,0,0,0,0,0,0,0,0,0,0,0,茨城
4856,豊田健士郎,トヨダ ケンシロウ,三重,A1,H,080313,1,29,168,54,O,6.88,49.2,36,27,128,5,2,0.14,27,92.5,0.12,2.1,21,42.8,0.14,3.0,21,52.3,0.13,3.1,21,38.1,0.14,3.0,20,40.0,0.15,3.1,18,11.1,0.18,3.9,A1,A1,A1,61.0,66.0,2025,2,2024-11-01,2025-04-30,115,22,3,1,0,1,0,0,0,0,0,0,0,0,0,4,5,5,3,4,0,0,0,0,0,0,0,0,0,6,5,2,4,3,1,0,0,0,0,0,1,0,0,3,5,7,2,2,2,0,0,0,0,0,0,0,0,1,7,2,2,3,5,0,0,0,0,0,0,0,0,0,2,1,4,5,6,0,0,0,0,0,1,0,0,0,0,0,0,三重
4857,加藤翔馬,カトウ ショウマ,兵庫,A1,H,090509,1,28,172,56,A,6.8,53.1,32,19,96,4,1,0.17,21,80.9,0.16,3.0,16,62.5,0.16,2.8,18,44.4,0.17,3.1,11,45.4,0.17,3.2,20,40.0,0.16,2.9,10,30.0,0.21,3.8,A2,B1,A2,52.0,54.0,2025,2,2024-11-01,2025-04-30,115,17,0,3,0,1,0,0,0,0,0,0,0,0,0,6,4,1,2,2,1,0,0,0,0,0,0,0,0,1,7,6,0,2,2,0,0,0,0,0,0,0,0,3,2,3,0,1,2,0,0,0,0,0,0,0,0,4,4,4,5,2,1,0,0,0,0,0,0,0,0,1,2,2,2,1,2,0,0,0,0,0,0,0,0,0,0,1,0,兵庫
4861,田中宏樹,タナカ ヒロキ,福岡,B1,S,630415,1,37,161,54,AB,5.29,33.0,18,22,121,0,0,0.17,13,84.6,0.17,3.2,19,36.8,0.19,4.2,12,41.6,0.15,2.6,18,33.3,0.17,3.7,32,25.0,0.17,3.3,27,11.1,0.18,3.1,B1,B1,B1,49.0,50.0,2025,2,2024-11-01,2025-04-30,116,7,4,1,1,0,0,0,0,0,0,0,0,0,0,2,5,3,5,2,2,0,0,0,0,0,0,0,0,2,3,3,3,0,1,0,0,0,0,0,0,0,0,1,5,4,3,3,2,0,0,0,0,0,0,0,0,5,3,7,5,9,3,0,0,0,0,0,0,0,0,1,2,4,7,7,6,0,0,0,0,0,0,0,0,0,0,0,0,宮崎
4863,三浦裕貴,ミウラ ユウキ,東京,B1,S,631219,1,36,170,54,O,5.41,30.1,13,18,103,1,0,0.13,14,57.1,0.19,3.3,18,16.6,0.12,2.5,15,33.3,0.12,2.5,17,29.4,0.13,1.8,21,42.8,0.11,1.9,18,5.5,0.14,2.9,B1,B1,B1,48.0,51.0,2025,2,2024-11-01,2025-04-30,116,4,4,2,1,2,1,0,0,0,0,0,0,0,0,0,3,3,10,2,0,0,0,0,0,0,0,0,0,3,2,2,6,2,0,0,0,0,0,0,0,0,0,3,2,6,4,0,2,0,0,0,0,0,0,0,0,2,7,5,3,3,1,0,0,0,0,0,0,0,0,1,0,3,6,5,3,0,0,0,0,0,0,0,0,0,0,1,0,北海道
4864,小川日紀太,オガワ ニキタ,福岡,B1,H,010903,1,35,163,53,A,3.92,14.6,2,11,89,0,0,0.16,12,50.0,0.17,2.8,15,33.3,0.17,3.1,16,0.0,0.14,2.5,11,9.0,0.16,3.1,14,0.0,0.17,3.2,21,4.7,0.17,4.0,B1,B1,B1,46.0,44.0,2025,2,2024-11-01,2025-04-30,116,2,4,1,1,0,4,0,0,0,0,0,0,0,0,0,5,2,4,2,2,0,0,0,0,0,0,0,0,0,0,5,7,1,1,0,0,0,0,0,0,2,0,0,1,2,4,2,2,0,0,0,0,0,0,0,0,0,0,0,4,3,6,1,0,0,0,0,0,0,0,0,1,8,2,4,6,0,0,0,0,0,0,0,0,0,0,0,0,宮崎
4865,立具敬司,タテグ ケイジ,大阪,B1,H,020224,1,35,170,52,A,4.57,24.4,11,11,90,0,0,0.18,12,83.3,0.15,2.5,15,20.0,0.19,4.3,16,25.0,0.2,4.4,13,15.3,0.14,3.5,19,10.5,0.21,4.4,15,6.6,0.18,3.6,B1,B1,B1,47.0,47.0,2025,2,2024-11-01,2025-04-30,116,8,2,0,2,0,0,0,0,0,0,0,0,0,0,1,2,2,2,4,3,0,0,0,0,0,0,0,1,2,2,3,5,2,2,0,0,0,0,0,0,0,0,0,2,1,6,3,1,0,0,0,0,0,0,0,0,0,2,2,4,4,5,0,0,0,0,0,0,1,1,0,1,4,5,3,2,0,0,0,0,0,0,0,0,0,0,0,0,和歌山
4866,橋本英一,ハシモト ヒデカズ,福岡,B1,H,020404,1,35,165,56,A,4.42,25.2,13,13,103,2,0,0.15,14,57.1,0.14,2.5,19,47.3,0.13,2.5,15,26.6,0.16,3.6,15,6.6,0.19,3.5,16,18.7,0.13,2.5,24,4.1,0.15,3.6,B1,B1,B1,47.0,46.0,2025,2,2024-11-01,2025-04-30,116,8,0,2,2,0,2,0,0,0,0,0,0,0,0,4,5,2,4,1,2,0,0,0,0,0,0,1,0,0,4,3,0,4,4,0,0,0,0,0,0,0,0,0,1,2,7,1,4,0,0,0,0,0,0,0,0,1,2,2,3,5,3,0,0,0,0,0,0,0,0,0,1,1,5,7,10,0,0,0,0,0,0,0,0,0,0,0,0,福岡
4871,菊池宏志,キクチ ヒロシ,山口,B1,H,040624,1,33,169,55,A,5.07,29.9,13,16,97,0,0,0.18,15,53.3,0.18,3.0,16,50.0,0.17,3.5,21,38.1,0.16,3.4,18,27.7,0.21,4.1,12,0.0,0.18,3.7,15,0.0,0.19,3.2,B1,B1,B1,48.0,49.0,2025,2,2024-11-01,2025-04-30,116,5,3,3,3,1,0,0,0,0,0,0,0,0,0,2,6,3,2,1,1,0,0,0,0,0,0,1,0,4,4,4,5,3,1,0,0,0,0,0,1,0,0,2,3,1,6,3,2,0,0,0,0,0,0,0,1,0,0,2,4,5,1,0,0,0,0,0,0,0,0,0,0,3,3,6,3,0,0,0,0,0,0,0,0,0,0,1,0,山口
4872,山下流心,ヤマシタ リュウシン,広島,B1,H,050322,1,32,169,54,O,4.27,18.2,5,12,93,1,0,0.19,10,20.0,0.19,4.1,17,23.5,0.18,4.1,20,30.0,0.16,3.4,17,23.5,0.19,4.0,19,0.0,0.2,4.2,10,10.0,0.23,5.0,B1,B1,A2,47.0,47.0,2025,2,2024-11-01,2025-04-30,116,1,1,4,2,1,1,0,0,0,0,0,1,0,0,1,3,4,3,5,1,0,0,0,0,0,0,0,0,1,5,1,3,7,2,1,0,0,0,0,0,0,0,2,2,4,4,2,3,0,0,0,0,0,0,0,0,0,0,4,6,5,4,0,0,0,0,0,0,0,0,0,1,0,3,3,3,0,0,0,0,0,0,0,0,0,0,0,0,広島
4873,蒲原健太,カモハラ ケンタ,佐賀,A2,H,051028,1,31,153,53,A,5.59,40.0,13,25,95,0,0,0.2,18,72.2,0.19,3.1,15,66.6,0.17,3.7,18,44.4,0.21,3.4,15,33.3,0.2,4.1,20,10.0,0.21,4.4,9,0.0,0.24,4.7,A2,B1,B1,51.0,50.0,2025,2,2024-11-01,2025-04-30,116,9,4,2,1,2,0,0,0,0,0,0,0,0,0,2,8,2,2,1,0,0,0,0,0,0,0,0,0,1,7,6,0,3,1,0,0,0,0,0,0,0,0,1,4,3,2,2,3,0,0,0,0,0,0,0,0,0,2,5,4,3,6,0,0,0,0,0,0,0,0,0,0,2,2,0,5,0,0,0,0,0,0,0,0,0,0,0,0,佐賀
4874,池田奈津美,イケダ ナツミ,福岡,B1,H,060116,2,31,161,53,A,4.57,29.0,7,22,100,0,0,0.14,14,64.2,0.13,3.1,53,26.4,0.15,3.3,27,18.5,0.12,2.4,2,0.0,0.13,3.0,4,25.0,0.15,3.0,0,0.0,0.0,0.0,B1,B1,B1,48.0,47.0,2025,2,2024-11-01,2025-04-30,116,5,4,1,1,3,0,0,0,0,0,0,0,0,0,2,12,12,7,11,8,1,0,0,0,0,0,0,0,0,5,3,3,7,8,0,0,0,0,0,0,1,0,0,0,0,1,1,0,0,0,0,0,0,0,0,0,0,1,0,1,1,1,0,0,0,0,0,0,0,0,0,0,0,0,0,0,0,0,0,0,0,0,0,0,0,0,0,0,福岡
4875,大塚康雅,オオツカ ヤスマサ,東京,B1,H,060715,1,30,166,51,O,4.9,28.8,9,23,111,0,0,0.18,16,62.5,0.13,2.6,18,61.1,0.19,3.8,26,23.0,0.17,3.2,20,25.0,0.17,3.7,16,0.0,0.2,3.5,15,0.0,0.2,4.3,B1,B1,B1,47.0,49.0,2025,2,2024-11-01,2025-04-30,116,7,3,3,0,1,2,0,0,0,0,0,0,0,0,1,10,3,3,0,1,0,0,0,0,0,0,0,0,1,5,5,9,4,2,0,0,0,0,0,0,0,0,0,5,4,5,2,3,0,0,0,0,0,0,0,1,0,0,2,7,5,2,0,0,0,0,0,1,0,0,0,0,3,1,5,6,0,0,0,0,0,0,0,0,0,0,0,0,神奈川
4876,梅木敬太,ウメキ ケイタ,福井,B1,H,060821,1,30,164,55,B,4.58,28.0,13,15,100,1,0,0.17,14,85.7,0.16,3.4,17,17.6,0.17,4.1,17,23.5,0.18,3.8,15,26.6,0.17,3.7,20,25.0,0.19,3.7,17,0.0,0.17,4.2,B1,B1,B1,47.0,47.0,2025,2,2024-11-01,2025-04-30,116,9,3,0,0,1,1,0,0,0,0,0,0,0,0,0,3,2,4,4,4,0,0,0,0,0,0,0,0,0,4,4,1,5,3,0,0,0,0,0,0,0,0,3,1,1,6,2,2,0,0,0,0,0,0,0,0,1,4,2,4,6,3,0,0,0,0,0,0,0,0,0,0,2,3,7,5,0,0,0,0,0,0,0,0,0,0,0,0,福井
4877,鈴谷一平,スズタニ イッペイ,兵庫,A1,H,060914,1,30,176,57,AB,6.84,53.3,33,23,105,2,0,0.14,24,83.3,0.16,2.5,20,45.0,0.13,2.7,13,69.2,0.13,2.2,14,50.0,0.16,3.1,17,47.0,0.16,2.6,17,17.6,0.11,1.8,A2,A2,A1,53.0,54.0,2025,2,2024-11-01,2025-04-30,116,15,5,2,2,0,0,0,0,0,0,0,0,0,0,3,6,4,2,3,2,0,0,0,0,0,0,0,0,6,3,3,0,0,1,0,0,0,0,0,0,0,0,2,5,2,4,1,0,0,0,0,0,0,0,0,0,7,1,5,2,2,0,0,0,0,0,0,0,0,0,0,3,5,2,5,2,0,0,0,0,0,0,0,0,0,0,0,0,兵庫
4878,西岡育未,ニシオカ イクミ,徳島,B1,H,061122,2,30,158,48,B,4.32,18.0,6,7,72,0,0,0.17,10,40.0,0.15,2.8,14,35.7,0.16,3.6,11,18.1,0.18,3.1,14,14.2,0.19,2.9,13,0.0,0.17,3.2,10,0.0,0.15,4.0,B1,B1,B1,46.0,47.0,2025,2,2024-11-01,2025-04-30,116,3,1,3,3,0,0,0,0,0,0,0,0,0,0,2,3,4,1,2,2,0,0,0,0,0,0,0,0,0,2,4,3,1,1,0,0,0,0,0,0,0,0,1,1,3,5,3,1,0,0,0,0,0,0,0,0,0,0,1,3,5,4,0,0,0,0,0,0,0,0,0,0,0,1,2,7,0,0,0,0,0,0,0,0,0,0,0,0,徳島
4879,山崎鉄平,ヤマサキ テッペイ,佐賀,A2,H,070105,1,30,164,53,O,5.67,36.6,22,15,101,1,0,0.15,14,64.2,0.16,3.3,17,52.9,0.17,3.3,20,40.0,0.13,2.5,17,29.4,0.16,3.2,15,33.3,0.12,1.9,18,5.5,0.18,3.9,B1,B1,B1,49.0,51.0,2025,2,2024-11-01,2025-04-30,116,6,3,1,3,0,1,0,0,0,0,0,0,0,0,4,5,0,3,3,1,0,0,0,0,0,1,1,0,4,4,3,3,4,2,0,0,0,0,0,0,0,0,3,2,5,4,2,1,0,0,0,0,0,0,0,0,5,0,5,1,2,2,0,0,0,0,0,0,0,0,0,1,4,7,4,2,0,0,0,0,0,0,0,0,0,0,0,0,佐賀
4880,澤崎雄哉,サワザキ ユウヤ,東京,B1,H,070506,1,30,165,52,B,5.35,37.9,20,27,124,1,0,0.15,17,82.3,0.13,2.4,23,39.1,0.17,3.5,22,40.9,0.15,3.0,24,45.8,0.15,2.4,19,10.5,0.14,2.6,19,10.5,0.12,2.1,B1,A2,B1,48.0,49.0,2025,2,2024-11-01,2025-04-30,116,10,4,0,2,1,0,0,0,0,0,0,0,0,0,2,7,2,4,4,4,0,0,0,0,0,0,0,0,4,5,5,2,2,4,0,0,0,0,0,0,0,0,3,8,4,2,3,4,0,0,0,0,0,1,0,0,1,1,7,7,1,2,0,0,0,0,0,0,0,0,0,2,1,2,6,8,0,0,0,0,0,0,0,0,0,0,0,0,東京
4882,瀧川千依,タキカワ チヨリ,広島,B1,H,071201,2,29,155,45,B,4.33,25.0,8,10,72,0,0,0.22,9,55.5,0.22,3.8,15,26.6,0.22,4.1,11,27.2,0.19,3.7,10,30.0,0.23,4.0,13,7.6,0.21,3.8,14,14.2,0.22,4.5,B1,B2,B2,45.0,45.0,2025,2,2024-11-01,2025-04-30,116,5,0,1,2,1,0,0,0,0,0,0,0,0,0,1,3,4,0,1,6,0,0,0,0,0,0,0,0,2,1,3,0,1,4,0,0,0,0,0,0,0,0,0,3,1,1,1,4,0,0,0,0,0,0,0,0,0,1,2,2,6,2,0,0,0,0,0,0,0,0,0,2,2,1,5,4,0,0,0,0,0,0,0,0,0,0,0,0,埼玉
4883,岡部大輝,オカベ ダイキ,東京,B1,H,071227,1,29,166,53,O,4.68,27.4,9,11,73,0,0,0.14,10,50.0,0.13,2.3,15,26.6,0.15,3.4,12,25.0,0.14,2.9,17,29.4,0.13,2.6,10,20.0,0.13,3.1,9,11.1,0.18,4.3,A2,B1,A2,52.0,47.0,2025,2,2024-11-01,2025-04-30,116,5,0,1,1,1,2,0,0,0,0,0,0,0,0,2,2,3,2,3,2,1,0,0,0,0,0,0,0,2,1,2,3,2,2,0,0,0,0,0,1,0,0,0,5,4,4,2,2,0,0,0,0,0,0,0,0,0,2,1,2,2,2,0,0,0,0,0,0,1,0,0,1,1,1,4,2,0,0,0,0,0,0,0,0,0,0,2,0,東京
4884,勝浦真帆,カツウラ マホ,岡山,A1,H,071230,2,29,155,51,B,6.53,53.1,42,34,143,6,2,0.13,30,93.3,0.13,2.6,24,54.1,0.13,2.5,19,42.1,0.11,2.3,24,50.0,0.12,2.4,28,42.8,0.13,2.4,18,16.6,0.16,2.9,A2,B1,B1,52.0,53.0,2025,2,2024-11-01,2025-04-30,116,23,5,2,0,0,0,0,0,0,0,0,0,0,0,5,8,3,1,4,3,0,0,0,0,0,0,0,0,3,5,4,3,1,3,0,0,0,0,0,0,0,0,8,4,8,0,4,0,0,0,0,0,0,0,0,0,2,10,1,6,4,5,0,0,0,0,0,0,0,0,1,2,2,7,2,4,0,0,0,0,0,0,0,0,0,0,0,0,岡山
4885,大山千広,オオヤマ チヒロ,福岡,B2,H,080205,2,29,161,50,O,0.0,0.0,0,0,0,0,0,0.0,0,0.0,0.0,0.0,0,0.0,0.0,0.0,0,0.0,0.0,0.0,0,0.0,0.0,0.0,0,0.0,0.0,0.0,0,0.0,0.0,0.0,B2,B2,A2,0.0,0.0,2025,2,2024-11-01,2025-04-30,116,0,0,0,0,0,0,0,0,0,0,0,0,0,0,0,0,0,0,0,0,0,0,0,0,0,0,0,0,0,0,0,0,0,0,0,0,0,0,0,0,0,0,0,0,0,0,0,0,0,0,0,0,0,0,0,0,0,0,0,0,0,0,0,0,0,0,0,0,0,0,0,0,0,0,0,0,0,0,0,0,0,0,0,0,0,0,0,0,福岡
4886,入海馨,イルミ ケイ,岡山,A1,H,080227,1,29,169,55,A,6.38,43.4,23,27,115,2,0,0.15,19,78.9,0.14,2.8,20,50.0,0.15,2.4,16,37.5,0.12,3.1,21,57.1,0.15,3.4,15,26.6,0.17,4.1,24,12.5,0.18,3.8,A1,A1,A1,58.0,63.0,2025,2,2024-11-01,2025-04-30,116,15,0,0,2,0,1,0,0,0,0,0,0,0,1,2,8,3,1,3,1,1,0,0,0,0,0,1,0,2,4,5,4,0,0,0,0,0,0,0,0,1,0,2,10,5,1,2,1,0,0,0,0,0,0,0,0,2,2,2,4,4,1,0,0,0,0,0,0,0,0,0,3,3,6,3,9,0,0,0,0,0,0,0,0,0,0,0,0,岡山
4887,富澤祐作,トミザワ ユウサク,群馬,A2,S,611117,1,38,168,57,B,6.03,45.6,30,12,92,1,0,0.14,15,86.6,0.15,1.7,15,60.0,0.15,2.9,14,64.2,0.14,2.5,12,50.0,0.12,2.3,18,27.7,0.13,2.3,18,0.0,0.17,4.1,A2,B1,B1,50.0,50.0,2025,2,2024-11-01,2025-04-30,117,12,1,0,2,0,0,0,0,0,0,0,0,0,0,5,4,3,1,1,0,0,0,0,0,0,0,1,0,5,4,2,0,1,2,0,0,0,0,0,0,0,0,5,1,4,0,0,2,0,0,0,0,0,0,0,0,3,2,2,2,7,1,1,0,0,0,0,0,0,0,0,0,2,4,8,4,0,0,0,0,0,1,0,0,0,0,0,0,群馬
4888,金児隆太,カネコ リュウタ,群馬,A2,S,620915,1,37,165,53,A,6.09,44.7,33,31,143,4,1,0.17,26,80.7,0.16,2.3,24,58.3,0.18,3.9,23,43.4,0.17,3.5,31,29.0,0.17,3.2,19,31.5,0.17,3.6,20,20.0,0.16,3.6,A2,A2,A2,52.0,53.0,2025,2,2024-11-01,2025-04-30,117,18,3,2,1,1,1,0,0,0,0,0,0,0,0,3,11,2,3,4,1,0,0,0,0,0,0,0,0,4,6,4,2,4,2,0,0,0,0,0,0,1,0,4,5,6,5,6,5,0,0,0,0,0,0,0,0,3,3,4,4,4,1,0,0,0,0,0,0,0,0,1,3,5,3,4,4,0,0,0,0,0,0,0,0,0,0,0,0,長野
4889,後藤盛也,ゴトウ セイヤ,東京,B1,S,631101,1,36,169,52,B,5.24,36.8,28,14,114,1,0,0.13,22,81.8,0.14,2.0,15,40.0,0.13,1.9,18,38.8,0.16,2.6,18,11.1,0.1,2.0,19,36.8,0.13,2.0,22,9.0,0.14,3.0,A2,A2,A2,50.0,48.0,2025,2,2024-11-01,2025-04-30,117,18,0,2,2,0,0,0,0,0,0,0,0,0,0,3,3,1,4,3,1,0,0,0,0,0,0,0,0,1,6,2,4,5,0,0,0,0,0,0,0,0,0,1,1,2,6,5,2,0,0,0,0,0,1,1,0,5,2,0,2,5,4,1,0,0,0,0,0,0,0,0,2,1,5,7,6,0,0,0,0,0,0,1,0,0,0,0,0,神奈川
4890,石川諒,イシカワ リョウ,山口,B1,H,010222,1,36,163,52,A,5.06,33.0,14,21,106,0,0,0.15,17,94.1,0.15,2.7,15,53.3,0.19,3.4,20,15.0,0.13,2.9,16,25.0,0.12,2.2,19,21.0,0.17,2.6,19,0.0,0.13,2.3,B1,A2,B1,49.0,49.0,2025,2,2024-11-01,2025-04-30,117,13,3,1,0,0,0,0,0,0,0,0,0,0,0,1,7,2,0,3,2,0,0,0,0,0,0,0,0,0,3,3,9,2,3,0,0,0,0,0,0,0,0,0,4,0,5,4,3,0,0,0,0,0,0,0,0,0,4,1,8,6,0,0,0,0,0,0,0,0,0,0,0,4,6,3,6,0,0,0,0,0,0,0,0,0,0,0,0,山口
4891,寺島美里,テラシマ ミサト,東京,B1,H,011022,2,35,152,47,A,5.22,33.8,24,21,133,2,0,0.16,25,56.0,0.17,2.9,22,36.3,0.17,2.7,25,48.0,0.12,2.1,22,31.8,0.16,2.5,28,10.7,0.16,2.9,11,9.0,0.2,4.5,A2,B1,B1,50.0,49.0,2025,2,2024-11-01,2025-04-30,117,9,5,5,3,1,1,0,0,0,0,0,0,1,0,1,7,4,5,3,2,0,0,0,0,0,0,0,0,7,5,1,2,4,6,0,0,0,0,0,0,0,0,6,1,4,4,3,4,0,0,0,0,0,0,0,0,1,2,5,5,11,4,0,0,0,0,0,0,0,0,0,1,2,3,3,2,0,0,0,0,0,0,0,0,0,0,0,0,福島
4892,柴田直哉,シバタ ナオヤ,福岡,B1,H,020623,1,35,166,56,B,5.46,35.0,17,23,114,0,0,0.17,16,75.0,0.15,2.9,23,60.8,0.16,3.3,17,35.2,0.16,3.4,18,27.7,0.17,3.8,25,12.0,0.16,3.2,15,0.0,0.23,4.2,B1,B1,B1,48.0,50.0,2025,2,2024-11-01,2025-04-30,117,11,1,1,0,2,1,0,0,0,0,0,0,0,0,3,11,1,5,1,2,0,0,0,0,0,0,0,0,3,3,5,0,5,1,0,0,0,0,0,0,0,0,0,5,5,3,3,2,0,0,0,0,0,0,0,0,0,3,8,6,7,1,0,0,0,0,0,0,0,0,0,0,4,4,2,5,0,0,0,0,0,0,0,0,0,0,0,0,福岡
4893,渡邉真奈美,ワタナベ マナミ,東京,B2,H,020906,2,34,157,47,A,4.15,19.1,3,6,47,0,0,0.18,8,25.0,0.21,3.9,7,14.2,0.12,3.0,8,12.5,0.16,2.5,8,25.0,0.2,3.3,5,40.0,0.17,3.4,11,9.0,0.2,3.2,B1,B1,B1,51.0,49.0,2025,2,2024-11-01,2025-04-30,117,1,1,2,1,0,2,1,0,0,0,0,0,0,0,0,1,2,1,2,0,1,0,0,0,0,0,0,0,0,1,0,2,1,4,0,0,0,0,0,0,0,0,2,0,1,0,1,4,0,0,0,0,0,1,0,0,0,2,1,1,1,0,0,0,0,0,0,0,0,0,0,1,3,2,2,3,0,0,0,0,0,0,0,0,0,0,1,0,千葉
4894,原村拓也,ハラムラ タクヤ,香川,B1,H,030315,1,34,174,53,A,4.8,26.0,8,18,100,0,0,0.18,13,69.2,0.17,3.8,16,12.5,0.2,4.2,21,33.3,0.17,4.0,14,28.5,0.19,3.9,22,18.1,0.18,3.6,14,0.0,0.18,4.7,B1,B1,B1,49.0,48.0,2025,2,2024-11-01,2025-04-30,117,5,4,2,0,1,1,0,0,0,0,0,0,0,0,1,1,3,5,1,5,0,0,0,0,0,0,0,0,0,7,4,4,3,2,1,0,0,0,0,0,0,0,1,3,5,1,4,0,0,0,0,0,0,0,0,0,1,3,3,5,7,3,0,0,0,0,0,0,0,0,0,0,4,5,2,3,0,0,0,0,0,0,0,0,0,0,1,0,香川
4895,門間雄大,モンマ ユウタ,東京,B1,H,030506,1,34,169,56,B,5.14,22.3,10,9,85,1,0,0.16,13,61.5,0.12,2.0,12,8.3,0.19,4.2,18,16.6,0.17,3.1,13,15.3,0.14,2.9,19,15.7,0.18,3.7,10,20.0,0.16,3.3,B1,B1,A2,48.0,50.0,2025,2,2024-11-01,2025-04-30,117,6,2,5,0,0,0,0,0,0,0,0,0,0,0,1,0,6,4,0,1,0,0,0,0,0,1,0,0,0,3,5,10,0,0,0,0,0,0,0,1,0,0,0,2,2,2,6,1,0,0,0,0,0,0,0,0,2,1,6,2,6,2,0,0,0,0,0,0,0,0,1,1,1,2,2,2,1,0,0,0,0,0,0,0,0,0,0,0,北海道
4896,花本剛,ハナモト ゴウ,山口,B1,H,031018,1,33,165,59,A,4.34,20.5,10,12,107,0,0,0.19,16,56.2,0.18,4.4,17,17.6,0.18,4.0,24,29.1,0.19,3.6,20,10.0,0.16,3.1,12,8.3,0.2,4.2,18,0.0,0.23,5.3,B1,B1,B1,44.0,46.0,2025,2,2024-11-01,2025-04-30,117,5,4,1,3,1,2,0,0,0,0,0,0,0,0,1,2,1,6,6,1,0,0,0,0,0,0,0,0,4,3,4,3,5,4,0,0,0,0,0,0,0,1,0,2,9,3,3,3,0,0,0,0,0,0,0,0,0,1,2,1,6,1,0,0,0,0,0,1,1,0,0,0,3,4,4,7,0,0,0,0,0,0,0,0,0,0,1,0,山口
4897,深見亜由美,フカミ アユミ,愛知,B2,H,031019,2,33,149,45,O,0.0,0.0,0,0,0,0,0,0.0,0,0.0,0.0,0.0,0,0.0,0.0,0.0,0,0.0,0.0,0.0,0,0.0,0.0,0.0,0,0.0,0.0,0.0,0,0.0,0.0,0.0,B2,B1,A2,0.0,0.0,2025,2,2024-11-01,2025-04-30,117,0,0,0,0,0,0,0,0,0,0,0,0,0,0,0,0,0,0,0,0,0,0,0,0,0,0,0,0,0,0,0,0,0,0,0,0,0,0,0,0,0,0,0,0,0,0,0,0,0,0,0,0,0,0,0,0,0,0,0,0,0,0,0,0,0,0,0,0,0,0,0,0,0,0,0,0,0,0,0,0,0,0,0,0,0,0,0,0,愛知
4898,菊地敬介,キクチ ケイスケ,埼玉,B1,H,031122,1,33,167,64,B,4.18,14.6,7,6,89,0,0,0.19,9,44.4,0.18,4.0,10,30.0,0.17,3.2,15,6.6,0.17,3.7,13,15.3,0.2,3.0,17,11.7,0.16,2.6,25,4.0,0.22,4.2,B2,B1,B1,42.0,46.0,2025,2,2024-11-01,2025-04-30,117,4,0,2,1,0,1,0,0,0,0,0,0,0,1,2,1,2,3,1,1,0,0,0,0,0,0,0,0,0,1,3,6,4,1,0,0,0,0,0,0,0,0,0,2,3,6,1,1,0,0,0,0,0,0,0,0,1,1,4,3,4,4,0,0,0,0,0,0,0,0,0,1,3,7,6,8,0,0,0,0,0,0,0,0,0,0,0,0,埼玉
4899,占部一真,ウラベ カズマ,福岡,B1,H,031222,1,33,169,53,O,4.41,25.2,15,11,103,2,0,0.17,10,60.0,0.14,2.4,21,28.5,0.17,3.2,17,17.6,0.17,2.7,24,16.6,0.18,4.5,21,28.5,0.17,3.0,10,10.0,0.15,3.0,B1,B1,B1,43.0,46.0,2025,2,2024-11-01,2025-04-30,117,5,1,3,0,0,0,0,0,0,0,0,0,1,0,3,3,4,3,4,4,0,0,0,0,0,0,0,0,2,1,2,2,5,5,0,0,0,0,0,0,0,0,3,1,2,5,6,7,0,0,0,0,0,0,0,0,2,4,1,4,5,5,0,0,0,0,0,0,0,0,0,1,1,3,1,4,0,0,0,0,0,0,0,0,0,0,0,0,福岡
4900,中田夕貴,ナカダ ユキ,埼玉,A2,H,040929,2,32,154,47,AB,5.55,37.1,21,25,124,1,0,0.17,22,77.2,0.16,2.6,23,43.4,0.17,3.3,19,42.1,0.17,3.3,27,25.9,0.18,3.6,19,21.0,0.16,3.5,14,0.0,0.18,4.0,A2,B1,B2,51.0,50.0,2025,2,2024-11-01,2025-04-30,117,15,2,2,3,0,0,0,0,0,0,0,0,0,0,3,7,5,4,0,2,1,0,0,0,0,0,1,0,2,6,4,3,3,1,0,0,0,0,0,0,0,0,1,6,6,7,3,4,0,0,0,0,0,0,0,0,0,4,4,4,1,6,0,0,0,0,0,0,0,0,0,0,2,3,6,3,0,0,0,0,0,0,0,0,0,0,0,0,埼玉
4901,出口舞有子,デグチ マアコ,愛知,B2,H,041211,2,32,157,48,O,0.0,0.0,0,0,0,0,0,0.0,0,0.0,0.0,0.0,0,0.0,0.0,0.0,0,0.0,0.0,0.0,0,0.0,0.0,0.0,0,0.0,0.0,0.0,0,0.0,0.0,0.0,B2,B2,B2,0.0,0.0,2025,2,2024-11-01,2025-04-30,117,0,0,0,0,0,0,0,0,0,0,0,0,0,0,0,0,0,0,0,0,0,0,0,0,0,0,0,0,0,0,0,0,0,0,0,0,0,0,0,0,0,0,0,0,0,0,0,0,0,0,0,0,0,0,0,0,0,0,0,0,0,0,0,0,0,0,0,0,0,0,0,0,0,0,0,0,0,0,0,0,0,0,0,0,0,0,0,0,愛知
4902,山川雄大,ヤマカワ タカヒロ,兵庫,B1,H,050306,1,32,162,51,A,5.0,31.2,18,17,112,0,0,0.18,17,82.3,0.16,3.1,22,27.2,0.17,3.5,20,30.0,0.16,3.3,19,26.3,0.19,4.2,18,22.2,0.19,3.9,16,0.0,0.21,4.3,B1,B1,B1,45.0,48.0,2025,2,2024-11-01,2025-04-30,117,9,5,0,1,0,2,0,0,0,0,0,0,0,0,4,2,5,7,3,1,0,0,0,0,0,0,0,0,2,4,6,2,3,3,0,0,0,0,0,0,0,0,2,3,3,1,5,5,0,0,0,0,0,0,0,0,1,3,4,2,3,5,0,0,0,0,0,0,0,0,0,0,2,2,8,4,0,0,0,0,0,0,0,0,0,0,1,0,兵庫
4903,吉田凌太朗,ヨシダ リョウタロウ,愛知,A1,H,050922,1,31,166,52,A,6.33,51.3,30,28,113,4,2,0.15,23,91.3,0.12,2.1,16,50.0,0.17,3.6,22,54.5,0.14,2.8,18,55.5,0.16,3.5,17,17.6,0.17,3.3,17,23.5,0.16,3.1,A1,A1,B1,53.0,54.0,2025,2,2024-11-01,2025-04-30,117,16,5,0,0,2,0,0,0,0,0,0,0,0,0,2,6,3,1,2,2,0,0,0,0,0,0,0,0,4,8,3,1,2,3,0,0,0,0,0,0,1,0,5,5,2,2,0,4,0,0,0,0,0,0,0,0,2,1,4,5,2,2,0,0,0,0,0,2,1,0,1,3,3,4,2,3,1,0,0,0,0,1,0,0,0,0,1,0,愛知
4904,松本一毅,マツモト カズキ,大阪,B1,H,060830,1,30,165,53,A,5.05,32.3,22,20,130,2,0,0.18,23,73.9,0.18,3.1,20,50.0,0.16,3.3,22,27.2,0.18,3.9,16,31.2,0.15,3.0,28,10.7,0.19,3.4,21,4.7,0.21,4.2,A2,A2,B1,50.0,48.0,2025,2,2024-11-01,2025-04-30,117,16,1,3,1,0,1,1,0,0,0,0,0,0,0,1,9,2,4,4,0,0,0,0,0,0,0,0,0,3,3,2,4,6,4,0,0,0,0,0,0,0,0,1,4,1,5,3,2,0,0,0,0,0,0,0,0,1,2,6,6,3,10,0,0,0,0,0,0,0,0,0,1,5,3,6,6,0,0,0,0,0,0,0,0,0,0,0,0,大阪
4905,土井祥伍,ドイ ショウゴ,大阪,B1,H,061110,1,30,165,54,A,4.5,25.2,8,21,115,0,0,0.19,13,69.2,0.18,3.4,26,42.3,0.18,3.4,18,11.1,0.19,3.3,17,17.6,0.19,4.1,21,14.2,0.18,3.9,20,5.0,0.22,4.4,B1,B1,B1,47.0,47.0,2025,2,2024-11-01,2025-04-30,117,4,5,2,1,0,1,0,0,0,0,0,0,0,0,2,9,2,4,7,2,0,0,0,0,0,0,0,0,0,2,7,3,4,2,0,0,0,0,0,0,0,0,1,2,4,3,6,1,0,0,0,0,0,0,0,0,1,2,3,5,5,5,0,0,0,0,0,0,0,0,0,1,0,5,8,6,0,0,0,0,0,0,0,0,0,0,0,0,大阪
4906,鈴木雅希,スズキ マサキ,東京,A2,H,070422,1,30,167,53,O,5.75,40.0,21,23,110,0,0,0.16,17,82.3,0.16,3.1,20,55.0,0.17,3.6,19,21.0,0.15,3.4,20,40.0,0.14,2.6,19,31.5,0.16,3.1,15,6.6,0.2,3.9,B1,A2,B1,48.0,51.0,2025,2,2024-11-01,2025-04-30,117,10,4,1,2,0,0,0,0,0,0,0,0,0,0,3,8,3,2,3,1,0,0,0,0,0,0,0,0,3,1,7,3,3,1,0,0,0,0,0,0,1,0,4,4,3,3,3,3,0,0,0,0,0,0,0,0,1,5,5,4,3,1,0,0,0,0,0,0,0,0,0,1,1,6,2,5,0,0,0,0,0,0,0,0,0,0,0,0,神奈川
4907,小池修平,コイケ シュウヘイ,大阪,A1,H,070604,1,30,174,54,A,7.0,58.0,42,23,112,5,3,0.14,25,80.0,0.13,2.1,20,65.0,0.14,3.0,17,52.9,0.17,3.6,14,71.4,0.14,2.5,25,40.0,0.14,2.8,11,27.2,0.16,2.9,A1,A1,A1,59.0,61.0,2025,2,2024-11-01,2025-04-30,117,20,0,2,0,0,3,0,0,0,0,0,0,0,0,8,5,2,2,1,2,0,0,0,0,0,0,0,0,3,6,1,0,3,3,0,0,0,0,0,0,1,0,8,2,2,2,0,0,0,0,0,0,0,0,0,0,2,8,3,1,5,6,0,0,0,0,0,0,0,0,1,2,1,3,2,2,0,0,0,0,0,1,0,0,0,0,0,0,大阪
4908,上田龍星,ウエダ リュウセイ,大阪,A1,H,070715,1,29,167,53,O,6.26,40.3,31,15,114,1,0,0.15,20,80.0,0.13,3.0,18,55.5,0.15,3.1,20,45.0,0.16,3.4,19,21.0,0.15,3.5,17,29.4,0.16,3.6,20,10.0,0.14,3.7,A1,A1,A1,58.0,67.0,2025,2,2024-11-01,2025-04-30,117,13,3,0,1,1,2,0,0,0,0,0,0,0,0,5,5,2,1,1,4,0,0,0,0,0,0,0,0,6,3,3,1,3,2,1,0,0,0,0,0,1,0,2,2,3,4,4,4,0,0,0,0,0,0,0,0,4,1,3,5,3,1,0,0,0,0,0,0,0,0,1,1,3,6,6,3,0,0,0,0,0,0,0,0,0,0,1,0,大阪
4909,薮内瑞希,ヤブウチ ミズキ,岡山,B1,H,071004,2,29,147,44,O,5.01,32.9,14,18,97,0,0,0.17,18,94.4,0.15,2.7,17,23.5,0.18,3.9,16,31.2,0.18,2.3,18,11.1,0.17,3.2,16,18.7,0.16,3.3,12,8.3,0.17,3.3,B1,A2,B1,50.0,48.0,2025,2,2024-11-01,2025-04-30,117,10,7,0,0,1,0,0,0,0,0,0,0,0,0,1,3,3,2,5,3,0,0,0,0,0,0,0,0,2,3,1,5,1,4,0,0,0,0,0,0,0,0,1,1,5,6,2,3,0,0,0,0,0,0,0,0,0,3,2,2,3,6,0,0,0,0,0,0,0,0,0,1,3,3,1,4,0,0,0,0,0,0,0,0,0,0,0,0,岡山
4910,中村泰平,ナカムラ タイヘイ,愛知,A1,H,080203,1,29,160,52,AB,6.39,43.8,29,24,121,3,1,0.18,27,77.7,0.14,2.6,17,52.9,0.16,3.3,20,45.0,0.17,3.1,19,31.5,0.19,3.9,18,16.6,0.19,4.2,20,25.0,0.2,4.5,B1,A1,A2,48.0,53.0,2025,2,2024-11-01,2025-04-30,117,18,3,4,1,0,0,1,0,0,0,0,0,0,0,5,4,1,3,3,1,0,0,0,0,0,0,0,0,2,7,6,3,2,0,0,0,0,0,0,0,0,0,3,3,7,3,2,1,0,0,0,0,0,0,0,0,0,3,5,5,1,4,0,0,0,0,0,0,0,0,1,4,6,7,1,1,0,0,0,0,0,0,0,0,0,0,0,0,愛知
4911,片岡大地,カタオカ ダイチ,東京,B1,H,080224,1,29,165,53,AB,4.94,23.1,9,13,95,1,0,0.13,13,53.8,0.13,2.2,14,28.5,0.13,3.1,19,15.7,0.13,2.5,19,21.0,0.14,2.5,19,21.0,0.13,2.4,11,0.0,0.14,2.7,B1,B1,B1,45.0,49.0,2025,2,2024-11-01,2025-04-30,117,5,2,0,1,4,0,1,0,0,0,0,0,0,0,0,4,4,5,1,0,0,0,0,0,0,0,0,0,1,2,4,5,6,1,0,0,0,0,0,0,0,0,3,1,7,4,3,1,0,0,0,0,0,0,0,0,0,4,5,4,4,2,0,0,0,0,0,0,0,0,0,0,3,3,3,2,0,0,0,0,0,0,0,0,0,0,0,0,千葉
4914,吉田裕平,ヨシダ ユウヘイ,愛知,A1,H,081119,1,28,167,51,AB,7.8,54.8,43,25,124,4,4,0.13,27,100.0,0.11,2.4,21,61.9,0.13,2.7,25,60.0,0.14,3.2,20,30.0,0.12,2.8,16,31.2,0.14,3.4,15,13.3,0.15,3.3,A1,A1,A1,61.0,70.0,2025,2,2024-11-01,2025-04-30,117,23,4,0,0,0,0,0,0,0,0,0,0,0,0,7,6,4,2,1,1,0,0,0,0,0,0,0,0,6,9,5,3,2,0,0,0,0,0,0,0,0,0,3,3,7,2,3,1,0,0,0,0,0,1,1,0,3,2,5,3,1,2,0,0,0,0,0,0,0,0,1,1,4,5,4,0,0,0,0,0,0,0,0,0,0,0,0,0,愛知
4917,岩橋裕馬,イワハシ ユウマ,兵庫,B1,S,630801,1,36,165,54,O,4.3,15.7,5,7,76,0,0,0.19,9,22.2,0.22,4.8,13,23.0,0.2,4.1,15,20.0,0.21,3.8,12,33.3,0.14,3.2,17,0.0,0.19,3.4,10,0.0,0.15,4.1,B1,B1,B1,47.0,47.0,2025,2,2024-11-01,2025-04-30,118,2,0,3,0,3,1,0,0,0,0,0,0,0,0,0,3,4,2,4,0,0,0,0,0,0,0,0,0,1,2,5,3,2,2,0,0,0,0,0,1,0,0,2,2,1,7,0,0,0,0,0,0,0,0,0,0,0,0,3,5,4,4,1,0,0,0,0,0,0,0,0,0,2,1,1,6,0,0,0,0,0,0,0,0,0,0,1,0,大阪
4918,川島拓郎,カワシマ タクロウ,静岡,B1,S,631228,1,36,163,54,AB,4.27,22.7,9,6,66,0,0,0.15,9,55.5,0.13,2.9,11,27.2,0.14,2.8,14,35.7,0.13,2.3,12,16.6,0.2,3.8,11,0.0,0.15,3.4,9,0.0,0.2,5.0,B1,B1,B1,47.0,46.0,2025,2,2024-11-01,2025-04-30,118,5,0,1,2,1,0,0,0,0,0,0,0,0,0,1,2,1,2,4,1,0,0,0,0,0,1,0,0,2,3,4,1,4,0,0,0,0,0,0,0,0,0,1,1,3,1,2,3,0,0,0,0,0,0,0,1,0,0,0,3,6,2,0,0,0,0,0,0,0,0,0,0,0,1,2,6,0,0,0,0,0,0,0,0,0,0,0,0,静岡
4919,吉田翔悟,ヨシダ ショウゴ,長崎,B1,H,030117,1,34,167,54,A,4.66,25.3,9,11,79,0,0,0.14,10,60.0,0.12,2.4,11,36.3,0.15,2.7,16,37.5,0.14,2.1,13,23.0,0.13,2.8,14,0.0,0.13,2.7,15,6.6,0.17,3.3,B1,B1,A2,47.0,47.0,2025,2,2024-11-01,2025-04-30,118,4,2,3,0,1,0,0,0,0,0,0,0,0,0,1,3,3,1,2,1,0,0,0,0,0,0,0,0,3,3,3,4,1,1,1,0,0,0,0,0,0,0,1,2,2,1,2,5,0,0,0,0,0,0,0,0,0,0,3,1,3,7,0,0,0,0,0,0,0,0,0,1,3,4,5,2,0,0,0,0,0,0,0,0,0,0,0,0,長崎
4924,中北涼,ナカキタ リョウ,長崎,B1,H,041014,2,32,147,50,A,4.22,16.9,3,8,65,0,0,0.18,10,40.0,0.17,2.7,14,14.2,0.16,4.2,13,15.3,0.19,3.5,9,11.1,0.19,3.8,11,9.0,0.17,4.0,8,12.5,0.21,5.5,B1,B1,B2,43.0,47.0,2025,2,2024-11-01,2025-04-30,118,2,2,3,2,0,1,0,0,0,0,0,0,0,0,1,1,3,6,2,1,0,0,0,0,0,1,0,0,0,2,0,7,1,2,0,0,0,0,0,0,1,0,0,1,0,5,3,0,0,0,0,0,0,0,0,0,0,1,2,3,4,1,0,0,0,0,0,0,0,0,0,1,0,2,2,3,0,0,0,0,0,0,0,0,0,0,0,0,愛知
4925,森悠稀,モリ ユウキ,兵庫,A2,H,041208,1,32,167,54,A,5.76,39.4,19,22,104,3,0,0.13,16,62.5,0.14,2.9,19,42.1,0.15,3.1,21,38.1,0.12,1.8,14,50.0,0.11,1.6,17,29.4,0.12,2.3,17,17.6,0.14,2.8,A2,B1,B1,52.0,50.0,2025,2,2024-11-01,2025-04-30,118,8,2,3,1,0,1,1,0,0,0,0,0,0,0,3,5,4,1,4,1,0,0,0,0,0,0,0,1,5,3,4,5,4,0,0,0,0,0,0,0,0,0,2,5,1,2,3,1,0,0,0,0,0,0,0,0,1,4,6,2,2,2,0,0,0,0,0,0,0,0,0,3,4,3,2,5,0,0,0,0,0,0,0,0,0,0,1,0,兵庫
4926,吉川貴仁,ヨシカワ タカヒト,三重,A1,H,050715,1,31,165,53,A,6.83,54.0,30,23,98,2,0,0.16,23,82.6,0.14,2.5,18,55.5,0.13,3.3,16,37.5,0.18,2.9,9,66.6,0.18,3.4,16,43.7,0.16,2.9,16,31.2,0.17,3.3,A1,A1,A1,57.0,56.0,2025,2,2024-11-01,2025-04-30,118,15,4,1,1,0,1,1,0,0,0,0,0,0,0,6,4,3,2,1,2,0,0,0,0,0,0,0,0,3,3,2,2,3,3,0,0,0,0,0,0,0,0,2,4,0,3,0,0,0,0,0,0,0,0,0,0,4,3,3,2,2,0,0,0,0,0,0,1,1,1,0,5,8,1,1,1,0,0,0,0,0,0,0,0,0,0,0,0,三重
4927,関野文,セキノ アヤ,大阪,A2,H,051101,2,31,149,44,O,5.75,39.8,26,31,143,5,0,0.16,32,71.8,0.15,3.4,14,42.8,0.16,2.9,21,47.6,0.17,3.2,30,33.3,0.15,3.1,22,13.6,0.15,3.7,24,20.8,0.16,4.2,A1,A1,A2,54.0,54.0,2025,2,2024-11-01,2025-04-30,118,17,6,4,4,0,1,0,0,0,0,0,1,0,0,4,2,3,2,0,3,0,0,0,0,0,0,0,0,2,8,5,2,2,2,0,0,0,0,0,0,0,0,2,8,5,7,4,4,0,0,0,0,0,0,0,0,1,2,3,3,2,10,0,0,0,0,0,0,1,0,0,5,5,4,5,5,0,0,0,0,0,0,0,0,0,0,0,0,大阪
4928,栗城匠,クリキ ショウ,東京,A1,H,070526,1,30,166,52,A,6.86,55.0,45,20,118,4,0,0.17,22,95.4,0.15,2.9,20,50.0,0.19,3.6,18,44.4,0.16,2.3,18,77.7,0.15,2.9,18,38.8,0.18,3.4,22,22.7,0.2,3.5,A1,A2,A2,55.0,55.0,2025,2,2024-11-01,2025-04-30,118,17,4,0,0,0,0,0,0,0,0,0,0,1,0,8,2,3,1,5,1,0,0,0,0,0,0,0,0,5,3,4,3,0,3,0,0,0,0,0,0,0,0,9,5,2,2,0,0,0,0,0,0,0,0,0,0,4,3,2,2,1,5,1,0,0,0,0,0,0,0,2,3,7,3,6,1,0,0,0,0,0,0,0,0,0,0,0,0,東京
4930,佐藤悠,サトウ ユウ,福井,A2,H,071025,1,29,166,56,A,5.81,38.9,28,18,118,4,1,0.14,17,82.3,0.14,2.6,16,12.5,0.13,2.6,19,57.8,0.13,2.6,20,40.0,0.15,2.0,19,15.7,0.15,3.0,27,29.6,0.12,2.7,A2,B1,B1,51.0,51.0,2025,2,2024-11-01,2025-04-30,118,13,1,0,1,1,0,0,0,0,0,0,0,1,0,0,2,2,4,2,4,0,0,0,0,0,0,2,0,3,8,4,1,1,1,0,0,0,0,0,0,1,0,5,3,5,4,3,0,0,0,0,0,0,0,0,0,3,0,4,5,3,4,0,0,0,0,0,0,0,0,4,4,7,5,2,4,0,0,0,0,0,0,1,0,0,0,0,0,石川
4931,木谷賢太,キダニ ケンタ,香川,A2,H,071112,1,29,162,55,B,5.63,31.2,24,20,141,2,0,0.16,28,78.5,0.13,2.4,22,40.9,0.16,3.0,20,40.0,0.15,3.2,30,10.0,0.18,3.9,16,6.2,0.16,3.9,25,4.0,0.18,4.9,A1,A2,A2,54.0,56.0,2025,2,2024-11-01,2025-04-30,118,16,6,3,2,0,1,0,0,0,0,0,0,0,0,4,5,5,3,2,3,0,0,0,0,0,0,0,0,3,5,5,3,2,1,0,0,0,0,0,0,0,1,1,2,12,5,8,2,0,0,0,0,0,0,0,0,0,1,1,5,6,3,0,0,0,0,0,0,0,0,0,1,8,4,7,5,0,0,0,0,0,0,0,0,0,0,0,0,香川
4932,新開航,シンカイ ワタル,福岡,A1,H,080212,1,29,164,52,A,6.94,50.0,29,29,116,3,1,0.15,25,84.0,0.14,2.9,15,53.3,0.16,3.6,18,55.5,0.13,3.2,15,26.6,0.15,3.2,20,40.0,0.15,3.4,23,30.4,0.16,4.1,A1,A1,A1,65.0,69.0,2025,2,2024-11-01,2025-04-30,118,17,4,1,1,1,1,0,0,0,0,0,1,0,0,3,5,1,2,3,1,0,0,0,0,0,0,0,0,4,6,1,4,2,0,1,0,0,0,0,0,0,0,1,3,3,2,3,3,0,0,0,0,0,0,0,0,4,4,4,2,2,4,0,0,0,0,0,0,0,0,0,7,4,3,6,3,0,0,0,0,0,0,0,0,0,0,0,0,福岡
4933,板橋侑我,イタバシ ユウガ,静岡,A1,H,080603,1,29,170,54,O,7.11,58.9,32,24,95,6,0,0.15,16,93.7,0.16,3.0,16,68.7,0.15,2.7,20,80.0,0.12,2.0,17,29.4,0.15,2.4,16,50.0,0.15,3.1,10,10.0,0.15,2.8,A2,A1,A1,53.0,55.0,2025,2,2024-11-01,2025-04-30,118,14,1,0,0,0,1,0,0,0,0,0,0,0,0,7,4,2,2,0,1,0,0,0,0,0,0,0,0,8,8,2,1,0,1,0,0,0,0,0,0,0,0,1,4,4,4,3,1,0,0,0,0,0,0,0,0,2,6,1,3,4,0,0,0,0,0,0,0,0,0,0,1,3,2,4,0,0,0,0,0,0,0,0,0,0,0,0,0,静岡
4934,佐々木翔斗,ササキ ショウト,大阪,A1,H,080701,1,28,167,57,O,6.27,47.4,30,26,118,4,1,0.16,26,84.6,0.13,2.3,17,47.0,0.15,2.8,19,63.1,0.18,3.9,16,43.7,0.18,3.1,15,33.3,0.16,3.5,25,8.0,0.17,4.0,A2,A1,A2,53.0,52.0,2025,2,2024-11-01,2025-04-30,118,17,5,3,0,0,0,1,0,0,0,0,0,0,0,5,3,5,2,0,2,0,0,0,0,0,0,0,0,5,7,2,2,3,0,0,0,0,0,0,0,0,0,2,5,3,1,3,2,0,0,0,0,0,0,0,0,1,4,7,0,2,1,0,0,0,0,0,0,0,0,0,2,3,7,7,6,0,0,0,0,0,0,0,0,0,0,0,0,大阪
4936,戸敷晃美,トジキ アキミ,福岡,A2,H,080823,2,28,160,49,O,5.58,40.0,15,17,80,1,0,0.16,13,84.6,0.16,3.4,11,36.3,0.16,3.4,14,50.0,0.17,3.2,16,31.2,0.11,2.6,13,23.0,0.18,2.7,13,15.3,0.21,4.3,A2,B1,B1,50.0,51.0,2025,2,2024-11-01,2025-04-30,118,9,2,2,0,0,0,0,0,0,0,0,1,0,0,1,3,1,4,1,1,0,0,0,0,0,0,0,0,2,5,1,3,1,0,2,0,0,0,0,0,0,0,2,3,2,3,2,4,0,0,0,0,0,0,0,0,1,2,2,2,4,2,0,0,0,0,0,0,0,0,0,2,2,3,2,4,0,0,0,0,0,1,0,0,0,0,0,0,宮崎
4938,小芦るり華,オアシ ルリカ,佐賀,A2,H,090909,2,27,161,51,B,6.24,40.8,21,19,98,3,0,0.19,15,80.0,0.17,2.5,15,40.0,0.19,3.7,21,66.6,0.2,3.3,19,21.0,0.19,4.3,17,11.7,0.21,4.3,11,18.1,0.21,4.7,B1,B2,A2,48.0,55.0,2025,2,2024-11-01,2025-04-30,118,11,1,0,3,0,0,0,0,0,0,0,0,0,0,4,2,6,3,0,0,0,0,0,0,0,0,0,0,6,8,3,1,2,1,0,0,0,0,0,2,0,0,0,4,6,5,3,1,0,0,0,0,0,0,0,0,0,2,3,5,5,2,0,0,0,0,0,0,0,0,0,2,3,4,2,0,0,0,0,0,0,0,0,0,0,0,1,0,佐賀
4939,宮之原輝紀,ミヤノハラ コウキ,東京,A1,H,091126,1,27,161,51,O,6.87,54.0,39,21,111,8,2,0.15,28,82.1,0.14,2.4,19,63.1,0.15,3.4,15,46.6,0.15,2.8,16,37.5,0.15,3.3,21,38.1,0.15,3.4,12,33.3,0.14,3.3,A1,A1,A1,66.0,58.0,2025,2,2024-11-01,2025-04-30,118,23,0,1,1,0,3,0,0,0,0,0,0,0,0,7,5,5,1,0,1,0,0,0,0,0,0,0,0,2,5,3,2,1,2,0,0,0,0,0,0,0,0,3,3,2,4,1,3,0,0,0,0,0,0,0,0,4,4,2,1,5,5,0,0,0,0,0,0,0,0,0,4,1,2,1,4,0,0,0,0,0,0,0,0,0,0,0,0,東京
4940,白石有美,シライシ アミ,東京,B1,H,100721,2,26,163,59,O,3.0,7.9,1,4,63,0,0,0.17,10,40.0,0.17,2.9,12,0.0,0.17,2.3,14,7.1,0.18,2.3,12,0.0,0.13,2.8,8,0.0,0.18,3.4,7,0.0,0.16,3.3,B2,B2,B1,44.0,42.0,2025,2,2024-11-01,2025-04-30,118,1,3,1,2,1,2,0,0,0,0,0,0,0,0,0,0,2,4,4,2,0,0,0,0,0,0,0,0,0,1,1,0,7,4,1,0,0,0,0,0,0,0,0,0,2,3,4,3,0,0,0,0,0,0,0,0,0,0,0,1,4,3,0,0,0,0,0,0,0,0,0,0,1,1,2,3,0,0,0,0,0,0,0,0,0,0,0,0,東京
4941,孫崎百世,マゴサキ モモヨ,滋賀,B2,S,631023,2,36,154,46,A,4.5,21.6,5,11,74,1,0,0.21,9,33.3,0.22,4.3,8,62.5,0.17,3.3,10,30.0,0.19,4.5,13,0.0,0.23,4.6,15,13.3,0.24,4.6,19,15.7,0.21,4.3,B1,A2,B1,48.0,46.0,2025,2,2024-11-01,2025-04-30,119,2,1,3,2,1,0,0,0,0,0,0,0,0,0,0,5,1,0,1,0,1,0,0,0,0,0,0,0,2,1,3,2,0,2,0,0,0,0,0,0,0,0,0,0,5,3,1,3,0,0,0,0,0,1,1,0,0,2,2,4,4,2,0,0,0,0,0,0,1,0,1,2,2,4,8,1,0,0,0,0,0,0,1,0,0,0,0,0,北海道
4942,柴田朋哉,シバタ トモヤ,福岡,B1,H,020623,1,35,166,54,B,4.16,18.4,8,9,92,1,0,0.16,11,54.5,0.14,2.6,15,26.6,0.16,3.6,18,11.1,0.16,2.9,16,6.2,0.18,2.9,16,18.7,0.14,2.8,16,6.2,0.15,3.1,B1,B1,B1,49.0,46.0,2025,2,2024-11-01,2025-04-30,119,4,2,1,2,2,0,0,0,0,0,0,1,0,0,1,3,3,2,4,2,0,0,0,0,0,1,0,0,0,2,2,3,6,5,0,0,0,0,0,0,0,0,1,0,5,3,3,4,0,0,0,0,0,0,0,0,2,1,4,2,5,2,0,0,0,0,0,0,0,0,0,1,1,4,6,4,0,0,0,0,0,0,0,0,0,0,0,0,福岡
4943,八木治樹,ヤギ ハルキ,愛知,B1,H,030307,1,34,164,55,B,4.6,21.9,10,6,73,0,0,0.15,11,72.7,0.16,3.1,15,13.3,0.15,3.7,12,8.3,0.14,3.4,7,14.2,0.15,2.9,13,15.3,0.14,2.5,14,14.2,0.16,3.6,B1,A2,B1,50.0,46.0,2025,2,2024-11-01,2025-04-30,119,6,2,0,2,1,0,0,0,0,0,0,0,0,0,1,1,6,3,0,4,0,0,0,0,0,0,0,0,0,1,4,2,3,1,0,0,0,0,0,0,1,0,1,0,1,4,0,1,0,0,0,0,0,0,0,0,1,1,2,3,5,1,0,0,0,0,0,0,0,0,1,1,2,2,1,7,0,0,0,0,0,0,0,0,0,0,0,1,愛知
4944,田代達也,タシロ タツヤ,東京,B1,H,030506,1,34,167,57,A,3.75,18.6,1,16,91,0,0,0.16,13,38.4,0.14,2.6,18,5.5,0.17,3.1,20,35.0,0.16,2.5,14,0.0,0.15,2.4,16,25.0,0.15,2.7,10,0.0,0.19,4.6,B1,B2,B1,44.0,44.0,2025,2,2024-11-01,2025-04-30,119,0,5,2,1,1,4,0,0,0,0,0,0,0,0,0,1,4,3,6,4,0,0,0,0,0,1,0,0,1,6,1,4,3,5,0,0,0,0,0,1,0,0,0,0,3,2,5,3,0,0,0,0,0,0,1,0,0,4,3,2,6,1,0,0,0,0,0,0,0,0,0,0,0,1,5,4,0,0,0,0,0,0,0,0,0,0,0,0,東京
4945,上村宏太,ウエムラ コウタ,東京,B1,H,040315,1,33,165,54,A,4.91,30.8,9,12,68,0,0,0.17,7,85.7,0.19,3.6,13,23.0,0.16,3.7,10,50.0,0.18,3.5,13,15.3,0.16,3.1,14,7.1,0.13,3.0,11,36.3,0.22,4.1,B1,A2,B1,46.0,47.0,2025,2,2024-11-01,2025-04-30,119,3,3,0,0,0,1,0,0,0,0,0,0,0,0,2,1,5,2,2,0,0,0,0,0,0,0,1,0,2,3,1,0,2,2,0,0,0,0,0,0,0,0,1,1,4,2,2,3,0,0,0,0,0,0,0,0,0,1,2,3,2,5,1,0,0,0,0,0,0,0,1,3,2,1,1,3,0,0,0,0,0,0,0,0,0,0,0,0,東京
4947,間庭菜摘,マニワ ナツミ,福岡,B1,H,040806,2,32,162,47,AB,4.89,21.5,8,15,107,0,0,0.19,14,50.0,0.2,3.4,18,33.3,0.2,4.4,18,16.6,0.2,3.9,19,15.7,0.2,3.9,19,5.2,0.17,4.1,19,15.7,0.18,3.9,B1,B1,B1,49.0,49.0,2025,2,2024-11-01,2025-04-30,119,4,3,2,2,0,3,0,0,0,0,0,0,0,0,3,3,7,3,1,1,0,0,0,0,0,0,0,0,1,2,4,2,3,5,1,0,0,0,0,0,0,0,0,3,7,6,3,0,0,0,0,0,0,0,0,0,0,1,5,7,5,1,0,0,0,0,0,0,0,0,0,3,4,7,2,3,0,0,0,0,0,0,0,0,0,0,0,0,福岡
4948,木場悠介,コバ ユウスケ,長崎,B1,H,041008,1,32,171,53,A,5.33,34.8,22,24,132,3,0,0.17,24,75.0,0.15,3.3,17,17.6,0.15,3.1,24,54.1,0.17,3.0,20,30.0,0.2,3.6,24,12.5,0.17,3.3,23,13.0,0.18,3.9,B1,A2,A2,51.0,50.0,2025,2,2024-11-01,2025-04-30,119,14,4,2,1,2,1,0,0,0,0,0,0,0,0,2,1,4,5,4,1,0,0,0,0,0,0,0,0,2,11,2,6,2,0,0,0,0,0,0,0,1,0,1,5,5,5,2,2,0,0,0,0,0,0,0,0,3,0,4,6,8,2,0,0,0,0,0,0,1,0,0,3,2,5,4,9,0,0,0,0,0,0,0,0,0,0,0,0,鹿児島
4949,横田貴満,ヨコタ タカミツ,佐賀,A1,H,041105,1,32,160,50,A,6.45,45.3,32,22,119,4,1,0.16,24,79.1,0.16,2.5,19,63.1,0.15,3.2,16,56.2,0.16,2.9,21,23.8,0.16,3.9,23,30.4,0.18,3.4,16,12.5,0.18,4.3,A2,A2,A2,52.0,54.0,2025,2,2024-11-01,2025-04-30,119,15,4,2,1,0,2,0,0,0,0,0,0,0,0,4,8,3,1,3,0,0,0,0,0,0,0,0,0,7,2,5,1,1,0,0,0,0,0,0,0,0,0,3,2,7,4,4,1,0,0,0,0,0,0,0,0,2,5,8,5,1,2,0,0,0,0,0,0,0,0,1,1,1,4,6,3,0,0,0,0,0,0,0,0,0,0,0,0,熊本
4950,高岡竜也,タカオカ リュウヤ,山口,B1,H,050513,1,32,160,53,B,4.46,28.9,18,15,114,0,0,0.19,21,61.9,0.15,3.1,21,33.3,0.17,4.0,19,31.5,0.18,3.5,16,6.2,0.18,3.7,20,25.0,0.21,4.4,17,5.8,0.24,5.2,A2,A2,A2,51.0,47.0,2025,2,2024-11-01,2025-04-30,119,13,0,3,2,0,3,0,0,0,0,0,0,0,0,2,5,0,3,5,6,0,0,0,0,0,0,0,0,2,4,2,3,2,6,0,0,0,0,0,0,0,0,0,1,4,1,6,3,1,0,0,0,0,0,0,0,1,4,2,4,6,3,0,0,0,0,0,0,0,0,0,1,0,1,5,10,0,0,0,0,0,0,0,0,0,0,0,0,山口
4951,新田洋一,ニッタ ヨウイチ,広島,A2,H,050906,1,31,171,55,O,5.47,31.0,12,15,87,0,0,0.15,14,57.1,0.17,3.0,15,40.0,0.15,3.1,14,35.7,0.14,3.1,16,31.2,0.13,2.6,16,12.5,0.14,2.7,11,9.0,0.17,3.6,B1,B2,B2,49.0,50.0,2025,2,2024-11-01,2025-04-30,119,5,3,2,1,2,0,1,0,0,0,0,0,0,0,2,4,3,4,1,1,0,0,0,0,0,0,0,0,3,2,8,1,0,0,0,0,0,0,0,0,0,0,1,4,5,2,3,1,0,0,0,0,0,1,0,0,0,2,4,4,5,1,0,0,0,0,0,0,0,0,1,0,1,4,4,1,0,0,0,0,0,0,0,0,0,0,0,1,広島
4952,吉武真也,ヨシタケ シンヤ,福岡,B1,H,060210,1,31,165,54,O,4.37,20.5,6,8,68,0,0,0.19,9,55.5,0.16,2.6,11,27.2,0.19,3.7,12,16.6,0.17,3.6,16,12.5,0.2,3.0,8,12.5,0.18,3.4,12,8.3,0.2,4.5,B1,B1,B1,41.0,46.0,2025,2,2024-11-01,2025-04-30,119,4,1,2,1,0,0,1,0,0,0,0,0,0,0,1,2,4,2,0,2,0,0,0,0,0,0,0,0,0,2,4,2,2,2,0,0,0,0,0,0,0,0,1,1,4,3,4,3,0,0,0,0,0,0,0,0,0,1,0,2,2,3,0,0,0,0,0,0,0,0,0,1,0,2,6,3,0,0,0,0,0,0,0,0,0,0,0,0,福岡
4953,尾上雅也,オノウエ マサヤ,埼玉,A1,H,061024,1,30,170,53,A,6.52,49.0,47,29,155,5,1,0.16,37,83.7,0.16,3.2,19,42.1,0.17,3.9,29,58.6,0.17,3.7,28,39.2,0.15,2.6,18,27.7,0.15,3.4,24,16.6,0.16,4.1,A1,A1,A2,54.0,55.0,2025,2,2024-11-01,2025-04-30,119,27,4,1,2,2,0,0,0,0,0,0,0,1,0,4,4,3,2,2,4,0,0,0,0,0,0,0,0,8,9,3,3,3,3,0,0,0,0,0,0,0,0,5,6,10,1,5,1,0,0,0,0,0,0,0,0,3,2,3,4,5,1,0,0,0,0,0,0,0,0,0,4,5,9,2,3,0,0,0,0,0,0,1,0,0,0,0,0,埼玉
4954,内山峻輔,ウチヤマ シュンスケ,東京,B2,H,061222,1,30,175,54,A,0.0,0.0,0,0,0,0,0,0.0,0,0.0,0.0,0.0,0,0.0,0.0,0.0,0,0.0,0.0,0.0,0,0.0,0.0,0.0,0,0.0,0.0,0.0,0,0.0,0.0,0.0,B2,A2,B1,52.0,0.0,2025,2,2024-11-01,2025-04-30,119,0,0,0,0,0,0,0,0,0,0,0,0,0,0,0,0,0,0,0,0,0,0,0,0,0,0,0,0,0,0,0,0,0,0,0,0,0,0,0,0,0,0,0,0,0,0,0,0,0,0,0,0,0,0,0,0,0,0,0,0,0,0,0,0,0,0,0,0,0,0,0,0,0,0,0,0,0,0,0,0,0,0,0,0,0,0,0,0,東京
4956,齊藤大将,サイトウ ヒロマサ,東京,B1,H,070523,1,30,172,57,A,4.51,18.2,7,8,82,0,0,0.18,11,36.3,0.15,3.2,14,7.1,0.16,3.3,18,22.2,0.18,3.8,14,28.5,0.17,3.1,15,13.3,0.2,4.2,9,0.0,0.2,4.4,B1,B1,B1,46.0,47.0,2025,2,2024-11-01,2025-04-30,119,4,0,3,2,1,1,0,0,0,0,0,0,0,0,0,1,4,5,0,3,0,0,0,0,0,0,1,0,1,3,2,4,5,3,0,0,0,0,0,0,0,0,2,2,5,4,0,1,0,0,0,0,0,0,0,0,0,2,2,6,2,3,0,0,0,0,0,0,0,0,0,0,0,6,2,1,0,0,0,0,0,0,0,0,0,0,0,1,千葉
4957,竹之内極,タケノウチ キワム,福岡,B1,H,070608,1,30,165,55,A,5.01,31.4,24,20,140,1,0,0.17,20,65.0,0.15,2.5,22,59.0,0.18,3.4,26,34.6,0.18,2.9,25,20.0,0.16,3.5,24,8.3,0.15,3.2,23,8.7,0.2,4.3,B1,A2,B1,44.0,48.0,2025,2,2024-11-01,2025-04-30,119,11,2,0,2,1,4,0,0,0,0,0,0,0,0,6,7,2,2,3,2,0,0,0,0,0,0,0,0,2,7,9,0,5,2,0,0,0,0,0,0,1,0,2,3,4,4,6,3,0,0,0,0,0,0,3,0,1,1,7,6,7,2,0,0,0,0,0,1,0,0,2,0,2,6,6,7,0,0,0,0,0,0,0,0,0,0,0,0,鹿児島
4958,溝口海義也,ミゾグチ ミキヤ,福岡,A2,H,070627,1,30,167,56,A,6.22,41.7,28,30,139,2,0,0.15,29,82.7,0.15,2.4,25,44.0,0.16,3.2,24,33.3,0.13,2.8,30,36.6,0.14,2.6,13,23.0,0.13,2.6,18,5.5,0.15,3.8,A1,A1,A2,55.0,55.0,2025,2,2024-11-01,2025-04-30,119,19,5,2,1,1,1,0,0,0,0,0,0,0,0,4,7,7,4,2,1,0,0,0,0,0,0,0,0,2,6,11,1,3,1,0,0,0,0,0,0,0,0,2,9,8,7,1,2,0,0,0,0,0,0,1,0,1,2,4,2,2,2,0,0,0,0,0,0,0,0,0,1,3,4,6,4,0,0,0,0,0,0,0,0,0,0,0,0,福岡
4959,井上忠政,イノウエ タダマサ,大阪,A1,H,080304,1,29,172,52,B,6.9,47.7,36,17,111,5,4,0.16,27,92.5,0.15,3.3,19,47.3,0.16,3.3,15,46.6,0.17,3.9,17,29.4,0.16,3.6,19,15.7,0.14,3.7,14,28.5,0.21,4.6,A1,A1,A1,56.0,67.0,2025,2,2024-11-01,2025-04-30,119,22,3,1,0,1,0,0,0,0,0,0,0,0,0,4,5,2,2,2,4,0,0,0,0,0,0,0,0,5,2,4,0,2,1,1,0,0,0,0,0,0,0,2,3,2,7,3,0,0,0,0,0,0,0,0,0,2,1,1,6,2,6,0,0,0,0,0,0,0,1,1,3,4,3,1,2,0,0,0,0,0,0,0,0,0,0,0,0,大阪
4960,黒野元基,クロノ モトキ,愛知,A2,H,080522,1,29,161,53,B,6.18,43.8,27,23,114,3,0,0.16,23,82.6,0.14,3.1,23,47.8,0.18,3.7,14,35.7,0.18,3.1,23,39.1,0.14,2.6,15,33.3,0.15,3.1,15,6.6,0.17,3.8,A1,A1,A1,56.0,55.0,2025,2,2024-11-01,2025-04-30,119,15,4,1,2,1,0,0,0,0,0,0,0,0,0,3,8,6,3,2,1,0,0,0,0,0,0,0,0,1,4,4,2,1,1,0,0,0,0,0,0,1,0,6,3,3,5,3,2,0,0,0,0,0,0,0,1,2,3,3,4,2,1,0,0,0,0,0,0,0,0,0,1,4,1,6,3,0,0,0,0,0,0,0,0,0,0,0,1,愛知
4961,西橋奈未,ニシハシ ナミ,福井,A1,H,080719,2,28,156,46,B,6.7,51.5,24,26,97,4,0,0.15,20,80.0,0.13,2.3,19,68.4,0.13,3.1,13,46.1,0.14,3.1,15,46.6,0.18,3.6,17,41.1,0.15,3.5,13,7.6,0.18,4.4,A1,A1,A1,58.0,63.0,2025,2,2024-11-01,2025-04-30,119,14,2,0,1,2,0,1,0,0,0,0,0,0,0,5,8,0,1,5,0,0,0,0,0,0,0,0,0,1,5,1,1,4,1,0,0,0,0,0,1,0,0,3,4,3,2,1,2,0,0,0,0,0,0,0,0,1,6,3,3,1,3,0,0,0,0,0,1,0,0,0,1,3,5,3,0,0,0,0,0,0,1,1,0,0,0,0,0,石川
4962,畑竜生,ハタ タツキ,三重,A2,H,080722,1,28,159,53,A,5.51,35.4,20,24,124,3,0,0.18,16,68.7,0.15,2.4,23,47.8,0.18,3.8,23,43.4,0.18,2.7,24,16.6,0.2,3.9,25,24.0,0.17,3.4,13,15.3,0.17,3.2,B1,B1,B1,50.0,50.0,2025,2,2024-11-01,2025-04-30,119,11,0,4,0,1,0,0,0,0,0,0,0,0,0,1,10,1,5,3,3,0,0,0,0,0,0,0,0,6,4,5,3,4,1,0,0,0,0,0,0,0,0,1,3,6,4,4,6,0,0,0,0,0,0,0,0,1,5,6,4,5,4,0,0,0,0,0,0,0,0,0,2,3,5,1,2,0,0,0,0,0,0,0,0,0,0,0,0,三重
4963,實森美祐,サネモリ ミユ,広島,A1,H,080911,2,28,156,47,O,6.96,57.0,33,28,107,4,1,0.15,25,80.0,0.15,2.6,18,61.1,0.15,2.8,17,64.7,0.15,3.3,14,42.8,0.14,2.8,19,47.3,0.16,2.9,14,28.5,0.15,3.2,A1,A2,A2,57.0,58.0,2025,2,2024-11-01,2025-04-30,119,16,4,1,2,0,0,0,0,0,0,0,0,2,0,9,2,3,2,0,1,0,0,0,0,0,0,0,1,4,7,3,1,2,0,0,0,0,0,0,1,0,0,1,5,4,2,0,2,0,0,0,0,0,0,0,0,2,7,2,2,5,1,0,0,0,0,0,0,0,0,1,3,2,2,4,2,0,0,0,0,0,0,0,0,0,0,0,0,広島
4964,土屋南,ツチヤ ミナミ,岡山,B2,H,090126,2,28,161,47,A,0.0,0.0,0,0,0,0,0,0.0,0,0.0,0.0,0.0,0,0.0,0.0,0.0,0,0.0,0.0,0.0,0,0.0,0.0,0.0,0,0.0,0.0,0.0,0,0.0,0.0,0.0,A2,A2,A2,53.0,0.0,2025,2,2024-11-01,2025-04-30,119,0,0,0,0,0,0,0,0,0,0,0,0,0,0,0,0,0,0,0,0,0,0,0,0,0,0,0,0,0,0,0,0,0,0,0,0,0,0,0,0,0,0,0,0,0,0,0,0,0,0,0,0,0,0,0,0,0,0,0,0,0,0,0,0,0,0,0,0,0,0,0,0,0,0,0,0,0,0,0,0,0,0,0,0,0,0,0,0,岡山
4965,福岡泉水,フクオカ イズミ,兵庫,B1,H,090909,2,27,157,52,O,4.78,26.7,12,11,86,1,0,0.19,11,54.5,0.22,2.8,12,33.3,0.2,4.0,14,21.4,0.17,3.0,15,46.6,0.17,3.0,14,21.4,0.2,3.8,20,0.0,0.22,3.9,B1,B1,B2,46.0,47.0,2025,2,2024-11-01,2025-04-30,119,5,1,1,3,0,0,1,0,0,0,0,0,0,0,0,4,2,4,2,0,0,0,0,0,0,0,0,0,3,0,4,4,3,0,0,0,0,0,0,0,0,0,4,3,1,1,2,4,0,0,0,0,0,0,0,0,0,3,2,2,2,5,0,0,0,0,0,0,0,0,0,0,4,4,7,4,1,0,0,0,0,0,0,0,0,0,0,0,兵庫
4966,田川大貴,タガワ ダイキ,長崎,A2,H,091116,1,27,165,55,O,5.54,35.9,21,20,114,0,0,0.14,20,85.0,0.15,2.1,17,35.2,0.13,2.7,21,23.8,0.15,3.0,21,33.3,0.15,2.7,13,38.4,0.14,2.8,22,4.5,0.14,3.3,A2,A2,A2,50.0,50.0,2025,2,2024-11-01,2025-04-30,119,12,5,2,0,0,1,0,0,0,0,0,0,0,0,1,5,4,3,2,2,0,0,0,0,0,0,0,0,3,2,7,4,3,2,0,0,0,0,0,0,0,0,2,5,7,3,2,2,0,0,0,0,0,0,0,0,3,2,4,0,3,1,0,0,0,0,0,0,0,0,0,1,2,4,8,6,1,0,0,0,0,0,0,0,0,0,0,0,長崎
4967,中村魁生,ナカムラ カイセイ,大阪,A2,H,100705,1,26,165,52,AB,6.0,42.5,26,17,101,1,1,0.15,18,77.7,0.18,3.7,19,47.3,0.16,2.7,12,33.3,0.13,3.2,18,27.7,0.12,2.7,18,38.8,0.13,2.6,16,25.0,0.15,2.8,A2,A2,A2,51.0,51.0,2025,2,2024-11-01,2025-04-30,119,13,1,1,0,2,0,1,0,0,0,0,0,0,0,5,4,5,2,1,2,0,0,0,0,0,0,0,0,2,2,2,4,2,0,0,0,0,0,0,0,0,0,2,3,2,5,5,1,0,0,0,0,0,0,0,0,1,6,4,3,2,2,0,0,0,0,0,0,0,0,3,1,2,5,3,2,0,0,0,0,0,0,0,0,0,0,0,0,大阪
4969,町田洸希,マチダ ヒロキ,長崎,B1,H,030507,1,34,169,52,O,4.47,21.9,5,15,91,0,0,0.18,11,45.4,0.19,3.0,14,50.0,0.18,2.7,19,15.7,0.16,3.7,14,0.0,0.14,3.3,18,16.6,0.2,4.5,15,13.3,0.23,4.7,B1,B1,B1,47.0,48.0,2025,2,2024-11-01,2025-04-30,120,2,3,2,3,1,0,0,0,0,0,0,0,0,0,1,6,3,1,2,1,0,0,0,0,0,0,0,0,1,2,3,6,7,0,0,0,0,0,0,0,0,0,0,0,2,5,4,3,0,0,0,0,0,0,0,0,1,2,0,5,7,3,0,0,0,0,0,0,0,0,0,2,4,4,3,2,0,0,0,0,0,0,0,0,0,0,0,0,長崎
4973,栗原直也,クリハラ ナオヤ,埼玉,B1,H,040707,1,32,166,52,A,4.52,22.5,8,13,93,0,0,0.19,12,75.0,0.15,3.6,16,18.7,0.2,4.1,17,47.0,0.19,3.9,18,5.5,0.18,3.9,14,0.0,0.22,4.5,16,0.0,0.22,5.4,B1,B1,B1,47.0,47.0,2025,2,2024-11-01,2025-04-30,120,4,5,0,2,1,0,0,0,0,0,0,0,0,0,0,3,1,6,3,2,1,0,0,0,0,0,0,0,3,5,4,4,1,0,0,0,0,0,0,0,0,0,1,0,6,4,4,3,0,0,0,0,0,0,0,0,0,0,4,2,5,2,0,0,0,0,0,0,1,0,0,0,2,3,4,7,0,0,0,0,0,0,0,0,0,0,0,0,埼玉
4974,安井瑞紀,ヤスイ ミズキ,岡山,B1,H,050509,2,32,159,48,A,4.8,26.5,13,8,79,0,0,0.16,12,50.0,0.16,3.1,15,26.6,0.17,3.6,12,16.6,0.16,3.1,12,25.0,0.14,2.3,15,26.6,0.16,2.4,13,15.3,0.14,3.2,B1,B1,B1,50.0,48.0,2025,2,2024-11-01,2025-04-30,120,6,0,1,1,2,2,0,0,0,0,0,0,0,0,2,2,2,1,4,4,0,0,0,0,0,0,0,0,0,2,3,5,1,1,0,0,0,0,0,0,0,0,2,1,3,1,4,1,0,0,0,0,0,0,0,0,2,2,4,3,2,2,0,0,0,0,0,0,0,0,1,1,2,0,6,3,0,0,0,0,0,0,0,0,0,0,0,0,岡山
4976,金山立樹,カネヤマ リツキ,東京,A2,H,060125,1,31,165,55,A,5.49,36.0,25,24,136,2,0,0.16,18,66.6,0.16,2.9,28,53.5,0.16,2.8,22,45.4,0.13,2.7,21,28.5,0.16,2.8,25,16.0,0.14,2.7,22,9.0,0.19,3.6,B1,B1,B1,49.0,50.0,2025,2,2024-11-01,2025-04-30,120,7,5,1,3,2,0,0,0,0,0,0,0,0,0,7,8,4,6,3,0,0,0,0,0,0,0,0,0,6,4,5,3,2,2,0,0,0,0,0,0,0,0,4,2,4,1,7,2,1,0,0,0,0,0,0,0,1,3,9,3,5,3,0,0,0,0,0,0,1,0,0,2,2,6,6,6,0,0,0,0,0,0,0,0,0,0,0,0,神奈川
4977,馬野耀,ウマノ ヒカル,大阪,A2,H,060311,1,31,168,56,A,5.63,32.3,17,16,102,1,0,0.18,18,61.1,0.18,3.1,18,27.7,0.17,3.8,21,38.1,0.17,3.7,15,33.3,0.19,3.8,15,6.6,0.17,4.1,15,20.0,0.18,4.1,A1,A2,B1,53.0,53.0,2025,2,2024-11-01,2025-04-30,120,8,3,3,1,2,1,0,0,0,0,0,0,0,0,2,3,4,4,2,3,0,0,0,0,0,0,0,0,2,6,6,2,4,1,0,0,0,0,0,0,0,0,3,2,1,4,2,2,1,0,0,0,0,0,0,0,0,1,6,6,1,1,0,0,0,0,0,1,0,0,2,1,4,3,3,2,0,0,0,0,0,1,0,0,0,0,2,0,大阪
4978,山田和佐,ヤマダ カズサ,広島,B1,H,060606,1,31,163,52,O,4.17,21.3,6,10,75,0,0,0.18,8,75.0,0.15,3.4,15,20.0,0.2,4.0,13,23.0,0.16,3.2,13,7.6,0.18,4.1,17,17.6,0.17,3.7,9,0.0,0.22,4.6,B1,B1,B1,45.0,46.0,2025,2,2024-11-01,2025-04-30,120,4,2,0,0,0,2,0,0,0,0,0,0,0,0,1,2,4,3,3,2,0,0,0,0,0,1,0,0,1,2,3,1,4,2,0,0,0,0,0,0,0,0,0,1,1,4,4,3,0,0,0,0,0,0,0,0,0,3,2,3,6,3,0,0,0,0,0,0,0,0,0,0,2,0,4,3,0,0,0,0,0,0,0,0,0,0,0,0,島根
4979,中野夢斗,ナカノ ユメト,愛知,B1,H,080430,1,29,164,53,B,3.87,20.7,2,15,82,0,0,0.19,11,54.5,0.17,3.2,15,20.0,0.18,4.1,14,28.5,0.18,4.4,13,30.7,0.17,3.7,18,0.0,0.21,4.2,11,0.0,0.2,4.4,B1,B1,B1,49.0,44.0,2025,2,2024-11-01,2025-04-30,120,2,4,1,0,0,3,1,0,0,0,0,0,0,0,0,3,3,3,6,0,0,0,0,0,0,0,0,0,0,4,2,2,2,4,0,0,0,0,0,0,0,0,0,4,1,1,3,3,0,0,0,0,0,0,1,0,0,0,2,7,3,6,0,0,0,0,0,0,0,0,0,0,0,4,4,3,0,0,0,0,0,0,0,0,0,0,0,0,愛知
4980,佐々木完太,ササキ カンタ,山口,A1,H,080529,1,29,162,52,O,6.55,46.6,37,25,133,6,1,0.15,30,73.3,0.14,2.5,22,59.0,0.14,2.8,22,45.4,0.16,3.1,21,33.3,0.18,4.0,19,36.8,0.14,3.7,19,15.7,0.16,4.4,A1,A1,A1,57.0,61.0,2025,2,2024-11-01,2025-04-30,120,19,3,1,2,2,3,0,0,0,0,0,0,0,0,8,5,3,3,2,1,0,0,0,0,0,0,0,0,5,5,5,3,3,1,0,0,0,0,0,1,0,0,1,6,1,5,4,4,0,0,0,0,0,0,0,0,3,4,6,4,1,1,0,0,0,0,0,1,0,0,1,2,2,4,4,6,0,0,0,0,0,0,0,0,0,0,0,0,山口
4981,牧山敦也,マキヤマ アツヤ,佐賀,B1,H,080725,1,28,161,53,O,5.45,32.9,15,12,82,0,0,0.16,16,75.0,0.15,3.4,14,57.1,0.15,3.7,18,16.6,0.16,3.1,12,8.3,0.17,3.8,10,30.0,0.19,4.1,12,0.0,0.18,3.5,A2,A2,B1,50.0,50.0,2025,2,2024-11-01,2025-04-30,120,10,2,3,1,0,0,0,0,0,0,0,0,0,0,4,4,2,3,0,1,0,0,0,0,0,0,0,0,1,2,3,7,4,1,0,0,0,0,0,0,0,0,0,1,3,2,5,0,0,0,0,0,0,0,1,0,0,3,1,2,3,1,0,0,0,0,0,0,0,0,0,0,2,6,2,2,0,0,0,0,0,0,0,0,0,0,0,0,佐賀
4982,中村将隆,ナカムラ ノブタカ,兵庫,B1,H,080814,1,28,169,54,B,4.01,16.4,7,5,73,0,0,0.17,9,44.4,0.13,1.8,14,14.2,0.21,4.7,13,23.0,0.16,3.5,9,22.2,0.17,3.4,16,6.2,0.17,3.9,12,0.0,0.18,3.6,B1,B1,B2,47.0,44.0,2025,2,2024-11-01,2025-04-30,120,4,0,0,3,1,0,1,0,0,0,0,0,0,0,1,1,3,4,2,3,0,0,0,0,0,0,0,0,1,2,3,1,3,3,0,0,0,0,0,0,0,0,1,1,1,1,2,2,0,0,0,0,0,0,1,0,0,1,4,2,5,4,0,0,0,0,0,0,0,0,0,0,2,4,1,5,0,0,0,0,0,0,0,0,0,0,1,0,兵庫
4983,前田篤哉,マエダ アツヤ,愛知,A1,H,081129,1,28,174,52,O,6.31,45.2,38,19,126,5,1,0.17,28,82.1,0.17,3.5,25,52.0,0.18,3.0,19,42.1,0.17,3.2,14,21.4,0.19,4.1,24,37.5,0.16,3.5,16,6.2,0.2,4.2,A1,A1,A1,54.0,56.0,2025,2,2024-11-01,2025-04-30,120,19,4,2,0,1,2,0,0,0,0,0,0,0,0,8,5,6,2,1,3,0,0,0,0,0,0,0,0,4,4,5,3,1,2,0,0,0,0,0,0,0,0,2,1,6,0,4,1,0,0,0,0,0,0,0,0,5,4,4,2,4,5,0,0,0,0,0,0,0,0,0,1,1,2,7,5,0,0,0,0,0,0,0,0,0,0,0,0,愛知
4984,森下愛梨,モリシタ アイリ,静岡,B1,H,090115,2,28,163,50,O,5.23,30.5,12,21,108,1,0,0.17,14,78.5,0.16,2.6,20,40.0,0.18,3.1,20,40.0,0.15,3.0,13,23.0,0.19,3.6,24,4.1,0.17,4.3,17,11.7,0.2,3.6,B1,B1,B1,49.0,50.0,2025,2,2024-11-01,2025-04-30,120,8,3,2,1,0,0,0,0,0,0,0,0,0,0,1,7,4,3,3,1,0,0,0,0,0,0,1,0,1,7,3,5,2,2,0,0,0,0,0,0,0,0,1,2,3,5,0,1,0,0,0,0,0,0,0,1,1,0,5,7,5,6,0,0,0,0,0,0,0,0,0,2,6,3,5,1,0,0,0,0,0,0,0,0,0,0,0,0,静岡
4985,井本昌也,イモト マサヤ,山口,A1,H,090328,1,28,167,51,O,6.82,51.5,47,34,157,8,1,0.15,40,87.5,0.15,2.6,24,58.3,0.14,2.4,23,56.5,0.13,2.5,27,40.7,0.15,2.6,24,29.1,0.15,3.0,19,5.2,0.19,4.2,A1,A1,A2,55.0,55.0,2025,2,2024-11-01,2025-04-30,120,30,5,2,2,1,0,0,0,0,0,0,0,0,0,6,8,6,2,2,0,0,0,0,0,0,0,0,0,5,8,6,1,3,0,0,0,0,0,0,0,0,0,4,7,5,4,2,5,0,0,0,0,0,0,0,0,2,5,8,4,4,1,0,0,0,0,0,0,0,0,0,1,5,5,4,4,0,0,0,0,0,0,0,0,0,0,1,0,山口
4987,島倉都,シマクラ ミヤコ,群馬,B1,H,090404,2,28,158,48,O,3.78,15.2,4,5,59,0,0,0.19,6,33.3,0.18,3.8,11,27.2,0.2,4.0,11,18.1,0.16,3.2,11,18.1,0.16,3.5,10,0.0,0.23,4.2,9,0.0,0.2,4.1,B1,B1,B1,44.0,44.0,2025,2,2024-11-01,2025-04-30,120,2,0,0,2,2,0,0,0,0,0,0,0,0,0,2,1,2,1,3,2,0,0,0,0,0,0,0,0,0,2,2,2,3,2,0,0,0,0,0,0,0,0,0,2,2,3,2,2,0,0,0,0,0,0,0,0,0,0,2,3,2,3,0,0,0,0,0,0,0,0,0,0,0,2,3,4,0,0,0,0,0,0,0,0,0,1,0,0,新潟
4988,牟田奨太,ムタ ショウタ,静岡,B1,H,090416,1,28,165,58,A,4.13,29.0,14,13,93,2,0,0.15,13,61.5,0.16,3.0,15,40.0,0.15,2.7,18,22.2,0.15,2.7,16,31.2,0.14,2.7,18,22.2,0.16,2.8,13,0.0,0.16,3.3,B1,B1,B1,45.0,44.0,2025,2,2024-11-01,2025-04-30,120,5,3,0,0,2,3,0,0,0,0,0,0,0,0,3,3,0,1,2,6,0,0,0,0,0,0,0,0,1,3,3,0,2,9,0,0,0,0,0,1,0,0,3,2,0,2,1,8,0,0,0,0,0,0,0,0,2,2,3,2,3,6,0,0,0,0,0,0,0,0,0,0,2,1,2,8,0,0,0,0,0,0,0,0,0,0,0,0,長崎
4989,石原翼,イシハラ ツバサ,静岡,A2,H,090514,1,28,162,52,A,6.1,47.1,24,34,123,2,0,0.15,20,80.0,0.12,2.0,18,72.2,0.12,2.5,20,50.0,0.16,3.2,29,41.3,0.16,3.0,17,29.4,0.15,3.1,19,10.5,0.16,3.3,A2,A1,A1,54.0,52.0,2025,2,2024-11-01,2025-04-30,120,12,4,1,1,1,1,0,0,0,0,0,0,0,0,4,9,3,2,0,0,0,0,0,0,0,0,0,0,3,7,5,1,4,0,0,0,0,0,0,1,0,0,2,10,6,3,2,5,0,0,0,0,0,0,1,0,3,2,4,3,4,0,1,0,0,0,0,0,0,0,0,2,3,5,6,3,0,0,0,0,0,0,0,0,0,0,1,0,静岡
4990,田中博子,タナカ ヒロコ,福岡,B2,H,090530,2,28,160,48,A,2.22,2.0,0,1,49,0,0,0.23,3,0.0,0.3,6.0,11,0.0,0.25,4.3,11,0.0,0.22,4.5,10,0.0,0.26,5.3,8,12.5,0.19,4.1,6,0.0,0.19,3.5,B2,B2,B2,0.0,39.0,2025,2,2024-11-01,2025-04-30,120,0,0,0,0,2,1,0,0,0,0,0,0,0,0,0,0,0,2,5,4,0,0,0,0,0,1,0,0,0,0,1,3,2,5,0,0,0,0,0,0,0,0,0,0,0,4,3,3,0,0,0,0,0,0,0,0,0,1,0,2,2,3,0,0,0,0,0,0,0,0,0,0,0,0,1,5,0,0,0,0,0,0,0,0,0,0,1,0,福岡
4991,宗行治哉,ムネユキ ハルヤ,広島,A2,H,090721,1,27,166,52,A,6.17,39.6,28,18,116,1,0,0.18,29,75.8,0.15,3.1,19,36.8,0.18,3.8,19,36.8,0.18,3.2,17,17.6,0.16,3.4,21,23.8,0.2,4.1,11,18.1,0.22,5.1,A2,A2,A1,53.0,54.0,2025,2,2024-11-01,2025-04-30,120,19,3,2,2,3,0,0,0,0,0,0,0,0,0,3,4,5,5,1,1,0,0,0,0,0,1,0,0,4,3,5,3,3,1,0,0,0,0,0,0,0,0,2,1,6,5,1,2,0,0,0,0,0,0,0,0,0,5,4,5,5,2,0,0,0,0,0,0,0,0,0,2,3,4,1,1,0,0,0,0,0,0,0,0,0,0,2,0,広島
4992,廣瀬篤哉,ヒロセ アツヤ,滋賀,B1,H,090923,1,27,171,58,B,5.11,33.8,15,9,71,1,0,0.17,9,88.8,0.13,2.2,11,54.5,0.16,3.2,14,14.2,0.18,2.9,13,15.3,0.15,2.3,16,31.2,0.17,3.1,8,12.5,0.21,4.6,B1,B1,B1,46.0,48.0,2025,2,2024-11-01,2025-04-30,120,7,1,0,0,0,1,0,0,0,0,0,0,0,0,4,2,1,1,3,0,0,0,0,0,0,0,0,0,1,1,5,2,3,2,0,0,0,0,0,0,0,0,1,1,2,4,2,2,1,0,0,0,0,0,0,0,2,3,2,1,6,2,0,0,0,0,0,0,0,0,0,1,0,1,2,4,0,0,0,0,0,0,0,0,0,0,0,0,京都
4994,山本梨菜,ヤマモト リナ,佐賀,A2,H,100326,2,27,163,46,A,5.87,35.5,8,19,76,0,0,0.19,11,81.8,0.17,3.3,18,50.0,0.18,3.8,11,36.3,0.2,3.0,12,8.3,0.2,3.8,14,14.2,0.14,3.7,10,20.0,0.25,4.8,B1,A2,B1,53.0,54.0,2025,2,2024-11-01,2025-04-30,120,6,3,1,0,0,0,0,0,0,0,0,1,1,0,2,7,2,5,2,0,0,0,0,0,0,0,0,0,0,4,3,2,2,0,0,0,0,0,0,0,0,0,0,1,5,4,2,0,0,0,0,0,0,0,0,0,0,2,6,4,1,1,0,0,0,0,0,0,0,0,0,2,2,3,2,1,0,0,0,0,0,0,0,0,0,0,0,0,佐賀
4995,田邉亮蔵,タナベ リョウゾウ,東京,B1,H,030426,1,34,172,57,A,4.25,24.7,14,12,105,0,0,0.19,18,72.2,0.16,3.3,20,30.0,0.19,3.5,18,11.1,0.19,3.8,15,20.0,0.16,3.5,13,7.6,0.21,4.2,21,4.7,0.22,4.5,B1,B1,B1,48.0,45.0,2025,2,2024-11-01,2025-04-30,121,11,2,1,3,0,1,0,0,0,0,0,0,0,0,2,4,2,3,5,4,0,0,0,0,0,0,0,0,0,2,3,3,4,6,0,0,0,0,0,0,0,0,1,2,2,4,2,4,0,0,0,0,0,0,0,0,0,1,1,3,2,6,0,0,0,0,0,0,0,0,0,1,3,2,4,11,0,0,0,0,0,0,0,0,0,0,0,0,千葉
4997,濱崎寿里矢,ハマサキ ジュリヤ,埼玉,B2,H,050402,2,32,159,49,B,2.55,8.1,2,2,49,0,0,0.17,7,14.2,0.19,4.6,8,25.0,0.19,4.0,11,9.0,0.19,3.4,6,0.0,0.16,2.7,9,0.0,0.15,3.1,8,0.0,0.15,3.1,B2,B2,B2,37.0,39.0,2025,2,2024-11-01,2025-04-30,121,1,0,0,2,3,1,0,0,0,0,0,0,0,0,1,1,1,1,1,3,0,0,0,0,0,0,0,0,0,1,0,1,5,4,0,0,0,0,0,0,0,0,0,0,1,1,1,3,0,0,0,0,0,0,0,0,0,0,0,0,3,6,0,0,0,0,0,0,0,0,0,0,0,1,3,4,0,0,0,0,0,0,0,0,0,0,0,0,埼玉
4998,中村かなえ,ナカムラ カナエ,東京,B2,H,050904,2,31,161,47,A,0.0,0.0,0,0,0,0,0,0.0,0,0.0,0.0,0.0,0,0.0,0.0,0.0,0,0.0,0.0,0.0,0,0.0,0.0,0.0,0,0.0,0.0,0.0,0,0.0,0.0,0.0,B2,B1,A2,46.0,0.0,2025,2,2024-11-01,2025-04-30,121,0,0,0,0,0,0,0,0,0,0,0,0,0,0,0,0,0,0,0,0,0,0,0,0,0,0,0,0,0,0,0,0,0,0,0,0,0,0,0,0,0,0,0,0,0,0,0,0,0,0,0,0,0,0,0,0,0,0,0,0,0,0,0,0,0,0,0,0,0,0,0,0,0,0,0,0,0,0,0,0,0,0,0,0,0,0,0,0,東京
5000,岡本翔太郎,オカモト ショウタロウ,山口,B1,H,060825,1,30,162,51,O,4.53,19.2,11,10,109,0,0,0.13,12,75.0,0.15,2.3,25,32.0,0.13,2.0,16,18.7,0.11,2.0,18,5.5,0.15,2.9,21,0.0,0.14,2.7,17,0.0,0.12,2.9,B1,B1,B1,46.0,47.0,2025,2,2024-11-01,2025-04-30,121,6,3,2,0,0,1,0,0,0,0,0,0,0,0,2,6,6,3,2,6,0,0,0,0,0,1,0,0,2,1,6,3,2,2,0,0,0,0,0,0,0,0,1,0,5,5,4,3,0,0,0,0,0,0,0,0,0,0,5,6,5,4,0,0,0,0,0,0,1,0,0,0,4,4,1,8,0,0,0,0,0,0,0,0,0,0,1,0,山口
5002,上田健太,ウエダ ケンタ,愛知,A1,H,080206,1,29,171,51,B,6.33,49.4,25,22,95,1,0,0.15,23,91.3,0.16,2.6,12,58.3,0.17,3.4,12,41.6,0.15,2.8,18,44.4,0.14,2.7,16,25.0,0.15,2.6,13,15.3,0.16,2.9,A2,A2,A2,51.0,52.0,2025,2,2024-11-01,2025-04-30,121,12,9,1,0,1,0,0,0,0,0,0,0,0,0,4,3,3,1,1,0,0,0,0,0,0,0,0,0,3,2,3,0,2,2,0,0,0,0,0,0,0,0,3,5,6,2,0,2,0,0,0,0,0,0,0,0,3,1,3,3,3,3,0,0,0,0,0,2,0,0,0,2,3,2,1,5,0,0,0,0,0,0,0,0,0,0,1,1,愛知
5003,来田衣織,キタ イオリ,兵庫,B1,H,080404,2,29,157,49,O,4.65,25.9,11,16,104,0,0,0.19,9,77.7,0.17,4.4,23,26.0,0.2,3.5,21,28.5,0.2,3.5,20,20.0,0.16,3.4,18,22.2,0.17,3.2,13,0.0,0.21,4.2,B1,B1,B1,44.0,47.0,2025,2,2024-11-01,2025-04-30,121,6,1,1,1,0,0,0,0,0,0,0,0,0,0,2,4,7,5,2,3,0,0,0,0,0,0,0,0,1,5,4,5,4,2,0,0,0,0,0,1,0,0,2,2,4,1,4,7,0,0,0,0,0,0,0,0,0,4,2,2,5,5,0,0,0,0,0,0,0,0,0,0,2,3,3,5,0,0,0,0,0,0,0,0,0,0,0,0,兵庫
5004,河野主樹,コウノ カズキ,大阪,B2,H,080405,1,29,163,51,B,5.1,31.8,7,15,69,0,0,0.16,9,44.4,0.17,3.7,12,25.0,0.17,3.2,13,46.1,0.11,2.6,12,25.0,0.14,2.7,13,23.0,0.16,3.5,10,30.0,0.21,4.6,A2,B1,B1,52.0,48.0,2025,2,2024-11-01,2025-04-30,121,1,3,2,0,3,0,0,0,0,0,0,0,0,0,2,1,3,4,1,0,1,0,0,0,0,0,0,0,2,4,4,0,1,1,1,0,0,0,0,0,0,0,1,2,2,4,1,2,0,0,0,0,0,0,0,0,1,2,1,3,3,2,0,0,0,0,0,0,1,0,0,3,1,3,2,1,0,0,0,0,0,0,0,0,0,0,0,0,大阪
5005,石田貴洋,イシダ タカヒロ,埼玉,B1,H,080508,1,29,173,54,AB,5.18,32.2,16,25,127,0,0,0.15,22,72.7,0.16,3.5,25,24.0,0.15,2.8,22,45.4,0.14,3.0,21,33.3,0.13,2.5,20,10.0,0.14,2.8,17,0.0,0.16,3.2,A2,A2,A2,52.0,49.0,2025,2,2024-11-01,2025-04-30,121,10,6,1,3,1,1,0,0,0,0,0,0,0,0,2,4,7,5,3,3,0,0,0,0,0,0,1,0,2,8,3,4,2,2,1,0,0,0,0,0,0,0,1,6,5,3,4,2,0,0,0,0,0,0,0,0,1,1,4,5,7,1,0,0,0,0,0,0,1,0,0,0,4,4,6,3,0,0,0,0,0,0,0,0,0,0,0,0,埼玉
5006,久保原秀人,クボハラ ヒデト,群馬,B1,H,080917,1,28,174,56,O,4.35,22.3,12,9,94,0,0,0.16,11,72.7,0.15,2.6,18,22.2,0.17,3.8,15,26.6,0.18,2.5,19,15.7,0.15,2.6,18,11.1,0.15,3.3,13,0.0,0.15,3.3,B1,B1,B1,46.0,46.0,2025,2,2024-11-01,2025-04-30,121,5,3,1,0,1,1,0,0,0,0,0,0,0,0,2,2,0,4,3,7,0,0,0,0,0,0,0,0,1,3,3,2,2,4,0,0,0,0,0,0,0,0,2,1,4,5,2,5,0,0,0,0,0,0,0,0,2,0,2,8,3,3,0,0,0,0,0,0,0,0,0,0,2,3,7,1,0,0,0,0,0,0,0,0,0,0,1,0,群馬
5007,近藤雄一郎,コンドウ ユウイチロウ,東京,B1,H,081018,1,28,168,54,B,4.15,22.6,6,20,115,0,0,0.18,16,31.2,0.19,3.1,20,30.0,0.18,4.2,19,21.0,0.18,3.5,21,28.5,0.17,3.3,23,13.0,0.17,3.7,16,12.5,0.21,4.4,B1,B1,B1,45.0,45.0,2025,2,2024-11-01,2025-04-30,121,3,2,3,4,2,2,0,0,0,0,0,0,0,0,2,4,2,3,2,6,0,0,0,0,0,0,1,0,0,4,3,2,6,3,0,0,0,0,0,0,1,0,1,5,2,8,2,3,0,0,0,0,0,0,0,0,0,3,3,4,4,9,0,0,0,0,0,0,0,0,0,2,4,2,0,8,0,0,0,0,0,0,0,0,0,0,0,0,福島
5008,羽野諒,ハノ リョウ,福岡,B1,H,090204,1,28,168,54,AB,4.44,19.0,11,9,105,0,0,0.14,14,71.4,0.16,2.5,19,21.0,0.14,2.7,16,6.2,0.14,3.0,21,14.2,0.12,2.3,20,10.0,0.15,2.9,15,0.0,0.15,2.1,B1,B1,B1,48.0,48.0,2025,2,2024-11-01,2025-04-30,121,8,2,2,1,0,1,0,0,0,0,0,0,0,0,0,4,1,7,5,2,0,0,0,0,0,0,0,0,0,1,6,1,7,1,0,0,0,0,0,0,0,0,2,1,2,9,4,3,0,0,0,0,0,0,0,0,1,1,3,8,5,2,0,0,0,0,0,0,0,0,0,0,3,3,6,3,0,0,0,0,0,0,0,0,0,0,0,0,福岡
5009,大賀龍之介,オオガ リュウノスケ,福岡,A2,H,090206,1,28,169,55,B,5.53,41.0,20,21,100,1,1,0.15,12,83.3,0.16,3.4,17,47.0,0.13,2.1,20,65.0,0.12,2.8,20,40.0,0.17,3.3,15,13.3,0.15,2.8,16,0.0,0.19,3.2,B1,B1,B1,47.0,50.0,2025,2,2024-11-01,2025-04-30,121,7,3,0,0,1,1,0,0,0,0,0,0,0,0,2,6,2,2,3,2,0,0,0,0,0,0,0,0,8,5,1,2,1,2,1,0,0,0,0,0,0,0,3,5,3,5,4,0,0,0,0,0,0,0,0,0,0,2,2,5,3,3,0,0,0,0,0,1,0,0,0,0,4,2,6,4,0,0,0,0,0,0,0,0,0,0,0,0,福岡
5010,宇留田翔平,ウルタ ショウヘイ,三重,A2,H,090313,1,28,170,57,B,5.55,37.1,22,20,113,2,0,0.15,21,71.4,0.16,2.8,20,35.0,0.16,2.9,17,35.2,0.14,2.6,23,47.8,0.13,2.3,18,11.1,0.14,2.2,14,7.1,0.16,3.4,A2,B1,B1,52.0,51.0,2025,2,2024-11-01,2025-04-30,121,12,3,4,1,1,0,0,0,0,0,0,0,0,0,1,6,2,4,4,2,0,0,0,0,0,0,1,0,1,5,7,1,3,0,0,0,0,0,0,0,0,0,8,3,2,6,4,0,0,0,0,0,0,0,0,0,0,2,1,6,7,2,0,0,0,0,0,1,0,0,0,1,0,4,8,1,0,0,0,0,0,0,0,0,0,0,0,0,三重
5011,高木圭大,タカキ ケイタ,長崎,B2,H,090514,1,28,167,54,O,2.9,6.2,1,2,48,0,0,0.2,5,20.0,0.16,3.6,10,10.0,0.22,4.0,8,12.5,0.19,3.3,9,0.0,0.2,3.8,7,0.0,0.19,3.7,8,0.0,0.23,4.4,B1,B1,B1,42.0,39.0,2025,2,2024-11-01,2025-04-30,121,1,0,0,0,2,1,0,0,0,0,0,0,1,0,0,1,1,3,2,2,0,0,0,0,0,0,1,0,0,1,2,2,2,1,0,0,0,0,0,0,0,0,0,0,1,2,2,3,1,0,0,0,0,0,0,0,0,0,0,3,2,2,0,0,0,0,0,0,0,0,0,0,1,1,4,2,0,0,0,0,0,0,0,0,0,0,0,1,長崎
5012,加倉侑征,カクラ ユウセイ,福岡,A2,H,090715,1,27,160,53,A,6.11,43.3,30,22,120,1,0,0.12,14,71.4,0.14,2.7,23,56.5,0.11,2.0,23,39.1,0.13,2.5,22,50.0,0.09,1.8,22,31.8,0.12,2.0,16,12.5,0.13,2.8,B1,B1,A2,47.0,52.0,2025,2,2024-11-01,2025-04-30,121,10,0,2,0,1,1,0,0,0,0,0,0,0,0,7,6,3,2,2,3,0,0,0,0,0,0,0,0,4,5,1,9,1,3,0,0,0,0,0,0,0,0,6,5,5,2,2,1,0,0,0,0,0,0,1,0,2,5,7,2,5,1,0,0,0,0,0,1,0,0,1,1,7,1,4,2,0,0,0,0,0,0,0,0,0,0,0,0,福岡
5013,山下夏鈴,ヤマシタ カリン,三重,B1,H,090722,2,27,159,43,A,4.72,28.4,21,12,116,0,0,0.16,20,65.0,0.17,3.3,21,33.3,0.15,2.5,20,40.0,0.18,3.4,20,20.0,0.16,3.0,22,4.5,0.16,3.4,13,0.0,0.16,3.8,A2,B1,B1,50.0,48.0,2025,2,2024-11-01,2025-04-30,121,9,4,3,3,0,1,0,0,0,0,0,0,0,0,5,2,2,2,6,4,0,0,0,0,0,0,0,0,5,3,4,1,4,3,0,0,0,0,0,0,0,0,1,3,3,2,4,7,0,0,0,0,0,0,0,0,1,0,4,4,5,8,0,0,0,0,0,0,0,0,0,0,2,1,2,8,0,0,0,0,0,0,0,0,0,0,0,0,三重
5014,梶山涼斗,カジヤマ リョウト,佐賀,B1,H,091230,1,27,167,55,B,5.25,30.2,13,16,96,0,0,0.13,14,71.4,0.11,1.6,18,22.2,0.11,2.1,18,33.3,0.12,1.9,14,35.7,0.15,2.3,20,20.0,0.16,2.8,12,0.0,0.14,2.5,B1,B1,B1,49.0,50.0,2025,2,2024-11-01,2025-04-30,121,8,2,2,0,2,0,0,0,0,0,0,0,0,0,1,3,4,4,5,1,0,0,0,0,0,0,0,0,1,5,6,1,5,0,0,0,0,0,0,1,0,0,3,2,3,4,1,1,0,0,0,0,0,0,0,0,0,4,2,6,5,3,0,0,0,0,0,0,0,0,0,0,3,4,4,1,0,0,0,0,0,1,0,0,0,0,1,0,佐賀
5015,高橋竜矢,タカハシ リュウヤ,広島,A1,H,100219,1,27,166,54,A,6.81,54.0,24,29,98,3,0,0.14,18,88.8,0.12,2.5,18,72.2,0.14,3.1,13,61.5,0.12,2.2,15,46.6,0.15,3.3,15,46.6,0.12,3.2,19,10.5,0.18,4.1,A1,A2,A1,55.0,58.0,2025,2,2024-11-01,2025-04-30,121,12,4,1,0,0,0,1,0,0,0,0,0,0,0,5,8,1,1,3,0,0,0,0,0,0,0,0,0,1,7,2,2,1,0,0,0,0,0,0,0,0,0,3,4,3,1,2,2,0,0,0,0,0,1,0,0,2,5,4,1,2,1,0,0,0,0,0,0,0,0,1,1,6,6,2,3,0,0,0,0,0,0,0,0,0,0,0,0,広島
5016,宮田龍馬,ミヤタ リュウマ,兵庫,A1,H,100320,1,27,165,54,O,6.26,42.1,32,16,114,3,2,0.14,21,85.7,0.11,2.4,18,50.0,0.12,2.7,19,52.6,0.15,2.6,20,35.0,0.16,2.9,17,11.7,0.16,3.2,19,10.5,0.16,3.3,A2,A1,A1,55.0,57.0,2025,2,2024-11-01,2025-04-30,121,17,1,1,1,0,0,1,0,0,0,0,0,0,0,2,7,6,0,2,1,0,0,0,0,0,0,0,0,4,6,2,1,4,2,0,0,0,0,0,0,0,0,5,2,5,4,0,2,0,0,0,0,0,1,2,0,2,0,3,4,6,2,0,0,0,0,0,0,0,0,2,0,5,6,3,2,0,0,0,0,0,0,1,0,0,0,0,0,兵庫
5017,澤田尚也,サワダ ナオヤ,滋賀,A1,H,110201,1,26,164,53,A,6.62,47.4,36,30,139,5,2,0.15,29,82.7,0.17,3.1,24,45.8,0.13,2.5,24,45.8,0.16,2.5,22,36.3,0.15,2.5,18,38.8,0.13,2.7,22,22.7,0.15,3.4,A1,A2,A1,58.0,58.0,2025,2,2024-11-01,2025-04-30,121,18,6,0,1,2,1,0,0,0,0,0,0,1,0,6,5,6,5,1,1,0,0,0,0,0,0,0,0,5,6,8,3,1,1,0,0,0,0,0,0,0,0,2,6,5,4,3,2,0,0,0,0,0,0,0,0,3,4,5,4,1,1,0,0,0,0,0,0,0,0,2,3,3,5,6,3,0,0,0,0,0,0,0,0,0,0,2,0,京都
5018,竹下大樹,タケシタ ダイキ,福岡,A1,H,110213,1,26,170,56,A,6.26,46.1,32,28,130,5,0,0.18,23,78.2,0.16,3.2,18,55.5,0.17,3.8,21,66.6,0.17,3.3,28,35.7,0.18,4.1,23,26.0,0.16,3.5,17,11.7,0.23,4.8,A2,A2,A2,52.0,53.0,2025,2,2024-11-01,2025-04-30,121,16,2,3,1,0,0,0,0,0,0,0,0,1,0,2,8,3,1,2,2,0,0,0,0,0,0,0,0,7,7,4,3,0,0,0,0,0,0,0,1,0,0,3,7,5,3,7,3,0,0,0,0,0,0,0,0,4,2,3,6,3,5,0,0,0,0,0,0,0,0,0,2,6,2,5,2,0,0,0,0,0,0,0,0,0,0,0,0,福岡
5019,柴田百恵,シバタ モモエ,静岡,B1,H,111104,2,25,154,45,A,5.35,31.0,8,15,74,0,0,0.17,11,54.5,0.16,2.9,13,38.4,0.17,3.2,13,30.7,0.18,3.3,17,35.2,0.17,3.7,14,7.1,0.19,3.7,6,16.6,0.18,3.8,B1,B1,A2,48.0,50.0,2025,2,2024-11-01,2025-04-30,121,4,2,3,0,1,1,0,0,0,0,0,0,0,0,1,4,3,3,0,1,0,0,0,0,0,0,1,0,1,3,4,3,1,1,0,0,0,0,0,1,0,0,1,5,5,2,2,2,0,0,0,0,0,0,0,0,0,1,4,2,5,2,0,0,0,0,0,0,0,0,1,0,1,2,1,1,0,0,0,0,0,0,0,0,0,0,0,0,静岡
5020,宮村勇哉,ミヤムラ ユウヤ,三重,B1,H,040412,1,33,171,57,AB,4.14,21.7,8,12,92,0,0,0.15,12,41.6,0.16,2.3,18,11.1,0.16,3.5,15,33.3,0.12,2.3,16,31.2,0.14,2.7,18,11.1,0.18,3.8,13,7.6,0.16,3.4,B1,B1,B2,47.0,46.0,2025,2,2024-11-01,2025-04-30,122,4,1,1,3,3,0,0,0,0,0,0,0,0,0,0,2,1,6,4,5,0,0,0,0,0,0,0,0,1,4,4,1,1,4,0,0,0,0,0,0,0,0,1,4,2,4,4,1,0,0,0,0,0,0,0,0,1,1,1,4,3,8,0,0,0,0,0,1,0,0,1,0,0,4,7,1,0,0,0,0,0,1,0,0,0,0,0,0,三重
5022,伊藤尚汰,イトウ ショウタ,福岡,B1,H,061220,1,30,160,49,B,4.43,21.3,8,11,89,0,0,0.18,11,54.5,0.2,3.5,15,20.0,0.2,3.8,14,14.2,0.18,3.9,19,31.5,0.16,3.6,18,11.1,0.17,3.8,12,0.0,0.21,3.8,B1,B1,B1,45.0,47.0,2025,2,2024-11-01,2025-04-30,122,2,4,3,1,1,0,0,0,0,0,0,0,0,0,0,3,2,3,4,2,0,0,0,0,0,1,0,1,1,1,2,4,3,3,0,0,0,0,0,0,0,0,4,2,6,3,4,0,0,0,0,0,0,0,0,0,1,1,3,4,3,6,0,0,0,0,0,0,0,0,0,0,0,3,8,1,0,0,0,0,0,0,0,0,0,0,0,0,福岡
5023,久永祥平,ヒサナガ ショウヘイ,東京,B1,H,070324,1,30,163,49,A,5.32,34.1,16,11,79,0,0,0.15,13,69.2,0.15,2.8,13,53.8,0.15,3.2,13,30.7,0.13,2.9,17,23.5,0.17,2.9,11,18.1,0.14,2.5,12,8.3,0.17,3.8,B1,A2,B1,48.0,49.0,2025,2,2024-11-01,2025-04-30,122,7,2,0,0,3,1,0,0,0,0,0,0,0,0,4,3,2,3,0,1,0,0,0,0,0,0,0,0,2,2,3,3,1,2,0,0,0,0,0,0,0,0,2,2,5,3,4,1,0,0,0,0,0,0,0,0,1,1,3,1,4,1,0,0,0,0,0,0,0,0,0,1,0,3,4,4,0,0,0,0,0,0,0,0,0,0,0,0,神奈川
5026,安河内健,ヤスコウチ ケン,佐賀,A1,H,070812,1,29,172,56,B,7.1,55.2,36,22,105,3,0,0.15,27,96.3,0.14,3.1,16,37.5,0.16,3.2,14,57.1,0.14,2.0,21,57.1,0.15,3.0,10,20.0,0.17,4.0,17,23.5,0.16,3.2,A1,A1,A2,54.0,59.0,2025,2,2024-11-01,2025-04-30,122,22,4,0,0,0,0,0,0,0,0,0,0,1,0,3,3,6,3,0,1,0,0,0,0,0,0,0,0,7,1,4,1,0,0,0,0,0,0,0,0,0,1,2,10,3,3,0,2,0,0,0,0,0,0,1,0,1,1,1,1,4,2,0,0,0,0,0,0,0,0,1,3,5,3,4,1,0,0,0,0,0,1,0,0,0,0,0,0,佐賀
5027,重冨勇哉,シゲトミ ユウヤ,山口,B1,H,080930,1,28,164,55,AB,5.36,36.7,18,25,117,0,0,0.16,19,68.4,0.15,3.2,21,47.6,0.16,2.9,19,31.5,0.14,2.4,21,42.8,0.16,3.6,19,15.7,0.16,2.8,18,11.1,0.17,4.3,B1,B2,B1,46.0,50.0,2025,2,2024-11-01,2025-04-30,122,7,6,3,3,0,0,0,0,0,0,0,0,0,0,4,6,3,4,2,2,0,0,0,0,0,0,0,0,3,3,3,2,4,4,0,0,0,0,0,1,0,0,1,8,1,6,5,0,0,0,0,0,0,0,0,0,3,0,5,2,6,3,0,0,0,0,0,0,0,0,0,2,3,3,6,4,0,0,0,0,0,0,0,0,0,0,0,0,山口
5028,原田才一郎,ハラダ サイイチロウ,福岡,A1,H,081018,1,28,166,52,A,6.77,50.3,48,26,147,5,1,0.16,35,88.5,0.14,2.1,22,54.5,0.15,3.2,28,53.5,0.18,3.3,27,37.0,0.16,3.7,20,25.0,0.19,3.9,15,6.6,0.14,4.0,A1,A1,A2,54.0,57.0,2025,2,2024-11-01,2025-04-30,122,27,4,2,0,0,2,0,0,0,0,0,0,0,0,9,3,4,3,2,1,0,0,0,0,0,0,0,0,8,7,5,6,1,1,0,0,0,0,0,0,0,0,3,7,11,0,4,2,0,0,0,0,0,0,0,0,1,4,2,5,5,3,0,0,0,0,0,0,0,0,0,1,2,4,3,5,0,0,0,0,0,0,0,0,0,0,0,0,福岡
5029,中亮太,ナカ リョウタ,福岡,A2,H,090503,1,28,161,55,O,6.09,50.0,26,20,92,3,1,0.15,21,80.9,0.15,2.9,12,66.6,0.17,2.3,12,58.3,0.12,1.8,16,31.2,0.11,2.0,17,52.9,0.16,2.5,14,0.0,0.2,4.5,A2,A1,A2,52.0,52.0,2025,2,2024-11-01,2025-04-30,122,15,2,0,1,0,1,1,0,0,0,0,0,0,1,4,4,0,1,2,1,0,0,0,0,0,0,0,0,4,3,3,0,0,2,0,0,0,0,0,0,0,0,1,4,1,2,2,6,0,0,0,0,0,0,0,0,2,7,3,2,0,3,0,0,0,0,0,0,0,0,0,0,4,2,1,7,0,0,0,0,0,1,0,0,0,0,1,0,熊本
5030,金子千穂,カネコ チホ,群馬,B2,H,090918,2,27,153,44,A,3.0,11.1,0,1,9,0,0,0.2,1,100.0,0.19,4.0,2,0.0,0.31,5.0,2,0.0,0.14,3.5,0,0.0,0.0,0.0,2,0.0,0.11,1.5,2,0.0,0.24,2.5,B1,B2,B2,46.0,41.0,2025,2,2024-11-01,2025-04-30,122,0,1,0,0,0,0,0,0,0,0,0,0,0,0,0,0,1,0,1,0,0,0,0,0,0,0,0,0,0,0,0,1,0,1,0,0,0,0,0,0,0,0,0,0,0,0,0,0,0,0,0,0,0,0,0,0,0,0,0,0,2,0,0,0,0,0,0,0,0,0,0,0,0,0,0,2,0,0,0,0,0,0,0,0,0,0,0,0,群馬
5031,渡辺空依,ワタナベ ソライ,福岡,B1,H,090919,1,27,168,56,O,4.56,22.9,6,14,87,1,0,0.19,10,60.0,0.17,3.1,17,35.2,0.19,3.6,22,13.6,0.19,3.5,16,25.0,0.2,3.6,16,6.2,0.15,3.5,6,0.0,0.24,5.0,B2,B1,B2,45.0,47.0,2025,2,2024-11-01,2025-04-30,122,3,3,0,2,1,1,0,0,0,0,0,0,0,0,2,4,3,3,3,1,1,0,0,0,0,0,0,0,0,3,7,4,6,1,0,0,0,0,0,0,1,0,1,3,2,4,1,5,0,0,0,0,0,0,0,0,0,1,5,3,5,2,0,0,0,0,0,0,0,0,0,0,0,3,1,2,0,0,0,0,0,0,0,0,0,0,1,0,福岡
5032,谷口知優,タニグチ トモマサ,香川,B1,H,091219,1,27,164,54,O,5.0,27.7,17,8,90,0,0,0.17,13,69.2,0.12,2.3,15,40.0,0.17,3.1,15,6.6,0.18,3.8,20,30.0,0.18,3.3,13,15.3,0.16,3.3,14,7.1,0.17,3.9,B1,B1,B1,48.0,48.0,2025,2,2024-11-01,2025-04-30,122,7,2,0,0,3,0,1,0,0,0,0,0,0,0,4,2,5,2,2,0,0,0,0,0,0,0,0,0,1,0,4,3,5,2,0,0,0,0,0,0,0,0,3,3,3,3,2,6,0,0,0,0,0,0,0,0,1,1,5,3,2,1,0,0,0,0,0,0,0,0,1,0,1,4,3,5,0,0,0,0,0,0,0,0,0,0,0,0,愛媛
5033,藤原孝斗,フジワラ タカト,愛知,B1,H,091225,1,27,167,58,O,4.09,23.0,12,15,117,0,0,0.18,17,58.8,0.16,2.3,22,36.3,0.16,3.0,20,25.0,0.17,2.7,24,8.3,0.19,3.8,15,13.3,0.17,3.9,19,0.0,0.2,4.5,B1,B1,B1,44.0,45.0,2025,2,2024-11-01,2025-04-30,122,7,3,1,5,0,1,0,0,0,0,0,0,0,0,2,6,2,5,5,2,0,0,0,0,0,0,0,0,2,3,3,1,5,5,1,0,0,0,0,0,0,0,0,2,5,2,8,6,0,0,0,0,0,0,1,0,1,1,1,3,3,6,0,0,0,0,0,0,0,0,0,0,1,3,8,7,0,0,0,0,0,0,0,0,0,0,0,0,愛知
5034,若林義人,ワカバヤシ ヨシト,静岡,A1,H,100130,1,27,167,59,B,6.46,47.9,36,22,121,3,0,0.14,24,79.1,0.14,3.0,23,34.7,0.15,3.4,18,77.7,0.12,2.4,17,41.1,0.14,3.1,22,31.8,0.16,3.6,17,17.6,0.16,3.9,A1,A1,A2,56.0,55.0,2025,2,2024-11-01,2025-04-30,122,18,1,2,1,1,1,0,0,0,0,0,0,0,0,5,3,8,3,3,1,0,0,0,0,0,0,0,0,8,6,0,1,3,0,0,0,0,0,0,0,0,0,4,3,5,1,1,3,0,0,0,0,0,0,0,0,0,7,3,2,4,5,0,0,0,0,0,0,0,1,1,2,2,5,2,4,1,0,0,0,0,0,0,0,0,0,0,0,静岡
5035,櫻井優,サクライ マサル,埼玉,B1,H,100302,1,27,170,55,A,4.93,30.4,8,17,82,0,0,0.21,10,50.0,0.21,4.0,17,41.1,0.2,4.3,13,30.7,0.23,4.1,13,7.6,0.25,4.5,19,31.5,0.17,3.4,10,20.0,0.2,4.8,B1,B2,B1,47.0,48.0,2025,2,2024-11-01,2025-04-30,122,4,1,0,0,3,1,1,0,0,0,0,0,0,0,3,4,3,2,2,3,0,0,0,0,0,0,0,0,0,4,6,2,1,0,0,0,0,0,0,1,0,0,0,1,1,5,4,2,0,0,0,0,0,0,0,0,0,6,1,6,3,3,0,0,0,0,0,0,0,0,1,1,3,1,1,3,0,0,0,0,0,0,0,0,0,0,0,0,埼玉
5036,福田翔吾,フクダ ショウゴ,大阪,B1,H,100310,1,27,162,53,AB,5.13,34.2,15,21,105,1,0,0.16,16,87.5,0.13,2.5,16,25.0,0.15,2.9,20,40.0,0.17,3.2,20,30.0,0.15,2.7,17,23.5,0.16,3.1,16,0.0,0.19,4.3,B1,B1,B1,49.0,48.0,2025,2,2024-11-01,2025-04-30,122,9,5,0,2,0,0,0,0,0,0,0,0,0,0,0,4,7,2,2,1,0,0,0,0,0,0,0,0,3,5,1,4,5,1,1,0,0,0,0,0,0,0,3,3,3,3,5,3,0,0,0,0,0,0,0,0,0,4,4,3,3,2,0,0,0,0,0,0,1,0,0,0,2,3,1,10,0,0,0,0,0,0,0,0,0,0,0,0,大阪
5037,田頭虎親,タガシラ トラチカ,香川,B1,H,100313,1,27,162,54,A,5.37,34.7,24,16,115,1,0,0.19,21,71.4,0.18,3.7,19,57.8,0.17,3.1,19,26.3,0.18,4.2,18,38.8,0.2,3.9,14,7.1,0.17,3.6,24,4.1,0.22,4.9,A2,A1,A2,53.0,49.0,2025,2,2024-11-01,2025-04-30,122,13,2,2,2,0,2,0,0,0,0,0,0,0,0,7,4,3,1,1,2,1,0,0,0,0,0,0,0,2,3,5,2,4,1,1,0,0,0,0,0,1,0,1,6,4,2,3,2,0,0,0,0,0,0,0,0,0,1,5,2,2,3,0,0,0,0,0,0,1,0,1,0,2,6,9,6,0,0,0,0,0,0,0,0,0,0,0,0,兵庫
5038,金田智博,カネタ トモヒロ,福井,A2,H,100425,1,27,167,53,A,5.55,33.6,15,25,119,0,0,0.18,19,84.2,0.17,3.1,16,37.5,0.17,4.1,22,40.9,0.19,3.3,22,31.8,0.16,4.0,23,4.3,0.21,4.4,17,5.8,0.22,4.5,A2,B1,A1,52.0,51.0,2025,2,2024-11-01,2025-04-30,122,11,5,0,2,0,1,0,0,0,0,0,0,0,0,1,5,4,2,3,0,0,0,0,0,0,0,1,0,1,8,6,5,0,2,0,0,0,0,0,0,0,0,2,5,6,4,2,2,0,0,0,0,0,0,1,0,0,1,8,7,4,2,1,0,0,0,0,0,0,0,0,1,2,5,3,6,0,0,0,0,0,0,0,0,0,0,0,0,石川
5039,倉田茂将,クラタ シゲマサ,愛知,B1,H,100517,1,27,163,58,AB,4.8,29.2,16,17,113,0,0,0.17,15,53.3,0.14,2.5,21,33.3,0.2,3.7,25,28.0,0.2,3.6,29,27.5,0.16,2.5,16,12.5,0.15,3.5,7,14.2,0.18,4.6,B1,B1,B1,49.0,47.0,2025,2,2024-11-01,2025-04-30,122,3,5,2,1,3,1,0,0,0,0,0,0,0,0,4,3,4,3,1,5,1,0,0,0,0,0,0,0,2,5,6,2,5,5,0,0,0,0,0,0,0,0,6,2,2,9,8,2,0,0,0,0,0,0,0,0,1,1,3,3,4,4,0,0,0,0,0,0,0,0,0,1,1,0,2,3,0,0,0,0,0,0,0,0,0,0,0,0,愛知
5041,荒牧凪沙,アラマキ ナギサ,福岡,B1,H,100918,1,26,168,52,B,4.96,27.7,18,7,90,2,0,0.18,11,72.7,0.18,3.4,17,29.4,0.15,3.1,15,6.6,0.18,3.9,16,25.0,0.18,3.3,18,33.3,0.17,3.4,13,7.6,0.24,4.8,B1,B1,B1,48.0,48.0,2025,2,2024-11-01,2025-04-30,122,6,2,0,2,1,0,0,0,0,0,0,0,0,0,3,2,4,4,2,2,0,0,0,0,0,0,0,0,1,0,4,3,4,2,1,0,0,0,0,0,0,0,4,0,4,2,4,2,0,0,0,0,0,0,0,0,3,3,2,4,2,4,0,0,0,0,0,0,0,0,1,0,0,3,5,4,0,0,0,0,0,0,0,0,0,0,0,0,福岡
5042,畑田汰一,ハタダ タイチ,埼玉,A1,H,101026,1,26,176,54,A,6.82,53.9,38,31,128,4,0,0.11,24,79.1,0.11,2.0,19,57.8,0.13,2.7,25,64.0,0.11,2.1,25,40.0,0.1,1.8,20,50.0,0.11,1.9,15,20.0,0.14,3.2,A1,A1,A1,56.0,60.0,2025,2,2024-11-01,2025-04-30,122,19,0,2,1,1,1,0,0,0,0,0,0,0,0,4,7,5,1,0,2,0,0,0,0,0,1,0,0,7,9,3,3,1,2,0,0,0,0,0,0,0,0,3,7,6,3,4,1,0,0,0,0,0,0,1,0,3,7,2,5,3,0,0,0,0,0,0,0,0,0,2,1,0,1,5,6,0,0,0,0,0,0,0,0,0,0,0,0,東京
5043,中村日向,ナカムラ ヒュウガ,香川,A1,H,101108,1,26,164,57,O,6.92,58.4,50,33,142,8,2,0.16,40,87.5,0.15,3.0,23,69.5,0.16,3.0,23,43.4,0.16,2.8,19,36.8,0.16,3.8,19,57.8,0.17,3.6,18,22.2,0.13,2.6,A1,A1,A2,54.0,55.0,2025,2,2024-11-01,2025-04-30,122,33,2,2,0,2,1,0,0,0,0,0,0,0,0,4,12,2,2,2,1,0,0,0,0,0,1,0,0,3,7,6,1,6,0,0,0,0,0,0,0,0,0,1,6,2,1,6,3,0,0,0,0,0,0,0,0,5,6,1,4,1,2,0,0,0,0,0,0,0,0,4,0,4,4,4,2,0,0,0,0,0,1,0,0,0,0,0,0,香川
5044,渡邉健,ワタナベ ケン,東京,A2,H,110404,1,26,170,58,A,6.12,47.0,24,24,102,2,0,0.17,18,83.3,0.15,3.3,15,60.0,0.16,3.1,19,52.6,0.17,3.0,18,55.5,0.15,3.0,20,20.0,0.2,4.2,12,0.0,0.2,4.6,B1,B1,B1,41.0,52.0,2025,2,2024-11-01,2025-04-30,122,11,4,1,2,0,0,0,0,0,0,0,0,0,0,2,7,2,1,3,0,0,0,0,0,0,0,0,0,6,4,6,1,1,1,0,0,0,0,0,0,0,0,4,6,1,6,0,0,1,0,0,0,0,0,0,0,1,3,2,5,7,2,0,0,0,0,0,0,0,0,0,0,1,3,5,3,0,0,0,0,0,0,0,0,0,0,0,0,東京
5045,平川香織,ヒラカワ カオリ,埼玉,B1,H,120729,2,24,151,46,B,4.98,28.9,13,18,107,1,0,0.18,19,73.6,0.17,3.8,15,26.6,0.18,3.7,16,31.2,0.18,3.1,16,18.7,0.17,3.6,21,14.2,0.19,4.0,20,10.0,0.18,4.7,B1,A2,A2,50.0,49.0,2025,2,2024-11-01,2025-04-30,122,9,5,1,0,2,2,0,0,0,0,0,0,0,0,1,3,3,1,5,2,0,0,0,0,0,0,0,0,1,4,4,4,3,0,0,0,0,0,0,0,0,0,2,1,3,8,1,1,0,0,0,0,0,0,0,0,0,3,4,4,8,1,0,0,0,0,0,0,1,0,0,2,4,5,4,4,1,0,0,0,0,1,0,0,0,0,1,0,東京
5046,松山裕基,マツヤマ ユウキ,大阪,B1,H,060311,1,31,163,55,O,4.04,16.1,3,8,68,0,0,0.17,8,12.5,0.14,3.3,14,14.2,0.2,3.1,13,23.0,0.17,3.1,12,25.0,0.15,2.7,12,0.0,0.18,3.8,9,22.2,0.18,4.3,B1,B1,B1,44.0,46.0,2025,2,2024-11-01,2025-04-30,123,1,0,2,2,3,0,0,0,0,0,0,0,0,0,0,2,2,4,5,1,0,0,0,0,0,0,0,0,2,1,4,1,1,4,0,0,0,0,0,0,0,0,0,3,2,4,1,2,0,0,0,0,0,0,0,0,0,0,2,1,6,3,0,0,0,0,0,0,0,0,0,2,2,0,2,3,0,0,0,0,0,0,0,0,0,0,0,0,大阪
5047,國分将太郎,コクブン ショウタロウ,東京,B1,H,060320,1,31,162,55,A,5.21,32.1,14,13,84,1,0,0.17,13,61.5,0.15,2.4,11,36.3,0.14,3.0,15,46.6,0.15,3.1,16,12.5,0.16,3.4,16,25.0,0.22,4.1,12,16.6,0.19,3.8,A2,B1,B1,49.0,48.0,2025,2,2024-11-01,2025-04-30,123,7,1,1,1,1,1,0,0,0,0,0,0,1,0,1,3,1,0,3,3,0,0,0,0,0,1,0,0,3,4,1,5,1,1,0,0,0,0,0,0,0,0,1,1,5,4,2,2,1,0,0,0,0,0,0,0,2,2,5,3,4,0,0,0,0,0,0,2,0,0,0,2,1,5,3,1,0,0,0,0,0,0,0,0,0,0,0,1,福島
5048,眞鳥康太,マトリ コウタ,長崎,B1,H,060607,1,31,167,58,O,4.78,28.8,10,20,104,1,0,0.19,16,62.5,0.16,2.9,18,33.3,0.21,3.6,15,40.0,0.17,3.7,16,31.2,0.2,4.2,18,16.6,0.19,3.6,21,0.0,0.23,4.8,B1,B1,B1,46.0,47.0,2025,2,2024-11-01,2025-04-30,123,6,4,2,0,4,0,0,0,0,0,0,0,0,0,0,6,7,3,2,0,0,0,0,0,0,0,0,0,3,3,3,2,1,3,0,0,0,0,0,0,0,0,1,4,4,1,3,3,0,0,0,0,0,0,0,0,0,3,3,1,4,5,0,0,0,0,0,0,2,0,0,0,2,5,9,5,0,0,0,0,0,0,0,0,0,0,0,0,長崎
5049,松井友汰,マツイ ユウタ,大阪,A2,H,070207,1,30,169,55,A,5.5,39.2,18,15,84,1,0,0.17,12,91.6,0.13,2.0,14,64.2,0.18,3.3,12,25.0,0.13,3.1,17,35.2,0.17,3.4,12,25.0,0.18,3.3,16,6.2,0.19,4.1,A2,A2,B1,51.0,49.0,2025,2,2024-11-01,2025-04-30,123,9,2,1,0,0,0,0,0,0,0,0,0,0,0,3,6,1,1,2,1,0,0,0,0,0,0,0,0,2,1,3,2,1,3,0,0,0,0,0,0,0,0,3,3,2,2,3,3,1,0,0,0,0,0,0,0,1,2,0,5,2,2,0,0,0,0,0,0,0,0,0,1,5,3,4,3,0,0,0,0,0,0,0,0,0,0,0,1,大阪
5050,木下雄介,キノシタ ユウスケ,滋賀,A2,H,070228,1,30,163,53,B,5.93,40.0,24,22,115,3,0,0.14,19,63.1,0.13,2.3,18,44.4,0.16,3.4,23,60.8,0.15,2.6,19,26.3,0.12,2.4,20,20.0,0.15,2.8,16,18.7,0.17,3.4,A2,B1,B1,49.0,52.0,2025,2,2024-11-01,2025-04-30,123,9,3,5,1,0,1,0,0,0,0,0,0,0,0,4,4,2,4,2,2,0,0,0,0,0,0,0,0,7,7,3,2,3,1,0,0,0,0,0,0,0,0,2,3,5,3,2,4,0,0,0,0,0,0,0,0,2,2,6,2,5,2,0,0,0,0,0,0,1,0,0,3,2,3,5,3,0,0,0,0,0,0,0,0,0,0,0,0,京都
5051,松本純平,マツモト ジュンペイ,埼玉,A1,H,070324,1,30,166,56,A,6.98,51.2,33,27,117,7,1,0.16,26,88.4,0.15,3.0,21,71.4,0.16,3.2,17,35.2,0.16,3.2,16,50.0,0.17,3.4,21,28.5,0.16,3.5,16,12.5,0.19,4.4,A1,A1,A1,57.0,60.0,2025,2,2024-11-01,2025-04-30,123,20,3,2,1,0,0,0,0,0,0,0,0,0,0,4,11,3,1,2,0,0,0,0,0,0,0,0,0,4,2,5,1,3,2,0,0,0,0,0,0,0,0,3,5,3,3,2,0,0,0,0,0,0,0,0,0,2,4,7,3,4,1,0,0,0,0,0,0,0,0,0,2,5,4,5,0,0,0,0,0,0,0,0,0,0,0,1,0,兵庫
5052,赤井星璃菜,アカイ セリナ,大阪,B2,H,070513,2,30,163,59,B,0.0,0.0,0,0,0,0,0,0.0,0,0.0,0.0,0.0,0,0.0,0.0,0.0,0,0.0,0.0,0.0,0,0.0,0.0,0.0,0,0.0,0.0,0.0,0,0.0,0.0,0.0,B2,B2,B2,0.0,0.0,2025,2,2024-11-01,2025-04-30,123,0,0,0,0,0,0,0,0,0,0,0,0,0,0,0,0,0,0,0,0,0,0,0,0,0,0,0,0,0,0,0,0,0,0,0,0,0,0,0,0,0,0,0,0,0,0,0,0,0,0,0,0,0,0,0,0,0,0,0,0,0,0,0,0,0,0,0,0,0,0,0,0,0,0,0,0,0,0,0,0,0,0,0,0,0,0,0,0,大阪
5053,山口広樹,ヤマグチ コウキ,福岡,A2,H,071109,1,29,168,56,B,5.47,35.7,22,13,98,1,0,0.17,15,73.3,0.16,3.0,14,50.0,0.14,2.9,18,50.0,0.16,2.7,19,31.5,0.17,3.4,18,5.5,0.2,3.7,14,7.1,0.22,3.9,B1,B1,B1,46.0,50.0,2025,2,2024-11-01,2025-04-30,123,11,0,1,0,1,2,0,0,0,0,0,0,0,0,3,4,4,3,0,0,0,0,0,0,0,0,0,0,5,4,4,1,4,0,0,0,0,0,0,1,0,0,2,4,2,4,3,4,0,0,0,0,0,0,0,0,1,0,4,6,4,3,0,0,0,0,0,0,0,0,0,1,1,3,4,5,0,0,0,0,0,1,0,0,0,0,1,0,福岡
5054,佐々木大河,ササキ タイガ,大阪,B1,H,080105,1,29,160,53,A,4.85,30.4,17,15,105,1,0,0.15,16,56.2,0.14,2.4,15,20.0,0.16,3.0,24,50.0,0.13,2.6,17,35.2,0.15,2.9,14,7.1,0.14,2.9,19,5.2,0.16,3.3,B1,B1,B1,50.0,47.0,2025,2,2024-11-01,2025-04-30,123,9,0,1,3,1,1,1,0,0,0,0,0,0,0,2,1,3,4,1,3,0,0,0,0,0,0,1,0,3,9,1,2,7,1,0,0,0,0,0,0,1,0,2,4,2,2,5,1,0,0,0,0,0,0,0,1,0,1,5,1,4,3,0,0,0,0,0,0,0,0,1,0,4,3,5,6,0,0,0,0,0,1,0,0,0,0,1,0,大阪
5055,眞鳥章太,マトリ ショウタ,長崎,A2,H,080106,1,29,172,56,O,5.63,35.9,24,22,128,0,0,0.16,26,84.6,0.15,3.0,18,38.8,0.15,3.6,23,34.7,0.15,2.6,18,27.7,0.15,3.4,19,5.2,0.17,3.5,24,12.5,0.18,4.4,A2,B1,B1,50.0,51.0,2025,2,2024-11-01,2025-04-30,123,15,7,2,0,1,1,0,0,0,0,0,0,0,0,0,7,3,4,2,2,0,0,0,0,0,1,0,0,5,3,7,4,3,1,0,0,0,0,0,0,0,0,3,2,4,7,1,1,0,0,0,0,0,0,0,0,0,1,5,6,5,2,0,0,0,0,0,0,0,0,1,2,4,6,4,7,0,0,0,0,0,0,0,0,0,0,1,0,長崎
5056,西岡成美,ニシオカ ナルミ,徳島,B2,H,080421,2,29,157,44,B,0.0,0.0,0,0,0,0,0,0.0,0,0.0,0.0,0.0,0,0.0,0.0,0.0,0,0.0,0.0,0.0,0,0.0,0.0,0.0,0,0.0,0.0,0.0,0,0.0,0.0,0.0,B1,A1,A2,51.0,0.0,2025,2,2024-11-01,2025-04-30,123,0,0,0,0,0,0,0,0,0,0,0,0,0,0,0,0,0,0,0,0,0,0,0,0,0,0,0,0,0,0,0,0,0,0,0,0,0,0,0,0,0,0,0,0,0,0,0,0,0,0,0,0,0,0,0,0,0,0,0,0,0,0,0,0,0,0,0,0,0,0,0,0,0,0,0,0,0,0,0,0,0,0,0,0,0,0,0,0,徳島
5057,上田紗奈,ウエダ サナ,大阪,B1,H,080713,2,28,157,46,O,5.4,40.9,18,18,88,2,0,0.16,16,81.2,0.14,2.3,10,50.0,0.15,3.1,17,35.2,0.18,3.1,16,43.7,0.15,2.9,13,30.7,0.16,3.4,16,6.2,0.19,3.4,A2,B1,A2,51.0,51.0,2025,2,2024-11-01,2025-04-30,123,12,1,0,1,1,0,1,0,0,0,0,0,0,0,0,5,0,1,0,4,0,0,0,0,0,0,0,0,3,3,2,3,3,3,0,0,0,0,0,0,0,0,1,6,2,4,2,1,0,0,0,0,0,0,0,0,1,3,2,2,1,3,0,0,0,0,0,0,1,0,1,0,0,5,5,5,0,0,0,0,0,0,0,0,0,0,0,0,大阪
5058,前原大道,マエハラ ヒロミチ,岡山,A1,H,080929,1,28,163,53,B,6.86,46.8,25,19,94,5,0,0.15,19,89.4,0.15,2.8,13,23.0,0.15,3.5,13,61.5,0.13,3.2,17,41.1,0.13,2.6,16,50.0,0.17,3.4,16,6.2,0.18,4.5,A2,A1,A2,53.0,56.0,2025,2,2024-11-01,2025-04-30,123,16,1,2,0,0,0,0,0,0,0,0,0,0,0,1,2,6,4,0,0,0,0,0,0,0,0,0,0,2,6,5,0,0,0,0,0,0,0,0,0,0,0,2,5,7,1,2,0,0,0,0,0,0,0,0,0,4,4,3,2,2,1,0,0,0,0,0,0,0,0,0,1,6,2,6,1,0,0,0,0,0,0,0,0,0,0,0,0,岡山
5059,冨田祥,トミダ ショウ,香川,B2,H,090107,1,28,165,53,O,3.39,14.0,4,4,57,0,0,0.14,6,50.0,0.13,2.5,8,37.5,0.15,4.0,12,8.3,0.13,2.2,12,8.3,0.17,3.3,7,0.0,0.14,3.0,12,0.0,0.13,2.4,B2,B2,B2,38.0,40.0,2025,2,2024-11-01,2025-04-30,123,3,0,0,0,0,3,0,0,0,0,0,0,0,0,1,2,0,0,3,1,1,0,0,0,0,0,0,0,0,1,3,5,1,2,0,0,0,0,0,0,0,0,0,1,2,1,2,4,0,0,0,0,0,0,1,1,0,0,0,1,2,3,0,0,0,0,0,0,0,1,0,0,3,2,1,6,0,0,0,0,0,0,0,0,0,0,0,0,香川
5060,数原魁,カズハラ カイ,兵庫,A2,H,090430,1,28,159,52,A,5.49,32.1,18,19,115,0,0,0.17,15,86.6,0.13,2.8,18,27.7,0.15,3.9,21,33.3,0.18,3.5,24,33.3,0.17,3.6,25,16.0,0.19,4.0,12,0.0,0.18,4.8,B1,B1,B1,48.0,51.0,2025,2,2024-11-01,2025-04-30,123,9,4,0,2,0,0,0,0,0,0,0,0,0,0,1,4,6,4,2,0,0,0,0,0,0,0,1,0,5,2,6,2,5,1,0,0,0,0,0,0,0,0,3,5,7,4,3,2,0,0,0,0,0,0,0,0,0,4,6,6,5,4,0,0,0,0,0,0,0,0,0,0,3,2,7,0,0,0,0,0,0,0,0,0,0,0,2,0,兵庫
5061,中村駿平,ナカムラ シュンペイ,愛知,B1,H,090507,1,28,164,53,AB,3.76,18.3,5,11,87,0,0,0.17,12,25.0,0.16,3.0,16,25.0,0.17,3.1,14,28.5,0.18,3.5,14,7.1,0.17,3.4,12,16.6,0.15,3.2,19,10.5,0.17,3.7,B2,B1,B2,45.0,43.0,2025,2,2024-11-01,2025-04-30,123,1,2,4,2,1,2,0,0,0,0,0,0,0,0,1,3,1,3,3,5,0,0,0,0,0,0,0,0,1,3,2,2,1,5,0,0,0,0,0,0,0,0,1,0,4,2,0,5,1,0,0,0,0,0,1,0,0,2,1,3,2,4,0,0,0,0,0,0,0,0,1,1,2,2,1,12,0,0,0,0,0,0,0,0,0,0,0,0,愛知
5063,大塚雅治,オオツカ マサハル,東京,B1,H,091124,1,27,175,54,A,4.33,22.2,11,7,81,1,0,0.19,9,66.6,0.21,2.7,17,17.6,0.19,3.7,16,31.2,0.19,3.9,13,30.7,0.17,3.6,13,0.0,0.17,4.6,13,0.0,0.23,4.2,B1,B1,B2,47.0,45.0,2025,2,2024-11-01,2025-04-30,123,6,0,1,0,1,1,0,0,0,0,0,0,0,0,2,1,2,4,4,4,0,0,0,0,0,0,0,0,2,3,1,1,3,5,1,0,0,0,0,0,0,0,1,3,1,3,2,3,0,0,0,0,0,0,0,0,0,0,6,4,1,2,0,0,0,0,0,0,0,0,0,0,1,4,3,4,0,0,0,0,0,0,1,0,0,0,0,0,神奈川
5064,品川二千翔,シナガワ ニチカ,山口,A2,H,100718,1,26,165,53,O,5.64,37.3,19,21,107,3,0,0.16,15,60.0,0.14,2.5,16,68.7,0.17,3.3,22,22.7,0.18,3.6,16,56.2,0.12,2.9,20,25.0,0.16,3.2,18,5.5,0.18,4.0,B1,B1,B1,50.0,50.0,2025,2,2024-11-01,2025-04-30,123,8,1,3,3,0,0,0,0,0,0,0,0,0,0,4,7,3,1,0,1,0,0,0,0,0,0,0,0,2,3,7,0,5,4,0,0,0,0,0,1,1,0,4,5,1,3,2,0,1,0,0,0,0,2,0,0,1,4,7,3,3,1,0,0,0,0,0,0,0,1,0,1,4,4,4,4,0,0,0,0,0,1,1,0,0,0,1,0,山口
5065,伊久間陽優,イクマ ヒユウ,群馬,B1,H,100720,1,26,166,54,A,4.6,30.2,10,19,96,0,0,0.16,15,60.0,0.16,2.1,22,31.8,0.17,3.3,15,26.6,0.16,2.6,17,17.6,0.16,3.0,15,26.6,0.16,3.1,12,16.6,0.13,2.7,B1,B1,B1,45.0,46.0,2025,2,2024-11-01,2025-04-30,123,5,4,2,0,1,2,1,0,0,0,0,0,0,0,1,6,4,3,1,7,0,0,0,0,0,0,0,0,2,2,0,3,3,5,0,0,0,0,0,0,0,0,2,1,4,5,1,4,0,0,0,0,0,0,0,0,0,4,1,1,5,4,0,0,0,0,0,0,0,0,0,2,3,1,4,2,0,0,0,0,0,0,0,0,0,0,0,0,群馬
5066,鈴木孝明,スズキ タカアキ,埼玉,B1,H,100821,1,26,172,56,O,5.36,35.7,18,21,109,2,0,0.17,19,68.4,0.17,3.5,19,42.1,0.2,3.4,18,38.8,0.17,3.7,16,18.7,0.15,3.5,20,35.0,0.15,3.4,17,5.8,0.15,3.6,B1,A2,A2,49.0,50.0,2025,2,2024-11-01,2025-04-30,123,9,4,1,0,2,2,1,0,0,0,0,0,0,0,3,5,3,4,3,1,0,0,0,0,0,0,0,0,2,5,2,4,3,2,0,0,0,0,0,0,0,0,1,2,2,6,4,1,0,0,0,0,0,0,0,0,2,5,2,6,4,1,0,0,0,0,0,0,0,0,1,0,4,4,5,3,0,0,0,0,0,0,0,0,1,0,0,0,埼玉
5067,山田真聖,ヤマダ マサキヨ,山口,B1,H,101119,1,26,169,58,AB,3.98,19.8,12,9,106,1,0,0.17,14,57.1,0.14,2.6,18,22.2,0.16,3.5,20,10.0,0.17,3.4,18,16.6,0.17,3.0,19,15.7,0.16,3.5,17,5.8,0.21,4.5,B1,B1,B1,45.0,44.0,2025,2,2024-11-01,2025-04-30,123,7,1,1,2,0,2,0,0,0,0,0,0,1,0,1,3,3,2,7,2,0,0,0,0,0,0,0,0,1,1,5,3,6,4,0,0,0,0,0,0,0,0,2,1,2,2,3,8,0,0,0,0,0,0,0,0,1,2,3,2,6,5,0,0,0,0,0,0,0,0,0,1,0,4,7,5,0,0,0,0,0,0,0,0,0,0,0,0,山口
5068,前田滉,マエダ ヒカル,愛知,A1,H,120317,1,25,167,51,A,6.7,47.3,44,26,148,7,1,0.15,32,84.3,0.14,2.6,25,36.0,0.15,3.2,20,55.0,0.13,2.7,31,38.7,0.16,2.9,24,45.8,0.17,3.3,16,0.0,0.16,4.4,A1,A1,B1,53.0,57.0,2025,2,2024-11-01,2025-04-30,123,23,4,2,1,1,1,0,0,0,0,0,0,0,0,5,4,4,5,5,2,0,0,0,0,0,0,0,0,4,7,1,3,5,0,0,0,0,0,0,0,0,0,8,4,11,6,2,0,0,0,0,0,0,0,0,0,4,7,6,2,3,2,0,0,0,0,0,0,0,0,0,0,5,4,4,2,0,0,0,0,0,0,1,0,0,0,0,0,愛知
5069,山崎小葉音,ヤマザキ コハネ,群馬,B1,H,121007,2,24,148,42,A,4.68,29.5,13,13,88,0,0,0.15,18,72.2,0.18,2.9,12,25.0,0.13,1.6,18,33.3,0.14,2.8,15,13.3,0.15,2.6,12,0.0,0.16,3.5,13,15.3,0.14,2.5,A2,B1,B1,51.0,46.0,2025,2,2024-11-01,2025-04-30,123,9,4,2,0,1,2,0,0,0,0,0,0,0,0,0,3,4,4,0,1,0,0,0,0,0,0,0,0,3,3,3,2,3,4,0,0,0,0,0,0,0,0,1,1,2,4,2,3,1,0,0,0,0,0,1,0,0,0,0,2,8,2,0,0,0,0,0,0,0,0,0,2,1,1,5,4,0,0,0,0,0,0,0,0,0,0,0,0,徳島
5070,中島航,ナカジマ ワタル,東京,B1,H,060426,1,31,174,53,A,3.99,20.2,6,11,84,0,0,0.18,11,63.6,0.17,3.5,13,23.0,0.16,4.1,14,28.5,0.2,4.2,15,20.0,0.17,3.5,16,0.0,0.17,3.5,15,0.0,0.22,5.1,B1,B1,B2,45.0,45.0,2025,2,2024-11-01,2025-04-30,124,4,3,1,2,0,0,1,0,0,0,0,0,0,0,0,3,2,2,3,3,0,0,0,0,0,0,0,0,1,3,2,3,3,2,0,0,0,0,0,0,0,0,1,2,3,2,6,1,0,0,0,0,0,0,0,0,0,0,0,6,3,7,0,0,0,0,0,0,0,0,0,0,1,4,4,6,0,0,0,0,0,0,0,0,0,0,0,0,千葉
5071,野見山拓己,ノミヤマ タクミ,福岡,B1,H,060731,1,30,166,54,A,4.83,26.8,18,7,93,0,0,0.16,14,57.1,0.15,1.7,19,31.5,0.15,2.9,15,26.6,0.15,2.5,14,28.5,0.2,3.0,13,15.3,0.18,3.9,18,5.5,0.15,3.1,B1,B2,B1,45.0,48.0,2025,2,2024-11-01,2025-04-30,124,8,0,1,0,4,1,0,0,0,0,0,0,0,0,4,2,2,3,6,1,0,0,0,0,0,0,0,1,3,1,4,4,0,2,0,0,0,0,0,0,1,0,1,3,3,3,4,0,0,0,0,0,0,0,0,0,2,0,1,1,8,1,0,1,0,0,0,0,0,0,0,1,2,7,6,2,0,0,0,0,0,0,0,0,0,0,0,0,福岡
5072,吉田杏美,ヨシダ アミ,埼玉,B2,H,061115,2,30,166,51,A,0.0,0.0,0,0,0,0,0,0.0,0,0.0,0.0,0.0,0,0.0,0.0,0.0,0,0.0,0.0,0.0,0,0.0,0.0,0.0,0,0.0,0.0,0.0,0,0.0,0.0,0.0,B2,B2,B2,0.0,0.0,2025,2,2024-11-01,2025-04-30,124,0,0,0,0,0,0,0,0,0,0,0,0,0,0,0,0,0,0,0,0,0,0,0,0,0,0,0,0,0,0,0,0,0,0,0,0,0,0,0,0,0,0,0,0,0,0,0,0,0,0,0,0,0,0,0,0,0,0,0,0,0,0,0,0,0,0,0,0,0,0,0,0,0,0,0,0,0,0,0,0,0,0,0,0,0,0,0,0,埼玉
5073,上原健次郎,ウエハラ ケンジロウ,福岡,B1,H,070803,1,29,158,56,A,5.05,23.4,7,16,98,0,0,0.18,15,40.0,0.18,3.9,17,23.5,0.18,4.2,14,21.4,0.17,3.9,18,27.7,0.18,3.1,19,21.0,0.15,2.6,15,6.6,0.19,4.3,B1,B1,B1,46.0,50.0,2025,2,2024-11-01,2025-04-30,124,4,2,4,4,1,0,0,0,0,0,0,0,0,0,1,3,7,2,2,2,0,0,0,0,0,0,0,0,0,3,3,4,4,0,0,0,0,0,0,0,0,0,2,3,5,3,3,2,0,0,0,0,0,0,0,0,0,4,4,7,2,2,0,0,0,0,0,0,0,0,0,1,4,4,3,3,0,0,0,0,0,0,0,0,0,0,0,0,沖縄
5074,大澤誠也,オオサワ セイヤ,愛知,B1,H,071112,1,29,162,58,A,4.37,17.5,4,16,114,0,0,0.18,12,41.6,0.17,4.0,21,28.5,0.18,3.6,24,20.8,0.19,3.4,23,13.0,0.18,3.7,25,4.0,0.16,3.6,9,0.0,0.16,5.1,B1,B1,B1,47.0,48.0,2025,2,2024-11-01,2025-04-30,124,3,2,2,2,3,0,0,0,0,0,0,0,0,0,0,6,3,5,5,2,0,0,0,0,0,0,0,0,0,5,4,9,3,3,0,0,0,0,0,0,0,0,1,2,5,6,7,2,0,0,0,0,0,0,0,0,0,1,6,8,7,3,0,0,0,0,0,0,0,0,0,0,3,1,3,2,0,0,0,0,0,0,0,0,0,0,0,0,愛知
5075,中島秀治,ナカジマ シュウジ,滋賀,A2,H,071204,1,29,170,56,AB,6.47,42.1,24,11,83,2,1,0.17,17,94.1,0.16,3.3,11,18.1,0.19,3.5,21,61.9,0.17,2.9,13,23.0,0.17,3.3,9,0.0,0.18,3.8,12,8.3,0.2,4.8,A1,A1,A2,55.0,56.0,2025,2,2024-11-01,2025-04-30,124,13,3,1,0,0,0,0,0,0,0,0,0,0,0,1,1,5,2,1,1,0,0,0,0,0,0,0,0,8,5,3,3,2,0,0,0,0,0,0,0,0,0,1,2,3,4,2,1,0,0,0,0,0,0,0,0,0,0,4,2,2,1,0,0,0,0,0,0,0,0,1,0,2,6,2,0,0,0,0,0,0,0,1,0,0,0,0,0,京都
5076,石原光,イシハラ ヒカル,静岡,B1,H,080312,1,29,161,55,AB,4.99,26.4,17,11,106,2,0,0.18,14,64.2,0.16,3.4,17,29.4,0.2,4.5,21,23.8,0.14,3.0,16,25.0,0.22,4.1,23,17.3,0.18,3.9,15,6.6,0.2,4.5,B1,B1,B1,44.0,49.0,2025,2,2024-11-01,2025-04-30,124,6,3,0,2,1,2,0,0,0,0,0,0,0,0,3,2,2,5,3,2,0,0,0,0,0,1,0,0,4,1,2,11,2,1,0,0,0,0,0,0,0,0,0,4,3,3,5,1,0,0,0,0,0,0,0,0,3,1,8,4,3,3,0,0,0,0,0,0,1,0,1,0,1,5,6,2,0,0,0,0,0,0,0,0,0,0,0,0,静岡
5077,滝沢崚,タキザワ リョウ,埼玉,B2,H,090405,1,28,166,51,A,3.65,17.6,0,6,34,0,0,0.14,4,0.0,0.17,3.8,4,25.0,0.1,1.8,4,0.0,0.17,5.0,11,18.1,0.14,2.5,8,37.5,0.12,2.8,2,0.0,0.23,3.0,B1,B2,B1,46.0,42.0,2025,2,2024-11-01,2025-04-30,124,0,0,3,0,0,0,0,0,0,0,0,0,0,1,0,1,0,1,2,0,0,0,0,0,0,0,0,0,0,0,1,1,0,2,0,0,0,0,0,0,0,0,0,2,1,3,3,2,0,0,0,0,0,0,0,0,0,3,0,1,2,2,0,0,0,0,0,0,0,0,0,0,0,0,0,2,0,0,0,0,0,0,0,0,0,0,0,1,埼玉
5078,山川波乙,ヤマカワ ハオ,三重,B1,H,090927,2,27,154,46,O,4.39,20.3,3,8,54,0,0,0.2,8,25.0,0.19,4.0,8,50.0,0.23,3.6,10,0.0,0.18,3.4,10,40.0,0.19,4.5,9,0.0,0.23,4.6,9,11.1,0.21,5.3,B2,B2,B1,0.0,47.0,2025,2,2024-11-01,2025-04-30,124,2,0,3,1,1,1,0,0,0,0,0,0,0,0,0,4,2,2,0,0,0,0,0,0,0,0,0,0,0,0,2,4,2,2,0,0,0,0,0,0,0,0,1,3,1,2,2,1,0,0,0,0,0,0,0,0,0,0,3,1,2,3,0,0,0,0,0,0,0,0,0,1,0,2,2,4,0,0,0,0,0,0,0,0,0,0,0,0,三重
5079,大石真央,オオイシ マオ,静岡,B1,H,100417,2,27,150,45,A,4.04,19.8,5,16,106,0,0,0.2,13,38.4,0.2,3.5,22,36.3,0.19,4.4,19,21.0,0.18,3.7,20,10.0,0.2,4.3,17,11.7,0.22,4.4,15,0.0,0.21,4.3,B1,B1,B1,47.0,45.0,2025,2,2024-11-01,2025-04-30,124,1,4,1,3,2,2,0,0,0,0,0,0,0,0,1,7,4,4,4,2,0,0,0,0,0,0,0,0,2,2,7,4,2,2,0,0,0,0,0,1,0,0,1,1,1,2,8,6,0,0,0,0,0,0,1,0,0,2,1,2,6,5,0,0,0,0,0,0,1,0,0,0,3,3,6,3,0,0,0,0,0,0,0,0,0,0,0,0,静岡
5081,篠原飛翔,シノハラ ツバサ,福岡,A2,H,101026,1,26,170,54,A,5.64,34.7,12,13,72,1,0,0.19,10,80.0,0.17,4.0,13,38.4,0.15,4.3,16,50.0,0.2,4.2,10,20.0,0.19,3.9,12,16.6,0.2,3.9,11,0.0,0.22,4.0,B1,B1,B1,48.0,51.0,2025,2,2024-11-01,2025-04-30,124,6,2,1,0,0,1,0,0,0,0,0,0,0,0,2,3,4,3,0,1,0,0,0,0,0,0,0,0,2,6,2,4,1,1,0,0,0,0,0,0,0,0,0,2,0,4,1,3,0,0,0,0,0,1,0,0,2,0,4,2,3,1,0,0,0,0,0,0,0,0,0,0,4,4,2,1,0,0,0,0,0,0,0,0,0,0,0,0,福岡
5082,一色凌雅,イッシキ リョウガ,愛知,B1,H,101111,1,26,166,59,O,5.39,37.7,13,30,114,2,0,0.19,19,73.6,0.2,4.1,21,61.9,0.18,4.4,20,35.0,0.17,3.4,15,13.3,0.2,4.2,20,25.0,0.2,4.3,19,10.5,0.19,4.5,B1,B2,B2,47.0,49.0,2025,2,2024-11-01,2025-04-30,124,8,6,2,1,1,0,0,0,0,0,0,0,0,1,4,9,3,3,1,1,0,0,0,0,0,1,0,0,0,7,3,6,1,3,0,0,0,0,0,1,0,0,0,2,4,4,2,2,0,0,0,0,0,0,1,0,1,4,6,1,3,5,0,0,0,0,0,0,0,0,0,2,3,4,5,5,0,0,0,0,0,0,0,0,0,0,0,0,愛知
5083,柳瀬幹太,ヤナセ カンタ,山口,B1,H,101111,1,26,166,56,O,5.04,35.5,9,29,107,1,0,0.15,14,50.0,0.16,2.8,21,57.1,0.16,3.3,19,52.6,0.15,3.1,20,20.0,0.16,2.7,18,16.6,0.16,2.6,15,13.3,0.11,2.3,B1,B1,B1,48.0,49.0,2025,2,2024-11-01,2025-04-30,124,3,4,2,2,2,1,0,0,0,0,0,0,0,0,1,11,3,1,4,1,0,0,0,0,0,0,0,0,2,8,1,2,3,3,0,0,0,0,0,0,0,0,1,3,3,4,7,2,0,0,0,0,0,0,0,0,2,1,3,5,6,1,0,0,0,0,0,0,0,0,0,2,1,5,3,4,0,0,0,0,0,1,0,0,0,0,1,0,山口
5084,末永和也,スエナガ カズヤ,佐賀,A1,H,110216,1,26,173,54,A,7.67,59.0,54,24,132,7,3,0.13,36,94.4,0.13,2.4,20,55.0,0.14,3.5,13,46.1,0.14,2.3,24,50.0,0.11,2.1,17,47.0,0.12,2.5,22,31.8,0.16,3.5,A1,A1,A1,58.0,64.0,2025,2,2024-11-01,2025-04-30,124,34,0,2,0,0,0,0,0,0,0,0,0,0,0,4,7,2,4,1,2,0,0,0,0,0,0,0,0,3,3,3,0,2,1,1,0,0,0,0,0,0,0,8,4,6,2,3,1,0,0,0,0,0,0,0,0,2,6,3,0,3,3,0,0,0,0,0,0,0,0,3,4,4,8,2,1,0,0,0,0,0,0,0,0,0,0,0,0,佐賀
5085,中村栄治,ナカムラ エイジ,福井,B1,H,110412,1,26,160,53,A,4.26,25.2,7,23,119,0,0,0.19,17,41.1,0.18,4.0,21,28.5,0.19,3.3,21,47.6,0.19,3.6,19,10.5,0.18,3.7,23,17.3,0.19,3.5,18,5.5,0.19,4.1,B1,B1,B1,46.0,45.0,2025,2,2024-11-01,2025-04-30,124,2,5,2,2,2,4,0,0,0,0,0,0,0,0,3,3,4,2,2,7,0,0,0,0,0,0,0,0,1,9,3,0,2,6,0,0,0,0,0,0,0,0,1,1,3,3,6,5,0,0,0,0,0,1,0,0,0,4,6,3,5,5,0,0,0,0,0,0,0,0,0,1,3,3,3,8,0,0,0,0,0,0,0,0,0,0,0,0,福井
5086,本村大,モトムラ ダイ,長崎,B1,H,110605,1,26,173,52,B,4.38,25.6,14,14,109,0,0,0.19,18,50.0,0.16,3.1,17,23.5,0.2,3.9,21,52.3,0.18,3.5,18,22.2,0.19,3.7,19,0.0,0.2,4.4,16,0.0,0.22,4.5,B1,B1,B1,46.0,45.0,2025,2,2024-11-01,2025-04-30,124,7,2,4,2,1,2,0,0,0,0,0,0,0,0,1,3,3,2,4,4,0,0,0,0,0,0,0,0,5,6,2,3,3,2,0,0,0,0,0,0,0,0,1,3,2,3,1,7,0,0,0,0,0,0,1,0,0,0,4,4,3,8,0,0,0,0,0,0,0,0,0,0,1,2,5,8,0,0,0,0,0,0,0,0,0,0,2,0,長崎
5087,佐藤航,サトウ コウ,埼玉,A1,H,111021,1,25,164,55,B,6.32,47.9,34,23,119,6,1,0.16,17,88.2,0.17,3.1,21,52.3,0.15,3.1,15,53.3,0.12,2.9,28,50.0,0.17,3.3,20,30.0,0.16,2.9,17,17.6,0.18,4.2,A2,A2,A2,52.0,52.0,2025,2,2024-11-01,2025-04-30,124,12,3,0,1,0,1,0,0,0,0,0,0,0,0,7,4,2,7,0,1,0,0,0,0,0,0,0,0,5,3,4,1,1,1,0,0,0,0,0,0,0,0,7,7,4,5,2,2,0,0,0,0,0,1,1,0,3,3,3,4,3,4,0,0,0,0,0,0,0,0,0,3,3,5,4,2,0,0,0,0,0,0,0,0,0,0,1,1,埼玉
5088,高憧四季,タカハタ シキ,大阪,A1,H,111110,2,25,156,45,B,6.64,48.0,45,17,129,2,1,0.16,28,71.4,0.17,2.7,16,50.0,0.16,2.8,28,57.1,0.16,2.8,23,52.1,0.15,3.1,17,17.6,0.17,2.8,17,17.6,0.15,3.2,B1,A2,B1,49.0,53.0,2025,2,2024-11-01,2025-04-30,124,18,2,5,1,1,1,0,0,0,0,0,0,0,0,7,1,5,0,2,1,0,0,0,0,0,0,0,0,8,8,6,2,2,1,0,0,0,0,0,0,1,0,9,3,6,3,1,1,0,0,0,0,0,0,0,0,2,1,4,6,3,1,0,0,0,0,0,0,0,0,1,2,2,4,6,2,0,0,0,0,0,0,0,0,0,0,1,0,大阪
5089,前田翔,マエダ カケル,愛知,A1,H,120317,1,25,167,52,A,6.33,43.5,28,16,101,4,0,0.16,25,76.0,0.13,2.2,12,50.0,0.16,3.6,20,50.0,0.13,2.1,17,23.5,0.16,3.6,15,26.6,0.19,3.9,12,8.3,0.21,4.7,A2,A1,A1,55.0,52.0,2025,2,2024-11-01,2025-04-30,124,15,4,2,2,1,0,1,0,0,0,0,0,0,0,3,3,1,4,0,1,0,0,0,0,0,0,0,0,6,4,4,4,1,0,0,0,0,0,0,0,1,0,3,1,5,3,5,0,0,0,0,0,0,0,0,0,1,3,6,2,3,0,0,0,0,0,0,0,0,0,0,1,2,3,6,0,0,0,0,0,0,0,0,0,0,0,0,0,愛知
5090,生方靖亜,ウブカタ セイア,群馬,B1,H,121029,1,24,168,55,B,4.9,29.4,12,18,102,1,0,0.18,14,78.5,0.18,3.4,20,25.0,0.16,3.5,19,26.3,0.17,2.9,11,45.4,0.17,3.4,24,4.1,0.2,4.2,14,21.4,0.2,3.7,B1,B1,B1,47.0,48.0,2025,2,2024-11-01,2025-04-30,124,5,6,1,2,0,0,0,0,0,0,0,0,0,0,2,3,5,5,1,2,1,0,0,0,0,0,1,0,3,2,3,4,6,1,0,0,0,0,0,0,0,0,2,3,3,1,1,1,0,0,0,0,0,0,0,0,0,1,5,6,6,6,0,0,0,0,0,0,0,0,0,3,1,1,4,5,0,0,0,0,0,0,0,0,0,0,0,0,群馬
5091,為本智也,タメモト トモヤ,福井,A2,H,121109,1,24,166,53,A,5.49,39.1,19,17,92,3,0,0.18,17,70.5,0.15,2.6,11,27.2,0.2,3.7,15,60.0,0.17,2.4,16,43.7,0.18,3.0,18,27.7,0.18,3.7,15,0.0,0.22,4.1,A2,A2,A2,52.0,49.0,2025,2,2024-11-01,2025-04-30,124,10,2,1,3,0,1,0,0,0,0,0,0,0,0,1,2,3,1,2,2,0,0,0,0,0,0,0,0,4,5,2,0,2,1,1,0,0,0,0,0,0,0,3,4,4,2,1,2,0,0,0,0,0,0,0,0,1,4,3,1,5,4,0,0,0,0,0,0,0,0,0,0,3,1,5,6,0,0,0,0,0,0,0,0,0,0,0,0,石川
5092,篠原晟弥,シノハラ セイヤ,福岡,B1,H,121119,1,24,165,53,A,4.9,28.5,18,12,105,1,0,0.14,16,81.2,0.13,2.4,15,20.0,0.18,4.1,24,33.3,0.16,3.4,16,18.7,0.14,3.3,21,9.5,0.13,2.6,13,7.6,0.12,2.2,B1,B1,B1,48.0,48.0,2025,2,2024-11-01,2025-04-30,124,10,3,1,0,0,2,0,0,0,0,0,0,0,0,1,2,1,4,3,4,0,0,0,0,0,0,0,0,4,4,6,4,4,2,0,0,0,0,0,0,0,0,1,2,4,2,4,2,1,0,0,0,0,0,0,0,1,1,4,5,6,4,0,0,0,0,0,0,0,0,1,0,1,5,1,5,0,0,0,0,0,0,0,0,0,0,0,0,福岡
5093,浦野海,ウラノ カイ,福岡,A2,H,140410,1,23,169,55,A,5.48,30.0,12,15,90,0,0,0.17,9,88.8,0.16,2.6,18,44.4,0.16,3.2,16,37.5,0.15,2.4,21,9.5,0.18,3.9,16,18.7,0.19,4.1,10,0.0,0.16,2.8,B1,B1,B1,47.0,51.0,2025,2,2024-11-01,2025-04-30,124,8,0,1,0,0,0,0,0,0,0,0,0,0,0,2,6,4,4,1,0,0,0,0,0,0,0,1,0,2,4,3,5,1,1,0,0,0,0,0,0,0,0,0,2,7,6,3,3,0,0,0,0,0,0,0,0,0,3,3,7,1,2,0,0,0,0,0,1,0,0,0,0,2,6,1,1,0,0,0,0,0,0,0,0,0,0,0,0,福岡
5095,小原聡将,オハラ トシユキ,東京,A2,H,060422,1,31,160,52,AB,5.92,41.5,21,23,106,0,0,0.15,20,85.0,0.15,2.7,16,62.5,0.15,3.3,18,38.8,0.15,3.2,15,20.0,0.15,2.5,17,29.4,0.15,3.3,20,10.0,0.14,2.9,A2,B1,A2,51.0,51.0,2025,2,2024-11-01,2025-04-30,125,12,5,1,1,1,0,0,0,0,0,0,0,0,0,3,7,4,0,1,0,0,0,0,0,0,0,0,1,2,5,3,4,3,0,1,0,0,0,0,0,0,0,1,2,7,1,2,2,0,0,0,0,0,0,0,0,3,2,2,3,4,3,0,0,0,0,0,0,0,0,0,2,4,6,4,4,0,0,0,0,0,0,0,0,0,0,0,0,千葉
5096,上原崚,ウエハラ リョウ,東京,A2,H,070711,1,29,164,53,AB,5.94,44.1,26,23,111,2,0,0.13,18,77.7,0.12,2.4,18,50.0,0.13,2.3,18,38.8,0.12,1.9,18,44.4,0.13,2.2,22,31.8,0.14,2.3,17,23.5,0.13,2.3,B1,B1,B1,49.0,51.0,2025,2,2024-11-01,2025-04-30,125,12,2,3,1,0,0,0,0,0,0,0,0,0,0,0,9,4,3,0,2,0,0,0,0,0,0,0,0,5,2,3,3,4,0,1,0,0,0,0,0,0,0,5,3,2,6,2,0,0,0,0,0,0,0,0,0,2,5,2,4,5,4,0,0,0,0,0,0,0,0,2,2,1,1,10,1,0,0,0,0,0,0,0,0,0,0,0,0,沖縄
5098,大江純,オオエ ジュン,愛知,B1,H,071204,1,29,170,54,O,4.44,24.7,10,12,89,0,0,0.16,12,66.6,0.19,2.7,12,41.6,0.16,3.0,15,20.0,0.14,2.6,17,17.6,0.17,3.1,17,11.7,0.15,3.4,16,6.2,0.17,4.4,B1,B1,B1,46.0,46.0,2025,2,2024-11-01,2025-04-30,125,7,1,2,0,1,1,0,0,0,0,0,0,0,0,2,3,2,4,1,0,0,0,0,0,0,0,0,0,1,2,2,4,4,0,1,0,0,0,0,0,1,0,0,3,3,5,5,1,0,0,0,0,0,0,0,0,0,2,2,4,5,4,0,0,0,0,0,0,0,0,0,1,1,2,1,11,0,0,0,0,0,0,0,0,0,0,0,0,愛知
5100,栗原一馬,クリハラ カズマ,群馬,B2,H,080923,1,28,174,57,O,2.67,8.3,1,3,48,0,0,0.2,6,16.6,0.21,4.2,8,12.5,0.18,3.4,8,12.5,0.2,4.0,7,14.2,0.19,3.4,8,0.0,0.16,3.5,11,0.0,0.24,4.5,B1,B1,B1,42.0,39.0,2025,2,2024-11-01,2025-04-30,125,0,1,0,3,0,2,0,0,0,0,0,0,0,0,0,1,0,2,4,1,0,0,0,0,0,0,0,0,1,0,0,1,2,3,1,0,0,0,0,0,0,0,0,1,0,1,3,1,0,0,0,0,0,0,1,0,0,0,1,0,5,2,0,0,0,0,0,0,0,0,0,0,1,0,7,3,0,0,0,0,0,0,0,0,0,0,0,0,群馬
5101,表健太,オモテ ケンタ,福岡,B2,H,081128,1,28,168,54,B,0.0,0.0,0,0,0,0,0,0.0,0,0.0,0.0,0.0,0,0.0,0.0,0.0,0,0.0,0.0,0.0,0,0.0,0.0,0.0,0,0.0,0.0,0.0,0,0.0,0.0,0.0,B2,B1,B2,41.0,0.0,2025,2,2024-11-01,2025-04-30,125,0,0,0,0,0,0,0,0,0,0,0,0,0,0,0,0,0,0,0,0,0,0,0,0,0,0,0,0,0,0,0,0,0,0,0,0,0,0,0,0,0,0,0,0,0,0,0,0,0,0,0,0,0,0,0,0,0,0,0,0,0,0,0,0,0,0,0,0,0,0,0,0,0,0,0,0,0,0,0,0,0,0,0,0,0,0,0,0,福岡
5102,原田雄次,ハラダ ユウジ,福岡,A2,H,100216,1,27,168,53,O,5.54,36.5,16,22,104,0,0,0.21,13,76.9,0.15,2.5,21,52.3,0.17,3.7,17,52.9,0.19,3.6,16,31.2,0.27,4.8,23,8.7,0.22,4.8,14,7.1,0.23,5.2,B1,B1,B1,46.0,50.0,2025,2,2024-11-01,2025-04-30,125,9,1,0,1,0,1,0,0,0,0,0,0,1,0,3,8,5,2,2,1,0,0,0,0,0,0,0,0,2,7,3,1,1,2,1,0,0,0,0,0,0,0,1,4,2,0,7,1,0,0,0,0,0,0,1,0,1,1,12,4,3,2,0,0,0,0,0,0,0,0,0,1,1,6,4,2,0,0,0,0,0,1,0,0,0,0,0,0,福岡
5103,芝田京介,シバタ キョウスケ,埼玉,B1,H,100323,1,27,166,54,AB,3.94,13.1,5,6,84,0,0,0.19,15,33.3,0.19,3.5,14,7.1,0.2,4.0,17,23.5,0.17,2.6,12,8.3,0.18,3.6,11,0.0,0.21,3.3,15,0.0,0.21,4.1,B2,B1,B1,45.0,45.0,2025,2,2024-11-01,2025-04-30,125,4,1,2,3,5,0,0,0,0,0,0,0,0,0,0,1,5,4,2,2,0,0,0,0,0,0,0,0,1,3,2,3,5,3,0,0,0,0,0,0,0,0,0,1,5,1,3,2,0,0,0,0,0,0,0,0,0,0,0,5,3,2,1,0,0,0,0,0,0,0,0,0,2,4,3,6,0,0,0,0,0,0,0,0,0,0,1,0,埼玉
5104,山田丈,ヤマダ ジョウ,福岡,A2,H,100911,1,26,165,53,B,6.16,41.8,30,24,129,2,0,0.17,24,62.5,0.19,3.5,23,47.8,0.15,2.3,26,53.8,0.17,3.0,25,36.0,0.16,2.8,24,20.8,0.2,3.5,7,0.0,0.14,3.6,A2,B2,A2,51.0,52.0,2025,2,2024-11-01,2025-04-30,125,15,0,5,2,1,1,0,0,0,0,0,2,0,0,3,8,4,2,5,1,0,0,0,0,0,0,0,0,6,8,8,2,1,1,0,0,0,0,0,1,0,0,3,6,8,4,3,1,0,0,0,0,0,0,0,0,3,2,6,6,2,5,0,0,0,0,0,0,0,0,0,0,0,3,2,2,0,0,0,0,0,0,0,0,0,0,0,0,福岡
5105,富田恕生,トミタ ジョウ,福岡,B1,H,101021,1,26,165,53,B,5.21,35.5,9,29,107,2,0,0.18,15,60.0,0.17,3.3,24,37.5,0.17,3.7,19,47.3,0.18,3.7,15,26.6,0.2,3.2,21,28.5,0.16,3.9,13,7.6,0.18,3.1,B1,B1,B1,50.0,49.0,2025,2,2024-11-01,2025-04-30,125,5,4,4,1,1,0,0,0,0,0,0,0,0,0,3,6,8,2,4,1,0,0,0,0,0,0,0,0,0,9,2,2,2,4,0,0,0,0,0,1,0,0,1,3,2,3,3,2,0,0,0,0,0,0,1,0,0,6,3,3,4,5,0,0,0,0,0,0,0,0,0,1,3,1,4,4,0,0,0,0,0,0,0,0,0,0,0,0,静岡
5106,山崎祥,ヤマサキ ショウ,山口,B1,H,110124,1,26,158,52,A,3.97,20.3,11,10,103,1,0,0.21,16,50.0,0.22,4.8,21,19.0,0.23,4.5,13,23.0,0.2,3.8,17,5.8,0.21,5.1,17,23.5,0.19,4.0,19,5.2,0.24,5.1,B1,A2,B1,48.0,44.0,2025,2,2024-11-01,2025-04-30,125,8,0,1,1,2,3,1,0,0,0,0,0,0,0,2,2,3,3,6,5,0,0,0,0,0,0,0,0,0,3,4,1,3,2,0,0,0,0,0,0,0,0,1,0,6,3,4,3,0,0,0,0,0,0,0,0,0,4,0,3,4,5,0,0,0,0,0,1,1,0,0,1,0,3,6,9,0,0,0,0,0,1,0,0,0,0,0,0,山口
5107,松本真広,マツモト マサヒロ,福岡,B1,H,110218,1,26,162,51,O,3.92,15.6,4,6,64,0,0,0.17,8,25.0,0.15,3.0,11,27.2,0.15,2.8,12,16.6,0.18,3.8,10,10.0,0.17,4.1,12,16.6,0.19,3.7,11,0.0,0.16,3.7,B2,B1,B1,45.0,45.0,2025,2,2024-11-01,2025-04-30,125,2,0,3,2,0,1,0,0,0,0,0,0,0,0,0,3,1,2,1,4,0,0,0,0,0,0,0,0,1,1,2,2,2,3,0,0,0,0,0,0,1,0,1,0,1,2,2,4,0,0,0,0,0,0,0,0,0,2,3,2,4,1,0,0,0,0,0,0,0,0,0,0,2,3,2,4,0,0,0,0,0,0,0,0,0,0,0,0,熊本
5108,柴田愛梨,シバタ アイリ,群馬,B2,H,110225,2,26,157,47,O,0.0,0.0,0,0,0,0,0,0.0,0,0.0,0.0,0.0,0,0.0,0.0,0.0,0,0.0,0.0,0.0,0,0.0,0.0,0.0,0,0.0,0.0,0.0,0,0.0,0.0,0.0,B2,B2,B2,0.0,0.0,2025,2,2024-11-01,2025-04-30,125,0,0,0,0,0,0,0,0,0,0,0,0,0,0,0,0,0,0,0,0,0,0,0,0,0,0,0,0,0,0,0,0,0,0,0,0,0,0,0,0,0,0,0,0,0,0,0,0,0,0,0,0,0,0,0,0,0,0,0,0,0,0,0,0,0,0,0,0,0,0,0,0,0,0,0,0,0,0,0,0,0,0,0,0,0,0,0,0,群馬
5109,川崎智稔,カワサキ トモナリ,岡山,B1,H,110712,1,25,158,52,A,5.23,32.6,12,22,104,0,0,0.14,13,69.2,0.14,2.1,21,23.8,0.14,2.4,16,37.5,0.13,2.5,18,27.7,0.13,2.5,22,22.7,0.15,2.6,14,28.5,0.12,3.4,B1,B1,B1,48.0,49.0,2025,2,2024-11-01,2025-04-30,125,6,3,3,0,0,0,0,0,0,0,0,0,1,0,2,3,3,5,5,2,0,0,0,0,0,0,0,1,2,4,4,1,3,1,0,0,0,0,0,0,1,0,2,3,3,6,3,1,0,0,0,0,0,0,0,0,0,5,4,8,4,1,0,0,0,0,0,0,0,0,0,4,3,1,3,3,0,0,0,0,0,0,0,0,0,0,0,0,岡山
5110,杉山喜一,スギヤマ キイチ,静岡,A2,H,110905,1,25,170,51,A,5.63,35.3,28,18,130,0,0,0.16,24,79.1,0.16,2.1,23,34.7,0.18,3.3,20,50.0,0.14,2.5,22,27.2,0.16,3.4,24,4.1,0.18,3.1,17,11.7,0.16,3.5,B1,B1,B1,46.0,50.0,2025,2,2024-11-01,2025-04-30,125,16,3,2,2,1,0,0,0,0,0,0,0,0,0,2,6,6,5,1,3,0,0,0,0,0,0,0,0,6,4,4,3,1,2,0,0,0,0,0,0,0,0,2,4,5,4,4,2,0,0,0,0,0,0,0,1,1,0,5,8,5,5,0,0,0,0,0,0,0,0,1,1,3,6,4,2,0,0,0,0,0,0,0,0,0,0,0,0,静岡
5111,三村岳人,ミムラ ガクト,岡山,A2,H,111003,1,25,169,53,AB,5.71,40.0,21,27,120,0,0,0.16,26,69.2,0.18,3.5,19,57.8,0.17,3.6,20,25.0,0.16,3.0,21,28.5,0.14,2.7,11,27.2,0.14,2.6,23,21.7,0.15,3.2,A2,A2,B1,50.0,50.0,2025,2,2024-11-01,2025-04-30,125,13,5,5,2,1,0,0,0,0,0,0,1,0,0,3,8,2,5,1,0,0,0,0,0,0,0,0,0,0,5,3,5,5,2,0,0,0,0,0,0,0,0,4,2,5,5,2,2,1,0,0,0,0,0,0,0,1,2,2,2,2,1,0,0,0,0,0,0,1,0,0,5,5,2,5,6,0,0,0,0,0,0,0,0,0,0,0,0,岡山
5112,砂長知輝,スナナガ トモキ,埼玉,A1,H,111010,1,25,169,52,O,6.82,51.3,51,28,154,5,0,0.16,33,84.8,0.14,2.8,26,57.6,0.14,3.3,23,43.4,0.16,4.0,27,48.1,0.16,3.4,23,30.4,0.18,3.9,22,27.2,0.22,4.0,A2,A1,A2,56.0,54.0,2025,2,2024-11-01,2025-04-30,125,25,3,4,1,0,0,0,0,0,0,0,0,0,0,9,6,4,2,3,2,0,0,0,0,0,0,0,0,3,7,5,3,3,1,0,0,0,0,0,0,0,1,9,4,9,2,3,0,0,0,0,0,0,0,0,0,2,5,8,4,2,2,0,0,0,0,0,0,0,0,3,3,5,3,3,5,0,0,0,0,0,1,0,0,0,0,0,0,埼玉
5113,黒明花夢,クロミョウ ハナム,岡山,B2,H,111124,2,25,156,47,B,2.92,13.8,3,2,36,0,0,0.2,3,100.0,0.09,1.0,6,16.6,0.18,3.0,7,14.2,0.23,3.6,6,0.0,0.21,3.7,6,0.0,0.18,3.5,8,0.0,0.27,5.4,B2,B2,B1,40.0,38.0,2025,2,2024-11-01,2025-04-30,125,3,0,0,0,0,0,0,0,0,0,0,0,0,0,0,1,1,1,1,2,0,0,0,0,0,0,0,0,0,1,0,2,1,1,2,0,0,0,0,0,0,0,0,0,1,1,1,3,0,0,0,0,0,0,0,0,0,0,0,0,2,4,0,0,0,0,0,0,0,0,0,0,0,0,3,5,0,0,0,0,0,0,0,0,0,0,0,0,岡山
5114,小林孝彰,コバヤシ タカアキ,福井,A2,H,111231,1,25,164,53,A,6.03,40.5,23,20,106,2,0,0.17,16,87.5,0.14,2.8,16,56.2,0.16,2.7,17,35.2,0.15,2.4,22,36.3,0.17,2.5,19,26.3,0.18,3.6,16,6.2,0.21,4.6,B1,B1,B1,49.0,52.0,2025,2,2024-11-01,2025-04-30,125,11,3,1,0,0,1,0,0,0,0,0,0,0,0,5,4,4,1,1,1,0,0,0,0,0,0,0,0,3,3,6,4,0,1,0,0,0,0,0,0,0,0,4,4,4,6,2,2,0,0,0,0,0,0,0,0,0,5,4,6,3,1,0,0,0,0,0,0,0,0,0,1,2,6,3,4,0,0,0,0,0,0,0,0,0,0,1,0,石川
5115,香川颯太,カガワ ソウタ,滋賀,A2,H,120204,1,25,166,51,A,6.01,43.9,28,34,141,4,0,0.15,26,84.6,0.14,1.8,23,52.1,0.16,2.9,20,35.0,0.17,2.5,21,57.1,0.14,2.7,21,23.8,0.16,2.8,30,13.3,0.15,3.1,B1,A2,B1,49.0,52.0,2025,2,2024-11-01,2025-04-30,125,17,5,3,0,1,0,0,0,0,0,0,0,0,0,3,9,4,3,2,2,0,0,0,0,0,0,0,0,2,5,4,6,3,0,0,0,0,0,0,0,0,0,3,9,5,1,2,1,0,0,0,0,0,0,0,0,2,3,2,5,7,2,0,0,0,0,0,0,0,0,1,3,8,4,8,6,0,0,0,0,0,1,0,0,0,0,0,0,京都
5116,金子七海,カネコ ナナミ,福井,B2,H,120421,2,25,159,46,A,0.0,0.0,0,0,0,0,0,0.0,0,0.0,0.0,0.0,0,0.0,0.0,0.0,0,0.0,0.0,0.0,0,0.0,0.0,0.0,0,0.0,0.0,0.0,0,0.0,0.0,0.0,B2,B2,B2,40.0,0.0,2025,2,2024-11-01,2025-04-30,125,0,0,0,0,0,0,0,0,0,0,0,0,0,0,0,0,0,0,0,0,0,0,0,0,0,0,0,0,0,0,0,0,0,0,0,0,0,0,0,0,0,0,0,0,0,0,0,0,0,0,0,0,0,0,0,0,0,0,0,0,0,0,0,0,0,0,0,0,0,0,0,0,0,0,0,0,0,0,0,0,0,0,0,0,0,0,0,0,福井
5117,冨名腰桃奈,フナコシ モモナ,福岡,B1,H,120502,2,25,141,44,B,3.37,15.3,2,6,52,0,0,0.21,4,50.0,0.31,4.5,10,20.0,0.19,4.0,11,27.2,0.17,3.9,8,0.0,0.18,3.6,11,9.0,0.23,4.5,8,0.0,0.21,5.6,B2,B2,B1,42.0,43.0,2025,2,2024-11-01,2025-04-30,125,1,1,0,1,1,0,0,0,0,0,0,0,0,0,0,2,0,3,3,2,0,0,0,0,0,0,0,0,1,2,2,3,0,3,0,0,0,0,0,0,0,0,0,0,0,3,3,2,0,0,0,0,0,0,0,0,0,1,0,2,3,5,0,0,0,0,0,0,0,0,0,0,1,0,2,5,0,0,0,0,0,0,0,0,0,0,0,0,沖縄
5118,野田なづき,ノダ ナヅキ,佐賀,B1,H,120719,2,24,157,45,A,5.3,32.0,9,7,50,1,0,0.2,7,85.7,0.2,2.9,8,25.0,0.22,3.8,11,18.1,0.19,3.0,9,44.4,0.19,3.3,9,22.2,0.17,3.3,6,0.0,0.25,4.5,B2,B1,B1,53.0,49.0,2025,2,2024-11-01,2025-04-30,125,5,1,1,0,0,0,0,0,0,0,0,0,0,0,0,2,2,1,3,0,0,0,0,0,0,0,0,0,1,1,3,3,1,0,0,0,0,0,0,0,2,0,1,3,1,2,1,1,0,0,0,0,0,0,0,0,2,0,1,1,2,3,0,0,0,0,0,0,0,0,0,0,2,2,1,1,0,0,0,0,0,0,0,0,0,0,0,0,佐賀
5120,山本稔太朗,ヤマモト ジンタロウ,愛知,B1,H,130313,1,24,161,55,B,4.93,29.7,9,16,84,0,0,0.16,10,70.0,0.13,3.3,17,35.2,0.16,3.5,11,45.4,0.17,3.6,17,11.7,0.17,2.6,19,21.0,0.15,3.9,10,10.0,0.2,4.6,B1,B1,A2,48.0,47.0,2025,2,2024-11-01,2025-04-30,125,5,2,1,2,0,0,0,0,0,0,0,0,0,0,2,4,6,2,1,2,0,0,0,0,0,0,0,0,0,5,1,3,1,1,0,0,0,0,0,0,0,0,1,1,2,3,4,3,1,0,0,0,0,0,2,0,1,3,4,3,4,4,0,0,0,0,0,0,0,0,0,1,2,3,2,2,0,0,0,0,0,1,0,0,0,0,1,0,愛知
5121,定松勇樹,サダマツ ユウキ,佐賀,A1,H,130502,1,24,169,53,A,7.19,45.2,32,25,126,5,0,0.14,27,85.1,0.14,3.4,16,56.2,0.12,3.1,22,36.3,0.14,3.2,19,47.3,0.16,3.2,19,21.0,0.14,3.3,23,17.3,0.15,3.6,A1,A1,A1,66.0,72.0,2025,2,2024-11-01,2025-04-30,125,20,3,3,0,0,1,0,0,0,0,0,0,0,0,4,5,2,2,1,2,0,0,0,0,0,0,0,0,3,5,8,1,3,1,0,0,0,0,0,0,1,0,4,5,5,2,2,0,1,0,0,0,0,0,0,0,0,4,4,2,7,1,0,0,0,0,0,1,1,0,1,3,4,8,4,2,0,0,0,0,0,0,1,0,0,0,0,0,福岡
5122,相馬翔,ソウマ ショウ,埼玉,B1,H,130703,1,23,171,57,AB,4.64,30.6,7,20,88,0,0,0.17,15,66.6,0.15,2.6,12,33.3,0.16,3.4,15,40.0,0.13,2.4,17,23.5,0.17,3.4,12,16.6,0.17,3.5,17,5.8,0.21,4.7,B1,B1,B1,44.0,46.0,2025,2,2024-11-01,2025-04-30,125,5,5,2,1,1,0,1,0,0,0,0,0,0,0,1,3,3,0,3,0,1,0,0,0,0,0,1,0,1,5,4,1,2,2,0,0,0,0,0,1,0,0,0,4,1,3,6,3,0,0,0,0,0,0,0,0,0,2,2,2,4,2,0,0,0,0,0,0,0,0,0,1,2,3,4,7,0,0,0,0,0,1,0,0,0,0,0,0,埼玉
5123,福山恵里奈,フクヤマ エリナ,山口,B1,H,080408,2,29,158,49,A,3.9,17.7,6,8,79,0,0,0.17,10,50.0,0.22,3.8,16,31.2,0.17,3.8,13,7.6,0.11,2.7,16,12.5,0.21,4.2,14,7.1,0.15,2.9,10,0.0,0.19,4.1,B1,B1,B2,45.0,44.0,2025,2,2024-11-01,2025-04-30,126,5,0,1,0,0,4,0,0,0,0,0,1,0,0,0,5,3,2,2,3,0,0,0,0,0,0,1,0,1,0,2,6,4,0,0,0,0,0,0,0,0,0,0,2,2,4,4,4,0,0,0,0,0,0,0,0,0,1,2,1,4,6,0,0,0,0,0,0,0,0,0,0,2,2,1,5,0,0,0,0,0,0,0,0,0,0,0,0,山口
5124,上瀧絢也,ジョウタキ ケンヤ,佐賀,B1,H,080414,1,29,169,54,O,4.29,23.9,11,17,117,0,0,0.15,16,75.0,0.12,2.9,17,17.6,0.16,2.6,23,21.7,0.14,2.8,17,5.8,0.14,3.1,23,21.7,0.15,2.7,21,9.5,0.16,3.8,B1,B1,B1,44.0,46.0,2025,2,2024-11-01,2025-04-30,126,6,6,1,1,2,0,0,0,0,0,0,0,0,0,0,3,3,3,5,3,0,0,0,0,0,0,0,0,2,3,4,9,3,2,0,0,0,0,0,0,0,0,1,0,3,3,2,8,0,0,0,0,0,0,0,0,2,3,2,6,8,1,1,0,0,0,0,0,0,0,0,2,1,2,7,8,1,0,0,0,0,0,0,0,0,0,0,0,佐賀
5125,高井雄基,タカイ ユウキ,愛知,A1,H,080719,1,28,169,52,O,6.37,48.8,22,22,90,5,0,0.16,16,87.5,0.16,3.0,14,78.5,0.12,3.1,10,50.0,0.16,3.0,15,60.0,0.2,3.5,18,22.2,0.17,3.1,17,5.8,0.18,4.1,B1,A2,B1,50.0,52.0,2025,2,2024-11-01,2025-04-30,126,12,2,1,0,1,0,0,0,0,0,0,0,0,0,5,6,1,0,0,1,0,0,0,0,0,0,1,0,2,3,4,1,0,0,0,0,0,0,0,0,0,0,2,7,2,2,1,1,0,0,0,0,0,0,0,0,1,3,1,6,5,1,1,0,0,0,0,0,0,0,0,1,6,4,3,3,0,0,0,0,0,0,0,0,0,0,0,0,愛知
5126,山下大輝,ヤマシタ ダイキ,兵庫,A2,H,080827,1,28,165,51,A,5.87,42.1,26,22,114,1,0,0.18,21,76.1,0.16,3.4,17,29.4,0.17,3.5,17,47.0,0.18,3.8,18,27.7,0.2,3.5,19,57.8,0.17,2.7,22,13.6,0.19,4.1,A2,B1,B1,51.0,51.0,2025,2,2024-11-01,2025-04-30,126,9,7,2,1,1,0,1,0,0,0,0,1,0,0,3,2,5,5,1,1,0,0,0,0,0,1,0,0,4,4,3,4,0,2,0,0,0,0,0,0,0,0,3,2,3,6,4,0,0,0,0,0,0,0,0,0,6,5,2,2,4,0,0,0,0,0,0,0,0,0,1,2,0,7,6,6,0,0,0,0,0,0,0,0,0,0,1,0,兵庫
5127,沼田大都,ヌマタ ヒロト,愛知,B1,H,081009,1,28,153,50,A,5.04,29.2,10,23,113,0,0,0.19,17,52.9,0.18,3.4,22,40.9,0.2,3.9,22,22.7,0.19,4.0,18,27.7,0.17,3.3,22,22.7,0.2,4.5,12,0.0,0.19,4.4,B1,B1,B1,48.0,49.0,2025,2,2024-11-01,2025-04-30,126,6,3,2,5,0,1,0,0,0,0,0,1,0,0,1,8,6,5,2,0,0,0,0,0,0,0,0,0,0,5,5,7,4,1,0,0,0,0,0,0,0,0,2,3,6,2,1,3,0,0,0,0,0,0,1,0,1,4,5,2,3,7,0,0,0,0,0,0,0,0,0,0,1,2,3,6,0,0,0,0,0,0,0,0,0,0,0,0,広島
5128,坪井爽佑,ツボイ ソウスケ,三重,B2,H,081216,1,28,169,59,A,3.76,21.9,2,7,41,0,0,0.2,4,50.0,0.21,3.0,7,14.2,0.25,4.0,9,44.4,0.18,3.6,5,0.0,0.2,3.2,9,22.2,0.19,3.2,7,0.0,0.19,4.4,B2,B2,B1,40.0,44.0,2025,2,2024-11-01,2025-04-30,126,0,2,0,1,0,1,0,0,0,0,0,0,0,0,0,1,1,3,0,2,0,0,0,0,0,0,0,0,1,3,0,2,1,2,0,0,0,0,0,0,0,0,0,0,0,2,1,2,0,0,0,0,0,0,0,0,1,1,2,0,1,4,0,0,0,0,0,0,0,0,0,0,0,0,4,3,0,0,0,0,0,0,0,0,0,0,0,0,三重
5129,山口真喜子,ヤマグチ マキコ,長崎,A2,H,090320,2,28,161,46,A,5.87,43.1,28,29,132,2,0,0.17,27,70.3,0.18,3.4,20,60.0,0.19,3.6,25,52.0,0.17,2.8,20,35.0,0.15,2.8,15,13.3,0.18,3.8,25,16.0,0.16,3.3,A2,B1,B1,51.0,52.0,2025,2,2024-11-01,2025-04-30,126,15,4,2,3,1,2,0,0,0,0,0,0,0,0,5,7,4,0,1,3,0,0,0,0,0,0,0,0,4,9,4,2,3,3,0,0,0,0,0,0,0,0,3,4,4,5,1,1,0,0,0,0,0,0,2,0,1,1,1,6,1,4,0,0,0,0,0,0,1,0,0,4,4,6,4,7,0,0,0,0,0,0,0,0,0,0,0,0,長崎
5130,上野拓馬,ウエノ タクマ,三重,B1,H,100113,1,27,164,53,B,4.28,23.1,15,13,121,0,0,0.18,17,70.5,0.17,2.5,22,22.7,0.17,3.9,22,22.7,0.18,3.7,22,9.0,0.18,3.4,21,14.2,0.17,3.4,17,5.8,0.2,4.1,B1,B1,B1,46.0,46.0,2025,2,2024-11-01,2025-04-30,126,9,3,2,0,1,2,0,0,0,0,0,0,0,0,2,3,0,6,4,7,0,0,0,0,0,0,0,0,2,3,4,5,3,5,0,0,0,0,0,0,0,0,0,2,3,7,5,5,0,0,0,0,0,0,0,0,1,2,2,6,4,6,0,0,0,0,0,0,0,0,1,0,2,5,3,5,0,0,0,0,0,0,1,0,0,0,0,0,三重
5131,江藤敦宏,エトウ アツヒロ,福岡,B1,H,110408,1,26,153,52,O,3.53,10.9,3,3,55,0,0,0.18,5,20.0,0.15,2.6,13,23.0,0.2,3.6,9,11.1,0.16,3.5,8,12.5,0.21,4.0,12,0.0,0.18,3.5,8,0.0,0.19,3.5,B1,B2,B1,43.0,43.0,2025,2,2024-11-01,2025-04-30,126,0,1,1,2,1,0,0,0,0,0,0,0,0,0,2,1,3,3,2,2,0,0,0,0,0,0,0,0,1,0,1,3,2,2,0,0,0,0,0,1,0,0,0,1,0,3,2,2,0,0,0,0,0,0,0,0,0,0,1,2,4,4,0,0,0,0,0,0,1,0,0,0,2,0,2,4,0,0,0,0,0,0,0,0,0,0,1,0,福岡
5132,中野希一,ナカノ キイチ,埼玉,A1,H,110427,1,26,170,53,B,6.29,47.9,24,33,119,5,0,0.15,23,65.2,0.18,3.7,21,76.1,0.13,2.4,17,35.2,0.14,2.4,21,47.6,0.14,2.1,20,25.0,0.17,2.7,17,29.4,0.11,2.5,A2,B1,A2,52.0,53.0,2025,2,2024-11-01,2025-04-30,126,8,7,1,5,1,1,0,0,0,0,0,0,0,0,7,9,4,0,1,0,0,0,0,0,0,0,0,0,4,2,4,4,3,0,0,0,0,0,0,0,0,0,2,8,3,3,2,3,0,0,0,0,0,0,0,0,1,4,5,7,2,1,0,0,0,0,0,1,0,0,2,3,2,1,6,2,0,0,0,0,0,0,1,0,0,0,0,0,埼玉
5133,堀越雄貴,ホリコシ ユウキ,東京,B1,H,110730,1,25,163,52,AB,5.03,31.3,15,16,99,0,0,0.17,13,53.8,0.18,3.7,17,41.1,0.18,3.9,21,33.3,0.14,3.1,17,23.5,0.16,3.6,13,23.0,0.16,4.2,18,16.6,0.2,4.7,B1,B1,B1,48.0,48.0,2025,2,2024-11-01,2025-04-30,126,6,1,0,1,2,3,0,0,0,0,0,0,0,0,0,7,3,1,3,3,0,0,0,0,0,0,0,0,5,2,5,5,1,2,1,0,0,0,0,0,0,0,2,2,4,3,4,0,0,0,0,0,0,0,2,0,1,2,2,2,5,1,0,0,0,0,0,0,0,0,1,2,5,1,6,3,0,0,0,0,0,0,0,0,0,0,0,0,神奈川
5134,大原祥昌,オオハラ ヨシマサ,広島,A2,H,110805,1,25,164,54,A,5.92,39.8,24,21,113,3,0,0.13,19,73.6,0.14,2.6,18,61.1,0.14,3.1,21,33.3,0.14,2.8,18,44.4,0.12,2.1,18,11.1,0.12,2.5,19,15.7,0.12,2.7,B1,B1,B1,48.0,52.0,2025,2,2024-11-01,2025-04-30,126,10,4,2,0,3,0,0,0,0,0,0,0,0,0,3,8,3,2,1,1,0,0,0,0,0,0,0,0,3,4,3,5,4,2,0,0,0,0,0,0,0,0,5,3,5,3,1,1,0,0,0,0,0,0,0,0,1,1,6,6,3,1,0,0,0,0,0,0,0,0,2,1,4,4,2,5,0,0,0,0,0,0,1,0,0,0,0,0,広島
5135,仲航太,ナカ コウタ,東京,A2,H,111118,1,25,169,54,A,5.81,41.0,25,21,112,4,1,0.15,18,88.8,0.13,2.6,20,40.0,0.16,3.7,23,34.7,0.16,3.4,19,31.5,0.15,2.8,16,37.5,0.17,3.8,15,13.3,0.15,3.3,B1,B1,B1,49.0,50.0,2025,2,2024-11-01,2025-04-30,126,14,2,1,0,1,0,0,0,0,0,0,0,0,0,3,5,4,4,3,1,0,0,0,0,0,1,0,0,3,5,4,2,4,5,0,0,0,0,0,0,0,0,0,6,6,2,2,3,0,0,0,0,0,0,0,0,3,3,3,3,2,2,0,0,0,0,0,0,0,0,2,0,4,3,1,3,0,0,0,0,0,0,2,0,0,0,1,1,神奈川
5136,濱野斗馬,ハマノ トウマ,香川,A1,H,111217,1,25,157,55,A,6.69,48.2,40,29,143,3,1,0.14,33,81.8,0.12,2.1,23,39.1,0.14,3.2,26,57.6,0.14,2.4,22,50.0,0.16,2.5,19,21.0,0.13,2.8,20,15.0,0.14,3.3,A2,A1,A1,54.0,55.0,2025,2,2024-11-01,2025-04-30,126,25,2,5,0,1,0,0,0,0,0,0,0,0,0,4,5,6,5,3,0,0,0,0,0,0,0,0,0,5,10,5,2,4,0,0,0,0,0,0,0,0,0,5,6,6,3,2,0,0,0,0,0,0,0,0,0,0,4,5,6,2,2,0,0,0,0,0,0,0,0,1,2,3,9,2,2,0,0,0,0,0,0,1,0,0,0,2,0,香川
5137,川原涼,カワハラ リョウ,愛知,A2,H,120223,1,25,166,54,O,5.56,38.9,25,21,118,1,0,0.14,21,95.2,0.15,2.5,22,40.9,0.15,3.0,17,11.7,0.16,3.1,23,34.7,0.12,2.2,18,22.2,0.12,2.3,17,17.6,0.17,3.5,B1,B1,B1,48.0,50.0,2025,2,2024-11-01,2025-04-30,126,17,3,0,1,0,0,0,0,0,0,0,0,0,0,2,7,3,4,2,3,0,0,0,0,0,0,1,0,0,2,4,2,7,2,0,0,0,0,0,0,0,0,5,3,4,7,1,2,0,0,0,0,0,0,1,0,1,3,4,5,3,2,0,0,0,0,0,0,0,0,0,3,1,4,5,4,0,0,0,0,0,0,0,0,0,0,0,0,愛知
5138,村本大成,ムラモト タイセイ,福岡,B1,H,120430,1,25,174,53,AB,3.01,7.4,1,4,67,0,0,0.21,9,11.1,0.21,4.5,12,8.3,0.2,4.4,9,22.2,0.2,4.4,9,0.0,0.21,4.9,11,9.0,0.19,4.8,17,0.0,0.22,4.7,B2,B1,B2,40.0,42.0,2025,2,2024-11-01,2025-04-30,126,0,1,1,3,2,1,1,0,0,0,0,0,0,0,0,1,2,2,2,5,0,0,0,0,0,0,0,0,1,1,1,1,3,2,0,0,0,0,0,0,0,0,0,0,1,3,4,1,0,0,0,0,0,1,0,0,0,1,0,3,1,6,0,0,0,0,0,0,0,0,0,0,1,6,3,7,0,0,0,0,0,0,0,0,0,0,0,0,福岡
5139,大場恒季,オオバ コウキ,愛知,B1,H,120623,1,25,167,52,B,6.38,47.2,12,14,55,1,0,0.19,10,70.0,0.21,3.8,7,57.1,0.18,3.6,8,37.5,0.16,2.9,13,53.8,0.22,4.1,10,40.0,0.18,3.8,7,14.2,0.18,4.4,A2,B2,B1,50.0,53.0,2025,2,2024-11-01,2025-04-30,126,6,1,0,2,0,0,1,0,0,0,0,0,0,0,2,2,1,1,1,0,0,0,0,0,0,1,0,0,1,2,5,0,0,0,0,0,0,0,0,0,0,0,2,5,1,3,1,1,0,0,0,0,0,0,0,0,0,4,2,3,1,0,0,0,0,0,0,0,0,0,1,0,1,2,3,0,0,0,0,0,0,0,0,0,0,0,0,0,愛知
5140,吉田彩乃,ヨシダ アヤノ,静岡,B1,H,120922,2,24,158,49,B,4.1,21.5,7,10,79,1,0,0.19,11,27.2,0.19,3.5,13,38.4,0.18,3.2,13,7.6,0.2,3.6,17,35.2,0.17,4.2,14,0.0,0.19,3.4,11,18.1,0.23,4.8,B1,B2,B1,47.0,45.0,2025,2,2024-11-01,2025-04-30,126,2,1,3,2,1,2,0,0,0,0,0,0,0,0,4,1,2,2,1,3,0,0,0,0,0,0,0,0,0,1,2,3,4,3,0,0,0,0,0,0,0,0,1,5,1,3,4,3,0,0,0,0,0,0,0,0,0,0,1,3,3,6,0,0,0,0,0,0,1,0,0,2,1,2,3,3,0,0,0,0,0,0,0,0,0,0,0,0,静岡
5141,大澤風葵,オオサワ フウキ,群馬,A1,H,121221,1,24,162,55,A,6.3,52.2,22,25,90,3,0,0.12,19,73.6,0.12,1.8,11,72.7,0.15,3.0,13,61.5,0.13,2.5,18,44.4,0.12,2.1,20,35.0,0.11,2.4,9,22.2,0.15,3.3,A1,A2,A1,55.0,52.0,2025,2,2024-11-01,2025-04-30,126,9,5,1,0,2,0,2,0,0,0,0,0,0,0,2,6,0,2,1,0,0,0,0,0,0,1,0,0,5,3,2,3,0,0,0,0,0,0,0,0,0,0,4,4,3,4,2,1,0,0,0,0,0,0,0,0,1,6,2,4,2,4,0,0,0,0,0,0,1,0,1,1,2,1,1,2,0,0,0,0,0,0,1,0,0,0,0,0,群馬
5142,常住蓮,ツネズミ レン,佐賀,A1,H,130102,1,24,161,51,A,6.79,47.6,43,29,151,7,3,0.13,37,94.5,0.12,2.1,24,45.8,0.15,2.9,24,41.6,0.13,2.4,28,42.8,0.14,2.9,19,15.7,0.14,2.8,19,5.2,0.14,3.4,A1,A1,A2,54.0,61.0,2025,2,2024-11-01,2025-04-30,126,29,6,2,0,0,0,0,0,0,0,0,0,0,0,5,6,4,3,5,1,0,0,0,0,0,0,0,0,6,4,7,5,2,0,0,0,0,0,0,0,0,0,3,9,7,5,4,0,0,0,0,0,0,0,0,0,0,3,7,5,3,1,0,0,0,0,0,0,0,0,0,1,2,4,6,6,0,0,0,0,0,0,0,0,0,0,2,0,佐賀
5143,常盤海心,トキワ カイシン,徳島,B1,H,130223,1,24,170,55,A,4.09,17.0,8,8,94,0,0,0.19,9,44.4,0.26,4.3,21,33.3,0.2,4.4,24,12.5,0.18,3.8,9,11.1,0.19,3.7,12,8.3,0.13,3.3,19,0.0,0.19,3.7,B1,B1,B2,43.0,45.0,2025,2,2024-11-01,2025-04-30,126,3,1,1,1,1,2,0,0,0,0,0,0,0,0,4,3,4,5,2,3,0,0,0,0,0,0,0,0,1,2,6,3,4,8,0,0,0,0,0,0,0,0,0,1,3,1,2,2,0,0,0,0,0,0,0,0,0,1,5,2,3,1,0,0,0,0,0,0,0,0,0,0,1,4,2,12,0,0,0,0,0,1,0,0,0,0,0,0,徳島
5144,中尾彩香,ナカオ サヤカ,福岡,B1,H,130627,2,24,162,47,O,3.94,20.5,5,9,68,0,0,0.2,6,50.0,0.21,4.0,11,36.3,0.18,3.9,15,13.3,0.17,3.0,13,23.0,0.21,3.7,15,13.3,0.19,4.0,8,0.0,0.26,4.8,B1,B2,B1,46.0,44.0,2025,2,2024-11-01,2025-04-30,126,2,1,1,0,1,1,0,0,0,0,0,0,0,0,2,2,1,3,1,2,0,0,0,0,0,1,0,0,0,2,2,5,3,2,1,0,0,0,0,0,0,0,1,2,0,4,2,4,0,0,0,0,0,0,0,0,0,2,0,8,0,5,0,0,0,0,0,0,0,0,0,0,0,2,0,6,0,0,0,0,0,0,0,0,0,0,0,0,沖縄
5145,島川海輝,シマカワ カイキ,山口,A2,H,150309,1,22,172,52,O,5.6,36.7,30,20,136,1,0,0.15,32,84.3,0.13,2.4,19,31.5,0.15,3.0,26,34.6,0.16,2.5,20,10.0,0.16,3.2,23,21.7,0.14,2.4,15,6.6,0.19,4.1,A1,B1,A2,53.0,53.0,2025,2,2024-11-01,2025-04-30,126,25,2,1,0,3,0,0,0,0,0,0,0,1,0,1,5,5,3,4,1,0,0,0,0,0,0,0,0,3,6,9,3,3,1,0,0,0,0,0,0,1,0,0,2,4,5,9,0,0,0,0,0,0,0,0,0,0,5,3,1,8,6,0,0,0,0,0,0,0,0,1,0,1,3,3,7,0,0,0,0,0,0,0,0,0,0,0,1,山口
5146,野田彩加,ノダ アヤカ,山口,B1,H,150430,2,22,166,49,O,4.63,25.5,14,20,133,0,0,0.17,24,66.6,0.15,2.6,24,29.1,0.18,3.5,20,15.0,0.16,3.2,21,9.5,0.21,4.0,22,18.1,0.15,3.2,22,9.0,0.15,3.0,A2,B1,B1,52.0,48.0,2025,2,2024-11-01,2025-04-30,126,9,7,3,2,1,1,0,0,0,0,0,0,1,0,3,4,4,2,7,4,0,0,0,0,0,0,0,0,0,3,4,8,3,2,0,0,0,0,0,1,0,0,0,2,5,6,4,4,0,0,0,0,0,0,0,0,1,3,4,5,3,4,0,0,0,0,0,0,2,0,1,1,3,2,6,8,0,0,0,0,0,0,1,0,0,0,0,0,山口
5147,田中勇輔,タナカ ユウスケ,埼玉,B1,H,060119,1,31,173,52,O,4.84,28.3,9,10,67,0,0,0.14,9,55.5,0.12,2.0,12,16.6,0.14,2.3,12,33.3,0.15,3.0,12,50.0,0.14,1.8,12,8.3,0.17,2.4,10,10.0,0.14,2.6,B1,B1,B1,48.0,48.0,2025,2,2024-11-01,2025-04-30,127,4,1,1,2,0,0,1,0,0,0,0,0,0,0,1,1,3,5,1,1,0,0,0,0,0,0,0,0,2,2,1,3,3,1,0,0,0,0,0,0,0,0,2,4,2,1,2,0,1,0,0,0,0,0,0,0,0,1,1,3,4,3,0,0,0,0,0,0,0,0,0,1,1,3,2,3,0,0,0,0,0,1,0,0,0,0,0,0,埼玉
5148,松本怜,マツモト レイ,福岡,B1,H,060207,2,31,157,45,AB,5.22,32.3,14,18,99,0,0,0.18,15,73.3,0.19,3.2,19,36.8,0.19,3.8,18,27.7,0.2,3.2,15,46.6,0.2,3.9,17,5.8,0.14,2.5,15,6.6,0.2,3.6,B1,B1,B1,48.0,49.0,2025,2,2024-11-01,2025-04-30,127,7,4,2,1,0,1,0,0,0,0,0,0,0,0,2,5,4,4,2,1,1,0,0,0,0,0,0,0,4,1,4,5,3,1,0,0,0,0,0,1,0,0,1,6,2,2,4,0,0,0,0,0,0,0,0,0,0,1,4,4,5,2,0,0,0,0,0,0,1,0,0,1,1,6,3,4,0,0,0,0,0,0,0,0,0,0,0,0,福岡
5150,坂本雄紀,サカモト ユウキ,群馬,A2,H,061018,1,30,163,54,A,6.09,43.0,33,26,137,4,0,0.15,22,77.2,0.18,3.3,24,45.8,0.14,2.3,24,45.8,0.17,3.3,24,37.5,0.15,2.6,25,28.0,0.14,2.3,18,22.2,0.12,2.2,A2,A2,B1,49.0,52.0,2025,2,2024-11-01,2025-04-30,127,12,5,1,0,3,1,0,0,0,0,0,0,0,0,5,6,4,3,4,1,0,0,0,0,0,2,1,0,4,7,5,3,4,1,0,0,0,0,0,0,0,0,7,2,6,3,4,2,0,0,0,0,0,0,0,0,3,4,7,5,4,1,0,0,0,0,0,0,1,0,2,2,4,5,2,3,0,0,0,0,0,0,0,0,0,0,1,0,群馬
5151,山下奈緒,ヤマシタ ナオ,大阪,B1,H,070413,2,30,152,47,O,4.23,13.8,3,6,65,0,0,0.24,9,33.3,0.19,3.0,13,7.6,0.23,4.1,14,0.0,0.26,4.5,12,16.6,0.25,4.8,9,33.3,0.2,3.6,8,0.0,0.3,4.9,B1,B2,B1,46.0,48.0,2025,2,2024-11-01,2025-04-30,127,2,1,2,4,0,0,0,0,0,0,0,0,0,0,0,1,2,4,3,3,0,0,0,0,0,0,0,0,0,0,2,5,6,1,0,0,0,0,0,0,0,0,0,2,4,2,4,0,0,0,0,0,0,0,0,0,1,2,1,1,2,2,0,0,0,0,0,0,0,0,0,0,3,2,2,1,0,0,0,0,0,0,0,0,0,0,0,0,香川
5152,丸山祐也,マルヤマ ユウヤ,福岡,B1,H,070814,1,29,166,50,A,3.6,12.7,3,4,55,0,0,0.25,6,50.0,0.21,4.2,12,0.0,0.24,4.8,13,23.0,0.24,4.7,7,0.0,0.23,5.3,8,0.0,0.28,5.4,9,11.1,0.26,5.9,B2,B1,B1,43.0,44.0,2025,2,2024-11-01,2025-04-30,127,3,0,1,0,1,1,0,0,0,0,0,0,0,0,0,0,2,5,5,0,0,0,0,0,0,0,0,0,0,3,0,3,3,2,0,0,0,0,0,0,1,1,0,0,1,2,4,0,0,0,0,0,0,0,0,0,0,0,1,4,1,2,0,0,0,0,0,0,0,0,0,1,0,2,3,3,0,0,0,0,0,0,0,0,0,0,0,0,福岡
5153,佐藤ほのか,サトウ ホノカ,東京,B1,H,080403,2,29,149,46,O,3.96,14.5,7,7,96,1,0,0.18,12,50.0,0.21,3.3,17,11.7,0.2,3.4,18,11.1,0.19,3.2,17,5.8,0.17,3.2,18,5.5,0.15,2.7,14,14.2,0.16,3.4,B1,B1,B1,44.0,45.0,2025,2,2024-11-01,2025-04-30,127,5,1,1,1,2,1,0,0,0,0,0,0,1,0,0,2,5,5,2,3,0,0,0,0,0,1,0,0,1,1,4,3,4,5,0,0,0,0,0,0,0,0,0,1,2,4,4,6,0,0,0,0,0,0,0,0,0,1,3,6,5,3,0,0,0,0,0,0,0,0,1,1,2,2,6,2,0,0,0,0,0,0,0,0,0,0,1,0,東京
5154,村松栄太,ムラマツ エイタ,広島,B1,H,080624,1,29,159,53,A,4.88,33.3,9,26,105,0,0,0.17,7,85.7,0.16,2.3,22,36.3,0.17,3.6,24,37.5,0.14,3.1,14,28.5,0.18,3.3,18,22.2,0.18,3.7,20,20.0,0.2,4.2,B1,B1,B1,46.0,47.0,2025,2,2024-11-01,2025-04-30,127,4,2,0,0,1,0,0,0,0,0,0,0,0,0,2,6,3,3,3,5,0,0,0,0,0,0,0,0,1,8,4,8,1,1,0,0,0,0,0,0,0,1,1,3,3,1,2,3,1,0,0,0,0,0,0,0,1,3,3,2,4,5,0,0,0,0,0,0,0,0,0,4,2,4,7,2,0,0,0,0,0,0,1,0,0,0,1,0,広島
5155,内山七海,ウチヤマ ナナミ,福岡,B1,H,081212,2,28,165,46,A,3.65,14.8,5,6,74,0,0,0.17,8,25.0,0.16,2.8,15,33.3,0.16,2.9,13,23.0,0.15,3.4,12,0.0,0.22,4.4,12,8.3,0.14,3.2,14,0.0,0.19,3.3,B2,B1,B1,0.0,43.0,2025,2,2024-11-01,2025-04-30,127,2,0,2,2,1,1,0,0,0,0,0,0,0,0,2,3,2,4,2,2,0,0,0,0,0,0,0,0,1,2,1,3,2,4,0,0,0,0,0,0,0,0,0,0,3,3,2,4,0,0,0,0,0,0,0,0,0,1,3,2,2,4,0,0,0,0,0,0,0,0,0,0,0,0,5,7,1,0,0,0,0,0,1,0,0,0,2,0,福岡
5156,坂野さくら,サカノ サクラ,福井,B1,H,090209,2,28,156,46,O,4.98,30.3,16,21,122,0,0,0.17,19,78.9,0.15,2.7,20,40.0,0.2,3.4,20,30.0,0.17,3.3,23,17.3,0.19,3.5,24,12.5,0.16,3.2,16,6.2,0.18,2.9,B1,B1,B1,47.0,48.0,2025,2,2024-11-01,2025-04-30,127,12,3,0,1,1,2,0,0,0,0,0,0,0,0,1,7,5,1,1,5,0,0,0,0,0,1,0,0,1,5,4,4,3,3,0,0,0,0,0,0,0,0,2,2,8,7,4,0,0,0,0,0,0,0,0,0,0,3,5,2,8,6,0,0,0,0,0,0,0,0,0,1,2,3,4,6,0,0,0,0,0,0,0,0,0,0,1,0,石川
5157,市川健太,イチカワ ケンタ,滋賀,B1,H,091007,1,27,173,56,O,5.46,31.3,21,10,99,0,0,0.17,12,83.3,0.16,2.7,21,38.1,0.19,3.2,20,20.0,0.18,3.9,14,21.4,0.15,2.8,20,30.0,0.16,3.2,12,0.0,0.16,3.8,B1,B1,B1,45.0,50.0,2025,2,2024-11-01,2025-04-30,127,8,2,1,1,0,0,0,0,0,0,0,0,0,0,3,5,5,3,2,2,1,0,0,0,0,0,0,0,3,1,1,7,5,3,0,0,0,0,0,0,0,0,2,1,5,5,0,1,0,0,0,0,0,0,0,0,5,1,5,3,5,1,0,0,0,0,0,0,0,0,0,0,4,3,1,4,0,0,0,0,0,0,0,0,0,0,0,0,京都
5158,宮脇遼太,ミヤワキ リョウタ,福岡,A2,H,100210,1,27,163,51,O,5.75,39.0,38,19,146,4,0,0.15,22,77.2,0.13,2.0,28,50.0,0.15,3.1,18,38.8,0.16,2.7,26,46.1,0.14,2.5,26,11.5,0.14,2.6,26,15.3,0.19,3.3,A2,B1,B1,50.0,50.0,2025,2,2024-11-01,2025-04-30,127,17,0,1,1,1,2,0,0,0,0,0,0,0,0,7,7,5,6,1,2,0,0,0,0,0,0,0,0,4,3,1,4,1,5,0,0,0,0,0,0,0,0,8,4,4,1,6,3,0,0,0,0,0,0,0,0,0,3,11,4,7,1,0,0,0,0,0,0,0,0,2,2,2,8,4,7,0,0,0,0,0,0,1,0,0,0,0,0,福岡
5160,藤森陸斗,フジモリ リクト,福岡,B1,H,110128,1,26,165,54,AB,5.04,32.4,17,21,117,1,1,0.15,19,78.9,0.14,1.8,19,26.3,0.14,3.3,21,33.3,0.18,3.0,16,25.0,0.12,2.8,20,30.0,0.14,3.7,22,4.5,0.18,3.8,B1,B1,B1,46.0,48.0,2025,2,2024-11-01,2025-04-30,127,12,3,0,2,1,0,1,0,0,0,0,0,0,0,1,4,5,4,4,1,0,0,0,0,0,0,0,0,1,6,5,2,6,0,0,0,0,0,0,0,1,0,3,1,1,2,6,2,0,0,0,0,0,0,1,0,0,6,4,2,4,4,0,0,0,0,0,0,0,0,0,1,5,5,3,8,0,0,0,0,0,0,0,0,0,0,1,0,福岡
5161,登玉隼百,トダマ ハヤト,兵庫,A2,H,110603,1,26,168,53,AB,6.25,49.3,38,33,144,1,0,0.13,31,90.3,0.13,2.1,20,65.0,0.15,2.7,19,31.5,0.14,2.5,22,45.4,0.1,2.7,24,20.8,0.14,2.8,28,32.1,0.13,2.2,A2,A2,B1,50.0,51.0,2025,2,2024-11-01,2025-04-30,127,22,6,0,2,0,1,0,0,0,0,0,0,0,0,5,8,3,1,1,1,1,0,0,0,0,1,0,0,2,4,7,3,3,0,0,0,0,0,0,0,0,0,4,6,4,3,2,3,0,0,0,0,0,0,0,0,3,2,7,4,2,6,0,0,0,0,0,0,0,0,2,7,4,2,5,8,0,0,0,0,0,0,0,0,0,0,0,0,兵庫
5162,松尾怜実,マツオ サトミ,福岡,B2,H,111027,2,25,154,47,AB,3.51,11.3,5,1,53,0,0,0.18,6,66.6,0.14,3.0,10,0.0,0.17,3.1,7,0.0,0.14,2.3,8,25.0,0.17,3.6,8,0.0,0.23,3.8,14,0.0,0.22,4.4,B1,B1,B1,46.0,43.0,2025,2,2024-11-01,2025-04-30,127,4,0,1,0,1,0,0,0,0,0,0,0,0,0,0,0,1,4,4,1,0,0,0,0,0,0,0,0,0,0,2,2,2,0,1,0,0,0,0,0,0,0,1,1,0,2,2,1,1,0,0,0,0,0,0,0,0,0,0,2,4,2,0,0,0,0,0,0,0,0,0,0,2,2,4,6,0,0,0,0,0,0,0,0,0,0,0,0,熊本
5163,清水愛海,シミズ アミ,山口,A1,H,111123,2,25,159,47,O,6.45,44.1,28,17,102,3,1,0.18,19,89.4,0.18,3.3,14,50.0,0.18,3.1,18,38.8,0.17,3.6,16,50.0,0.19,3.4,14,35.7,0.18,3.5,21,4.7,0.19,4.7,A1,B1,B1,53.0,56.0,2025,2,2024-11-01,2025-04-30,127,16,1,0,0,1,0,1,0,0,0,0,0,0,0,4,3,3,4,0,0,0,0,0,0,0,1,0,0,3,4,5,2,2,2,0,0,0,0,0,0,0,0,4,4,4,3,1,0,0,0,0,0,0,0,0,0,1,4,3,5,1,0,0,0,0,0,0,1,0,0,0,1,5,4,7,3,0,0,0,0,0,0,1,0,0,0,2,0,山口
5164,森田梨湖,モリタ リコ,福岡,B1,H,111130,2,25,154,49,B,3.1,8.0,3,1,50,0,0,0.24,8,37.5,0.22,4.8,9,0.0,0.21,4.9,11,0.0,0.26,4.2,9,11.1,0.22,4.2,10,0.0,0.27,4.3,3,0.0,0.28,5.3,B2,B2,B2,40.0,43.0,2025,2,2024-11-01,2025-04-30,127,2,1,1,1,2,1,0,0,0,0,0,0,0,0,0,0,1,3,4,1,0,0,0,0,0,0,0,0,0,0,0,5,3,3,0,0,0,0,0,0,0,0,1,0,0,4,2,2,0,0,0,0,0,0,0,0,0,0,0,2,4,4,0,0,0,0,0,0,0,0,0,0,0,0,1,2,0,0,0,0,0,0,0,0,0,0,0,0,福岡
5165,小林愛実,コバヤシ ナルミ,岡山,B1,H,120422,2,25,149,48,B,4.03,20.4,5,15,98,0,0,0.19,14,35.7,0.21,3.6,15,26.6,0.23,4.5,20,30.0,0.14,2.6,17,23.5,0.18,3.1,15,6.6,0.18,4.0,17,0.0,0.21,4.5,B1,B1,B1,48.0,45.0,2025,2,2024-11-01,2025-04-30,127,3,2,2,3,4,0,0,0,0,0,0,0,0,0,1,3,3,2,2,3,0,0,0,0,0,0,1,0,1,5,4,1,4,5,0,0,0,0,0,0,0,0,0,4,3,4,4,2,0,0,0,0,0,0,0,0,0,1,3,4,2,4,1,0,0,0,0,0,0,0,0,0,0,2,10,5,0,0,0,0,0,0,0,0,0,0,0,0,岡山
5166,仲道大輔,ナカミチ ダイスケ,愛知,A2,H,120506,1,25,173,52,B,5.95,46.1,20,16,78,3,1,0.17,17,88.2,0.12,1.5,11,54.5,0.2,3.8,11,54.5,0.17,3.6,12,41.6,0.15,3.7,15,20.0,0.22,4.5,12,8.3,0.18,3.8,A2,A1,A2,53.0,50.0,2025,2,2024-11-01,2025-04-30,127,11,4,0,0,0,0,2,0,0,0,0,0,0,0,2,4,1,2,2,0,0,0,0,0,0,0,0,0,6,0,3,1,0,1,0,0,0,0,0,0,0,0,0,5,4,1,0,2,0,0,0,0,0,0,0,0,0,3,2,5,1,4,0,0,0,0,0,0,0,0,1,0,1,1,3,6,0,0,0,0,0,0,0,0,0,0,0,0,愛知
5167,小川竜太朗,オガワ リョウタロウ,埼玉,B1,H,120519,1,25,172,53,B,4.24,21.7,8,14,101,0,0,0.15,11,45.4,0.14,3.3,18,27.7,0.13,3.0,23,17.3,0.15,2.8,19,15.7,0.14,2.6,17,23.5,0.15,3.1,13,7.6,0.17,3.1,B1,B1,B1,45.0,46.0,2025,2,2024-11-01,2025-04-30,127,3,2,1,1,4,0,0,0,0,0,0,0,0,0,2,3,2,6,4,1,0,0,0,0,0,0,0,0,0,4,3,7,7,2,0,0,0,0,0,0,0,0,2,1,2,3,4,6,0,0,0,0,0,0,1,0,1,3,1,3,7,2,0,0,0,0,0,0,0,0,0,1,3,2,6,1,0,0,0,0,0,0,0,0,0,0,0,0,埼玉
5169,堀本翔太,ホリモト ショウタ,愛知,B2,H,121214,1,24,161,44,O,0.0,0.0,0,0,0,0,0,0.0,0,0.0,0.0,0.0,0,0.0,0.0,0.0,0,0.0,0.0,0.0,0,0.0,0.0,0.0,0,0.0,0.0,0.0,0,0.0,0.0,0.0,B2,B1,B1,43.0,0.0,2025,2,2024-11-01,2025-04-30,127,0,0,0,0,0,0,0,0,0,0,0,0,0,0,0,0,0,0,0,0,0,0,0,0,0,0,0,0,0,0,0,0,0,0,0,0,0,0,0,0,0,0,0,0,0,0,0,0,0,0,0,0,0,0,0,0,0,0,0,0,0,0,0,0,0,0,0,0,0,0,0,0,0,0,0,0,0,0,0,0,0,0,0,0,0,0,0,0,愛知
5170,佐藤太亮,サトウ タイスケ,岡山,B1,H,121218,1,24,168,51,A,4.87,29.9,11,21,107,1,0,0.16,15,60.0,0.13,2.1,20,40.0,0.15,2.9,19,36.8,0.14,2.5,18,33.3,0.17,3.0,18,5.5,0.17,3.4,17,5.8,0.19,4.2,B1,B1,B1,45.0,48.0,2025,2,2024-11-01,2025-04-30,127,7,2,4,1,1,0,0,0,0,0,0,0,0,0,0,8,3,4,3,2,0,0,0,0,0,0,0,0,1,6,5,1,3,3,0,0,0,0,0,0,0,0,2,4,2,5,1,3,1,0,0,0,0,0,0,0,1,0,3,5,3,6,0,0,0,0,0,1,0,0,0,1,1,5,3,7,0,0,0,0,0,0,0,0,0,0,0,0,岡山
5171,清水未唯,シミズ ミユ,滋賀,B2,H,130113,2,24,165,51,A,3.51,17.0,2,5,41,0,0,0.16,5,60.0,0.15,1.4,11,18.1,0.18,3.8,5,20.0,0.12,1.8,5,0.0,0.14,2.8,8,12.5,0.14,2.0,7,0.0,0.19,3.8,B1,B2,B1,46.0,41.0,2025,2,2024-11-01,2025-04-30,127,2,1,1,0,1,0,0,0,0,0,0,0,0,0,0,2,1,2,2,3,0,0,0,0,0,0,1,0,0,1,1,1,1,0,0,0,0,0,0,0,1,0,0,0,1,0,1,3,0,0,0,0,0,0,0,0,0,1,0,3,3,1,0,0,0,0,0,0,0,0,0,0,0,2,1,3,1,0,0,0,0,0,0,0,0,0,1,0,滋賀
5172,田村慶,タムラ ケイ,徳島,A2,H,130204,1,24,171,53,A,5.5,31.8,16,12,88,0,0,0.17,15,46.6,0.19,3.9,19,57.8,0.18,4.5,12,25.0,0.15,2.8,15,20.0,0.16,3.0,17,17.6,0.15,2.6,10,10.0,0.18,3.6,B1,B1,B1,49.0,53.0,2025,2,2024-11-01,2025-04-30,127,5,2,1,3,1,3,0,0,0,0,0,0,0,0,5,6,2,3,3,0,0,0,0,0,0,0,0,0,2,1,2,2,4,1,0,0,0,0,0,0,0,0,2,1,5,2,3,2,0,0,0,0,0,0,0,0,2,1,6,2,4,2,0,0,0,0,0,0,0,0,0,1,4,2,2,1,0,0,0,0,0,1,0,0,0,0,1,0,徳島
5173,谷口佳蓮,タニグチ カレン,香川,B1,H,131114,2,23,158,46,A,4.3,29.5,10,8,61,0,0,0.17,7,85.7,0.14,1.9,13,46.1,0.19,3.8,7,28.5,0.19,2.7,12,16.6,0.16,2.8,11,18.1,0.14,2.7,11,0.0,0.18,3.4,B1,B1,B2,44.0,44.0,2025,2,2024-11-01,2025-04-30,127,5,1,0,0,0,1,0,0,0,0,0,0,0,0,2,4,2,2,0,3,0,0,0,0,0,0,0,0,1,1,0,2,1,1,0,0,0,0,0,0,0,1,2,0,0,1,5,4,0,0,0,0,0,0,0,0,0,2,1,1,5,2,0,0,0,0,0,0,0,0,0,0,1,2,1,7,0,0,0,0,0,0,0,0,0,0,0,0,愛媛
5174,川井萌,カワイ モエ,静岡,A1,H,140108,2,23,153,46,A,6.37,49.2,33,30,128,6,0,0.16,24,83.3,0.15,2.3,18,50.0,0.15,3.6,25,56.0,0.14,2.4,27,37.0,0.17,3.1,20,30.0,0.17,3.6,14,28.5,0.16,3.5,A1,B1,A2,53.0,54.0,2025,2,2024-11-01,2025-04-30,127,17,3,2,0,2,0,0,0,0,0,0,0,0,0,3,6,1,1,5,1,0,0,0,0,0,0,1,0,8,6,5,1,5,0,0,0,0,0,0,0,0,0,2,8,6,5,3,3,0,0,0,0,0,0,0,0,3,3,5,2,5,2,0,0,0,0,0,0,0,0,0,4,2,2,3,3,0,0,0,0,0,0,0,0,0,0,0,0,静岡
5175,島崎丈一朗,シマザキ ジョウイチロウ,東京,B2,H,160118,1,21,173,53,O,3.31,11.2,2,5,62,0,0,0.25,8,37.5,0.29,3.6,10,20.0,0.23,5.1,12,0.0,0.22,4.8,8,25.0,0.25,4.1,8,0.0,0.24,5.3,15,0.0,0.28,5.7,B1,B1,B1,44.0,41.0,2025,2,2024-11-01,2025-04-30,127,1,2,0,2,0,1,1,0,0,0,0,0,0,1,0,2,2,3,2,1,0,0,0,0,0,0,0,0,0,0,2,4,2,4,0,0,0,0,0,0,0,0,1,1,1,0,3,2,0,0,0,0,0,0,0,0,0,0,2,2,2,2,0,0,0,0,0,0,0,0,0,0,2,0,6,7,0,0,0,0,0,0,0,0,0,0,0,1,東京
5176,石倉拓美,イシクラ タクミ,山口,B2,H,050608,1,32,164,56,A,2.97,14.7,1,4,34,0,0,0.18,3,33.3,0.38,5.3,9,22.2,0.19,4.2,4,25.0,0.13,2.5,2,0.0,0.13,2.5,7,14.2,0.17,3.5,9,0.0,0.16,3.0,B2,B2,B1,41.0,39.0,2025,2,2024-11-01,2025-04-30,128,0,1,0,0,0,2,0,0,0,0,0,0,0,0,0,2,1,2,1,3,0,0,0,0,0,0,0,0,1,0,1,1,1,0,0,0,0,0,0,0,0,0,0,0,0,0,1,1,0,0,0,0,0,0,0,0,0,1,0,0,1,4,1,0,0,0,0,0,0,0,0,0,1,0,3,5,0,0,0,0,0,0,0,0,0,0,0,0,島根
5177,松井貫太,マツイ カンタ,福岡,B1,H,080614,1,29,168,51,B,3.36,10.7,1,8,84,0,0,0.21,8,12.5,0.17,3.5,21,23.8,0.19,4.3,13,0.0,0.21,4.7,16,6.2,0.2,4.6,18,11.1,0.22,4.7,8,0.0,0.26,5.0,B1,B1,B1,43.0,42.0,2025,2,2024-11-01,2025-04-30,128,1,0,2,1,2,2,0,0,0,0,0,0,0,0,0,5,3,4,6,1,1,0,0,0,0,0,1,0,0,0,3,4,5,1,0,0,0,0,0,0,0,0,0,1,3,2,4,6,0,0,0,0,0,0,0,0,0,2,2,2,6,5,0,0,0,0,0,0,0,1,0,0,0,2,3,3,0,0,0,0,0,0,0,0,0,0,0,0,福岡
5178,成貞琳平,ナリサダ リンペイ,愛知,B1,H,080711,1,28,170,55,B,3.47,10.1,2,6,79,0,0,0.21,9,44.4,0.22,4.5,12,0.0,0.22,4.1,18,16.6,0.19,3.9,12,8.3,0.19,3.9,10,0.0,0.17,3.9,18,0.0,0.25,5.6,B1,B1,B1,42.0,43.0,2025,2,2024-11-01,2025-04-30,128,1,3,1,0,2,0,1,0,0,0,0,0,1,0,0,0,3,2,3,4,0,0,0,0,0,0,0,0,1,2,2,3,6,4,0,0,0,0,0,0,0,0,0,1,3,6,1,1,0,0,0,0,0,0,0,0,0,0,2,4,2,2,0,0,0,0,0,0,0,0,0,0,2,2,7,7,0,0,0,0,0,0,0,0,0,0,0,0,岡山
5179,藤本元輝,フジモト ゲンキ,兵庫,B1,H,090508,1,28,168,57,O,3.43,11.4,2,9,96,0,0,0.17,10,40.0,0.16,2.9,18,11.1,0.16,3.5,19,10.5,0.18,3.2,17,5.8,0.16,2.9,17,5.8,0.18,3.1,15,6.6,0.18,3.0,B2,B1,B1,39.0,44.0,2025,2,2024-11-01,2025-04-30,128,2,2,0,2,4,0,0,0,0,0,0,0,0,0,0,2,4,4,6,2,0,0,0,0,0,0,0,0,0,2,0,5,6,6,0,0,0,0,0,0,0,0,0,1,1,7,4,3,0,0,0,0,0,0,1,0,0,1,0,8,6,2,0,0,0,0,0,0,0,0,0,1,2,3,5,4,0,0,0,0,0,0,0,0,0,0,0,0,兵庫
5180,藤本紗弥香,フジモト サヤカ,山口,B1,H,100131,2,27,166,47,AB,3.02,11.1,0,6,54,0,0,0.19,5,20.0,0.21,3.8,11,9.0,0.12,2.6,10,20.0,0.16,4.0,9,11.1,0.17,3.9,8,12.5,0.23,3.3,11,0.0,0.25,5.3,B2,B2,B2,41.0,41.0,2025,2,2024-11-01,2025-04-30,128,0,1,1,0,1,2,0,0,0,0,0,0,0,0,0,1,1,1,5,3,0,0,0,0,0,0,0,0,0,2,3,2,1,1,1,0,0,0,0,0,0,0,0,1,0,2,2,4,0,0,0,0,0,1,0,0,0,1,0,4,1,2,0,0,0,0,0,1,0,0,0,0,0,1,3,7,0,0,0,0,0,0,0,0,0,0,1,0,山口
5181,森智哉,モリ トモヤ,岡山,B1,H,100205,1,27,161,50,O,4.92,32.1,15,21,112,0,0,0.15,16,75.0,0.14,2.4,19,47.3,0.15,3.5,21,19.0,0.13,2.9,17,29.4,0.13,2.4,19,26.3,0.15,3.4,20,5.0,0.19,3.8,B1,B1,B1,47.0,47.0,2025,2,2024-11-01,2025-04-30,128,8,4,2,1,0,1,0,0,0,0,0,0,0,0,1,8,4,3,2,1,0,0,0,0,0,0,0,0,2,2,4,2,4,7,0,0,0,0,0,1,0,0,3,2,5,3,1,2,0,0,0,0,0,0,1,0,1,4,2,3,3,6,0,0,0,0,0,1,0,0,0,1,3,1,10,4,0,0,0,0,0,0,1,0,0,0,0,0,岡山
5182,宮崎安奈,ミヤザキ アンナ,埼玉,B1,H,100528,2,27,155,49,A,4.6,23.0,9,14,100,0,0,0.17,16,50.0,0.14,2.3,15,26.6,0.17,3.1,22,31.8,0.19,3.5,14,14.2,0.17,3.6,16,6.2,0.15,3.1,17,5.8,0.21,3.6,B1,B1,B1,43.0,47.0,2025,2,2024-11-01,2025-04-30,128,5,3,5,3,0,0,0,0,0,0,0,0,0,0,1,3,2,3,1,5,0,0,0,0,0,0,0,0,1,6,4,5,2,4,0,0,0,0,0,0,0,0,2,0,4,4,3,1,0,0,0,0,0,0,0,0,0,1,4,0,6,4,0,0,0,0,0,0,1,0,0,1,4,2,4,6,0,0,0,0,0,0,0,0,0,0,0,0,埼玉
5183,中野孝二,ナカノ コウジ,三重,B1,H,101208,1,26,165,54,B,4.6,25.4,11,16,106,0,0,0.17,15,60.0,0.17,3.3,14,28.5,0.18,3.6,22,36.3,0.18,3.3,16,25.0,0.17,3.2,21,9.5,0.15,2.6,18,0.0,0.15,3.0,B1,B1,B1,43.0,47.0,2025,2,2024-11-01,2025-04-30,128,4,5,2,1,1,2,0,0,0,0,0,0,0,0,0,4,3,2,3,2,0,0,0,0,0,0,0,0,6,2,4,3,5,2,0,0,0,0,0,0,0,0,1,3,3,1,5,3,0,0,0,0,0,0,0,0,0,2,4,7,5,3,0,0,0,0,0,0,0,0,0,0,2,6,3,6,1,0,0,0,0,0,0,0,0,0,0,0,三重
5184,飯塚響,イイヅカ ヒビキ,群馬,B1,H,110607,2,26,161,48,B,3.63,13.5,2,6,59,0,0,0.2,5,40.0,0.22,3.6,12,16.6,0.21,3.9,12,25.0,0.21,4.0,11,0.0,0.19,3.4,11,9.0,0.18,3.5,8,0.0,0.2,3.8,B2,B1,B2,43.0,44.0,2025,2,2024-11-01,2025-04-30,128,1,1,0,1,0,1,1,0,0,0,0,1,0,0,0,2,1,5,0,4,0,0,0,0,0,0,0,0,1,2,2,2,3,2,0,0,0,0,0,0,0,0,0,0,1,4,4,2,0,0,0,0,0,0,0,0,0,1,1,3,3,3,0,0,0,0,0,0,0,0,0,0,1,3,2,2,0,0,0,0,0,0,0,0,0,0,1,0,栃木
5185,加藤優弥,カトウ マサヤ,福井,B1,H,111110,1,25,167,54,B,5.17,31.2,16,23,125,1,0,0.15,20,85.0,0.11,1.6,20,35.0,0.17,3.1,21,23.8,0.17,2.9,20,30.0,0.14,2.8,21,9.5,0.17,3.5,23,8.7,0.17,2.8,A2,B1,B1,50.0,50.0,2025,2,2024-11-01,2025-04-30,128,14,3,1,1,1,0,0,0,0,0,0,0,0,0,0,7,2,5,5,1,0,0,0,0,0,0,0,0,1,4,6,4,4,2,0,0,0,0,0,0,0,0,1,5,5,4,3,2,0,0,0,0,0,0,0,0,0,2,4,8,4,3,0,0,0,0,0,1,0,0,0,2,4,5,6,6,0,0,0,0,0,0,0,0,0,0,1,0,福井
5186,遠藤圭吾,エンドウ ケイゴ,東京,B1,H,120414,1,25,171,55,A,4.62,33.7,12,19,92,0,0,0.17,12,91.6,0.15,1.9,15,40.0,0.17,3.3,14,28.5,0.19,3.4,17,17.6,0.17,3.7,16,18.7,0.13,3.3,17,23.5,0.19,3.9,B1,B1,B1,45.0,45.0,2025,2,2024-11-01,2025-04-30,128,9,2,0,0,1,0,0,0,0,0,0,0,0,0,0,6,3,1,1,4,0,0,0,0,0,0,0,0,2,2,0,5,2,3,0,0,0,0,0,0,0,0,0,3,2,2,2,7,0,0,0,0,0,0,1,0,1,2,3,4,1,3,1,0,0,0,0,0,1,0,0,4,2,0,3,8,0,0,0,0,0,0,0,0,0,0,1,1,神奈川
5187,小坂風太,コザカ フウタ,福井,B1,H,120518,1,25,167,54,B,4.47,19.6,13,12,127,0,0,0.19,16,68.7,0.15,2.3,24,25.0,0.19,4.1,24,16.6,0.16,3.3,21,14.2,0.23,3.7,23,4.3,0.19,3.8,19,0.0,0.2,4.3,B1,B1,B1,48.0,47.0,2025,2,2024-11-01,2025-04-30,128,9,2,0,1,4,0,0,0,0,0,0,0,0,0,3,3,8,4,3,3,0,0,0,0,0,0,0,0,1,3,5,4,5,6,0,0,0,0,0,0,0,0,0,3,6,4,4,4,0,0,0,0,0,0,0,0,0,1,5,9,5,3,0,0,0,0,0,0,0,0,0,0,2,6,5,6,0,0,0,0,0,0,0,0,0,0,0,0,石川
5188,武井莉里佳,タケイ リリカ,兵庫,A2,H,120925,2,24,156,44,O,5.47,32.8,16,8,73,1,0,0.19,9,66.6,0.2,4.3,13,23.0,0.2,4.4,15,60.0,0.2,3.6,13,23.0,0.18,3.3,13,15.3,0.2,3.7,10,10.0,0.17,3.2,B1,B1,B1,50.0,52.0,2025,2,2024-11-01,2025-04-30,128,4,2,0,2,1,0,0,0,0,0,0,0,0,0,1,2,2,5,2,0,1,0,0,0,0,0,0,0,7,2,1,1,3,1,0,0,0,0,0,1,0,0,2,1,2,5,2,1,0,0,0,0,0,0,0,0,2,0,4,1,3,3,0,0,0,0,0,0,0,0,0,1,2,2,2,3,0,0,0,0,0,0,0,0,0,0,1,0,兵庫
5189,藤原早菜,フジワラ サナ,岡山,B1,H,121009,2,24,159,45,A,4.45,21.8,3,11,64,0,0,0.21,8,50.0,0.17,3.9,14,35.7,0.21,4.7,8,25.0,0.21,4.6,12,16.6,0.24,4.3,13,7.6,0.22,4.5,9,0.0,0.21,4.7,B1,B1,B1,48.0,48.0,2025,2,2024-11-01,2025-04-30,128,2,2,1,1,1,1,0,0,0,0,0,0,0,0,1,4,2,2,1,4,0,0,0,0,0,0,0,0,0,2,3,1,1,1,0,0,0,0,0,0,0,0,0,2,4,3,2,1,0,0,0,0,0,0,0,0,0,1,1,6,4,1,0,0,0,0,0,0,0,0,0,0,1,1,6,1,0,0,0,0,0,0,0,0,0,0,0,0,岡山
5190,大月遊雅,オオツキ ユウガ,東京,B1,H,121221,1,24,168,52,B,3.84,19.1,8,10,94,0,0,0.22,11,54.5,0.19,2.4,15,20.0,0.21,4.3,19,26.3,0.19,3.4,16,18.7,0.25,5.1,22,4.5,0.22,5.3,11,0.0,0.24,5.2,B1,B1,B1,45.0,43.0,2025,2,2024-11-01,2025-04-30,128,3,3,0,1,0,4,0,0,0,0,0,0,0,0,2,1,4,1,5,2,0,0,0,0,0,0,0,0,1,4,8,2,0,3,0,0,0,0,0,0,1,0,2,1,0,3,3,7,0,0,0,0,0,0,0,0,0,1,2,2,9,6,0,0,0,0,0,0,2,0,0,0,1,2,4,3,1,0,0,0,0,1,0,0,0,0,0,0,茨城
5191,飛田江己,トビタ コウキ,埼玉,A1,H,130510,1,24,173,51,A,7.05,54.3,54,27,149,8,3,0.13,36,97.2,0.11,1.7,24,45.8,0.15,2.6,19,52.6,0.12,2.6,31,41.9,0.13,2.6,20,40.0,0.13,2.7,19,21.0,0.13,3.0,A1,A1,B1,55.0,57.0,2025,2,2024-11-01,2025-04-30,128,32,3,0,0,0,0,0,0,0,0,0,0,1,0,7,4,4,5,2,2,0,0,0,0,0,0,0,0,5,5,4,2,1,2,0,0,0,0,0,0,0,0,6,7,6,6,4,2,0,0,0,0,0,0,0,0,3,5,3,3,5,1,0,0,0,0,0,0,0,0,1,3,6,4,4,0,0,0,0,0,0,0,1,0,0,0,0,0,東京
5192,中尾優香,ナカオ ユウカ,福岡,B1,H,130627,2,24,163,49,O,3.43,15.9,2,9,69,0,0,0.19,8,12.5,0.22,4.9,14,35.7,0.18,3.9,12,16.6,0.19,4.2,9,11.1,0.21,3.9,14,14.2,0.17,3.4,12,0.0,0.21,4.3,B2,B1,B1,41.0,42.0,2025,2,2024-11-01,2025-04-30,128,1,0,0,1,2,3,1,0,0,0,0,0,0,0,1,4,0,3,5,1,0,0,0,0,0,0,0,0,0,2,3,2,0,5,0,0,0,0,0,0,0,0,0,1,0,0,5,3,0,0,0,0,0,0,0,0,0,2,4,2,2,4,0,0,0,0,0,0,0,0,0,0,1,2,4,5,0,0,0,0,0,0,0,0,0,0,0,0,沖縄
5193,米丸乃絵,ヨネマル ノエ,福岡,A2,H,130805,2,23,159,46,A,6.01,42.5,19,21,94,1,0,0.17,13,69.2,0.14,2.9,19,57.8,0.17,4.0,11,72.7,0.16,2.9,18,33.3,0.2,3.8,16,31.2,0.16,3.3,17,5.8,0.18,3.8,B1,A2,B1,45.0,51.0,2025,2,2024-11-01,2025-04-30,128,7,2,2,0,1,1,0,0,0,0,0,0,0,0,3,8,5,1,1,0,0,0,0,0,0,0,1,0,4,4,1,1,1,0,0,0,0,0,0,0,0,0,3,3,6,1,4,1,0,0,0,0,0,0,0,0,2,3,7,0,3,1,0,0,0,0,0,0,0,0,0,1,4,2,4,5,1,0,0,0,0,0,0,0,0,0,0,0,熊本
5194,大久保佑香,オオクボ ユウカ,埼玉,B1,H,130902,2,23,152,44,O,4.08,17.8,8,13,118,0,0,0.16,15,26.6,0.19,3.1,22,18.1,0.15,3.2,20,15.0,0.16,2.9,24,29.1,0.16,2.9,23,13.0,0.14,2.6,14,0.0,0.15,2.6,B1,B1,B1,45.0,45.0,2025,2,2024-11-01,2025-04-30,128,2,2,2,5,3,1,0,0,0,0,0,0,0,0,2,2,5,5,7,1,0,0,0,0,0,0,0,0,0,3,5,2,5,5,0,0,0,0,0,0,0,0,3,4,5,3,4,4,1,0,0,0,0,0,0,0,1,2,3,3,9,4,1,0,0,0,0,0,0,0,0,0,1,4,3,6,0,0,0,0,0,0,0,0,0,0,0,0,埼玉
5195,北村寧々,キタムラ ネネ,長崎,B1,H,130928,2,23,154,45,O,3.87,15.9,3,8,69,0,0,0.17,9,44.4,0.14,3.1,13,23.0,0.15,3.0,14,21.4,0.2,2.7,10,10.0,0.19,3.4,15,0.0,0.18,3.2,8,0.0,0.18,3.6,B1,B1,B1,46.0,44.0,2025,2,2024-11-01,2025-04-30,128,2,2,1,1,0,2,1,0,0,0,0,0,0,0,0,3,4,2,2,2,0,0,0,0,0,0,0,0,0,3,4,2,4,1,0,0,0,0,0,0,0,0,1,0,3,1,4,1,0,0,0,0,0,0,0,0,0,0,2,3,6,3,0,0,0,0,0,0,1,0,0,0,0,0,4,4,0,0,0,0,0,0,0,0,0,0,1,0,長崎
5196,鰐部太空海,ワニベ タクミ,愛知,A2,H,131003,1,23,164,57,O,5.85,41.8,29,20,117,1,0,0.16,21,85.7,0.15,3.2,24,54.1,0.17,3.4,20,45.0,0.18,3.9,17,35.2,0.15,3.0,17,17.6,0.17,3.3,18,0.0,0.15,3.9,A2,A2,B1,49.0,50.0,2025,2,2024-11-01,2025-04-30,128,16,2,2,1,0,0,0,0,0,0,0,0,0,0,6,7,3,0,2,4,1,0,0,0,0,1,1,0,3,6,4,3,2,2,0,0,0,0,0,0,0,0,3,3,4,2,3,1,1,0,0,0,0,0,0,0,1,2,5,3,3,2,0,0,0,0,0,0,1,0,0,0,4,6,5,3,0,0,0,0,0,0,0,0,0,0,0,0,愛知
5197,中野仁照,ナカノ ヨシテル,愛知,A1,H,131012,1,23,165,55,A,6.29,40.7,33,11,108,4,0,0.12,22,86.3,0.13,2.2,15,40.0,0.12,2.1,21,52.3,0.11,2.2,18,27.7,0.11,2.4,16,12.5,0.11,2.3,15,6.6,0.14,2.9,A1,A2,B1,54.0,55.0,2025,2,2024-11-01,2025-04-30,128,18,1,0,0,1,1,0,0,0,0,0,0,1,0,3,3,2,2,2,3,0,0,0,0,0,0,0,0,8,3,5,4,1,0,0,0,0,0,0,0,0,0,3,2,7,1,1,3,0,0,0,0,0,0,1,0,1,1,4,6,2,2,0,0,0,0,0,0,0,0,0,1,4,6,1,3,0,0,0,0,0,0,0,0,0,0,0,1,愛知
5198,奥村明日香,オクムラ アスカ,福岡,B1,H,131114,2,23,152,46,A,4.15,21.0,9,12,100,0,0,0.19,13,46.1,0.17,3.1,19,31.5,0.19,3.3,22,13.6,0.16,3.1,11,36.3,0.19,4.1,15,6.6,0.18,3.4,20,5.0,0.22,4.4,B1,B1,B1,46.0,45.0,2025,2,2024-11-01,2025-04-30,128,4,2,2,2,2,0,1,0,0,0,0,0,0,0,2,4,2,3,7,1,0,0,0,0,0,0,0,0,1,2,5,5,5,3,0,0,0,0,0,0,1,0,1,3,2,0,2,3,0,0,0,0,0,0,0,0,1,0,1,4,6,3,0,0,0,0,0,2,0,0,0,1,3,2,7,7,0,0,0,0,0,0,0,0,0,0,0,0,福岡
5199,垂水悠,タルミ ユウ,徳島,B1,H,140301,1,23,168,55,B,4.2,24.6,5,12,69,0,0,0.16,9,44.4,0.2,3.8,13,46.1,0.14,2.2,10,10.0,0.18,3.2,10,30.0,0.14,1.8,13,23.0,0.14,2.8,14,0.0,0.19,4.1,B1,B1,B1,47.0,45.0,2025,2,2024-11-01,2025-04-30,128,1,3,1,1,1,1,1,0,0,0,0,0,0,0,1,5,1,1,5,0,0,0,0,0,0,0,0,0,1,0,2,1,3,3,0,0,0,0,0,0,0,0,1,2,3,0,1,3,0,0,0,0,0,0,0,0,1,2,2,2,3,3,0,0,0,0,0,0,0,0,0,0,2,2,5,4,1,0,0,0,0,0,0,0,0,0,0,0,徳島
5200,筒井美琴,ツツイ ミコト,福岡,B2,H,140302,2,23,158,49,B,5.2,40.0,1,3,10,0,0,0.18,1,100.0,0.25,3.0,2,0.0,0.22,5.0,2,100.0,0.07,2.0,2,50.0,0.14,3.5,1,0.0,0.37,6.0,2,0.0,0.17,4.0,B1,B2,B2,37.0,49.0,2025,2,2024-11-01,2025-04-30,128,0,1,0,0,0,0,0,0,0,0,0,0,0,0,0,0,1,1,0,0,0,0,0,0,0,0,0,0,1,1,0,0,0,0,0,0,0,0,0,0,0,0,0,1,0,0,1,0,0,0,0,0,0,0,0,0,0,0,0,0,0,1,0,0,0,0,0,0,0,0,0,0,0,1,0,1,0,0,0,0,0,0,0,0,0,0,0,0,福岡
5201,村上宗太郎,ムラカミ ソウタロウ,東京,B1,H,141004,1,22,173,54,O,5.43,41.5,17,25,101,0,0,0.2,17,82.3,0.15,3.0,17,35.2,0.19,4.1,19,52.6,0.17,3.3,20,25.0,0.22,4.0,14,35.7,0.2,4.0,14,14.2,0.25,5.3,B1,A2,B1,47.0,49.0,2025,2,2024-11-01,2025-04-30,128,11,3,1,0,0,2,0,0,0,0,0,0,0,0,0,6,3,3,2,3,0,0,0,0,0,0,0,0,3,7,1,2,3,2,1,0,0,0,0,1,0,0,2,3,3,4,6,1,0,0,0,0,0,0,0,1,1,4,3,1,2,3,0,0,0,0,0,0,0,0,0,2,1,4,6,1,0,0,0,0,0,0,0,0,0,0,0,0,北海道
5202,宮崎つぐみ,ミヤザキ ツグミ,大阪,B2,H,160211,2,21,155,48,B,0.0,0.0,0,0,0,0,0,0.0,0,0.0,0.0,0.0,0,0.0,0.0,0.0,0,0.0,0.0,0.0,0,0.0,0.0,0.0,0,0.0,0.0,0.0,0,0.0,0.0,0.0,B1,B1,B1,44.0,0.0,2025,2,2024-11-01,2025-04-30,128,0,0,0,0,0,0,0,0,0,0,0,0,0,0,0,0,0,0,0,0,0,0,0,0,0,0,0,0,0,0,0,0,0,0,0,0,0,0,0,0,0,0,0,0,0,0,0,0,0,0,0,0,0,0,0,0,0,0,0,0,0,0,0,0,0,0,0,0,0,0,0,0,0,0,0,0,0,0,0,0,0,0,0,0,0,0,0,0,大阪
5203,神里琴音,カミザト コトネ,福岡,B1,H,160616,2,21,152,44,O,4.02,17.7,6,13,107,0,0,0.16,13,30.7,0.19,3.2,19,42.1,0.15,3.2,19,15.7,0.15,2.7,22,13.6,0.15,2.6,19,0.0,0.15,3.5,15,6.6,0.16,3.0,B1,B1,B1,48.0,47.0,2025,2,2024-11-01,2025-04-30,128,4,0,2,1,3,3,0,0,0,0,0,0,0,0,1,7,2,3,4,2,0,0,0,0,0,0,0,0,0,3,4,3,3,6,0,0,0,0,0,0,0,0,0,3,5,5,4,5,0,0,0,0,0,0,0,0,0,0,3,1,9,6,0,0,0,0,0,0,0,0,1,0,4,2,2,6,0,0,0,0,0,0,0,0,0,0,0,0,沖縄
5204,宇恵有香,ウエ ユウカ,三重,B2,H,090108,2,28,151,45,O,0.0,0.0,0,0,0,0,0,0.0,0,0.0,0.0,0.0,0,0.0,0.0,0.0,0,0.0,0.0,0.0,0,0.0,0.0,0.0,0,0.0,0.0,0.0,0,0.0,0.0,0.0,B1,B1,B1,47.0,0.0,2025,2,2024-11-01,2025-04-30,129,0,0,0,0,0,0,0,0,0,0,0,0,0,0,0,0,0,0,0,0,0,0,0,0,0,0,0,0,0,0,0,0,0,0,0,0,0,0,0,0,0,0,0,0,0,0,0,0,0,0,0,0,0,0,0,0,0,0,0,0,0,0,0,0,0,0,0,0,0,0,0,0,0,0,0,0,0,0,0,0,0,0,0,0,0,0,0,0,三重
5205,刑部亜里紗,オサカベ アリサ,静岡,A2,H,090509,2,28,155,48,B,5.77,40.5,19,22,101,3,0,0.17,13,61.5,0.15,3.2,15,66.6,0.14,2.9,20,45.0,0.16,3.1,18,33.3,0.19,3.7,14,28.5,0.19,3.4,21,19.0,0.17,3.3,A2,B1,A2,54.0,53.0,2025,2,2024-11-01,2025-04-30,129,7,1,1,3,0,1,0,0,0,0,0,0,0,0,6,4,0,3,1,0,1,0,0,0,0,0,0,0,2,7,6,3,1,1,0,0,0,0,0,0,0,0,2,4,4,2,3,3,0,0,0,0,0,0,0,0,1,3,2,2,3,3,0,0,0,0,0,0,0,0,1,3,4,3,4,6,0,0,0,0,0,0,0,0,0,0,0,0,静岡
5206,梅原祥平,ウメハラ ショウヘイ,岡山,B1,H,090723,1,27,155,52,A,4.79,25.8,15,15,116,2,0,0.13,14,42.8,0.15,2.9,23,39.1,0.16,3.2,22,18.1,0.13,2.5,24,33.3,0.11,2.0,18,11.1,0.15,2.6,15,6.6,0.12,2.0,B1,B1,B1,46.0,48.0,2025,2,2024-11-01,2025-04-30,129,4,2,2,3,1,2,0,0,0,0,0,0,0,0,4,5,2,4,1,6,0,0,0,0,0,0,1,0,1,3,6,5,1,6,0,0,0,0,0,0,0,0,5,3,3,7,4,2,0,0,0,0,0,0,0,0,1,1,5,4,4,3,0,0,0,0,0,0,0,0,0,1,2,4,5,3,0,0,0,0,0,0,0,0,0,0,0,0,鳥取
5207,高山敬悟,タカヤマ ケイゴ,福岡,B2,H,090724,1,27,171,54,A,2.98,11.3,3,2,44,0,0,0.2,3,66.6,0.2,3.7,8,0.0,0.21,4.7,8,0.0,0.21,3.6,4,0.0,0.26,5.0,10,20.0,0.18,3.5,11,9.0,0.2,4.0,B1,B1,B1,46.0,39.0,2025,2,2024-11-01,2025-04-30,129,1,1,0,0,0,1,0,0,0,0,0,0,0,0,0,0,0,2,2,2,1,0,0,0,0,0,1,0,0,0,0,1,4,2,0,0,0,0,0,0,1,0,0,0,0,1,1,2,0,0,0,0,0,0,0,0,1,1,1,1,3,3,0,0,0,0,0,0,0,0,1,0,1,3,5,1,0,0,0,0,0,0,0,0,0,0,0,0,福岡
5208,屋良龍紀,ヤラ リュウキ,長崎,B1,H,090930,1,27,161,53,AB,3.89,16.3,6,9,92,0,0,0.14,11,27.2,0.15,3.2,15,26.6,0.16,3.2,20,10.0,0.15,2.7,15,26.6,0.12,2.8,19,10.5,0.13,2.7,12,0.0,0.15,2.8,B1,B1,B1,43.0,44.0,2025,2,2024-11-01,2025-04-30,129,2,1,3,1,2,2,0,0,0,0,0,0,0,0,0,4,3,4,0,4,0,0,0,0,0,1,0,0,0,2,4,7,4,3,0,0,0,0,0,0,0,0,3,1,2,1,1,7,0,0,0,0,0,2,0,0,1,1,4,4,2,7,0,0,0,0,0,0,0,0,0,0,0,2,3,7,0,0,0,0,0,0,0,0,0,0,0,0,長崎
5209,小野京平,オノ キョウヘイ,福岡,B2,H,100109,1,27,165,60,A,2.84,6.9,0,3,43,0,0,0.2,4,25.0,0.24,4.3,7,14.2,0.18,3.6,8,0.0,0.17,3.9,8,12.5,0.23,3.5,6,0.0,0.17,4.0,10,0.0,0.24,5.6,B1,B1,B1,40.0,39.0,2025,2,2024-11-01,2025-04-30,129,0,1,0,2,0,0,0,0,0,0,0,0,1,0,0,1,1,1,2,1,0,0,0,0,0,0,0,1,0,0,1,3,2,2,0,0,0,0,0,0,0,0,0,1,0,1,1,3,2,0,0,0,0,0,0,0,0,0,1,2,1,2,0,0,0,0,0,0,0,0,0,0,0,4,2,4,0,0,0,0,0,0,0,0,0,0,0,0,大分
5210,藤井公人,フジイ ナオト,福岡,B1,H,100909,1,26,177,58,B,4.99,27.1,12,16,103,1,0,0.16,13,46.1,0.2,3.1,17,52.9,0.14,2.8,23,21.7,0.14,2.1,19,21.0,0.15,2.6,18,16.6,0.16,3.2,13,7.6,0.18,3.9,B1,B1,B1,48.0,48.0,2025,2,2024-11-01,2025-04-30,129,5,1,3,0,1,3,0,0,0,0,0,0,0,0,2,7,4,3,0,1,0,0,0,0,0,0,0,0,3,2,7,4,5,2,0,0,0,0,0,0,0,0,0,4,5,1,5,3,1,0,0,0,0,0,0,0,2,1,5,4,4,1,0,0,0,0,0,0,1,0,0,1,1,5,2,3,1,0,0,0,0,1,0,0,0,0,0,0,福岡
5211,高井駿弥,タカイ シュンヤ,愛知,B1,H,100914,1,26,172,49,B,3.87,14.7,5,5,68,0,0,0.17,8,37.5,0.15,1.8,14,28.5,0.19,3.8,13,15.3,0.15,3.2,11,0.0,0.12,2.3,12,8.3,0.16,3.6,10,0.0,0.22,4.3,B1,B1,B1,40.0,45.0,2025,2,2024-11-01,2025-04-30,129,3,0,3,1,1,0,0,0,0,0,0,0,0,0,1,3,1,1,4,4,0,0,0,0,0,0,0,0,1,1,1,4,4,2,0,0,0,0,0,0,0,0,0,0,2,4,2,3,0,0,0,0,0,0,0,0,0,1,1,4,4,0,0,0,0,0,0,0,2,0,0,0,1,4,3,2,0,0,0,0,0,0,0,0,0,0,0,0,愛知
5212,西川拓利,ニシカワ タクト,福岡,B1,H,101014,1,26,171,58,B,4.19,21.8,11,13,110,0,0,0.16,12,58.3,0.15,2.3,20,30.0,0.16,3.7,25,16.0,0.15,3.2,16,31.2,0.17,2.8,20,10.0,0.17,3.5,17,0.0,0.16,3.5,B1,B1,B1,48.0,46.0,2025,2,2024-11-01,2025-04-30,129,6,1,2,1,1,1,0,0,0,0,0,0,0,0,2,4,4,4,4,2,0,0,0,0,0,0,0,0,2,2,3,4,8,6,0,0,0,0,0,0,0,0,0,5,3,1,5,2,0,0,0,0,0,0,0,0,1,1,2,5,4,7,0,0,0,0,0,0,0,0,0,0,2,2,8,5,0,0,0,0,0,1,0,0,0,0,0,0,福岡
5213,湯淺紀香,ユアサ ノリカ,群馬,B1,H,101028,2,26,158,47,A,5.23,35.1,16,22,108,0,0,0.19,14,64.2,0.15,3.1,20,30.0,0.19,4.5,22,40.9,0.19,3.9,14,57.1,0.18,3.3,22,13.6,0.2,4.0,16,18.7,0.2,4.0,B1,B1,B1,49.0,49.0,2025,2,2024-11-01,2025-04-30,129,5,4,2,1,0,2,0,0,0,0,0,0,0,0,1,5,3,5,5,1,0,0,0,0,0,0,0,0,4,5,5,6,1,1,0,0,0,0,0,0,0,0,3,5,3,1,1,0,0,0,0,0,0,0,1,0,2,1,2,6,4,7,0,0,0,0,0,0,0,0,1,2,1,3,3,6,0,0,0,0,0,0,0,0,0,0,0,0,群馬
5214,田中宏典,タナカ コウスケ,佐賀,B1,H,110621,1,26,167,57,A,4.6,25.2,7,16,91,0,0,0.2,10,50.0,0.19,5.2,17,35.2,0.21,4.3,17,35.2,0.19,4.1,13,23.0,0.2,4.0,17,11.7,0.2,4.1,17,5.8,0.2,4.1,B1,B1,B1,44.0,48.0,2025,2,2024-11-01,2025-04-30,129,3,2,2,2,1,0,0,0,0,0,0,0,0,0,2,4,2,3,5,1,0,0,0,0,0,0,0,0,1,5,1,2,5,2,0,0,0,0,0,0,1,0,0,3,5,3,2,0,0,0,0,0,0,0,0,0,1,1,3,5,5,2,0,0,0,0,0,0,0,0,0,1,1,5,7,2,1,0,0,0,0,0,0,0,0,0,0,0,福岡
5215,石丸小槙,イシマル コマキ,香川,B2,H,120218,2,25,151,50,A,3.35,14.5,3,5,55,0,0,0.17,5,20.0,0.17,4.0,7,14.2,0.14,1.8,7,42.8,0.16,2.1,8,12.5,0.21,2.7,13,15.3,0.17,3.5,15,0.0,0.17,3.5,B2,B2,B2,44.0,41.0,2025,2,2024-11-01,2025-04-30,129,0,1,1,0,1,2,0,0,0,0,0,0,0,0,1,0,0,1,2,2,1,0,0,0,0,0,0,0,1,2,1,1,1,1,0,0,0,0,0,0,0,0,0,1,0,2,2,2,1,0,0,0,0,0,0,0,1,1,3,3,4,1,0,0,0,0,0,0,0,0,0,0,1,1,5,8,0,0,0,0,0,0,0,0,0,0,0,0,愛媛
5216,長谷川晴哉,ハセガワ セイヤ,群馬,A2,H,120314,1,25,173,54,A,5.85,44.5,24,21,101,3,0,0.16,18,72.2,0.19,3.7,18,33.3,0.19,3.8,16,62.5,0.17,3.1,16,37.5,0.13,2.2,16,50.0,0.14,2.4,17,11.7,0.16,3.2,B1,A2,B1,47.0,50.0,2025,2,2024-11-01,2025-04-30,129,12,1,2,0,1,2,0,0,0,0,0,0,0,0,3,3,4,2,3,2,0,0,0,0,0,0,1,0,3,7,2,2,0,2,0,0,0,0,0,0,0,0,2,4,6,1,2,1,0,0,0,0,0,0,0,0,4,4,1,0,7,0,0,0,0,0,0,0,0,0,0,2,3,1,3,8,0,0,0,0,0,0,0,0,0,0,0,0,群馬
5217,藤原碧生,フジワラ アオイ,岡山,A1,H,120327,1,25,159,55,A,7.5,60.8,43,33,125,8,2,0.15,32,87.5,0.15,3.2,21,76.1,0.15,3.1,17,70.5,0.14,2.6,19,47.3,0.14,2.4,16,31.2,0.17,2.7,20,30.0,0.17,3.7,A1,A1,A2,53.0,60.0,2025,2,2024-11-01,2025-04-30,129,23,5,2,1,1,0,0,0,0,0,0,0,0,0,7,9,1,3,0,0,1,0,0,0,0,0,0,0,5,7,1,2,1,1,0,0,0,0,0,0,0,0,3,6,5,3,0,2,0,0,0,0,0,0,0,0,3,2,8,1,2,0,0,0,0,0,0,0,0,0,2,4,7,2,4,1,0,0,0,0,0,0,0,0,0,0,2,0,岡山
5218,山田理央,ヤマダ リオ,香川,A2,H,120610,2,25,153,49,B,5.77,35.1,27,24,145,0,0,0.15,23,82.6,0.15,2.2,24,33.3,0.15,3.1,29,37.9,0.12,2.4,26,15.3,0.16,2.8,26,30.7,0.14,2.6,17,5.8,0.18,4.3,A2,B1,B1,50.0,52.0,2025,2,2024-11-01,2025-04-30,129,18,1,1,0,1,2,0,0,0,0,0,0,0,0,3,5,7,2,3,3,1,0,0,0,0,0,0,0,3,8,8,5,2,2,0,0,0,0,0,0,0,1,1,3,13,4,3,2,0,0,0,0,0,1,0,0,2,6,6,5,6,1,0,0,0,0,0,0,0,0,0,1,4,5,3,3,0,0,0,0,0,0,1,0,0,0,0,0,愛媛
5219,森口和紀,モリグチ カズキ,福岡,B2,H,121003,1,24,159,54,O,4.28,24.5,5,10,61,1,0,0.17,7,42.8,0.23,3.7,8,37.5,0.15,2.5,6,50.0,0.13,2.2,15,13.3,0.17,3.6,13,15.3,0.15,2.8,12,16.6,0.19,3.4,B1,B1,B1,45.0,45.0,2025,2,2024-11-01,2025-04-30,129,2,1,0,2,0,2,0,0,0,0,0,0,0,0,1,2,2,1,1,1,0,0,0,0,0,0,0,0,0,3,0,1,1,0,1,0,0,0,0,0,0,0,1,1,1,6,5,0,1,0,0,0,0,0,0,0,1,1,3,0,6,2,0,0,0,0,0,0,0,0,0,2,0,4,1,5,0,0,0,0,0,2,0,0,0,0,0,0,福岡
5220,青木蓮,アオキ レン,埼玉,A2,H,121020,1,24,166,50,B,6.21,49.1,36,22,118,3,1,0.14,22,77.2,0.16,2.9,21,52.3,0.14,2.6,21,57.1,0.2,3.6,22,59.0,0.11,2.2,19,10.5,0.13,2.6,13,23.0,0.12,2.8,A2,B1,B1,51.0,51.0,2025,2,2024-11-01,2025-04-30,129,13,4,1,1,2,1,0,0,0,0,0,0,0,0,7,4,5,1,2,1,0,0,0,0,0,0,1,0,6,6,3,1,4,1,0,0,0,0,0,0,0,0,7,6,3,2,2,1,0,0,0,0,0,0,1,0,2,0,4,6,3,3,0,0,0,0,0,0,1,0,1,2,0,2,4,4,0,0,0,0,0,0,0,0,0,0,0,0,埼玉
5221,竹間隆晟,タケマ リュウセイ,大阪,A1,H,121129,1,24,172,53,A,6.5,51.0,23,26,96,4,0,0.16,18,88.8,0.16,3.1,18,50.0,0.15,2.9,19,57.8,0.14,2.8,14,35.7,0.16,3.6,16,43.7,0.18,3.2,11,9.0,0.16,2.7,A2,A2,A2,52.0,53.0,2025,2,2024-11-01,2025-04-30,129,12,4,0,1,1,0,0,0,0,0,0,0,0,0,1,8,2,2,4,1,0,0,0,0,0,0,0,0,4,7,2,2,4,0,0,0,0,0,0,0,0,0,2,3,6,2,1,0,0,0,0,0,0,0,0,0,4,3,3,4,1,0,1,0,0,0,0,0,0,0,0,1,3,3,2,2,0,0,0,0,0,0,0,0,0,0,0,0,大阪
5222,津田陸翔,ツダ リクト,広島,A2,H,130123,1,24,172,53,AB,5.65,33.6,19,20,116,1,0,0.17,20,75.0,0.17,3.8,20,30.0,0.17,3.6,19,42.1,0.17,3.7,20,30.0,0.16,3.3,26,11.5,0.16,3.2,11,9.0,0.16,4.1,B1,A2,B1,50.0,51.0,2025,2,2024-11-01,2025-04-30,129,12,3,2,2,1,0,0,0,0,0,0,0,0,0,3,3,6,3,4,1,0,0,0,0,0,0,0,0,2,6,7,2,1,1,0,0,0,0,0,0,0,0,2,4,5,6,3,0,0,0,0,0,0,1,0,0,0,3,7,6,7,3,0,0,0,0,0,0,0,0,0,1,1,3,4,2,0,0,0,0,0,0,0,0,0,0,1,0,広島
5223,森清友翔,モリキヨ ユウト,福岡,B1,H,130418,1,24,160,55,A,4.25,25.4,12,16,110,0,0,0.2,12,75.0,0.21,3.6,21,38.1,0.2,3.6,22,18.1,0.2,3.8,15,13.3,0.23,3.9,24,20.8,0.19,3.6,16,0.0,0.19,4.3,B1,B1,B1,44.0,45.0,2025,2,2024-11-01,2025-04-30,129,7,2,1,0,0,2,0,0,0,0,0,0,0,0,3,5,1,6,4,2,0,0,0,0,0,0,0,0,0,4,3,3,7,5,0,0,0,0,0,0,0,0,0,2,2,3,4,4,0,0,0,0,0,0,0,0,2,3,3,4,6,5,0,0,0,0,0,0,1,0,0,0,2,2,5,6,0,0,0,0,0,0,1,0,0,0,1,0,福岡
5224,西岡顕心,ニシオカ ケンシン,香川,A1,H,130707,1,23,165,53,AB,6.59,44.9,27,35,138,3,0,0.16,31,77.4,0.17,2.8,24,50.0,0.13,2.8,23,39.1,0.14,3.0,18,27.7,0.18,3.7,19,42.1,0.15,2.7,23,17.3,0.21,4.3,A1,B1,B1,53.0,57.0,2025,2,2024-11-01,2025-04-30,129,16,8,2,2,1,1,1,0,0,0,0,0,0,0,5,7,5,5,2,0,0,0,0,0,0,0,0,0,2,7,8,3,2,1,0,0,0,0,0,0,0,0,2,3,9,1,2,1,0,0,0,0,0,1,0,0,2,6,4,4,3,0,0,0,0,0,0,1,0,0,0,4,10,5,3,1,0,0,0,0,0,0,0,0,0,0,0,0,香川
5226,藤田俊祐,フジタ シュンスケ,東京,A2,H,140304,1,23,171,52,A,5.81,42.6,27,25,122,1,0,0.16,25,84.0,0.15,2.6,23,47.8,0.14,2.5,15,26.6,0.18,2.9,22,40.9,0.16,3.3,17,23.5,0.15,2.8,20,15.0,0.19,4.5,A1,B1,A2,54.0,54.0,2025,2,2024-11-01,2025-04-30,129,13,8,1,2,1,0,0,0,0,0,0,0,0,0,5,6,5,2,5,0,0,0,0,0,0,0,0,0,1,3,1,2,7,1,0,0,0,0,0,1,0,0,6,3,2,2,3,4,0,0,0,0,0,0,2,0,2,2,3,6,1,3,0,0,0,0,0,0,0,0,0,3,2,7,4,4,0,0,0,0,0,0,0,0,0,0,1,0,東京
5227,川原愛未,カワハラ アイミ,福岡,B2,H,140620,2,23,158,52,B,3.19,10.4,2,3,48,0,0,0.15,6,33.3,0.17,2.8,8,0.0,0.13,3.1,8,25.0,0.13,3.0,8,12.5,0.19,3.9,5,0.0,0.15,3.2,11,0.0,0.17,4.0,B1,B1,B2,42.0,40.0,2025,2,2024-11-01,2025-04-30,129,2,0,3,0,0,1,0,0,0,0,0,0,0,0,0,0,2,2,2,1,0,0,0,0,0,0,1,0,0,2,1,1,1,3,0,0,0,0,0,1,0,0,0,1,2,1,0,4,0,0,0,0,0,0,0,0,0,0,0,0,4,1,0,0,0,0,0,0,0,0,0,0,0,3,1,7,0,0,0,0,0,0,0,0,0,0,1,2,福岡
5228,若林樹蘭,ワカバヤシ ジュラン,東京,A2,H,140906,1,22,164,53,A,5.81,41.1,30,26,136,1,0,0.16,25,88.0,0.15,2.5,22,54.5,0.17,3.0,21,23.8,0.15,3.0,26,42.3,0.16,2.7,18,11.1,0.16,2.8,24,16.6,0.19,3.6,A2,A2,B1,51.0,51.0,2025,2,2024-11-01,2025-04-30,129,19,3,0,2,0,0,1,0,0,0,0,0,0,0,4,8,2,2,1,5,0,0,0,0,0,0,0,0,4,1,3,8,2,3,0,0,0,0,0,0,0,0,2,9,5,2,3,4,1,0,0,0,0,0,0,0,0,2,4,8,3,1,0,0,0,0,0,0,0,0,1,3,7,3,4,6,0,0,0,0,0,0,0,0,0,0,0,0,山梨
5229,吉川晴人,ヨシカワ ハルト,滋賀,A2,H,150112,1,22,174,58,A,5.65,39.5,24,31,139,2,0,0.16,17,88.2,0.16,2.7,25,24.0,0.18,3.5,22,54.5,0.19,3.8,28,46.4,0.16,2.8,30,23.3,0.14,2.4,17,11.7,0.15,2.4,B1,B1,B1,47.0,50.0,2025,2,2024-11-01,2025-04-30,129,12,3,0,1,1,0,0,0,0,0,0,0,0,0,2,4,6,7,2,4,0,0,0,0,0,0,0,0,2,10,4,2,2,2,0,0,0,0,0,0,0,0,6,7,5,5,0,5,0,0,0,0,0,0,0,0,2,5,9,6,4,3,0,0,0,0,0,0,1,0,0,2,1,4,4,6,0,0,0,0,0,0,0,0,0,0,0,0,滋賀
5230,石原凪紗,イシハラ ナギサ,愛知,B2,H,150820,2,21,152,46,A,3.04,14.2,3,4,49,0,0,0.2,5,40.0,0.13,2.0,11,27.2,0.21,3.5,10,10.0,0.24,4.4,6,16.6,0.24,4.2,10,0.0,0.17,2.6,7,0.0,0.16,3.7,B1,B1,B1,41.0,40.0,2025,2,2024-11-01,2025-04-30,129,2,0,1,1,1,0,0,0,0,0,0,0,0,0,1,2,0,0,3,5,0,0,0,0,0,1,0,0,0,1,0,1,6,2,0,0,0,0,0,0,0,0,0,1,0,1,1,3,0,0,0,0,0,0,0,0,0,0,2,2,2,4,0,0,0,0,0,0,0,0,0,0,0,0,3,3,1,0,0,0,0,0,0,0,0,0,1,0,岐阜
5231,寺田空詩,テラダ クウ,山口,B1,H,151011,2,21,153,47,O,3.72,21.8,7,7,64,0,0,0.21,6,33.3,0.19,5.0,9,55.5,0.21,4.1,8,37.5,0.17,3.4,8,25.0,0.19,3.8,14,14.2,0.24,3.9,19,0.0,0.22,5.2,B1,B1,B1,44.0,41.0,2025,2,2024-11-01,2025-04-30,129,2,0,2,0,1,1,0,0,0,0,0,0,0,0,3,2,1,0,1,2,0,0,0,0,0,0,0,0,1,2,2,2,0,0,1,0,0,0,0,0,0,0,1,1,1,0,3,2,0,0,0,0,0,0,0,0,0,2,0,3,5,4,0,0,0,0,0,0,0,0,0,0,1,1,2,13,0,0,0,0,0,0,2,0,0,0,0,0,山口
5232,樅山拓馬,モミヤマ タクマ,愛知,B1,H,090815,1,27,169,53,A,4.64,27.9,6,18,86,0,0,0.13,12,75.0,0.14,2.2,16,31.2,0.17,3.3,14,35.7,0.15,3.2,12,25.0,0.1,2.0,17,5.8,0.12,2.6,15,6.6,0.12,2.6,B1,B1,B1,45.0,47.0,2025,2,2024-11-01,2025-04-30,130,3,6,0,2,1,0,0,0,0,0,0,0,0,0,1,4,6,1,3,1,0,0,0,0,0,0,0,0,1,4,2,1,3,1,0,0,0,0,0,0,2,0,1,2,2,3,3,1,0,0,0,0,0,0,0,0,0,1,2,4,4,6,0,0,0,0,0,0,0,0,0,1,3,3,4,4,0,0,0,0,0,0,0,0,0,0,0,0,愛知
5234,塚越海斗,ツカゴシ カイト,群馬,B1,H,100731,1,26,165,56,A,5.21,36.6,21,20,112,0,0,0.18,17,64.7,0.15,3.3,20,50.0,0.17,3.6,20,40.0,0.16,3.4,16,37.5,0.19,4.1,20,15.0,0.2,3.7,19,15.7,0.19,4.5,A2,B1,B1,49.0,49.0,2025,2,2024-11-01,2025-04-30,130,10,1,0,3,1,2,0,0,0,0,0,0,0,0,5,5,2,2,4,2,0,0,0,0,0,0,0,0,3,5,7,2,2,1,0,0,0,0,0,0,0,0,2,4,1,4,1,3,1,0,0,0,0,0,0,0,1,2,0,4,6,7,0,0,0,0,0,0,0,0,0,3,2,4,4,5,1,0,0,0,0,0,0,0,0,0,0,0,群馬
5235,岩田凌,イワタ リョウ,大阪,B1,H,110104,1,26,166,59,A,2.53,8.0,5,3,99,0,0,0.19,12,25.0,0.17,3.8,18,11.1,0.2,3.8,22,9.0,0.2,3.9,15,6.6,0.2,3.6,17,0.0,0.17,3.9,15,0.0,0.2,3.9,B1,B2,B2,36.0,39.0,2025,2,2024-11-01,2025-04-30,130,2,1,1,1,7,0,0,0,0,0,0,0,0,0,1,1,0,2,4,10,0,0,0,0,0,0,0,0,2,0,1,3,6,9,0,0,0,0,0,0,1,0,0,1,1,2,4,7,0,0,0,0,0,0,0,0,0,0,0,2,7,8,0,0,0,0,0,1,0,0,0,0,0,3,4,8,0,0,0,0,0,0,0,0,0,0,1,0,和歌山
5236,小宮涼雅,コミヤ リョウガ,岡山,B1,H,110220,1,26,162,56,B,2.8,6.4,3,3,93,0,0,0.19,0,0.0,0.0,0.0,0,0.0,0.0,0.0,16,6.2,0.2,4.4,18,22.2,0.2,3.6,27,0.0,0.18,4.0,32,3.1,0.2,4.3,B1,B1,B2,41.0,40.0,2025,2,2024-11-01,2025-04-30,130,0,0,0,0,0,0,0,0,0,0,0,0,0,0,0,0,0,0,0,0,0,0,0,0,0,0,0,0,0,1,2,2,3,8,0,0,0,0,0,0,0,0,3,1,1,6,5,2,0,0,0,0,0,0,0,0,0,0,2,3,9,13,0,0,0,0,0,0,0,0,0,1,4,6,7,13,1,0,0,0,0,0,0,0,0,0,0,0,岡山
5237,永松良教,ナガマツ リョウタ,福岡,B1,H,110916,1,25,172,56,B,3.36,16.6,6,9,90,0,0,0.18,11,54.5,0.13,2.2,17,17.6,0.2,2.9,16,18.7,0.16,2.4,16,6.2,0.18,3.4,15,13.3,0.2,3.3,15,0.0,0.19,3.9,B1,B1,B2,41.0,41.0,2025,2,2024-11-01,2025-04-30,130,5,1,2,1,0,2,0,0,0,0,0,0,0,0,0,3,2,1,3,7,1,0,0,0,0,0,0,0,1,2,1,4,5,3,0,0,0,0,0,0,0,0,0,1,1,5,2,6,0,0,0,0,0,0,1,0,0,2,0,3,8,2,0,0,0,0,0,1,0,0,0,0,0,2,1,12,0,0,0,0,0,0,0,0,0,0,0,0,福岡
5238,笹木香吾,ササキ キョウゴ,山口,B1,H,111103,1,25,168,57,AB,4.54,27.6,8,23,112,1,0,0.18,15,46.6,0.21,3.9,17,47.0,0.19,3.8,27,25.9,0.16,3.8,17,35.2,0.16,2.7,17,0.0,0.18,2.8,19,15.7,0.17,4.2,B1,B1,B1,42.0,47.0,2025,2,2024-11-01,2025-04-30,130,4,3,1,3,1,3,0,0,0,0,0,0,0,0,2,6,0,3,3,2,0,0,0,0,0,0,1,0,1,6,5,7,6,1,0,0,0,0,0,0,1,0,1,5,2,3,3,3,0,0,0,0,0,0,0,0,0,0,5,3,6,3,0,0,0,0,0,0,0,0,0,3,1,3,5,7,0,0,0,0,0,0,0,0,0,0,0,0,山口
5239,上野俊樹,ウエノ トシキ,福岡,A2,H,120510,1,25,154,52,B,5.54,30.2,9,14,76,1,0,0.17,11,63.6,0.15,2.4,12,25.0,0.18,3.1,13,30.7,0.16,3.3,14,28.5,0.19,3.3,13,23.0,0.21,3.8,13,15.3,0.15,3.2,B1,B1,B2,44.0,51.0,2025,2,2024-11-01,2025-04-30,130,5,2,3,0,0,1,0,0,0,0,0,0,0,0,0,3,7,0,2,0,0,0,0,0,0,0,0,0,1,3,4,0,2,2,1,0,0,0,0,0,0,0,2,2,4,3,2,1,0,0,0,0,0,0,0,0,0,3,5,3,1,1,0,0,0,0,0,0,0,0,1,1,2,4,3,2,0,0,0,0,0,0,0,0,0,0,0,0,熊本
5240,高橋龍治,タカハシ リュウジ,福岡,B1,H,120612,1,25,166,59,A,3.88,20.5,9,13,107,0,0,0.17,14,42.8,0.19,3.6,18,27.7,0.16,3.3,16,31.2,0.15,3.3,14,28.5,0.16,3.3,19,5.2,0.22,4.1,26,3.8,0.15,3.2,B1,B1,B1,43.0,44.0,2025,2,2024-11-01,2025-04-30,130,4,2,1,1,3,3,0,0,0,0,0,0,0,0,1,4,2,3,5,3,0,0,0,0,0,0,0,0,2,3,3,1,3,4,0,0,0,0,0,0,0,0,1,3,2,1,3,4,0,0,0,0,0,0,0,0,0,1,4,4,4,6,0,0,0,0,0,1,0,0,1,0,1,4,12,7,1,0,0,0,0,0,0,0,0,0,0,0,福岡
5241,門田栞,カドタ シオリ,香川,B1,H,120709,2,24,155,51,A,5.06,29.5,20,19,132,0,0,0.16,21,76.1,0.14,2.7,19,42.1,0.17,2.5,26,23.0,0.18,3.5,22,22.7,0.15,3.6,20,15.0,0.14,2.6,24,4.1,0.16,2.8,B1,B1,B1,46.0,49.0,2025,2,2024-11-01,2025-04-30,130,12,4,4,0,1,0,0,0,0,0,0,0,0,0,3,5,8,1,1,1,0,0,0,0,0,0,0,0,2,4,5,3,6,6,0,0,0,0,0,0,0,0,1,4,4,5,4,4,0,0,0,0,0,0,0,0,2,1,4,2,6,5,0,0,0,0,0,0,0,0,0,1,4,7,6,6,0,0,0,0,0,0,0,0,0,0,0,0,愛媛
5242,高山弘斗,タカヤマ ヒロト,埼玉,B1,H,120722,1,24,165,57,A,3.34,13.0,2,12,107,0,0,0.2,12,33.3,0.15,3.2,22,13.6,0.19,3.8,26,15.3,0.21,4.2,14,14.2,0.17,2.6,21,4.7,0.22,4.3,12,0.0,0.24,4.9,B1,B2,B1,39.0,42.0,2025,2,2024-11-01,2025-04-30,130,1,3,1,1,4,2,0,0,0,0,0,0,0,0,0,3,3,6,3,6,0,0,0,0,0,0,1,0,0,4,5,3,6,7,1,0,0,0,0,0,0,0,1,1,2,1,5,3,0,0,0,0,0,0,1,0,0,1,2,7,2,8,0,0,0,0,0,0,1,0,0,0,1,2,2,7,0,0,0,0,0,0,0,0,0,0,0,0,埼玉
5243,三馬崇史,サンバ タカフミ,広島,B1,H,120827,1,24,169,57,A,4.74,28.1,22,20,149,0,0,0.17,21,47.6,0.16,3.4,26,42.3,0.19,4.0,30,23.3,0.17,3.6,27,22.2,0.15,2.8,28,25.0,0.19,4.0,17,5.8,0.15,3.5,B1,B1,B1,46.0,47.0,2025,2,2024-11-01,2025-04-30,130,8,2,1,4,4,1,0,0,0,0,0,0,1,0,5,6,4,2,5,4,0,0,0,0,0,0,0,0,3,4,5,5,8,5,0,0,0,0,0,0,0,0,3,3,6,5,4,5,0,0,0,0,0,0,1,0,3,4,5,4,4,7,0,0,0,0,0,0,1,0,0,1,3,5,3,5,0,0,0,0,0,2,0,0,0,0,1,0,広島
5244,黒田剛,クロダ タケシ,福岡,B1,H,120905,1,24,156,53,A,3.37,15.2,2,7,59,0,0,0.17,8,37.5,0.15,3.5,9,11.1,0.16,3.2,12,25.0,0.16,3.2,11,0.0,0.18,4.0,10,10.0,0.22,4.1,9,11.1,0.15,3.0,B1,B1,B2,40.0,43.0,2025,2,2024-11-01,2025-04-30,130,2,1,1,1,3,0,0,0,0,0,0,0,0,0,0,1,2,1,3,2,0,0,0,0,0,0,0,0,0,3,1,1,2,5,0,0,0,0,0,0,0,0,0,0,0,5,2,4,0,0,0,0,0,0,0,0,0,1,1,1,3,4,0,0,0,0,0,0,0,0,0,1,1,0,3,4,0,0,0,0,0,0,0,0,0,0,0,0,福岡
5245,倉富大誠,クラトミ タイセイ,愛知,B1,H,130926,1,23,161,55,B,4.42,26.1,18,16,130,0,0,0.18,19,52.6,0.2,3.9,21,23.8,0.18,4.1,24,29.1,0.17,3.6,23,17.3,0.19,3.8,23,34.7,0.16,3.3,20,0.0,0.19,4.6,B2,B1,B1,31.0,46.0,2025,2,2024-11-01,2025-04-30,130,6,4,0,2,3,4,0,0,0,0,0,0,0,0,4,1,6,4,4,2,0,0,0,0,0,0,0,0,5,2,5,4,4,4,0,0,0,0,0,0,0,0,1,3,1,3,6,9,0,0,0,0,0,0,0,0,2,6,0,6,4,5,0,0,0,0,0,0,0,0,0,0,2,6,5,6,0,0,0,0,0,0,1,0,0,0,0,0,愛知
5246,楠将太郎,クスノキ ショウタロウ,埼玉,B1,H,131220,1,23,172,53,A,4.65,25.0,16,11,108,0,0,0.18,17,52.9,0.18,2.9,17,29.4,0.14,2.6,16,37.5,0.17,2.6,19,21.0,0.17,3.2,19,10.5,0.19,3.1,20,5.0,0.21,4.3,B1,B1,B1,46.0,47.0,2025,2,2024-11-01,2025-04-30,130,7,2,4,3,1,0,0,0,0,0,0,0,0,0,2,3,4,3,3,2,0,0,0,0,0,0,0,0,3,3,3,2,3,2,0,0,0,0,0,0,0,0,2,2,2,7,5,1,0,0,0,0,0,0,0,0,2,0,1,6,5,4,1,0,0,0,0,0,0,0,0,1,2,4,2,11,0,0,0,0,0,0,0,0,0,0,0,0,埼玉
5247,大森翼,オオモリ ツバサ,兵庫,B1,H,140225,1,23,164,52,B,4.03,15.7,6,11,108,0,0,0.18,10,50.0,0.18,4.6,20,20.0,0.23,3.9,17,5.8,0.18,3.9,23,13.0,0.18,3.6,27,14.8,0.17,3.6,11,0.0,0.14,2.9,B1,B1,B2,40.0,45.0,2025,2,2024-11-01,2025-04-30,130,4,1,0,1,2,2,0,0,0,0,0,0,0,0,1,3,2,7,3,3,0,0,0,0,0,0,1,0,0,1,5,3,7,1,0,0,0,0,0,1,0,0,0,3,6,2,9,2,0,0,0,0,0,0,1,0,1,3,7,5,8,3,0,0,0,0,0,2,0,0,0,0,1,3,1,6,0,0,0,0,0,0,0,0,0,0,1,0,兵庫
5248,本田愛,ホンダ アイ,静岡,B1,H,140325,2,23,158,51,B,4.1,23.1,5,11,69,0,0,0.18,7,28.5,0.2,3.9,13,15.3,0.15,3.5,14,42.8,0.18,3.0,14,21.4,0.18,3.7,12,8.3,0.17,3.5,9,22.2,0.21,4.7,B1,B1,B1,43.0,45.0,2025,2,2024-11-01,2025-04-30,130,2,0,0,2,0,3,0,0,0,0,0,0,0,0,1,1,3,2,0,6,0,0,0,0,0,0,0,0,2,4,2,3,0,3,0,0,0,0,0,0,0,0,0,3,1,3,2,5,0,0,0,0,0,0,0,0,0,1,2,2,5,2,0,0,0,0,0,0,0,0,0,2,0,3,0,4,0,0,0,0,0,0,0,0,0,0,0,0,静岡
5249,三木晴斗,ミキ ハルト,徳島,B1,H,140409,1,23,166,56,A,4.76,27.0,13,14,100,0,0,0.15,11,45.4,0.17,3.7,19,36.8,0.16,3.2,18,16.6,0.15,2.8,16,31.2,0.17,2.8,22,27.2,0.15,2.8,14,7.1,0.14,2.3,B1,B1,B1,45.0,48.0,2025,2,2024-11-01,2025-04-30,130,3,2,2,0,2,2,0,0,0,0,0,1,0,0,3,4,2,5,2,3,0,0,0,0,0,0,0,0,1,2,5,2,4,4,0,0,0,0,0,0,0,0,1,4,2,5,4,0,0,0,0,0,0,0,0,0,5,1,3,5,4,4,0,0,0,0,0,1,0,0,0,1,2,4,2,5,0,0,0,0,0,0,0,0,0,0,0,0,徳島
5250,嶋田有里,シマダ ユウリ,長崎,B1,H,140602,2,23,164,48,B,2.33,3.9,2,0,51,0,0,0.23,4,0.0,0.28,4.8,7,14.2,0.21,4.1,5,0.0,0.2,3.4,7,14.2,0.22,4.6,14,0.0,0.26,4.3,14,0.0,0.23,5.3,B1,B1,B2,38.0,37.0,2025,2,2024-11-01,2025-04-30,130,0,0,1,1,0,2,0,0,0,0,0,0,0,0,1,0,1,1,2,2,0,0,0,0,0,0,0,0,0,0,1,1,2,0,0,0,0,0,0,0,1,0,1,0,0,1,0,5,0,0,0,0,0,0,0,0,0,0,1,3,2,7,1,0,0,0,0,1,0,0,0,0,0,0,5,9,0,0,0,0,0,0,0,0,0,0,0,0,熊本
5251,沼田七華,ヌマタ ナナカ,福井,B1,H,140813,2,22,153,55,A,2.46,4.3,1,2,69,0,0,0.19,8,25.0,0.16,3.1,12,8.3,0.21,3.6,13,0.0,0.25,4.1,8,0.0,0.18,3.8,13,0.0,0.19,4.1,15,0.0,0.17,3.7,B1,B2,B2,37.0,38.0,2025,2,2024-11-01,2025-04-30,130,1,1,2,1,1,1,0,0,0,0,0,0,1,0,0,1,3,1,4,3,0,0,0,0,0,0,0,0,0,0,1,2,5,5,0,0,0,0,0,0,0,0,0,0,0,0,4,4,0,0,0,0,0,0,0,0,0,0,0,2,3,7,1,0,0,0,0,0,0,0,0,0,0,3,6,6,0,0,0,0,0,0,0,0,0,0,1,0,石川
5252,荒木颯斗,アラキ ハヤト,愛知,B1,H,140917,1,22,166,55,AB,4.83,25.5,14,11,98,1,0,0.16,13,46.1,0.12,2.2,17,29.4,0.17,3.4,19,26.3,0.14,3.1,16,12.5,0.14,2.8,11,45.4,0.17,3.8,22,9.0,0.18,3.8,B1,B1,B1,46.0,48.0,2025,2,2024-11-01,2025-04-30,130,5,1,0,2,1,3,1,0,0,0,0,0,0,0,1,4,3,6,1,2,0,0,0,0,0,0,0,0,4,1,8,1,2,3,0,0,0,0,0,0,0,0,2,0,3,4,4,3,0,0,0,0,0,0,0,0,1,4,3,1,2,0,0,0,0,0,0,0,0,0,1,1,4,2,8,6,0,0,0,0,0,0,0,0,0,0,0,0,愛知
5253,藤井太雅,フジイ タイガ,東京,B1,H,141016,1,22,164,58,O,3.93,17.2,7,12,110,0,0,0.16,15,40.0,0.16,3.1,18,16.6,0.18,3.5,19,31.5,0.17,3.1,16,6.2,0.14,3.0,20,10.0,0.16,3.6,22,4.5,0.15,3.5,B1,B2,B2,37.0,44.0,2025,2,2024-11-01,2025-04-30,130,5,1,4,0,1,3,0,0,0,0,0,0,1,0,0,3,3,3,5,4,0,0,0,0,0,0,0,0,2,4,2,3,1,6,1,0,0,0,0,0,0,0,0,1,3,3,3,6,0,0,0,0,0,0,0,0,0,2,6,2,4,6,0,0,0,0,0,0,0,0,0,1,2,7,9,3,0,0,0,0,0,0,0,0,0,0,0,0,東京
5254,羽田妃希,ハダ キサキ,愛知,B2,H,150212,2,22,157,50,A,3.12,14.0,2,6,57,0,0,0.22,5,60.0,0.2,3.8,7,14.2,0.17,3.3,4,25.0,0.21,4.3,12,8.3,0.21,3.5,11,9.0,0.22,4.1,18,5.5,0.24,5.3,B1,B1,B2,42.0,40.0,2025,2,2024-11-01,2025-04-30,130,1,2,0,1,0,1,0,0,0,0,0,0,0,0,0,1,1,3,0,2,0,0,0,0,0,0,0,0,1,0,0,0,3,0,0,0,0,0,0,0,0,0,0,1,0,5,4,2,0,0,0,0,0,0,0,0,0,1,2,0,2,5,1,0,0,0,0,0,0,0,0,1,1,1,4,10,1,0,0,0,0,0,0,0,0,0,0,0,愛知
5255,藤原仙二,フジワラ センジ,滋賀,A2,H,151106,1,21,167,56,A,5.59,35.3,19,10,82,1,0,0.16,10,70.0,0.17,3.0,16,43.7,0.18,3.8,16,25.0,0.17,3.2,13,30.7,0.17,3.1,15,33.3,0.13,2.5,12,16.6,0.14,3.4,B1,B1,B1,50.0,49.0,2025,2,2024-11-01,2025-04-30,130,7,0,2,0,0,0,0,0,0,0,0,0,1,0,5,2,4,3,1,1,0,0,0,0,0,0,0,0,2,2,4,5,2,0,0,0,0,0,0,0,1,0,3,1,2,1,2,4,0,0,0,0,0,0,0,0,1,4,4,2,2,2,0,0,0,0,0,0,0,0,1,1,2,1,4,2,1,0,0,0,0,0,0,0,0,0,0,0,滋賀
5256,中山翔太,ナカヤマ ショウタ,三重,A2,H,160124,1,21,169,53,O,6.24,46.4,27,19,99,1,0,0.16,17,58.8,0.17,2.6,18,55.5,0.15,3.0,18,72.2,0.16,4.0,20,20.0,0.15,3.6,16,50.0,0.16,3.2,10,10.0,0.15,3.1,A2,B1,B1,52.0,51.0,2025,2,2024-11-01,2025-04-30,130,10,0,2,2,0,0,0,0,0,0,0,0,2,1,6,4,3,1,1,3,0,0,0,0,0,0,0,0,5,8,3,1,1,0,0,0,0,0,0,0,0,0,2,2,4,6,2,2,1,0,0,0,0,0,1,0,4,4,6,0,2,0,0,0,0,0,0,0,0,0,0,1,2,3,2,2,0,0,0,0,0,0,0,0,0,0,2,0,三重
5257,西丸侑太朗,ニシマル ユウタロウ,香川,A2,H,160410,1,21,167,55,A,6.07,40.6,17,22,96,3,2,0.18,16,62.5,0.21,4.3,14,28.5,0.19,4.5,18,44.4,0.16,3.7,18,61.1,0.16,3.3,16,31.2,0.17,3.9,14,7.1,0.17,4.1,A2,B1,B1,50.0,54.0,2025,2,2024-11-01,2025-04-30,130,10,0,2,0,2,1,0,0,0,0,0,0,1,0,0,4,6,2,1,1,0,0,0,0,0,0,0,0,3,5,7,2,1,0,0,0,0,0,0,0,0,0,3,8,3,0,2,2,0,0,0,0,0,0,0,0,1,4,3,4,2,2,0,0,0,0,0,1,0,0,0,1,2,7,1,3,0,0,0,0,0,0,0,0,0,0,0,0,香川
5258,仲本舜,ナカモト シュン,福岡,B1,H,170714,1,19,166,53,O,3.76,14.7,7,6,88,0,0,0.18,10,50.0,0.15,3.1,15,13.3,0.18,4.0,16,25.0,0.17,3.6,16,0.0,0.18,3.8,16,12.5,0.22,3.6,15,0.0,0.19,3.1,B1,B2,B1,41.0,44.0,2025,2,2024-11-01,2025-04-30,130,5,0,1,1,2,1,0,0,0,0,0,0,0,0,0,2,3,0,5,5,0,0,0,0,0,0,0,0,1,3,2,2,5,3,0,0,0,0,0,0,0,0,0,0,4,5,2,4,0,0,0,0,0,0,1,0,1,1,4,3,4,3,0,0,0,0,0,0,0,0,0,0,1,3,4,7,0,0,0,0,0,0,0,0,0,0,0,0,沖縄
5259,野田昇吾,ノダ ショウゴ,埼玉,B1,H,050627,1,32,167,56,A,2.73,5.5,3,3,108,0,0,0.18,10,20.0,0.15,2.7,23,4.3,0.17,3.3,21,0.0,0.18,3.4,21,14.2,0.21,3.7,19,0.0,0.18,4.3,14,0.0,0.2,4.4,B1,B1,B2,37.0,40.0,2025,2,2024-11-01,2025-04-30,131,2,0,2,2,1,2,1,0,0,0,0,0,0,0,0,1,4,2,9,7,0,0,0,0,0,0,0,0,0,0,4,5,3,8,0,0,0,0,0,0,1,0,1,2,2,2,5,9,0,0,0,0,0,0,0,0,0,0,0,4,8,7,0,0,0,0,0,0,0,0,0,0,0,1,7,6,0,0,0,0,0,0,0,0,0,0,0,0,福岡
5261,岡暢祐,オカ ヨウスケ,長崎,B1,H,100206,1,27,169,55,B,4.04,21.3,12,14,122,0,0,0.17,11,54.5,0.18,3.1,24,29.1,0.17,3.3,19,26.3,0.15,3.3,21,9.5,0.15,3.6,22,9.0,0.2,4.2,25,16.0,0.19,4.1,B1,B1,B1,39.0,45.0,2025,2,2024-11-01,2025-04-30,131,3,3,0,1,2,2,0,0,0,0,0,0,0,0,4,3,4,5,4,4,0,0,0,0,0,0,0,0,3,2,1,3,8,2,0,0,0,0,0,0,0,0,1,1,2,6,4,7,0,0,0,0,0,0,0,0,0,2,2,6,6,6,0,0,0,0,0,0,0,0,1,3,3,4,7,6,0,0,0,0,0,0,1,0,0,0,0,0,大分
5262,鈴木章司,スズキ ショウジ,愛知,B1,H,100227,1,27,166,54,AB,4.31,20.2,7,10,84,0,0,0.19,10,40.0,0.14,2.3,15,40.0,0.15,2.7,19,15.7,0.18,3.2,10,10.0,0.22,4.3,17,17.6,0.2,4.2,13,0.0,0.24,4.8,B1,B1,B1,43.0,47.0,2025,2,2024-11-01,2025-04-30,131,2,2,1,3,1,1,0,0,0,0,0,0,0,0,2,4,3,2,3,1,0,0,0,0,0,0,0,0,2,1,2,5,7,2,0,0,0,0,0,0,0,0,0,1,3,2,2,2,0,0,0,0,0,0,0,0,1,2,4,3,6,1,0,0,0,0,0,0,0,0,0,0,2,1,3,7,0,0,0,0,0,0,0,0,0,0,0,0,愛知
5263,花田凱成,ハナダ カイセイ,福岡,B2,H,101005,1,26,165,52,A,4.77,28.5,4,6,35,0,0,0.19,5,40.0,0.22,4.8,6,50.0,0.2,4.0,6,33.3,0.18,3.3,4,50.0,0.15,2.5,5,0.0,0.18,3.0,9,11.1,0.21,4.4,B1,B1,B2,45.0,47.0,2025,2,2024-11-01,2025-04-30,131,1,1,1,1,0,0,1,0,0,0,0,0,0,0,2,1,1,0,1,1,0,0,0,0,0,1,0,0,1,1,2,0,1,1,0,0,0,0,0,0,0,0,0,2,2,0,0,0,0,0,0,0,0,0,0,0,0,0,1,1,1,2,0,0,0,0,0,0,0,0,0,1,1,1,3,3,0,0,0,0,0,0,0,0,0,0,1,0,福岡
5264,登みひ果,ノボリ ミヒカ,兵庫,B1,H,111009,2,25,151,46,B,4.5,28.1,14,15,103,0,0,0.16,14,64.2,0.14,2.6,17,23.5,0.16,2.8,19,26.3,0.15,2.9,20,25.0,0.14,2.4,20,25.0,0.16,2.6,13,7.6,0.23,3.8,B1,B1,B1,43.0,46.0,2025,2,2024-11-01,2025-04-30,131,7,2,0,2,1,2,0,0,0,0,0,0,0,0,1,3,3,4,2,3,0,0,0,0,0,0,1,0,2,3,2,8,2,1,0,0,0,0,0,0,1,0,3,2,3,1,6,5,0,0,0,0,0,0,0,0,1,4,1,6,5,3,0,0,0,0,0,0,0,0,0,1,0,1,4,7,0,0,0,0,0,0,0,0,0,0,0,0,兵庫
5265,大廣咲季,オオヒロ サキ,香川,B1,H,111122,2,25,158,46,O,3.13,10.3,4,9,126,0,0,0.16,15,33.3,0.17,3.0,22,13.6,0.18,3.4,24,16.6,0.14,3.0,22,4.5,0.18,3.6,23,0.0,0.16,3.7,20,0.0,0.14,3.1,B1,B2,B2,38.0,42.0,2025,2,2024-11-01,2025-04-30,131,2,3,1,2,4,2,0,0,0,0,0,0,1,0,1,2,6,2,4,7,0,0,0,0,0,0,0,0,1,3,4,4,6,6,0,0,0,0,0,1,0,0,0,1,5,3,5,8,0,0,0,0,0,0,0,0,0,0,0,4,9,10,0,0,0,0,0,1,0,0,0,0,0,5,3,12,0,0,0,0,0,0,0,0,0,0,0,0,香川
5266,石田勇斗,イシダ ハヤト,愛知,B2,H,120711,1,24,173,56,AB,2.41,6.1,0,3,49,0,0,0.25,3,33.3,0.16,3.0,6,16.6,0.16,4.5,8,0.0,0.22,3.4,6,0.0,0.21,4.5,7,14.2,0.19,4.2,19,0.0,0.34,5.6,B1,B1,B2,40.0,37.0,2025,2,2024-11-01,2025-04-30,131,0,1,0,2,0,0,0,0,0,0,0,0,0,0,0,1,1,0,0,4,0,0,0,0,0,0,0,0,0,0,1,1,3,2,1,0,0,0,0,0,0,0,0,0,1,0,2,2,0,0,0,0,0,0,1,0,0,1,1,3,1,0,1,0,0,0,0,0,0,0,0,0,1,0,2,16,0,0,0,0,0,0,0,0,0,0,0,0,愛知
5267,石本裕武,イシモト ヒロム,大阪,A1,H,120813,1,24,165,52,A,6.74,57.3,46,32,136,5,0,0.15,28,75.0,0.16,2.6,24,70.8,0.14,2.8,25,68.0,0.13,2.9,21,28.5,0.17,3.3,20,55.0,0.15,2.5,18,33.3,0.15,2.4,A2,A2,A2,52.0,53.0,2025,2,2024-11-01,2025-04-30,131,21,0,0,1,4,0,1,0,0,0,0,0,1,0,8,9,2,0,2,2,0,0,0,0,0,0,1,0,9,8,3,1,3,0,0,0,0,0,0,0,1,0,0,6,8,3,4,0,0,0,0,0,0,0,0,0,6,5,2,5,2,0,0,0,0,0,0,0,0,0,2,4,1,4,2,5,0,0,0,0,0,1,0,0,0,0,2,0,大阪
5268,山本幸也,ヤマモト ユキヤ,福岡,B1,H,121029,1,24,168,57,A,3.1,13.9,6,6,86,0,0,0.18,8,25.0,0.18,3.5,16,6.2,0.19,4.5,14,14.2,0.14,3.2,10,20.0,0.15,3.9,17,17.6,0.19,3.5,21,9.5,0.2,4.3,B2,B1,B2,34.0,41.0,2025,2,2024-11-01,2025-04-30,131,1,1,1,1,1,3,0,0,0,0,0,0,0,0,0,1,2,3,6,3,1,0,0,0,0,0,0,0,1,1,1,5,3,3,0,0,0,0,0,0,0,0,1,1,0,2,3,3,0,0,0,0,0,0,0,0,2,1,1,1,5,7,0,0,0,0,0,0,0,0,1,1,0,1,4,14,0,0,0,0,0,0,0,0,0,0,0,0,福岡
5269,山口晃朋,ヤマグチ アキトモ,静岡,B1,H,130118,1,24,162,51,A,5.08,30.0,26,13,130,3,1,0.15,20,65.0,0.16,2.8,23,21.7,0.14,3.0,23,34.7,0.15,2.5,18,22.2,0.16,3.6,26,19.2,0.16,3.3,20,20.0,0.14,3.2,B1,B1,B1,43.0,48.0,2025,2,2024-11-01,2025-04-30,131,10,3,0,3,3,1,0,0,0,0,0,0,0,0,3,2,5,5,4,4,0,0,0,0,0,0,0,0,4,4,7,3,1,3,0,0,0,0,0,0,1,0,3,1,4,4,1,5,0,0,0,0,0,0,0,0,2,3,2,5,10,3,0,0,0,0,0,0,1,0,4,0,3,5,4,4,0,0,0,0,0,0,0,0,0,0,0,0,静岡
5270,小玉啓太,コダマ ケイタ,佐賀,B1,H,130325,1,24,166,53,O,3.05,7.6,2,3,65,0,0,0.16,7,14.2,0.15,4.1,14,14.2,0.18,3.5,14,7.1,0.14,3.0,9,11.1,0.18,3.7,10,0.0,0.16,3.0,11,0.0,0.18,3.2,B1,B1,B2,42.0,42.0,2025,2,2024-11-01,2025-04-30,131,1,0,1,1,0,4,0,0,0,0,0,0,0,0,0,2,1,4,3,4,0,0,0,0,0,0,0,0,0,1,3,0,6,4,0,0,0,0,0,0,0,0,1,0,1,2,2,2,0,0,0,0,0,0,1,0,0,0,0,5,4,1,0,0,0,0,0,0,0,0,0,0,1,1,6,3,0,0,0,0,0,0,0,0,0,0,0,0,佐賀
5271,杉山太陽,スギヤマ タイヨウ,福岡,B1,H,130719,1,23,163,53,A,3.31,12.5,6,5,88,0,0,0.17,9,55.5,0.13,1.8,17,11.7,0.18,3.3,14,0.0,0.17,4.2,19,10.5,0.17,3.1,16,12.5,0.16,2.8,13,0.0,0.18,3.5,B1,B1,B2,41.0,42.0,2025,2,2024-11-01,2025-04-30,131,3,2,1,0,1,1,1,0,0,0,0,0,0,0,1,1,1,4,6,4,0,0,0,0,0,0,0,0,0,0,2,1,3,8,0,0,0,0,0,1,0,0,0,2,3,4,3,7,0,0,0,0,0,0,0,0,2,0,1,3,7,3,0,0,0,0,0,0,0,0,0,0,3,0,4,6,0,0,0,0,0,0,0,0,0,0,0,0,福岡
5272,松田真実,マツダ マミ,愛知,B1,H,130819,2,23,155,46,A,3.6,18.6,9,8,91,0,0,0.16,11,54.5,0.21,2.7,15,46.6,0.13,1.9,15,13.3,0.21,3.5,11,0.0,0.16,2.8,20,5.0,0.14,2.6,19,5.2,0.14,2.8,B2,B2,B2,35.0,42.0,2025,2,2024-11-01,2025-04-30,131,5,1,0,1,2,1,1,0,0,0,0,0,0,0,4,3,2,3,1,2,0,0,0,0,0,0,0,0,0,2,2,1,4,6,0,0,0,0,0,0,0,0,0,0,2,0,3,6,0,0,0,0,0,0,0,0,0,1,3,2,5,8,0,0,0,0,0,0,1,0,0,1,2,3,2,11,0,0,0,0,0,0,0,0,0,0,0,0,愛知
5273,山下拓巳,ヤマシタ タクミ,兵庫,B1,H,130901,1,23,166,52,A,4.1,22.4,9,15,107,0,0,0.18,11,45.4,0.16,3.5,22,22.7,0.18,3.8,17,29.4,0.15,3.1,16,18.7,0.22,4.1,23,17.3,0.18,3.6,18,11.1,0.16,3.7,B1,B1,B2,42.0,45.0,2025,2,2024-11-01,2025-04-30,131,5,0,1,2,2,1,0,0,0,0,0,0,0,0,2,3,2,1,6,7,0,0,0,0,0,0,1,0,0,5,3,5,1,3,0,0,0,0,0,0,0,0,0,3,1,5,3,4,0,0,0,0,0,0,0,0,1,3,5,3,5,6,0,0,0,0,0,0,0,0,1,1,2,3,3,8,0,0,0,0,0,0,0,0,0,0,0,0,兵庫
5274,城間盛渚,シロマ セイナ,福岡,B1,H,131121,1,23,171,54,A,4.44,28.5,11,9,70,0,0,0.18,9,44.4,0.21,3.6,13,46.1,0.18,3.3,10,40.0,0.15,2.3,12,25.0,0.19,3.3,13,15.3,0.15,3.4,13,7.6,0.2,4.9,B1,B1,B1,45.0,46.0,2025,2,2024-11-01,2025-04-30,131,3,1,1,2,0,2,0,0,0,0,0,0,0,0,2,4,0,1,4,2,0,0,0,0,0,1,0,0,1,3,2,0,4,0,0,0,0,0,0,0,0,0,2,1,2,2,1,4,0,0,0,0,0,0,0,0,2,0,2,2,4,3,0,0,0,0,0,0,0,0,1,0,0,2,4,6,0,0,0,0,0,0,0,0,0,0,0,0,沖縄
5275,松田淳平,マツダ ジュンペイ,三重,B1,H,140221,1,23,169,55,A,4.87,26.6,9,16,94,0,0,0.17,9,22.2,0.16,2.9,18,33.3,0.22,3.6,16,31.2,0.15,3.1,17,23.5,0.14,3.5,21,33.3,0.16,2.7,13,7.6,0.18,3.2,B1,B1,B1,44.0,48.0,2025,2,2024-11-01,2025-04-30,131,1,1,0,3,2,2,0,0,0,0,0,0,0,0,1,5,2,9,1,0,0,0,0,0,0,0,0,0,2,3,5,3,1,1,0,0,0,0,0,0,1,0,1,3,3,6,2,1,0,0,0,0,0,0,1,0,4,3,4,3,7,0,0,0,0,0,0,1,0,0,0,1,0,5,4,2,1,0,0,0,0,1,0,0,0,0,0,0,三重
5276,大島隆乃介,オオシマ リュウノスケ,福岡,B1,H,140427,1,23,157,51,A,5.44,37.2,17,27,118,0,0,0.17,20,70.0,0.15,3.1,23,43.4,0.16,3.5,19,47.3,0.2,3.9,18,44.4,0.18,3.1,22,4.5,0.19,3.8,16,12.5,0.17,3.6,B1,B1,B1,44.0,50.0,2025,2,2024-11-01,2025-04-30,131,12,2,2,2,2,0,0,0,0,0,0,0,0,0,0,10,3,7,3,0,0,0,0,0,0,0,0,0,1,8,5,2,2,1,0,0,0,0,0,1,0,0,2,6,1,3,4,2,0,0,0,0,0,0,0,0,1,0,6,4,5,6,0,0,0,0,0,0,0,0,1,1,2,5,3,3,0,0,0,0,0,0,1,0,0,0,0,0,福岡
5277,井上未都,イノウエ ミト,福岡,B1,H,140505,2,23,156,46,O,4.5,25.6,11,21,125,0,0,0.17,14,42.8,0.17,3.4,27,37.0,0.16,2.8,25,20.0,0.17,2.6,21,23.8,0.17,3.1,18,27.7,0.17,2.6,20,5.0,0.18,3.2,B1,B1,B2,44.0,46.0,2025,2,2024-11-01,2025-04-30,131,4,2,3,1,4,0,0,0,0,0,0,0,0,0,3,7,7,4,2,2,0,0,0,0,0,0,2,0,2,3,4,4,5,6,0,0,0,0,0,0,1,0,2,3,4,7,3,2,0,0,0,0,0,0,0,0,0,5,0,4,5,4,0,0,0,0,0,0,0,0,0,1,1,5,6,7,0,0,0,0,0,1,0,0,0,0,0,0,福岡
5278,田中駿兵,タナカ シュンペイ,徳島,A2,H,140905,1,22,169,51,A,6.29,49.3,21,15,73,3,0,0.17,10,100.0,0.15,3.5,9,66.6,0.17,2.7,15,46.6,0.15,3.1,14,50.0,0.18,3.4,16,31.2,0.18,3.4,9,11.1,0.21,4.2,B1,B1,B1,49.0,52.0,2025,2,2024-11-01,2025-04-30,131,8,2,0,0,0,0,0,0,0,0,0,1,0,0,1,5,1,0,1,1,0,0,0,0,0,0,0,0,5,2,3,2,1,1,1,0,0,0,0,0,0,0,5,2,1,3,2,1,0,0,0,0,0,0,0,0,1,4,3,5,1,2,0,0,0,0,0,0,0,0,1,0,1,1,4,2,0,0,0,0,0,0,0,0,0,0,0,0,徳島
5279,石渡翔一郎,イシワタ ショウイチロウ,東京,B1,H,141023,1,22,158,54,O,5.35,36.1,17,22,108,0,0,0.15,17,52.9,0.14,2.4,21,28.5,0.14,2.4,23,43.4,0.19,2.9,14,35.7,0.12,2.2,19,36.8,0.14,3.1,14,14.2,0.16,3.3,B1,B1,B1,50.0,49.0,2025,2,2024-11-01,2025-04-30,131,7,2,4,3,1,0,0,0,0,0,0,0,0,0,1,5,8,3,3,1,0,0,0,0,0,0,0,0,3,7,5,2,3,3,0,0,0,0,0,0,0,0,4,1,1,2,2,2,1,0,0,0,0,0,1,0,2,5,2,5,2,3,0,0,0,0,0,0,0,0,0,2,0,2,4,5,1,0,0,0,0,0,0,0,0,0,0,0,千葉
5280,廣瀬凜,ヒロセ リン,滋賀,B1,H,141112,1,22,159,51,O,5.03,26.1,11,24,134,0,0,0.21,18,72.2,0.21,3.9,24,37.5,0.18,3.7,22,22.7,0.2,3.8,27,22.2,0.21,4.2,21,9.5,0.22,4.4,22,0.0,0.24,4.8,B1,B1,B2,47.0,49.0,2025,2,2024-11-01,2025-04-30,131,7,6,1,1,2,1,0,0,0,0,0,0,0,0,2,7,4,6,5,0,0,0,0,0,0,0,0,0,0,5,8,4,2,2,0,0,0,0,0,0,1,0,1,5,9,6,4,2,0,0,0,0,0,0,0,0,1,1,6,5,5,2,0,0,0,0,0,0,1,0,0,0,4,9,4,5,0,0,0,0,0,0,0,0,0,0,0,0,京都
5281,井上遥妃,イノウエ ハルヒ,徳島,B1,H,150326,2,22,158,46,A,5.27,35.9,15,17,89,1,0,0.14,13,69.2,0.13,2.9,17,47.0,0.14,2.7,14,42.8,0.13,2.6,14,28.5,0.15,2.6,14,21.4,0.15,2.4,17,11.7,0.15,3.3,B1,B1,B1,49.0,49.0,2025,2,2024-11-01,2025-04-30,131,7,2,2,0,0,2,0,0,0,0,0,0,0,0,1,7,2,1,3,3,0,0,0,0,0,0,0,0,3,3,3,1,2,2,0,0,0,0,0,0,0,0,2,2,2,1,5,2,0,0,0,0,0,0,0,0,1,2,2,3,3,3,0,0,0,0,0,0,0,0,1,1,4,5,4,1,1,0,0,0,0,0,0,0,0,0,0,0,徳島
5282,中本大樹,ナカモト ダイキ,福井,B1,H,150330,1,22,172,54,B,3.99,18.9,10,5,79,0,0,0.19,8,37.5,0.18,3.8,12,16.6,0.16,3.8,17,29.4,0.19,3.6,17,11.7,0.18,3.9,12,16.6,0.22,4.6,13,7.6,0.22,3.5,B2,B1,B2,41.0,45.0,2025,2,2024-11-01,2025-04-30,131,3,0,3,1,0,1,0,0,0,0,0,0,0,0,1,1,1,3,4,2,0,0,0,0,0,0,0,0,2,3,3,6,1,2,0,0,0,0,0,0,0,0,2,0,2,3,4,6,0,0,0,0,0,0,0,0,1,1,1,0,1,8,0,0,0,0,0,0,0,0,1,0,0,2,6,4,0,0,0,0,0,0,0,0,0,0,0,0,石川
5283,植木美帆,ウエキ ミホ,東京,B2,H,160210,2,21,154,48,O,2.2,6.1,2,1,49,0,0,0.23,4,25.0,0.16,3.0,4,0.0,0.22,4.5,6,0.0,0.25,4.0,7,14.2,0.2,3.1,4,0.0,0.18,3.5,24,4.1,0.25,4.5,B1,B2,B2,37.0,36.0,2025,2,2024-11-01,2025-04-30,131,1,0,0,0,2,1,0,0,0,0,0,0,0,0,0,0,1,0,1,2,0,0,0,0,0,0,0,0,0,0,0,2,1,2,1,0,0,0,0,1,0,0,1,0,2,1,1,2,0,0,0,0,0,0,0,0,0,0,0,0,2,2,0,0,0,0,0,0,0,0,0,1,0,0,5,17,1,0,0,0,0,0,0,0,0,0,0,0,東京
5284,嘉手苅徹哉,カデカル テツヤ,福岡,B1,H,101011,1,26,159,54,B,2.1,4.2,1,3,94,0,0,0.17,3,0.0,0.18,3.7,4,0.0,0.23,3.8,6,0.0,0.15,3.8,19,15.7,0.16,3.2,22,4.5,0.14,2.7,40,0.0,0.18,3.9,B2,B2,B2,36.0,36.0,2025,2,2024-11-01,2025-04-30,132,0,0,0,1,0,2,0,0,0,0,0,0,0,0,0,0,2,0,1,1,0,0,0,0,0,0,0,0,0,0,0,2,1,2,0,0,0,0,0,0,1,0,1,2,1,0,3,12,0,0,0,0,0,0,0,0,0,1,2,3,7,8,0,0,0,0,0,1,1,0,0,0,1,2,9,28,0,0,0,0,0,0,0,0,0,0,0,0,沖縄
5285,若林麗,ワカバヤシ レイ,東京,B1,H,110426,1,26,160,53,A,2.37,5.1,2,3,97,0,0,0.19,8,0.0,0.19,3.4,13,0.0,0.2,3.7,11,9.0,0.19,4.2,21,14.2,0.17,3.7,21,0.0,0.19,3.9,23,4.3,0.18,4.3,B1,B2,B2,37.0,38.0,2025,2,2024-11-01,2025-04-30,132,0,0,1,2,1,4,0,0,0,0,0,0,0,0,0,0,1,5,2,5,0,0,0,0,0,0,0,0,0,1,0,0,4,6,0,0,0,0,0,0,0,0,2,1,1,3,5,9,0,0,0,0,0,0,0,0,0,0,0,2,6,12,1,0,0,0,0,0,0,0,0,1,2,3,7,10,0,0,0,0,0,0,0,0,0,0,0,0,山梨
5286,坂井滉哉,サカイ コウヤ,福岡,B1,H,110704,1,25,171,52,O,3.78,17.2,6,10,93,0,0,0.16,9,44.4,0.17,2.3,18,27.7,0.17,3.1,20,20.0,0.16,2.5,18,5.5,0.15,3.2,14,7.1,0.14,3.0,14,7.1,0.15,2.9,B1,B1,B2,46.0,45.0,2025,2,2024-11-01,2025-04-30,132,2,2,1,2,0,2,0,0,0,0,0,0,0,0,2,3,0,4,8,1,0,0,0,0,0,0,0,0,2,2,3,5,1,7,0,0,0,0,0,0,0,0,0,1,3,7,4,3,0,0,0,0,0,0,0,0,0,1,1,3,5,4,0,0,0,0,0,0,0,0,0,1,0,2,8,3,0,0,0,0,0,0,0,0,0,0,0,0,福岡
5287,滝沢織寧,タキザワ オリネ,埼玉,B1,H,110922,2,25,149,45,A,3.62,11.5,4,8,104,0,0,0.16,12,8.3,0.15,3.3,18,27.7,0.19,3.6,20,5.0,0.15,2.9,19,15.7,0.15,3.1,18,11.1,0.14,2.8,16,0.0,0.15,3.1,B1,B1,B2,39.0,43.0,2025,2,2024-11-01,2025-04-30,132,1,0,3,1,3,4,0,0,0,0,0,0,0,0,0,5,3,3,4,3,0,0,0,0,0,0,0,0,1,0,4,6,4,4,0,0,0,0,0,0,1,0,0,3,6,1,3,5,1,0,0,0,0,0,0,0,2,0,4,4,3,5,0,0,0,0,0,1,0,0,0,0,0,5,6,5,0,0,0,0,0,0,0,0,0,0,0,1,埼玉
5288,尾道佳諭,オノミチ ケイト,埼玉,B1,H,111015,1,25,163,54,A,2.53,8.7,0,5,57,0,0,0.26,5,40.0,0.27,4.8,5,20.0,0.24,4.8,7,0.0,0.25,4.3,7,0.0,0.19,3.3,10,10.0,0.21,4.6,23,4.3,0.3,5.5,B2,B2,B2,35.0,38.0,2025,2,2024-11-01,2025-04-30,132,0,2,0,0,0,2,1,0,0,0,0,0,0,0,0,1,0,1,1,2,0,0,0,0,0,0,0,0,0,0,0,4,0,3,0,0,0,0,0,0,0,0,0,0,1,1,4,1,0,0,0,0,0,0,0,0,0,1,2,2,3,2,0,0,0,0,0,0,0,0,0,1,0,0,7,14,1,0,0,0,0,0,0,0,0,0,0,0,長崎
5289,佃來紀,ツクダ ライキ,大阪,B1,H,121230,1,24,166,53,AB,4.32,15.7,10,11,133,0,0,0.18,14,64.2,0.14,3.1,22,9.0,0.2,4.4,27,3.7,0.19,4.0,19,26.3,0.17,3.5,27,14.8,0.18,3.6,24,0.0,0.16,3.2,B1,B1,B1,45.0,47.0,2025,2,2024-11-01,2025-04-30,132,7,2,0,3,2,0,0,0,0,0,0,0,0,0,2,0,4,7,5,4,0,0,0,0,0,0,0,0,0,1,6,6,10,3,0,0,0,0,0,0,1,0,1,4,3,6,1,4,0,0,0,0,0,0,0,0,0,4,9,5,2,7,0,0,0,0,0,0,0,0,0,0,7,7,9,1,0,0,0,0,0,0,0,0,0,0,0,0,奈良
5290,坂本一真,サカモト カズマ,東京,B1,H,130624,1,24,168,55,A,2.29,5.8,1,4,85,0,0,0.18,8,12.5,0.14,3.2,16,12.5,0.2,3.8,11,18.1,0.23,3.7,15,0.0,0.19,3.7,15,0.0,0.14,2.8,20,0.0,0.19,3.7,B1,B2,B2,37.0,37.0,2025,2,2024-11-01,2025-04-30,132,1,0,0,0,4,3,0,0,0,0,0,1,0,0,0,2,0,1,6,7,0,0,0,0,0,0,0,0,0,2,0,2,2,4,1,0,0,0,0,1,0,0,0,0,1,3,4,7,0,0,0,0,0,0,0,0,0,0,1,3,5,5,0,0,0,0,0,0,1,0,0,0,0,4,6,9,1,0,0,0,0,1,0,0,0,0,0,0,福島
5291,三嶌こころ,ミシマ ココロ,香川,B1,H,130703,2,23,157,49,B,2.07,3.7,1,3,107,0,0,0.23,0,0.0,0.0,0.0,0,0.0,0.0,0.0,0,0.0,0.0,0.0,22,9.0,0.23,4.7,40,5.0,0.21,4.4,45,0.0,0.25,5.3,B1,B2,B2,39.0,37.0,2025,2,2024-11-01,2025-04-30,132,0,0,0,0,0,0,0,0,0,0,0,0,0,0,0,0,0,0,0,0,0,0,0,0,0,0,0,0,0,0,0,0,0,0,0,0,0,0,0,0,0,0,0,2,1,1,10,8,0,0,0,0,0,0,0,0,1,1,3,5,14,16,0,0,0,0,0,0,0,0,0,0,1,3,11,28,1,0,0,0,0,0,0,1,0,0,0,0,香川
5292,佐藤右京,サトウ ウキョウ,東京,B1,H,131020,1,23,173,59,O,2.99,9.0,1,7,88,0,0,0.21,10,20.0,0.31,5.4,17,11.7,0.18,3.9,13,15.3,0.21,4.2,15,0.0,0.19,3.9,14,7.1,0.2,3.6,19,5.2,0.21,3.9,B1,B1,B2,38.0,41.0,2025,2,2024-11-01,2025-04-30,132,1,1,2,3,2,1,0,0,0,0,0,0,0,0,0,2,3,1,3,7,1,0,0,0,0,0,0,0,0,2,1,2,1,6,0,0,0,0,0,0,1,0,0,0,0,5,4,6,0,0,0,0,0,0,0,0,0,1,2,2,4,5,0,0,0,0,0,0,0,0,0,1,2,4,4,8,0,0,0,0,0,0,0,0,0,0,1,0,宮城
5293,眞崎武蔵,マサキ ムサシ,静岡,B1,H,131109,1,23,170,52,O,3.26,10.3,8,1,87,0,0,0.16,11,36.3,0.16,2.7,13,0.0,0.21,4.0,21,4.7,0.14,3.0,12,8.3,0.1,2.5,17,17.6,0.17,3.1,13,0.0,0.18,3.3,B1,B1,B2,38.0,42.0,2025,2,2024-11-01,2025-04-30,132,4,0,2,2,2,1,0,0,0,0,0,0,0,0,0,0,1,3,6,3,0,0,0,0,0,0,0,0,1,0,3,2,9,6,0,0,0,0,0,0,0,0,1,0,1,3,3,4,0,0,0,0,0,0,0,0,2,1,1,3,5,4,0,0,0,0,0,0,1,0,0,0,2,1,2,8,0,0,0,0,0,0,0,0,0,0,0,0,神奈川
5294,豊田祥生,トヨダ ショウキ,静岡,B1,H,140207,1,23,160,48,AB,3.23,13.6,4,12,117,0,0,0.17,13,30.7,0.17,3.9,21,23.8,0.2,4.1,21,14.2,0.17,3.6,22,13.6,0.16,3.3,19,5.2,0.14,3.5,21,0.0,0.15,4.1,B1,B1,B2,38.0,42.0,2025,2,2024-11-01,2025-04-30,132,3,1,2,2,3,2,0,0,0,0,0,0,0,0,1,4,1,1,6,8,0,0,0,0,0,0,0,0,0,3,4,5,4,5,0,0,0,0,0,0,0,0,0,3,2,3,5,9,0,0,0,0,0,0,0,0,0,1,3,2,7,6,0,0,0,0,0,0,0,0,0,0,1,2,6,12,0,0,0,0,0,0,0,0,0,0,0,0,静岡
5295,田上凜,タノウエ リン,大阪,B1,H,140417,2,23,157,47,O,2.34,4.4,1,2,67,0,0,0.22,7,28.5,0.24,5.3,13,7.6,0.27,4.8,13,0.0,0.22,4.5,13,0.0,0.23,4.8,11,0.0,0.16,4.2,10,0.0,0.22,4.8,B1,B2,B2,40.0,37.0,2025,2,2024-11-01,2025-04-30,132,0,2,0,2,0,3,0,0,0,0,0,0,0,0,1,0,0,4,2,5,1,0,0,0,0,0,0,0,0,0,1,1,4,6,0,0,0,0,0,0,1,0,0,0,1,0,3,8,0,0,0,0,0,0,1,0,0,0,2,0,5,4,0,0,0,0,0,0,0,0,0,0,1,2,4,3,0,0,0,0,0,0,0,0,0,0,0,0,和歌山
5296,永田楽,ナガタ ラク,愛知,B1,H,140626,2,23,156,47,O,3.02,13.4,4,10,104,0,0,0.21,0,0.0,0.0,0.0,0,0.0,0.0,0.0,25,32.0,0.22,4.3,22,13.6,0.21,4.0,21,9.5,0.25,4.2,36,2.7,0.2,4.2,B1,B2,B2,39.0,40.0,2025,2,2024-11-01,2025-04-30,132,0,0,0,0,0,0,0,0,0,0,0,0,0,0,0,0,0,0,0,0,0,0,0,0,0,0,0,0,3,5,2,3,5,6,0,0,0,0,0,1,1,0,0,3,1,3,9,5,0,0,0,0,0,1,1,0,0,2,2,3,8,3,0,0,0,0,0,0,2,1,1,0,2,6,8,18,0,0,0,0,0,0,1,0,0,0,0,0,愛知
5297,南彩寧,ミナミ アヤネ,兵庫,B2,H,140708,2,22,158,53,AB,1.64,0.9,0,1,111,0,0,0.22,0,0.0,0.0,0.0,1,0.0,0.21,6.0,7,14.2,0.23,4.3,20,0.0,0.23,4.5,28,0.0,0.23,4.4,55,0.0,0.22,4.6,B2,B2,B2,35.0,35.0,2025,2,2024-11-01,2025-04-30,132,0,0,0,0,0,0,0,0,0,0,0,0,0,0,0,0,0,0,1,0,0,0,0,0,0,0,0,0,0,1,0,0,3,3,0,0,0,0,0,0,0,0,0,0,2,5,4,9,0,0,0,0,0,1,0,0,0,0,0,2,6,20,0,0,0,0,0,0,0,0,0,0,1,0,14,40,0,0,0,0,0,0,0,0,0,0,0,0,兵庫
5298,水谷理人,ミズタニ マサト,香川,B1,H,140709,1,22,161,52,AB,4.83,29.2,9,10,65,0,0,0.17,10,80.0,0.18,4.3,12,16.6,0.17,3.4,10,40.0,0.19,3.8,10,10.0,0.21,3.3,8,37.5,0.14,2.3,15,6.6,0.14,3.1,A2,B1,B1,51.0,50.0,2025,2,2024-11-01,2025-04-30,132,4,4,0,1,0,1,0,0,0,0,0,0,0,0,0,2,0,2,4,3,1,0,0,0,0,0,0,0,2,2,0,2,4,0,0,0,0,0,0,1,0,0,1,0,2,2,5,0,0,0,0,0,0,0,0,0,2,1,2,1,0,1,1,0,0,0,0,0,0,0,0,1,4,4,3,3,0,0,0,0,0,0,0,0,0,0,0,0,香川
5299,西丸敦基,ニシマル アツキ,香川,B1,H,140831,1,22,168,53,B,4.86,27.8,11,18,104,0,0,0.16,12,41.6,0.18,2.5,19,31.5,0.16,4.2,17,35.2,0.18,3.5,18,38.8,0.15,3.2,19,15.7,0.17,3.1,19,10.5,0.16,2.6,B1,B1,B2,44.0,48.0,2025,2,2024-11-01,2025-04-30,132,5,0,2,1,1,1,1,0,0,0,0,0,1,0,2,4,5,1,5,2,0,0,0,0,0,0,0,0,2,4,0,6,2,3,0,0,0,0,0,0,0,0,2,5,2,6,3,0,0,0,0,0,0,0,0,0,0,3,6,4,3,3,0,0,0,0,0,0,0,0,0,2,3,6,2,6,0,0,0,0,0,0,0,0,0,0,0,0,香川
5300,横田海人,ヨコタ カイト,愛知,B1,H,140907,1,22,164,52,O,2.28,7.7,6,2,103,0,0,0.18,7,42.8,0.19,4.0,6,0.0,0.15,3.0,8,25.0,0.16,2.4,20,10.0,0.19,3.8,27,3.7,0.17,3.8,35,0.0,0.2,3.6,B2,B2,B2,35.0,37.0,2025,2,2024-11-01,2025-04-30,132,2,1,0,0,2,2,0,0,0,0,0,0,0,0,0,0,1,2,2,1,0,0,0,0,0,1,0,0,1,1,1,1,2,2,0,0,0,0,0,0,0,0,2,0,0,0,6,12,0,0,0,0,0,0,0,0,1,0,1,2,9,14,0,0,0,0,0,0,0,0,0,0,1,1,6,26,1,0,0,0,0,0,0,0,0,0,0,0,愛知
5301,岩下巧斗,イワシタ タクト,群馬,B1,H,141015,1,22,165,53,A,3.19,5.8,3,3,102,0,0,0.18,11,9.0,0.16,3.1,19,5.2,0.19,4.1,22,9.0,0.2,4.0,18,0.0,0.17,3.9,18,5.5,0.17,3.7,14,7.1,0.17,3.3,B1,B1,B1,44.0,42.0,2025,2,2024-11-01,2025-04-30,132,0,1,2,1,3,4,0,0,0,0,0,0,0,0,0,1,2,6,6,4,0,0,0,0,0,0,0,0,2,0,2,3,7,8,0,0,0,0,0,0,0,0,0,0,7,3,3,3,0,0,0,0,0,0,2,0,1,0,1,9,3,4,0,0,0,0,0,1,0,0,0,1,3,0,4,6,0,0,0,0,0,0,0,0,0,0,0,0,群馬
5302,秋末秦悟,アキスエ シンゴ,大阪,B2,H,150118,1,22,167,54,AB,1.41,0.0,0,0,83,0,0,0.29,1,0.0,0.0,0.0,1,0.0,0.03,4.0,0,0.0,0.0,0.0,1,0.0,0.27,4.0,3,0.0,0.23,5.3,77,0.0,0.3,5.6,B2,B1,B2,35.0,32.0,2025,2,2024-11-01,2025-04-30,132,0,0,0,0,0,0,1,0,0,0,0,0,0,0,0,0,0,0,1,0,0,0,0,0,0,0,0,0,0,0,0,0,0,0,0,0,0,0,0,0,0,0,0,0,1,0,0,0,0,0,0,0,0,0,0,0,0,0,0,0,2,1,0,0,0,0,0,0,0,0,0,0,2,4,6,64,0,0,0,0,0,0,1,0,0,0,0,0,大阪
5303,土井歩夢,ドイ アユム,福岡,B1,H,150401,1,22,165,54,B,4.69,26.4,13,15,106,0,0,0.17,13,53.8,0.18,3.0,16,50.0,0.14,2.9,23,8.7,0.17,3.0,23,21.7,0.19,3.4,13,38.4,0.16,3.2,18,5.5,0.16,3.7,B1,B1,B1,48.0,46.0,2025,2,2024-11-01,2025-04-30,132,5,2,3,0,1,1,0,0,0,0,0,0,0,1,4,4,2,3,1,2,0,0,0,0,0,0,0,0,1,1,6,3,6,4,1,0,0,0,0,0,1,0,3,2,5,3,6,3,0,0,0,0,0,0,1,0,0,5,2,2,2,2,0,0,0,0,0,0,0,0,0,1,4,3,5,5,0,0,0,0,0,0,0,0,0,0,0,0,福岡
5304,井田涼介,イダ リョウスケ,群馬,B2,H,150418,1,22,173,64,B,1.15,0.0,0,0,27,0,0,0.24,0,0.0,0.0,0.0,0,0.0,0.0,0.0,0,0.0,0.0,0.0,3,0.0,0.28,4.8,4,0.0,0.26,5.3,20,0.0,0.23,5.0,B2,B2,B2,30.0,31.0,2025,2,2024-11-01,2025-04-30,132,0,0,0,0,0,0,0,0,0,0,0,0,0,0,0,0,0,0,0,0,0,0,0,0,0,0,0,0,0,0,0,0,0,0,0,0,0,0,0,0,0,0,0,0,0,0,0,3,0,0,0,0,0,1,0,0,0,0,0,0,2,2,0,0,0,0,0,0,0,0,0,0,0,0,3,16,0,0,0,0,0,0,1,0,0,0,0,0,群馬
5305,伊藤栞,イトウ シオリ,愛知,B2,H,150501,2,22,161,52,O,1.49,0.0,0,0,72,0,0,0.2,5,0.0,0.28,5.8,11,0.0,0.16,2.8,8,0.0,0.23,4.4,4,0.0,0.21,3.8,6,0.0,0.2,4.2,38,0.0,0.2,4.1,B2,B2,B2,33.0,34.0,2025,2,2024-11-01,2025-04-30,132,0,0,0,1,0,4,0,0,0,0,0,0,0,0,0,0,0,1,3,6,0,0,0,0,0,0,1,0,0,0,0,0,3,5,0,0,0,0,0,0,0,0,0,0,0,1,1,2,0,0,0,0,0,0,0,0,0,0,0,0,1,5,0,0,0,0,0,0,0,0,0,0,1,2,8,27,0,0,0,0,0,0,0,0,0,0,0,0,愛知
5306,河内悠利杏,カワチ ユリアン,群馬,B1,H,150524,2,22,161,48,A,2.18,1.2,0,1,83,0,0,0.22,9,11.1,0.18,3.3,12,0.0,0.2,3.5,14,0.0,0.21,4.1,18,0.0,0.22,4.1,16,0.0,0.21,4.2,14,0.0,0.27,5.1,B1,B2,B2,38.0,37.0,2025,2,2024-11-01,2025-04-30,132,0,1,3,0,2,2,0,0,0,0,0,0,1,0,0,0,0,4,3,5,0,0,0,0,0,0,0,0,0,0,3,3,3,5,0,0,0,0,0,0,0,0,0,0,1,2,5,10,0,0,0,0,0,0,0,0,0,0,0,4,3,8,1,0,0,0,0,0,0,0,0,0,0,0,3,11,0,0,0,0,0,0,0,0,0,0,0,0,群馬
5307,富永夏哉人,トミナガ カヤト,佐賀,B1,H,150729,1,21,164,51,O,3.9,15.6,10,10,128,0,0,0.18,13,61.5,0.15,3.2,24,12.5,0.2,4.2,30,13.3,0.18,4.0,22,13.6,0.18,3.9,23,8.7,0.18,3.6,16,0.0,0.16,3.5,B1,B1,B2,42.0,45.0,2025,2,2024-11-01,2025-04-30,132,5,3,1,1,1,2,0,0,0,0,0,1,0,0,0,3,4,6,7,4,0,0,0,0,0,0,0,0,3,1,9,2,6,9,0,0,0,0,0,0,0,0,1,2,3,4,7,5,0,0,0,0,0,0,0,0,1,1,2,7,6,5,0,0,0,0,0,0,1,0,0,0,3,3,6,4,0,0,0,0,0,0,0,0,0,0,0,0,佐賀
5308,藤森拓海,フジモリ タクミ,福岡,B1,H,160724,1,20,173,54,B,3.31,11.2,3,6,80,0,0,0.21,5,20.0,0.2,3.2,14,14.2,0.2,4.4,16,18.7,0.2,3.9,12,0.0,0.17,3.8,16,12.5,0.19,4.0,17,5.8,0.26,5.3,B1,B2,B2,37.0,41.0,2025,2,2024-11-01,2025-04-30,132,1,0,0,1,2,1,0,0,0,0,0,0,0,0,0,2,0,3,2,6,0,0,0,0,0,1,1,0,1,2,3,2,4,3,1,0,0,0,0,0,0,0,0,0,3,1,3,4,0,0,0,0,0,0,1,0,1,1,4,3,2,5,0,0,0,0,0,0,0,0,0,1,2,4,4,6,0,0,0,0,0,0,0,0,0,0,0,0,福岡
5309,森雄利,モリ ユウリ,長崎,B2,H,160810,1,20,163,52,O,1.37,0.0,0,0,79,0,0,0.18,0,0.0,0.0,0.0,0,0.0,0.0,0.0,0,0.0,0.0,0.0,10,0.0,0.19,4.6,17,0.0,0.17,3.3,52,0.0,0.18,3.9,B2,B2,B2,32.0,32.0,2025,2,2024-11-01,2025-04-30,132,0,0,0,0,0,0,0,0,0,0,0,0,0,0,0,0,0,0,0,0,0,0,0,0,0,0,0,0,0,0,0,0,0,0,0,0,0,0,0,0,0,0,0,0,0,0,4,5,0,0,0,0,0,0,1,0,0,0,1,0,3,12,0,0,0,0,0,0,1,0,0,0,1,1,11,39,0,0,0,0,0,1,0,0,0,0,0,0,長崎
5310,土屋蘭,ツチヤ ラン,岡山,B1,H,161227,2,20,163,48,O,2.04,0.0,0,0,50,0,0,0.22,0,0.0,0.0,0.0,0,0.0,0.0,0.0,0,0.0,0.0,0.0,10,0.0,0.24,5.4,18,0.0,0.23,4.6,22,0.0,0.2,4.9,B1,B2,B2,37.0,38.0,2025,2,2024-11-01,2025-04-30,132,0,0,0,0,0,0,0,0,0,0,0,0,0,0,0,0,0,0,0,0,0,0,0,0,0,0,0,0,0,0,0,0,0,0,0,0,0,0,0,0,0,0,0,0,0,2,4,4,0,0,0,0,0,0,0,0,0,0,2,4,9,2,1,0,0,0,0,0,0,0,0,0,0,1,9,12,0,0,0,0,0,0,0,0,0,0,1,0,岡山
5311,小林京平,コバヤシ キョウヘイ,山口,B1,H,100228,1,27,164,53,O,3.11,5.7,2,4,104,0,0,0.21,1,0.0,0.32,6.0,0,0.0,0.0,0.0,2,0.0,0.2,4.0,20,10.0,0.21,3.6,31,0.0,0.19,3.6,50,8.0,0.22,4.4,B1,B2,B2,37.0,42.0,2025,2,2024-11-01,2025-04-30,133,0,0,0,0,1,0,0,0,0,0,0,0,0,0,0,0,0,0,0,0,0,0,0,0,0,0,0,0,0,0,0,1,1,0,0,0,0,0,0,0,0,0,2,0,3,7,2,6,0,0,0,0,0,0,0,0,0,0,5,12,6,7,1,0,0,0,0,0,0,0,0,4,4,11,11,20,0,0,0,0,0,0,0,0,0,0,0,0,山口
5312,川辺郭人,カワベ ガクト,佐賀,B2,H,120730,1,24,172,55,A,1.68,1.8,0,1,53,0,0,0.21,0,0.0,0.0,0.0,0,0.0,0.0,0.0,0,0.0,0.0,0.0,5,0.0,0.23,4.2,15,6.6,0.16,4.1,33,0.0,0.22,4.4,B2,B2,B2,35.0,34.0,2025,2,2024-11-01,2025-04-30,133,0,0,0,0,0,0,0,0,0,0,0,0,0,0,0,0,0,0,0,0,0,0,0,0,0,0,0,0,0,0,0,0,0,0,0,0,0,0,0,0,0,0,0,0,1,1,1,2,0,0,0,0,0,0,0,0,0,1,0,1,4,9,0,0,0,0,0,0,0,0,0,0,1,1,5,26,0,0,0,0,0,2,0,0,0,0,0,0,佐賀
5313,鈴木唯央,スズキ イオ,群馬,B1,H,120808,1,24,174,53,A,3.48,10.1,2,7,89,0,0,0.18,1,0.0,0.25,5.0,0,0.0,0.0,0.0,0,0.0,0.0,0.0,14,7.1,0.2,3.6,20,0.0,0.16,2.8,54,14.8,0.18,3.8,B1,B2,B2,36.0,43.0,2025,2,2024-11-01,2025-04-30,133,0,0,0,0,0,0,0,0,0,0,0,0,1,0,0,0,0,0,0,0,0,0,0,0,0,0,0,0,0,0,0,0,0,0,0,0,0,0,0,0,0,0,1,0,2,4,3,3,1,0,0,0,0,0,0,0,0,0,6,8,5,1,0,0,0,0,0,0,0,0,1,7,6,10,14,14,0,0,0,0,0,0,2,0,0,0,0,0,群馬
5314,中曽瑠華,ナカソ ルカ,東京,B2,H,120912,2,24,159,49,A,1.87,0.0,0,0,92,0,0,0.2,0,0.0,0.0,0.0,0,0.0,0.0,0.0,0,0.0,0.0,0.0,20,0.0,0.24,3.6,24,0.0,0.18,2.9,48,0.0,0.19,4.0,B2,B2,B2,34.0,36.0,2025,2,2024-11-01,2025-04-30,133,0,0,0,0,0,0,0,0,0,0,0,0,0,0,0,0,0,0,0,0,0,0,0,0,0,0,0,0,0,0,0,0,0,0,0,0,0,0,0,0,0,0,0,0,1,3,5,11,0,0,0,0,0,1,0,0,0,0,2,3,9,9,0,0,0,0,0,0,0,1,0,0,1,6,12,28,0,0,0,0,0,0,1,0,0,0,0,0,千葉
5315,浅井翼,アサイ ツバサ,埼玉,B1,H,120929,1,24,164,50,O,2.47,10.4,7,4,105,0,0,0.17,12,25.0,0.2,3.5,13,7.6,0.18,3.8,17,5.8,0.18,3.2,21,14.2,0.16,2.3,21,4.7,0.15,3.0,21,9.5,0.17,3.4,B2,B2,B2,35.0,36.0,2025,2,2024-11-01,2025-04-30,133,1,2,2,1,3,2,1,0,0,0,0,1,0,0,0,1,0,1,7,4,0,0,0,0,0,0,0,0,1,0,1,1,5,7,0,0,0,0,0,0,2,0,3,0,0,2,4,11,0,0,0,0,0,2,0,1,1,0,1,1,5,12,0,0,0,0,0,0,1,0,1,1,0,1,3,15,0,0,0,0,0,1,0,0,0,0,0,0,北海道
5316,村松将平,ムラマツ ショウヘイ,静岡,B1,H,121028,1,24,169,52,O,3.31,9.1,2,7,98,0,0,0.17,0,0.0,0.0,0.0,0,0.0,0.0,0.0,2,0.0,0.22,4.0,30,13.3,0.16,3.5,38,10.5,0.17,3.4,28,3.5,0.17,3.5,B1,B1,B2,42.0,42.0,2025,2,2024-11-01,2025-04-30,133,0,0,0,0,0,0,0,0,0,0,0,0,0,0,0,0,0,0,0,0,0,0,0,0,0,0,0,0,0,0,0,0,0,2,0,0,0,0,0,0,0,0,1,3,6,3,6,11,0,0,0,0,0,0,0,0,1,3,10,8,7,8,1,0,0,0,0,0,0,0,0,1,3,4,8,11,0,0,0,0,0,0,1,0,0,0,0,0,静岡
5317,長尾萌加,ナガオ モカ,岡山,B1,H,130217,2,24,152,45,A,3.31,5.3,2,4,112,0,0,0.21,0,0.0,0.0,0.0,2,0.0,0.32,6.0,12,8.3,0.26,4.4,31,6.4,0.22,4.6,27,3.7,0.19,4.3,40,5.0,0.2,4.8,B1,B1,B2,40.0,42.0,2025,2,2024-11-01,2025-04-30,133,0,0,0,0,0,0,0,0,0,0,0,0,0,0,0,0,0,0,2,0,0,0,0,0,0,0,0,0,1,0,3,2,3,3,0,0,0,0,0,0,0,0,0,2,9,7,4,9,0,0,0,0,0,1,0,0,0,1,6,5,6,8,0,0,0,0,0,0,1,0,1,1,6,11,6,13,1,0,0,0,0,0,1,0,0,0,0,0,岡山
5318,河内一馬,カワウチ カズマ,愛知,B1,H,130315,1,24,168,57,A,2.49,2.3,2,1,130,0,0,0.19,0,0.0,0.0,0.0,0,0.0,0.0,0.0,1,0.0,0.16,1.0,29,6.9,0.22,3.7,34,2.9,0.18,3.4,66,0.0,0.19,3.8,B2,B2,B2,33.0,39.0,2025,2,2024-11-01,2025-04-30,133,0,0,0,0,0,0,0,0,0,0,0,0,0,0,0,0,0,0,0,0,0,0,0,0,0,0,0,0,0,0,0,1,0,0,0,0,0,0,0,0,0,0,1,1,4,3,9,11,0,0,0,0,0,0,0,0,1,0,7,5,12,8,0,0,0,0,0,0,1,0,0,0,3,11,19,33,0,0,0,0,0,0,0,0,0,0,0,0,愛知
5319,近藤颯斗,コンドウ ハヤト,愛知,B1,H,130515,1,24,168,54,O,3.42,13.7,2,12,102,0,0,0.17,4,25.0,0.15,3.5,4,25.0,0.16,3.5,13,23.0,0.17,3.2,16,12.5,0.15,2.8,34,14.7,0.18,3.4,31,6.4,0.17,3.4,B1,B2,B2,36.0,43.0,2025,2,2024-11-01,2025-04-30,133,1,0,0,0,2,1,0,0,0,0,0,0,0,0,0,1,1,1,0,1,0,0,0,0,0,0,0,0,0,3,2,4,1,3,0,0,0,0,0,0,0,0,0,2,3,3,3,5,0,0,0,0,0,0,0,0,1,4,4,4,11,10,0,0,0,0,0,0,0,0,0,2,2,9,5,13,0,0,0,0,0,1,0,0,0,0,0,0,愛知
5320,岩崎麗子,イワザキ レイコ,群馬,B2,H,130722,2,23,157,51,O,1.63,2.0,2,0,100,0,0,0.18,2,0.0,0.23,4.5,3,0.0,0.22,4.7,4,0.0,0.26,4.5,20,5.0,0.16,3.3,32,3.1,0.18,3.2,39,0.0,0.18,3.4,B2,B2,B2,31.0,33.0,2025,2,2024-11-01,2025-04-30,133,0,0,0,1,0,1,0,0,0,0,0,0,0,0,0,0,0,0,1,2,0,0,0,0,0,0,0,0,0,0,0,1,2,1,0,0,0,0,0,0,0,0,1,0,1,2,3,13,0,0,0,0,0,0,0,0,1,0,2,0,2,27,0,0,0,0,0,0,0,0,0,0,0,3,2,33,0,0,0,0,0,0,1,0,0,0,0,0,群馬
5321,一色颯輝,イッシキ サツキ,愛知,B1,H,131220,1,23,168,56,O,4.68,27.1,10,21,114,0,0,0.18,11,72.7,0.17,3.4,16,37.5,0.15,3.5,16,25.0,0.19,3.5,21,23.8,0.18,3.2,23,30.4,0.17,3.1,27,3.7,0.21,4.6,B1,B2,B2,42.0,47.0,2025,2,2024-11-01,2025-04-30,133,5,3,0,1,1,1,0,0,0,0,0,0,0,0,2,4,3,4,0,2,1,0,0,0,0,0,0,0,2,2,4,2,5,1,0,0,0,0,0,0,0,0,1,4,6,3,1,5,0,0,0,0,0,0,1,0,0,7,4,6,3,2,0,0,0,0,0,0,0,1,0,1,2,8,9,7,0,0,0,0,0,0,0,0,0,0,0,0,愛知
5322,根岸真優,ネギシ マユ,埼玉,B2,H,140213,2,23,154,45,O,1.49,1.1,1,0,90,0,0,0.19,1,0.0,0.38,6.0,3,0.0,0.16,3.3,2,0.0,0.19,5.5,21,4.7,0.19,3.7,33,0.0,0.2,3.5,30,0.0,0.18,3.6,B2,B2,B2,32.0,33.0,2025,2,2024-11-01,2025-04-30,133,0,0,0,0,0,1,0,0,0,0,0,0,0,0,0,0,0,0,1,2,0,0,0,0,0,0,0,0,0,0,0,0,0,2,0,0,0,0,0,0,0,0,1,0,1,1,4,13,0,0,0,0,0,0,1,0,0,0,1,1,13,18,0,0,0,0,0,0,0,0,0,0,0,0,2,28,0,0,0,0,0,0,0,0,0,0,0,0,埼玉
5323,香川陽太,カガワ ヒナタ,滋賀,B2,H,150319,1,22,166,58,B,3.52,15.2,6,7,85,0,0,0.19,7,71.4,0.13,2.3,11,9.0,0.19,4.5,12,16.6,0.17,3.3,16,12.5,0.18,3.6,10,0.0,0.15,2.4,29,10.3,0.23,4.3,B1,B1,B2,42.0,41.0,2025,2,2024-11-01,2025-04-30,133,3,2,0,0,0,2,0,0,0,0,0,0,0,0,0,1,2,2,2,4,0,0,0,0,0,0,0,0,1,1,1,4,3,2,0,0,0,0,0,0,0,0,0,2,3,2,4,4,0,0,0,0,0,0,1,0,0,0,3,2,1,3,0,0,0,0,0,0,1,0,2,1,3,3,6,12,1,0,0,0,0,0,0,1,0,0,0,0,京都
5324,畑田希咲,ハタダ キサキ,兵庫,B2,H,150628,2,22,151,49,A,1.47,0.0,0,0,64,0,0,0.21,0,0.0,0.0,0.0,0,0.0,0.0,0.0,1,0.0,0.05,2.0,13,0.0,0.23,3.7,17,0.0,0.16,3.1,33,0.0,0.23,4.3,B2,B2,B2,31.0,33.0,2025,2,2024-11-01,2025-04-30,133,0,0,0,0,0,0,0,0,0,0,0,0,0,0,0,0,0,0,0,0,0,0,0,0,0,0,0,0,0,0,0,0,0,1,0,0,0,0,0,0,0,0,0,0,0,3,1,8,1,0,0,0,0,0,0,0,0,0,0,2,5,10,0,0,0,0,0,0,0,0,0,0,0,2,5,25,1,0,0,0,0,0,0,0,0,0,0,0,兵庫
5325,澁川夏,シブカワ ナツ,大阪,B1,H,150708,1,21,163,53,O,3.78,9.5,8,2,105,0,0,0.14,0,0.0,0.0,0.0,0,0.0,0.0,0.0,1,0.0,0.19,3.0,23,21.7,0.16,2.9,32,12.5,0.15,2.8,49,2.0,0.12,3.0,B1,B2,B2,37.0,45.0,2025,2,2024-11-01,2025-04-30,133,0,0,0,0,0,0,0,0,0,0,0,0,0,0,0,0,0,0,0,0,0,0,0,0,0,0,0,0,0,0,1,0,0,0,0,0,0,0,0,0,0,0,3,2,8,4,4,2,0,0,0,0,0,0,0,0,4,0,3,8,8,7,0,0,0,0,0,0,2,0,1,0,10,11,17,10,0,0,0,0,0,0,0,0,0,0,0,0,大阪
5326,三嶌さらら,ミシマ サララ,香川,B1,H,151016,2,21,154,48,B,2.49,2.9,1,1,69,0,0,0.2,0,0.0,0.0,0.0,0,0.0,0.0,0.0,1,0.0,0.2,4.0,18,0.0,0.2,4.1,17,11.7,0.18,4.2,33,0.0,0.21,4.4,B2,B2,B2,35.0,39.0,2025,2,2024-11-01,2025-04-30,133,0,0,0,0,0,0,0,0,0,0,0,0,0,0,0,0,0,0,0,0,0,0,0,0,0,0,0,0,0,0,0,0,1,0,0,0,0,0,0,0,0,0,0,0,4,4,6,3,1,0,0,0,0,0,0,0,1,1,2,2,3,8,0,0,0,0,0,0,0,0,0,0,2,3,11,17,0,0,0,0,0,0,0,0,0,0,0,0,香川
5327,西田和加,ニシダ ワカ,埼玉,B2,H,151030,2,21,158,51,O,1.17,0.0,0,0,65,0,0,0.21,0,0.0,0.0,0.0,0,0.0,0.0,0.0,0,0.0,0.0,0.0,13,0.0,0.2,4.5,19,0.0,0.23,4.3,33,0.0,0.2,4.5,B2,B2,B2,31.0,31.0,2025,2,2024-11-01,2025-04-30,133,0,0,0,0,0,0,0,0,0,0,0,0,0,0,0,0,0,0,0,0,0,0,0,0,0,0,0,0,0,0,0,0,0,0,0,0,0,0,0,0,0,0,0,0,0,0,1,11,0,0,0,0,0,0,1,0,0,0,0,1,2,16,0,0,0,0,0,0,0,0,0,0,1,0,2,29,1,0,0,0,0,0,0,0,0,0,0,0,埼玉
5328,井上慧人,イノウエ ケイト,福岡,B1,H,151107,1,21,169,54,A,2.62,5.9,0,6,101,0,0,0.18,0,0.0,0.0,0.0,0,0.0,0.0,0.0,0,0.0,0.0,0.0,23,4.3,0.17,3.4,24,8.3,0.17,3.2,54,5.5,0.18,4.1,B2,B2,B2,36.0,40.0,2025,2,2024-11-01,2025-04-30,133,0,0,0,0,0,0,0,0,0,0,0,0,0,0,0,0,0,0,0,0,0,0,0,0,0,0,0,0,0,0,0,0,0,0,0,0,0,0,0,0,0,0,0,1,4,5,8,4,0,0,0,0,0,1,1,0,0,2,1,2,9,10,0,0,0,0,0,0,0,0,0,3,2,11,17,21,0,0,0,0,0,0,0,0,0,0,0,0,福岡
5329,金子龍斗,カネコ リュウト,兵庫,B1,H,151211,1,21,164,51,AB,3.11,9.6,1,7,83,0,0,0.17,0,0.0,0.0,0.0,0,0.0,0.0,0.0,0,0.0,0.0,0.0,28,10.7,0.19,3.5,28,10.7,0.16,3.4,27,7.4,0.16,2.9,B1,B1,B2,42.0,41.0,2025,2,2024-11-01,2025-04-30,133,0,0,0,0,0,0,0,0,0,0,0,0,0,0,0,0,0,0,0,0,0,0,0,0,0,0,0,0,0,0,0,0,0,0,0,0,0,0,0,0,0,0,0,3,2,9,1,12,0,0,0,0,0,0,1,0,1,2,4,6,5,9,1,0,0,0,0,0,0,0,0,2,4,4,6,11,0,0,0,0,0,1,0,0,0,0,0,0,兵庫
5330,安河内鈴之介,ヤスコウチ スズノスケ,福岡,B1,H,151215,1,21,163,53,A,4.37,21.4,11,10,98,1,0,0.16,10,50.0,0.18,3.2,16,18.7,0.18,3.6,18,16.6,0.13,2.8,19,26.3,0.17,2.9,16,31.2,0.12,2.7,18,0.0,0.18,4.7,B1,B1,B2,44.0,46.0,2025,2,2024-11-01,2025-04-30,133,5,0,1,2,1,1,0,0,0,0,0,0,0,0,1,2,3,2,1,7,0,0,0,0,0,0,0,0,0,3,3,3,2,7,0,0,0,0,0,0,0,0,4,1,4,3,4,3,0,0,0,0,0,0,0,0,1,4,5,3,1,2,0,0,0,0,0,0,0,0,0,0,3,3,8,4,0,0,0,0,0,0,0,0,0,0,0,1,福岡
5331,佐藤永梧,サトウ エイゴ,東京,B2,H,160101,1,21,173,54,A,2.67,11.4,5,3,70,0,0,0.15,7,28.5,0.18,3.0,11,0.0,0.2,3.4,12,25.0,0.16,3.3,10,20.0,0.09,1.5,7,0.0,0.12,2.9,23,4.3,0.15,3.5,B1,B1,B2,40.0,37.0,2025,2,2024-11-01,2025-04-30,133,2,0,1,1,2,1,0,0,0,0,0,0,0,0,0,0,0,2,3,5,0,0,0,0,0,0,1,0,2,1,0,1,1,7,0,0,0,0,0,0,0,0,1,1,1,0,1,6,0,0,0,0,0,0,0,0,0,0,0,2,3,2,0,0,0,0,0,1,0,0,0,1,1,3,3,12,2,0,0,0,0,0,1,0,0,0,0,0,神奈川
5332,村松遥輝,ムラマツ ハルキ,静岡,B1,H,160227,1,21,171,57,B,3.27,13.2,6,8,106,0,0,0.16,12,25.0,0.18,2.6,15,20.0,0.17,2.7,21,19.0,0.15,3.3,19,15.7,0.16,2.5,18,0.0,0.18,3.2,21,4.7,0.15,2.8,B1,B1,B2,38.0,41.0,2025,2,2024-11-01,2025-04-30,133,3,0,2,0,2,4,0,0,0,0,0,0,1,0,2,1,2,3,3,4,0,0,0,0,0,0,0,0,0,4,4,3,6,3,0,0,0,0,0,0,1,0,1,2,1,6,4,5,0,0,0,0,0,0,0,0,0,0,1,3,8,6,0,0,0,0,0,1,0,0,0,1,0,4,4,11,0,0,0,0,0,0,0,1,0,0,0,0,静岡
5333,山下智己,ヤマシタ トモキ,兵庫,B1,H,160316,1,21,166,50,A,3.11,13.7,3,8,80,0,0,0.21,0,0.0,0.0,0.0,0,0.0,0.0,0.0,0,0.0,0.0,0.0,18,5.5,0.22,4.6,26,30.7,0.18,3.6,36,5.5,0.22,4.2,B1,B2,B2,37.0,41.0,2025,2,2024-11-01,2025-04-30,133,0,0,0,0,0,0,0,0,0,0,0,0,0,0,0,0,0,0,0,0,0,0,0,0,0,0,0,0,0,0,0,0,0,0,0,0,0,0,0,0,0,0,0,1,1,3,7,6,0,0,0,0,0,0,0,0,3,5,3,4,6,3,1,0,0,0,0,0,1,0,0,2,2,3,15,14,0,1,0,0,0,0,0,0,0,0,0,0,兵庫
5334,樫葉新心,カシバ ニコ,徳島,B1,H,160707,2,20,158,46,B,2.29,3.3,2,2,119,0,0,0.2,2,0.0,0.12,4.5,4,25.0,0.24,5.0,7,14.2,0.23,4.0,30,6.6,0.2,4.2,32,0.0,0.2,4.5,44,0.0,0.19,4.3,B1,B2,B2,37.0,38.0,2025,2,2024-11-01,2025-04-30,133,0,0,1,1,0,0,0,0,0,0,0,0,0,0,1,0,1,1,0,1,0,0,0,0,0,0,0,0,1,0,1,1,2,2,0,0,0,0,0,0,0,0,0,2,1,6,10,11,0,0,0,0,0,0,0,0,0,0,2,8,6,16,0,0,0,0,0,0,0,0,0,0,1,4,7,31,0,0,0,0,0,1,1,0,0,0,0,0,徳島
5335,森陽多,モリ ヒナタ,長崎,B1,H,161218,2,20,160,48,O,2.68,8.4,1,8,107,0,0,0.19,0,0.0,0.0,0.0,0,0.0,0.0,0.0,2,0.0,0.15,4.5,26,7.6,0.22,4.8,35,5.7,0.17,3.7,44,11.3,0.18,4.1,B1,B2,B2,37.0,39.0,2025,2,2024-11-01,2025-04-30,133,0,0,0,0,0,0,0,0,0,0,0,0,0,0,0,0,0,0,0,0,0,0,0,0,0,0,0,0,0,0,0,0,1,1,0,0,0,0,0,0,0,0,0,2,3,6,5,9,0,0,0,0,0,0,1,0,0,2,6,3,9,15,0,0,0,0,0,0,0,0,1,4,1,5,10,22,0,0,0,0,0,0,1,0,0,0,0,0,長崎
5336,瀬川大地,セガワ ダイチ,山口,B2,H,180109,1,19,172,56,A,1.36,0.0,0,0,95,0,0,0.22,0,0.0,0.0,0.0,0,0.0,0.0,0.0,0,0.0,0.0,0.0,19,0.0,0.2,3.7,25,0.0,0.24,4.4,51,0.0,0.22,4.7,B2,B2,B2,32.0,33.0,2025,2,2024-11-01,2025-04-30,133,0,0,0,0,0,0,0,0,0,0,0,0,0,0,0,0,0,0,0,0,0,0,0,0,0,0,0,0,0,0,0,0,0,0,0,0,0,0,0,0,0,0,0,0,0,0,2,17,0,0,0,0,0,0,0,0,0,0,1,3,6,15,0,0,0,0,0,0,0,0,0,0,0,0,12,39,0,0,0,0,0,0,0,0,0,0,0,0,山口
5337,出畑孝成,デバタ コウセイ,福岡,B1,H,180424,1,19,174,55,B,3.16,14.2,6,5,77,1,0,0.17,0,0.0,0.0,0.0,0,0.0,0.0,0.0,0,0.0,0.0,0.0,19,15.7,0.17,3.8,25,20.0,0.16,3.0,33,9.0,0.17,3.6,B2,B2,B2,34.0,41.0,2025,2,2024-11-01,2025-04-30,133,0,0,0,0,0,0,0,0,0,0,0,0,0,0,0,0,0,0,0,0,0,0,0,0,0,0,0,0,0,0,0,0,0,0,0,0,0,0,0,0,0,0,2,1,2,2,5,7,0,0,0,0,0,1,0,0,2,3,2,4,8,6,0,0,0,0,0,2,0,0,2,1,2,1,11,16,0,0,0,0,0,0,0,0,0,0,0,0,福岡
5338,香月大輝,カツキ ヒロキ,福岡,B1,H,120730,1,24,163,54,O,2.63,5.6,0,5,88,0,0,0.16,0,0.0,0.0,0.0,0,0.0,0.0,0.0,0,0.0,0.0,0.0,4,0.0,0.18,3.3,27,7.4,0.16,3.1,57,5.2,0.16,3.1,B2,B2,B2,35.0,40.0,2025,2,2024-11-01,2025-04-30,134,0,0,0,0,0,0,0,0,0,0,0,0,0,0,0,0,0,0,0,0,0,0,0,0,0,0,0,0,0,0,0,0,0,0,0,0,0,0,0,0,0,0,0,0,0,1,1,2,0,0,0,0,0,0,0,0,0,2,3,5,8,9,0,0,0,0,0,0,0,0,0,3,3,12,16,22,0,0,0,0,0,0,1,0,0,0,0,0,福岡
5339,石井伸長,イシイ ノブナガ,香川,B1,H,120824,1,24,159,51,O,3.56,15.7,3,11,89,0,0,0.18,0,0.0,0.0,0.0,0,0.0,0.0,0.0,0,0.0,0.0,0.0,17,23.5,0.16,2.6,29,20.6,0.19,3.5,43,9.3,0.17,3.2,B1,B2,B2,38.0,43.0,2025,2,2024-11-01,2025-04-30,134,0,0,0,0,0,0,0,0,0,0,0,0,0,0,0,0,0,0,0,0,0,0,0,0,0,0,0,0,0,0,0,0,0,0,0,0,0,0,0,0,0,0,2,2,2,3,5,2,1,0,0,0,0,0,0,0,1,5,5,4,9,5,0,0,0,0,0,0,0,0,0,4,6,6,9,16,0,0,0,0,0,1,2,0,0,0,1,0,愛媛
5340,樋江井舞,ヒエイ マイ,愛知,B1,H,130727,2,23,152,45,AB,2.14,3.9,1,3,102,0,0,0.21,0,0.0,0.0,0.0,0,0.0,0.0,0.0,0,0.0,0.0,0.0,9,0.0,0.17,4.6,33,6.0,0.23,4.8,60,3.3,0.2,4.1,B2,B2,B2,36.0,37.0,2025,2,2024-11-01,2025-04-30,134,0,0,0,0,0,0,0,0,0,0,0,0,0,0,0,0,0,0,0,0,0,0,0,0,0,0,0,0,0,0,0,0,0,0,0,0,0,0,0,0,0,0,0,0,1,0,3,5,0,0,0,0,0,0,0,0,1,1,4,4,8,14,0,0,0,0,0,0,1,0,0,2,1,6,16,35,0,0,0,0,0,1,0,0,0,0,0,0,愛知
5341,山道諄也,サンドウ ジュンヤ,群馬,B2,H,130828,1,23,172,59,B,1.47,0.0,0,0,72,0,0,0.26,0,0.0,0.0,0.0,0,0.0,0.0,0.0,0,0.0,0.0,0.0,0,0.0,0.0,0.0,1,0.0,0.41,5.0,71,0.0,0.25,5.2,B2,B2,B2,32.0,33.0,2025,2,2024-11-01,2025-04-30,134,0,0,0,0,0,0,0,0,0,0,0,0,0,0,0,0,0,0,0,0,0,0,0,0,0,0,0,0,0,0,0,0,0,0,0,0,0,0,0,0,0,0,0,0,0,0,0,0,0,0,0,0,0,0,0,0,0,0,0,0,1,0,0,0,0,0,0,0,0,0,0,0,2,5,10,52,1,0,0,0,0,1,1,0,0,0,0,0,群馬
5342,原村百那,ハラムラ モモナ,山口,B2,H,131129,2,23,154,47,O,1.51,0.0,0,0,73,0,0,0.2,0,0.0,0.0,0.0,0,0.0,0.0,0.0,0,0.0,0.0,0.0,4,0.0,0.19,3.3,19,0.0,0.18,3.9,50,0.0,0.2,4.0,B2,B2,B2,31.0,33.0,2025,2,2024-11-01,2025-04-30,134,0,0,0,0,0,0,0,0,0,0,0,0,0,0,0,0,0,0,0,0,0,0,0,0,0,0,0,0,0,0,0,0,0,0,0,0,0,0,0,0,0,0,0,0,0,0,0,4,0,0,0,0,0,0,0,0,0,0,2,0,6,10,1,0,0,0,0,0,0,0,0,0,1,4,6,38,1,0,0,0,0,0,0,0,0,0,0,0,山口
5343,小林礼央,コバヤシ レオ,広島,B1,H,140925,1,22,163,53,O,2.18,6.5,1,4,76,0,0,0.19,0,0.0,0.0,0.0,0,0.0,0.0,0.0,0,0.0,0.0,0.0,0,0.0,0.0,0.0,2,50.0,0.23,3.5,74,5.4,0.19,3.6,B2,B2,B2,32.0,36.0,2025,2,2024-11-01,2025-04-30,134,0,0,0,0,0,0,0,0,0,0,0,0,0,0,0,0,0,0,0,0,0,0,0,0,0,0,0,0,0,0,0,0,0,0,0,0,0,0,0,0,0,0,0,0,0,0,0,0,0,0,0,0,0,0,0,0,0,1,0,1,0,0,0,0,0,0,0,0,0,0,1,3,4,4,22,36,0,0,0,0,0,0,4,0,0,0,1,0,広島
5344,谷口丞,タニグチ ジョウ,滋賀,B1,H,150414,1,22,168,56,A,2.25,3.5,0,2,56,0,0,0.16,0,0.0,0.0,0.0,0,0.0,0.0,0.0,0,0.0,0.0,0.0,6,16.6,0.08,1.3,16,6.2,0.17,2.6,34,0.0,0.17,3.3,B2,B2,B2,33.0,37.0,2025,2,2024-11-01,2025-04-30,134,0,0,0,0,0,0,0,0,0,0,0,0,0,0,0,0,0,0,0,0,0,0,0,0,0,0,0,0,0,0,0,0,0,0,0,0,0,0,0,0,0,0,0,1,1,1,1,2,0,0,0,0,0,0,0,0,0,1,2,3,5,5,0,0,0,0,0,0,0,0,0,0,1,4,7,21,1,0,0,0,0,0,0,0,0,0,0,0,滋賀
5345,牧村俊輝,マキムラ トシキ,愛知,B2,H,150707,1,21,166,53,O,1.68,0.0,0,0,108,0,0,0.23,0,0.0,0.0,0.0,0,0.0,0.0,0.0,0,0.0,0.0,0.0,16,0.0,0.22,4.6,28,0.0,0.21,4.3,64,0.0,0.24,4.9,B2,B2,B2,32.0,35.0,2025,2,2024-11-01,2025-04-30,134,0,0,0,0,0,0,0,0,0,0,0,0,0,0,0,0,0,0,0,0,0,0,0,0,0,0,0,0,0,0,0,0,0,0,0,0,0,0,0,0,0,0,0,0,0,2,6,8,0,0,0,0,0,0,0,0,0,0,1,3,8,15,0,0,0,0,0,0,1,0,0,0,1,7,15,40,0,0,0,0,0,0,1,0,0,0,0,0,岐阜
5346,中村紋夕梨,ナカムラ アユリ,愛知,B2,H,150719,2,21,153,46,B,1.75,1.7,0,1,57,0,0,0.21,0,0.0,0.0,0.0,0,0.0,0.0,0.0,0,0.0,0.0,0.0,0,0.0,0.0,0.0,8,12.5,0.2,3.5,49,0.0,0.21,4.5,B2,B2,B2,30.0,35.0,2025,2,2024-11-01,2025-04-30,134,0,0,0,0,0,0,0,0,0,0,0,0,0,0,0,0,0,0,0,0,0,0,0,0,0,0,0,0,0,0,0,0,0,0,0,0,0,0,0,0,0,0,0,0,0,0,0,0,0,0,0,0,0,0,0,0,0,1,2,1,3,1,0,0,0,0,0,0,0,0,0,0,0,2,14,33,0,0,0,0,0,0,0,0,0,0,0,0,愛知
5347,井澤聖奈,イサワ セナ,愛知,B2,H,150925,2,21,154,46,O,1.29,0.0,0,0,79,0,0,0.2,0,0.0,0.0,0.0,0,0.0,0.0,0.0,0,0.0,0.0,0.0,1,0.0,0.26,6.0,17,0.0,0.23,4.6,61,0.0,0.19,4.3,B2,B2,B2,31.0,32.0,2025,2,2024-11-01,2025-04-30,134,0,0,0,0,0,0,0,0,0,0,0,0,0,0,0,0,0,0,0,0,0,0,0,0,0,0,0,0,0,0,0,0,0,0,0,0,0,0,0,0,0,0,0,0,0,0,0,1,0,0,0,0,0,0,0,0,0,0,0,1,2,14,0,0,0,0,0,0,0,0,0,0,1,1,10,49,0,0,0,0,0,0,0,0,0,0,0,0,長野
5348,小林甘寧,コバヤシ カンネイ,広島,B2,H,151126,1,21,170,54,A,1.79,0.0,0,0,28,0,0,0.19,0,0.0,0.0,0.0,0,0.0,0.0,0.0,0,0.0,0.0,0.0,0,0.0,0.0,0.0,0,0.0,0.0,0.0,27,0.0,0.19,4.3,B2,B2,B2,35.0,34.0,2025,2,2024-11-01,2025-04-30,134,0,0,0,0,0,0,0,0,0,0,0,0,0,0,0,0,0,0,0,0,0,0,0,0,0,0,0,0,0,0,0,0,0,0,0,0,0,0,0,0,0,0,0,0,0,0,0,0,0,0,0,0,0,0,0,0,0,0,0,0,0,0,0,0,0,0,0,0,0,0,0,0,2,2,8,14,1,0,0,0,0,0,0,0,0,0,0,1,広島
5349,宮崎奏磨,ミヤザキ ソウマ,静岡,B2,H,160229,1,21,166,58,A,1.18,0.0,0,0,56,0,0,0.22,0,0.0,0.0,0.0,0,0.0,0.0,0.0,0,0.0,0.0,0.0,5,0.0,0.19,5.0,8,0.0,0.27,4.0,43,0.0,0.21,4.5,B2,B2,B2,29.0,31.0,2025,2,2024-11-01,2025-04-30,134,0,0,0,0,0,0,0,0,0,0,0,0,0,0,0,0,0,0,0,0,0,0,0,0,0,0,0,0,0,0,0,0,0,0,0,0,0,0,0,0,0,0,0,0,0,0,0,5,0,0,0,0,0,0,0,0,0,0,0,0,3,5,0,0,0,0,0,0,0,0,0,0,1,0,3,38,0,0,0,0,0,0,1,0,0,0,0,0,静岡
5350,網代良芽,アジロ リョウガ,兵庫,B1,H,160308,1,21,160,52,O,2.91,7.2,2,3,69,0,0,0.18,0,0.0,0.0,0.0,0,0.0,0.0,0.0,0,0.0,0.0,0.0,6,0.0,0.22,3.3,21,9.5,0.18,3.4,42,7.1,0.17,3.2,B2,B2,B2,33.0,40.0,2025,2,2024-11-01,2025-04-30,134,0,0,0,0,0,0,0,0,0,0,0,0,0,0,0,0,0,0,0,0,0,0,0,0,0,0,0,0,0,0,0,0,0,0,0,0,0,0,0,0,0,0,0,0,4,1,1,0,0,0,0,0,0,0,0,0,1,1,2,2,6,8,0,0,0,0,0,0,1,0,1,2,6,4,7,21,1,0,0,0,0,0,0,0,0,0,0,0,兵庫
5351,齊藤廉,サイトウ レン,福岡,B1,H,160807,1,20,168,56,A,2.61,4.7,2,2,84,0,0,0.17,0,0.0,0.0,0.0,0,0.0,0.0,0.0,0,0.0,0.0,0.0,0,0.0,0.0,0.0,0,0.0,0.0,0.0,84,4.7,0.17,3.4,B2,B2,B2,34.0,39.0,2025,2,2024-11-01,2025-04-30,134,0,0,0,0,0,0,0,0,0,0,0,0,0,0,0,0,0,0,0,0,0,0,0,0,0,0,0,0,0,0,0,0,0,0,0,0,0,0,0,0,0,0,0,0,0,0,0,0,0,0,0,0,0,0,0,0,0,0,0,0,0,0,0,0,0,0,0,0,0,0,2,2,9,12,26,29,0,0,0,0,0,0,3,1,0,0,0,0,福岡
5352,西岡蒼志,ニシオカ ソウシ,香川,B1,H,160818,1,20,169,57,B,2.94,4.3,0,3,69,0,0,0.18,0,0.0,0.0,0.0,0,0.0,0.0,0.0,0,0.0,0.0,0.0,3,0.0,0.15,2.3,3,0.0,0.17,3.0,63,4.7,0.18,4.1,B2,B2,B2,34.0,42.0,2025,2,2024-11-01,2025-04-30,134,0,0,0,0,0,0,0,0,0,0,0,0,0,0,0,0,0,0,0,0,0,0,0,0,0,0,0,0,0,0,0,0,0,0,0,0,0,0,0,0,0,0,0,0,0,1,0,2,0,0,0,0,0,0,0,0,0,0,0,3,0,0,0,0,0,0,0,0,0,0,0,3,8,14,20,17,0,0,0,0,0,1,1,0,0,0,0,0,香川
5353,草川壮良,クサカワ ソラ,滋賀,B2,H,160824,1,20,167,52,A,1.81,1.3,1,0,73,0,0,0.19,0,0.0,0.0,0.0,0,0.0,0.0,0.0,0,0.0,0.0,0.0,0,0.0,0.0,0.0,7,0.0,0.21,4.0,66,1.5,0.18,3.5,B2,B2,B2,35.0,35.0,2025,2,2024-11-01,2025-04-30,134,0,0,0,0,0,0,0,0,0,0,0,0,0,0,0,0,0,0,0,0,0,0,0,0,0,0,0,0,0,0,0,0,0,0,0,0,0,0,0,0,0,0,0,0,0,0,0,0,0,0,0,0,0,0,0,0,0,0,0,2,1,3,0,0,0,0,0,0,1,0,1,0,1,8,16,39,0,0,0,0,0,0,1,0,0,0,0,0,滋賀
5354,渡邊雄斗,ワタナベ ユウト,三重,B2,H,161015,1,20,165,51,O,1.42,0.0,0,0,43,0,0,0.21,0,0.0,0.0,0.0,0,0.0,0.0,0.0,0,0.0,0.0,0.0,0,0.0,0.0,0.0,0,0.0,0.0,0.0,43,0.0,0.21,4.4,B2,B2,B2,31.0,32.0,2025,2,2024-11-01,2025-04-30,134,0,0,0,0,0,0,0,0,0,0,0,0,0,0,0,0,0,0,0,0,0,0,0,0,0,0,0,0,0,0,0,0,0,0,0,0,0,0,0,0,0,0,0,0,0,0,0,0,0,0,0,0,0,0,0,0,0,0,0,0,0,0,0,0,0,0,0,0,0,0,0,0,0,3,12,25,1,0,0,0,0,0,2,0,0,0,0,0,宮崎
5355,萩原丈太朗,ハギハラ ジョウタロウ,福井,B2,H,161118,1,20,168,55,B,1.95,1.5,1,0,63,0,0,0.19,0,0.0,0.0,0.0,0,0.0,0.0,0.0,0,0.0,0.0,0.0,11,9.0,0.2,3.6,16,0.0,0.19,3.4,36,0.0,0.19,3.8,B2,B2,B2,34.0,36.0,2025,2,2024-11-01,2025-04-30,134,0,0,0,0,0,0,0,0,0,0,0,0,0,0,0,0,0,0,0,0,0,0,0,0,0,0,0,0,0,0,0,0,0,0,0,0,0,0,0,0,0,0,1,0,0,1,5,3,0,0,0,0,0,0,1,0,0,0,1,2,7,6,0,0,0,0,0,0,0,0,0,0,1,4,10,20,1,0,0,0,0,0,0,0,0,0,0,0,福井
5356,長谷川暖,ハセガワ ヒナタ,岡山,B1,H,170112,1,20,161,53,A,2.61,4.8,2,2,82,0,0,0.18,0,0.0,0.0,0.0,0,0.0,0.0,0.0,0,0.0,0.0,0.0,17,5.8,0.19,3.1,19,5.2,0.17,2.7,46,4.3,0.18,3.6,B1,B2,B2,40.0,40.0,2025,2,2024-11-01,2025-04-30,134,0,0,0,0,0,0,0,0,0,0,0,0,0,0,0,0,0,0,0,0,0,0,0,0,0,0,0,0,0,0,0,0,0,0,0,0,0,0,0,0,0,0,1,0,1,6,5,3,1,0,0,0,0,0,0,0,0,1,3,4,5,6,0,0,0,0,0,0,0,0,1,1,1,8,12,23,0,0,0,0,0,1,0,0,0,0,0,0,鳥取
5357,田中瀬里奈,タナカ セリナ,埼玉,B2,H,170324,2,20,154,55,O,1.61,1.4,0,1,70,0,0,0.22,0,0.0,0.0,0.0,0,0.0,0.0,0.0,0,0.0,0.0,0.0,6,16.6,0.25,4.5,11,0.0,0.23,4.2,52,0.0,0.21,4.6,B2,B2,B2,31.0,34.0,2025,2,2024-11-01,2025-04-30,134,0,0,0,0,0,0,0,0,0,0,0,0,0,0,0,0,0,0,0,0,0,0,0,0,0,0,0,0,0,0,0,0,0,0,0,0,0,0,0,0,0,0,0,1,0,0,1,4,0,0,0,0,0,0,0,0,0,0,0,1,6,4,0,0,0,0,0,0,0,0,0,0,1,4,11,35,1,0,0,0,0,0,0,0,0,0,0,1,北海道
5358,増本杏珠,マスモト アンジュ,福岡,B1,H,170904,2,19,160,49,AB,2.45,4.2,2,1,71,0,0,0.2,1,0.0,0.24,6.0,0,0.0,0.0,0.0,7,28.5,0.18,5.1,9,0.0,0.22,4.7,14,0.0,0.22,4.5,40,2.5,0.18,4.1,B2,B2,B2,33.0,39.0,2025,2,2024-11-01,2025-04-30,134,0,0,0,0,0,1,0,0,0,0,0,0,0,0,0,0,0,0,0,0,0,0,0,0,0,0,0,0,2,0,0,1,1,3,0,0,0,0,0,0,0,0,0,0,0,0,6,3,0,0,0,0,0,0,0,0,0,0,2,4,4,4,0,0,0,0,0,0,0,0,0,1,2,8,9,19,0,0,0,0,0,0,1,0,0,0,0,0,福岡
5359,佐藤世那,サトウ セナ,東京,B1,H,180206,1,19,167,56,B,2.52,4.7,1,2,63,0,0,0.21,0,0.0,0.0,0.0,0,0.0,0.0,0.0,0,0.0,0.0,0.0,20,5.0,0.21,3.9,15,13.3,0.18,3.4,28,0.0,0.21,4.5,B2,B2,B2,35.0,39.0,2025,2,2024-11-01,2025-04-30,134,0,0,0,0,0,0,0,0,0,0,0,0,0,0,0,0,0,0,0,0,0,0,0,0,0,0,0,0,0,0,0,0,0,0,0,0,0,0,0,0,0,0,0,1,0,6,1,11,1,0,0,0,0,0,0,0,1,1,0,4,7,2,0,0,0,0,0,0,0,0,0,0,3,5,6,14,0,0,0,0,0,0,0,0,0,0,0,0,宮城
5360,高木茉白,タカギ マシロ,埼玉,B2,H,180919,2,18,145,49,AB,1.97,1.1,0,1,87,0,0,0.2,0,0.0,0.0,0.0,0,0.0,0.0,0.0,0,0.0,0.0,0.0,17,0.0,0.19,4.6,24,0.0,0.2,4.2,46,2.1,0.2,4.5,B2,B2,B2,31.0,36.0,2025,2,2024-11-01,2025-04-30,134,0,0,0,0,0,0,0,0,0,0,0,0,0,0,0,0,0,0,0,0,0,0,0,0,0,0,0,0,0,0,0,0,0,0,0,0,0,0,0,0,0,0,0,0,0,2,7,8,0,0,0,0,0,0,0,0,0,0,2,5,8,9,0,0,0,0,0,1,0,0,0,1,2,3,14,24,0,0,0,0,0,0,2,0,0,0,2,0,埼玉
5361,植竹玲奈,ウエタケ レナ,東京,B2,H,181201,2,18,165,53,B,1.37,0.0,0,0,73,0,0,0.19,0,0.0,0.0,0.0,0,0.0,0.0,0.0,0,0.0,0.0,0.0,4,0.0,0.13,4.3,12,0.0,0.19,3.8,57,0.0,0.19,4.3,B2,B2,B2,31.0,33.0,2025,2,2024-11-01,2025-04-30,134,0,0,0,0,0,0,0,0,0,0,0,0,0,0,0,0,0,0,0,0,0,0,0,0,0,0,0,0,0,0,0,0,0,0,0,0,0,0,0,0,0,0,0,0,0,0,0,4,0,0,0,0,0,0,0,0,0,0,0,3,1,8,0,0,0,0,0,0,0,0,0,0,0,2,11,44,0,0,0,0,0,0,0,0,0,0,0,0,神奈川
5362,中嶋世奈,ナカジマ セナ,静岡,B2,H,190302,2,18,155,49,A,1.54,1.6,0,1,61,0,0,0.19,0,0.0,0.0,0.0,0,0.0,0.0,0.0,0,0.0,0.0,0.0,0,0.0,0.0,0.0,10,0.0,0.22,4.1,51,1.9,0.18,4.1,B2,B2,B2,31.0,33.0,2025,2,2024-11-01,2025-04-30,134,0,0,0,0,0,0,0,0,0,0,0,0,0,0,0,0,0,0,0,0,0,0,0,0,0,0,0,0,0,0,0,0,0,0,0,0,0,0,0,0,0,0,0,0,0,0,0,0,0,0,0,0,0,0,0,0,0,0,1,1,3,5,0,0,0,0,0,0,0,0,0,1,1,2,5,41,0,0,0,0,0,0,1,0,0,0,0,0,北海道
5363,山本凱立,ヤマモト カイリ,広島,B2,H,111106,1,25,165,54,O,1.08,0.0,0,0,64,0,0,0.23,0,0.0,0.0,0.0,0,0.0,0.0,0.0,0,0.0,0.0,0.0,0,0.0,0.0,0.0,1,0.0,0.23,2.0,63,0.0,0.23,4.7,B2,B2,,0.0,30.0,2025,2,2024-11-01,2025-04-30,135,0,0,0,0,0,0,0,0,0,0,0,0,0,0,0,0,0,0,0,0,0,0,0,0,0,0,0,0,0,0,0,0,0,0,0,0,0,0,0,0,0,0,0,0,0,0,0,0,0,0,0,0,0,0,0,0,0,0,0,0,1,0,0,0,0,0,0,0,0,0,0,0,0,0,5,57,0,0,0,0,0,0,1,0,0,0,0,0,広島
5364,金子怜央,カネコ レオ,群馬,B2,H,111207,1,25,164,58,O,1.2,0.0,0,0,59,0,0,0.2,0,0.0,0.0,0.0,0,0.0,0.0,0.0,0,0.0,0.0,0.0,1,0.0,0.13,3.0,4,0.0,0.21,4.0,54,0.0,0.2,4.3,B2,B2,,0.0,31.0,2025,2,2024-11-01,2025-04-30,135,0,0,0,0,0,0,0,0,0,0,0,0,0,0,0,0,0,0,0,0,0,0,0,0,0,0,0,0,0,0,0,0,0,0,0,0,0,0,0,0,0,0,0,0,0,1,0,0,0,0,0,0,0,0,0,0,0,0,0,0,3,1,0,0,0,0,0,0,0,0,0,0,0,1,4,48,0,0,0,0,0,0,1,0,0,0,0,0,群馬
5365,石村日奈那,イシムラ ヒナナ,東京,B2,H,130707,2,23,154,46,B,1.43,1.4,0,1,68,0,0,0.24,0,0.0,0.0,0.0,0,0.0,0.0,0.0,0,0.0,0.0,0.0,0,0.0,0.0,0.0,1,0.0,0.05,2.0,67,1.4,0.24,5.0,B2,B2,,0.0,33.0,2025,2,2024-11-01,2025-04-30,135,0,0,0,0,0,0,0,0,0,0,0,0,0,0,0,0,0,0,0,0,0,0,0,0,0,0,0,0,0,0,0,0,0,0,0,0,0,0,0,0,0,0,0,0,0,0,0,0,0,0,0,0,0,0,0,0,0,0,0,0,1,0,0,0,0,0,0,0,0,0,0,1,1,1,15,47,1,0,0,0,0,0,1,0,0,0,0,0,東京
5366,塩嶋泰空,シオジマ ヤスヒロ,福井,B2,H,130828,1,23,166,55,B,1.15,0.0,0,0,60,0,0,0.21,0,0.0,0.0,0.0,0,0.0,0.0,0.0,0,0.0,0.0,0.0,0,0.0,0.0,0.0,1,0.0,0.1,1.0,59,0.0,0.21,3.8,B2,B2,,0.0,31.0,2025,2,2024-11-01,2025-04-30,135,0,0,0,0,0,0,0,0,0,0,0,0,0,0,0,0,0,0,0,0,0,0,0,0,0,0,0,0,0,0,0,0,0,0,0,0,0,0,0,0,0,0,0,0,0,0,0,0,0,0,0,0,0,0,0,0,0,0,0,0,1,0,0,0,0,0,0,0,0,0,0,0,0,1,6,51,0,0,0,0,0,0,1,0,0,0,0,0,石川
5367,赤松咲香,アカマツ サヤカ,徳島,B2,H,140214,2,23,157,48,B,1.22,0.0,0,0,73,0,0,0.19,0,0.0,0.0,0.0,0,0.0,0.0,0.0,0,0.0,0.0,0.0,0,0.0,0.0,0.0,1,0.0,0.21,2.0,72,0.0,0.19,3.9,B2,B2,,0.0,32.0,2025,2,2024-11-01,2025-04-30,135,0,0,0,0,0,0,0,0,0,0,0,0,0,0,0,0,0,0,0,0,0,0,0,0,0,0,0,0,0,0,0,0,0,0,0,0,0,0,0,0,0,0,0,0,0,0,0,0,0,0,0,0,0,0,0,0,0,0,0,0,1,0,0,0,0,0,0,0,0,0,0,0,0,2,10,59,0,0,0,0,0,0,1,0,0,0,0,0,高知
5368,宮崎心之介,ミヤザキ シンノスケ,埼玉,B1,H,140311,1,23,161,50,A,2.22,2.5,1,1,78,0,0,0.17,0,0.0,0.0,0.0,0,0.0,0.0,0.0,0,0.0,0.0,0.0,0,0.0,0.0,0.0,0,0.0,0.0,0.0,78,2.5,0.17,3.5,B2,B2,,0.0,37.0,2025,2,2024-11-01,2025-04-30,135,0,0,0,0,0,0,0,0,0,0,0,0,0,0,0,0,0,0,0,0,0,0,0,0,0,0,0,0,0,0,0,0,0,0,0,0,0,0,0,0,0,0,0,0,0,0,0,0,0,0,0,0,0,0,0,0,0,0,0,0,0,0,0,0,0,0,0,0,0,0,1,1,5,13,18,37,1,0,0,0,0,0,2,0,0,0,0,0,埼玉
5369,岡崎凪汰,オカザキ ナギタ,長崎,B2,H,140312,1,23,159,51,B,1.48,3.1,0,2,64,0,0,0.2,0,0.0,0.0,0.0,0,0.0,0.0,0.0,0,0.0,0.0,0.0,0,0.0,0.0,0.0,1,0.0,0.11,3.0,62,3.2,0.2,4.1,B2,B2,,0.0,32.0,2025,2,2024-11-01,2025-04-30,135,0,0,0,0,0,0,0,0,0,0,0,0,0,0,0,0,0,0,0,0,0,0,0,0,0,0,0,0,0,0,0,0,0,0,0,0,0,0,0,0,0,0,0,0,0,0,0,0,0,0,0,0,0,0,0,0,0,0,0,0,1,0,0,0,0,0,0,0,0,0,0,2,1,1,10,47,0,0,0,0,0,0,1,0,0,0,0,1,大分
5370,日隈茜,ヒグマ アカネ,福岡,B2,H,140314,2,23,156,45,A,1.29,1.1,0,1,84,0,0,0.22,0,0.0,0.0,0.0,0,0.0,0.0,0.0,0,0.0,0.0,0.0,0,0.0,0.0,0.0,1,0.0,0.18,5.0,83,1.2,0.22,4.6,B2,B2,,0.0,32.0,2025,2,2024-11-01,2025-04-30,135,0,0,0,0,0,0,0,0,0,0,0,0,0,0,0,0,0,0,0,0,0,0,0,0,0,0,0,0,0,0,0,0,0,0,0,0,0,0,0,0,0,0,0,0,0,0,0,0,0,0,0,0,0,0,0,0,0,0,0,1,0,0,0,0,0,0,0,0,0,0,0,1,0,3,5,74,0,0,0,0,0,1,0,0,0,0,0,0,大分
5371,早川颯太,ハヤカワ ソウタ,東京,B2,H,140724,1,22,171,60,A,1.3,0.0,0,0,67,0,0,0.19,0,0.0,0.0,0.0,0,0.0,0.0,0.0,0,0.0,0.0,0.0,0,0.0,0.0,0.0,2,0.0,0.34,5.0,65,0.0,0.19,4.1,B2,B2,,0.0,32.0,2025,2,2024-11-01,2025-04-30,135,0,0,0,0,0,0,0,0,0,0,0,0,0,0,0,0,0,0,0,0,0,0,0,0,0,0,0,0,0,0,0,0,0,0,0,0,0,0,0,0,0,0,0,0,0,0,0,0,0,0,0,0,0,0,0,0,0,0,0,0,1,1,0,0,0,0,0,0,0,0,0,0,1,1,11,52,0,0,0,0,0,1,0,0,0,0,0,0,長野
5372,上岡巧汰,ウエオカ コウタ,広島,B2,H,140926,1,22,171,53,O,1.3,0.0,0,0,57,0,0,0.18,0,0.0,0.0,0.0,0,0.0,0.0,0.0,0,0.0,0.0,0.0,0,0.0,0.0,0.0,1,0.0,0.31,4.0,56,0.0,0.18,4.0,B2,B2,,0.0,33.0,2025,2,2024-11-01,2025-04-30,135,0,0,0,0,0,0,0,0,0,0,0,0,0,0,0,0,0,0,0,0,0,0,0,0,0,0,0,0,0,0,0,0,0,0,0,0,0,0,0,0,0,0,0,0,0,0,0,0,0,0,0,0,0,0,0,0,0,0,0,0,1,0,0,0,0,0,0,0,0,0,0,0,0,2,10,44,0,0,0,0,0,0,0,0,0,0,0,0,広島
5373,諏訪玲奈,スワ レイナ,岡山,B2,H,141023,2,22,154,48,A,1.63,0.0,0,0,68,0,0,0.21,0,0.0,0.0,0.0,0,0.0,0.0,0.0,0,0.0,0.0,0.0,0,0.0,0.0,0.0,2,0.0,0.25,3.5,65,0.0,0.21,4.4,B2,B2,,0.0,35.0,2025,2,2024-11-01,2025-04-30,135,0,0,0,0,0,0,0,0,0,0,0,0,0,0,0,0,0,0,0,0,0,0,0,0,0,0,0,0,0,0,0,0,0,0,0,0,0,0,0,0,0,0,0,0,0,0,0,0,0,0,0,0,0,0,0,0,0,0,0,1,0,1,0,0,0,0,0,0,0,0,0,0,2,4,19,40,0,0,0,0,0,0,0,0,0,0,0,1,岡山
5374,木山大聖,キヤマ タイセイ,岡山,B2,H,150401,1,22,159,52,A,1.39,0.0,0,0,56,0,0,0.18,0,0.0,0.0,0.0,0,0.0,0.0,0.0,0,0.0,0.0,0.0,0,0.0,0.0,0.0,1,0.0,0.23,5.0,55,0.0,0.18,3.8,B2,B2,,0.0,32.0,2025,2,2024-11-01,2025-04-30,135,0,0,0,0,0,0,0,0,0,0,0,0,0,0,0,0,0,0,0,0,0,0,0,0,0,0,0,0,0,0,0,0,0,0,0,0,0,0,0,0,0,0,0,0,0,0,0,0,0,0,0,0,0,0,0,0,0,0,0,0,1,0,0,0,0,0,0,0,0,0,0,0,0,5,8,40,1,0,0,0,0,0,1,0,0,0,0,0,岡山
5375,庄島潤成,ショウジマ ジュンセイ,山口,B2,H,160126,1,21,162,54,B,1.15,0.0,0,0,59,0,0,0.23,0,0.0,0.0,0.0,0,0.0,0.0,0.0,0,0.0,0.0,0.0,0,0.0,0.0,0.0,0,0.0,0.0,0.0,59,0.0,0.23,4.7,B2,B2,,0.0,31.0,2025,2,2024-11-01,2025-04-30,135,0,0,0,0,0,0,0,0,0,0,0,0,0,0,0,0,0,0,0,0,0,0,0,0,0,0,0,0,0,0,0,0,0,0,0,0,0,0,0,0,0,0,0,0,0,0,0,0,0,0,0,0,0,0,0,0,0,0,0,0,0,0,0,0,0,0,0,0,0,0,0,0,0,0,12,44,1,0,0,0,0,0,2,0,0,0,0,0,山口
5376,吉田一心,ヨシダ イッシン,大阪,B1,H,160325,1,21,171,53,B,2.14,3.2,1,2,93,0,0,0.17,0,0.0,0.0,0.0,0,0.0,0.0,0.0,0,0.0,0.0,0.0,0,0.0,0.0,0.0,1,0.0,0.26,2.0,92,3.2,0.17,3.5,B2,B2,,0.0,37.0,2025,2,2024-11-01,2025-04-30,135,0,0,0,0,0,0,0,0,0,0,0,0,0,0,0,0,0,0,0,0,0,0,0,0,0,0,0,0,0,0,0,0,0,0,0,0,0,0,0,0,0,0,0,0,0,0,0,0,0,0,0,0,0,0,0,0,0,0,0,0,1,0,0,0,0,0,0,0,0,0,1,2,4,14,22,47,0,0,0,0,0,0,2,0,0,0,0,0,大阪
5377,鳥居塚嶺王,トリイヅカ ネオ,群馬,B2,H,160402,1,21,159,51,O,1.96,0.0,0,0,49,0,0,0.16,0,0.0,0.0,0.0,0,0.0,0.0,0.0,0,0.0,0.0,0.0,0,0.0,0.0,0.0,1,0.0,0.09,2.0,48,0.0,0.16,3.1,B2,B2,,0.0,37.0,2025,2,2024-11-01,2025-04-30,135,0,0,0,0,0,0,0,0,0,0,0,0,0,0,0,0,0,0,0,0,0,0,0,0,0,0,0,0,0,0,0,0,0,0,0,0,0,0,0,0,0,0,0,0,0,0,0,0,0,0,0,0,0,0,0,0,0,0,0,0,1,0,0,0,0,0,0,0,0,0,0,0,2,8,13,24,0,0,0,0,0,0,1,0,0,0,0,0,群馬
5378,鈴木結平太,スズキ キッペイタ,静岡,B2,H,160509,1,21,164,51,A,1.14,0.0,0,0,49,0,0,0.21,0,0.0,0.0,0.0,0,0.0,0.0,0.0,0,0.0,0.0,0.0,0,0.0,0.0,0.0,2,0.0,0.26,5.0,47,0.0,0.21,4.2,B2,B2,,0.0,30.0,2025,2,2024-11-01,2025-04-30,135,0,0,0,0,0,0,0,0,0,0,0,0,0,0,0,0,0,0,0,0,0,0,0,0,0,0,0,0,0,0,0,0,0,0,0,0,0,0,0,0,0,0,0,0,0,0,0,0,0,0,0,0,0,0,0,0,0,0,0,0,2,0,0,0,0,0,0,0,0,0,0,0,0,1,4,40,1,0,0,0,0,0,1,0,0,0,0,0,愛知
5379,廣部大明,ヒロベ タイメイ,滋賀,B2,H,160525,1,21,167,54,B,1.46,0.0,0,0,65,0,0,0.23,0,0.0,0.0,0.0,0,0.0,0.0,0.0,0,0.0,0.0,0.0,0,0.0,0.0,0.0,0,0.0,0.0,0.0,65,0.0,0.23,4.5,B2,B2,,0.0,33.0,2025,2,2024-11-01,2025-04-30,135,0,0,0,0,0,0,0,0,0,0,0,0,0,0,0,0,0,0,0,0,0,0,0,0,0,0,0,0,0,0,0,0,0,0,0,0,0,0,0,0,0,0,0,0,0,0,0,0,0,0,0,0,0,0,0,0,0,0,0,0,0,0,0,0,0,0,0,0,0,0,0,0,0,6,13,45,1,0,0,0,0,1,0,0,0,0,0,0,滋賀
5380,野田亜湖,ノダ アコ,徳島,B2,H,160804,2,20,154,49,AB,1.25,0.0,0,0,61,0,0,0.23,0,0.0,0.0,0.0,0,0.0,0.0,0.0,0,0.0,0.0,0.0,0,0.0,0.0,0.0,1,0.0,0.17,4.0,60,0.0,0.23,4.9,B2,B2,,0.0,32.0,2025,2,2024-11-01,2025-04-30,135,0,0,0,0,0,0,0,0,0,0,0,0,0,0,0,0,0,0,0,0,0,0,0,0,0,0,0,0,0,0,0,0,0,0,0,0,0,0,0,0,0,0,0,0,0,0,0,0,0,0,0,0,0,0,0,0,0,0,0,0,1,0,0,0,0,0,0,0,0,0,0,0,0,3,5,52,0,0,0,0,0,0,0,0,0,0,0,0,徳島
5381,有山望,アリヤマ ノゾム,大阪,B2,H,160924,1,20,158,52,A,1.38,0.0,0,0,50,0,0,0.16,0,0.0,0.0,0.0,0,0.0,0.0,0.0,0,0.0,0.0,0.0,0,0.0,0.0,0.0,1,0.0,0.06,1.0,49,0.0,0.16,3.6,B2,B2,,0.0,33.0,2025,2,2024-11-01,2025-04-30,135,0,0,0,0,0,0,0,0,0,0,0,0,0,0,0,0,0,0,0,0,0,0,0,0,0,0,0,0,0,0,0,0,0,0,0,0,0,0,0,0,0,0,0,0,0,0,0,0,0,0,0,0,0,0,0,0,0,0,0,0,1,0,0,0,0,0,0,0,0,0,0,0,0,3,9,37,0,0,0,0,0,1,0,0,0,0,1,0,奈良
5382,山下心一,ヤマシタ シンイチ,福岡,B2,H,161006,1,20,165,52,B,1.81,1.3,0,1,74,0,0,0.19,0,0.0,0.0,0.0,0,0.0,0.0,0.0,0,0.0,0.0,0.0,0,0.0,0.0,0.0,1,0.0,0.26,5.0,72,1.3,0.19,4.0,B2,B2,,0.0,35.0,2025,2,2024-11-01,2025-04-30,135,0,0,0,0,0,0,0,0,0,0,0,0,0,0,0,0,0,0,0,0,0,0,0,0,0,0,0,0,0,0,0,0,0,0,0,0,0,0,0,0,0,0,0,0,0,0,0,0,0,0,0,0,0,0,0,0,0,0,1,0,0,0,0,0,0,0,0,0,0,0,0,1,5,3,16,46,0,0,0,0,0,0,1,0,0,0,0,1,福岡
5383,中村楓,ナカムラ カエデ,三重,B2,H,161027,1,20,170,57,O,1.47,2.1,0,1,47,0,0,0.21,0,0.0,0.0,0.0,0,0.0,0.0,0.0,0,0.0,0.0,0.0,0,0.0,0.0,0.0,3,0.0,0.23,3.3,44,2.2,0.21,4.6,B2,B2,,0.0,33.0,2025,2,2024-11-01,2025-04-30,135,0,0,0,0,0,0,0,0,0,0,0,0,0,0,0,0,0,0,0,0,0,0,0,0,0,0,0,0,0,0,0,0,0,0,0,0,0,0,0,0,0,0,0,0,0,0,0,0,0,0,0,0,0,0,0,0,0,0,0,0,1,2,0,0,0,0,0,1,0,0,0,1,1,1,7,33,1,0,0,0,0,0,0,0,0,0,0,0,三重
5384,八戸琉楓,ヤエ リフウ,長崎,B2,H,161229,1,20,161,54,O,1.16,0.0,0,0,57,0,0,0.24,0,0.0,0.0,0.0,0,0.0,0.0,0.0,0,0.0,0.0,0.0,0,0.0,0.0,0.0,2,0.0,0.2,5.5,55,0.0,0.24,5.0,B2,B2,,0.0,31.0,2025,2,2024-11-01,2025-04-30,135,0,0,0,0,0,0,0,0,0,0,0,0,0,0,0,0,0,0,0,0,0,0,0,0,0,0,0,0,0,0,0,0,0,0,0,0,0,0,0,0,0,0,0,0,0,0,0,0,0,0,0,0,0,0,0,0,0,0,0,0,1,1,0,0,0,0,0,0,0,0,0,0,0,1,6,47,1,0,0,0,0,1,0,0,0,0,0,0,佐賀
5385,鈴木柊介,スズキ シュウスケ,静岡,B2,H,170109,1,20,171,53,AB,1.52,1.1,0,1,84,0,0,0.19,0,0.0,0.0,0.0,0,0.0,0.0,0.0,0,0.0,0.0,0.0,0,0.0,0.0,0.0,1,0.0,0.18,3.0,83,1.2,0.19,3.8,B2,B2,,0.0,34.0,2025,2,2024-11-01,2025-04-30,135,0,0,0,0,0,0,0,0,0,0,0,0,0,0,0,0,0,0,0,0,0,0,0,0,0,0,0,0,0,0,0,0,0,0,0,0,0,0,0,0,0,0,0,0,0,0,0,0,0,0,0,0,0,0,0,0,0,0,0,1,0,0,0,0,0,0,0,0,0,0,0,1,0,6,16,60,0,0,0,0,0,1,0,0,0,0,0,0,静岡
5386,米玉利大悟,ヨネタマリ ダイゴ,兵庫,B2,H,180128,1,19,170,55,A,1.27,0.0,0,0,66,0,0,0.18,0,0.0,0.0,0.0,0,0.0,0.0,0.0,0,0.0,0.0,0.0,0,0.0,0.0,0.0,4,0.0,0.15,2.5,61,0.0,0.19,4.0,B2,B2,,0.0,32.0,2025,2,2024-11-01,2025-04-30,135,0,0,0,0,0,0,0,0,0,0,0,0,0,0,0,0,0,0,0,0,0,0,0,0,0,0,0,0,0,0,0,0,0,0,0,0,0,0,0,0,0,0,0,0,0,0,0,0,0,0,0,0,0,0,0,0,0,0,0,0,3,1,0,0,0,0,0,0,0,0,0,0,0,2,10,49,0,0,0,0,0,0,0,0,0,0,0,1,兵庫
5387,戸田海咲音,トダ ミサト,山口,B2,H,180422,2,19,158,50,O,1.16,0.0,0,0,64,0,0,0.23,0,0.0,0.0,0.0,0,0.0,0.0,0.0,0,0.0,0.0,0.0,0,0.0,0.0,0.0,0,0.0,0.0,0.0,64,0.0,0.23,5.0,B2,B2,,0.0,31.0,2025,2,2024-11-01,2025-04-30,135,0,0,0,0,0,0,0,0,0,0,0,0,0,0,0,0,0,0,0,0,0,0,0,0,0,0,0,0,0,0,0,0,0,0,0,0,0,0,0,0,0,0,0,0,0,0,0,0,0,0,0,0,0,0,0,0,0,0,0,0,0,0,0,0,0,0,0,0,0,0,0,0,0,1,7,56,0,0,0,0,0,0,0,0,0,0,0,0,山口
5388,佐野優都,サノ ユウト,徳島,B1,H,180906,1,18,165,57,B,2.18,1.6,0,1,62,0,0,0.17,0,0.0,0.0,0.0,0,0.0,0.0,0.0,0,0.0,0.0,0.0,0,0.0,0.0,0.0,1,0.0,0.07,1.0,61,1.6,0.18,3.4,B2,B2,,0.0,38.0,2025,2,2024-11-01,2025-04-30,135,0,0,0,0,0,0,0,0,0,0,0,0,0,0,0,0,0,0,0,0,0,0,0,0,0,0,0,0,0,0,0,0,0,0,0,0,0,0,0,0,0,0,0,0,0,0,0,0,0,0,0,0,0,0,0,0,0,0,0,1,0,0,0,0,0,0,0,0,0,0,0,1,5,5,23,27,0,0,0,0,0,0,0,0,0,0,0,0,高知
5389,恵良琴美,エラ コトミ,福岡,B2,H,190502,2,18,159,43,A,1.09,0.0,0,0,87,0,0,0.19,0,0.0,0.0,0.0,0,0.0,0.0,0.0,0,0.0,0.0,0.0,0,0.0,0.0,0.0,1,0.0,0.07,2.0,86,0.0,0.19,4.2,B2,B2,,0.0,31.0,2025,2,2024-11-01,2025-04-30,135,0,0,0,0,0,0,0,0,0,0,0,0,0,0,0,0,0,0,0,0,0,0,0,0,0,0,0,0,0,0,0,0,0,0,0,0,0,0,0,0,0,0,0,0,0,0,0,0,0,0,0,0,0,0,0,0,0,0,0,0,1,0,0,0,0,0,0,0,0,0,0,0,0,1,5,79,0,0,0,0,0,0,1,0,0,0,0,0,福岡
5390,高橋涼夏,タカハシ スズカ,群馬,B2,H,190812,2,17,156,46,O,1.22,0.0,0,0,60,0,0,0.19,0,0.0,0.0,0.0,0,0.0,0.0,0.0,0,0.0,0.0,0.0,0,0.0,0.0,0.0,1,0.0,0.34,5.0,59,0.0,0.19,4.3,B2,B2,,0.0,32.0,2025,2,2024-11-01,2025-04-30,135,0,0,0,0,0,0,0,0,0,0,0,0,0,0,0,0,0,0,0,0,0,0,0,0,0,0,0,0,0,0,0,0,0,0,0,0,0,0,0,0,0,0,0,0,0,0,0,0,0,0,0,0,0,0,0,0,0,0,0,0,1,0,0,0,0,0,0,0,0,0,0,0,0,2,6,51,0,0,0,0,0,1,0,0,0,0,0,0,群馬
5391,出穂和鼓,イズホ ワコ,山口,B2,H,191229,2,17,165,51,O,1.15,0.0,0,0,67,0,0,0.22,0,0.0,0.0,0.0,0,0.0,0.0,0.0,0,0.0,0.0,0.0,0,0.0,0.0,0.0,1,0.0,0.09,2.0,66,0.0,0.22,4.1,B2,B2,,0.0,31.0,2025,2,2024-11-01,2025-04-30,135,0,0,0,0,0,0,0,0,0,0,0,0,0,0,0,0,0,0,0,0,0,0,0,0,0,0,0,0,0,0,0,0,0,0,0,0,0,0,0,0,0,0,0,0,0,0,0,0,0,0,0,0,0,0,0,0,0,0,0,0,1,0,0,0,0,0,0,0,0,0,0,0,0,0,10,55,1,0,0,0,0,0,0,0,0,0,0,0,山口
5392,安武一也,ヤスタケ カズヤ,福岡,B2,H,120831,1,24,160,51,O,0.0,0.0,0,0,0,0,0,0.0,0,0.0,0.0,0.0,0,0.0,0.0,0.0,0,0.0,0.0,0.0,0,0.0,0.0,0.0,0,0.0,0.0,0.0,0,0.0,0.0,0.0,B2,,,0.0,0.0,2025,2,2024-11-01,2025-04-30,136,0,0,0,0,0,0,0,0,0,0,0,0,0,0,0,0,0,0,0,0,0,0,0,0,0,0,0,0,0,0,0,0,0,0,0,0,0,0,0,0,0,0,0,0,0,0,0,0,0,0,0,0,0,0,0,0,0,0,0,0,0,0,0,0,0,0,0,0,0,0,0,0,0,0,0,0,0,0,0,0,0,0,0,0,0,0,0,0,福岡
5393,藤原駿,フジハラ シュン,大阪,B2,H,130430,1,24,170,53,A,0.0,0.0,0,0,0,0,0,0.0,0,0.0,0.0,0.0,0,0.0,0.0,0.0,0,0.0,0.0,0.0,0,0.0,0.0,0.0,0,0.0,0.0,0.0,0,0.0,0.0,0.0,B2,,,0.0,0.0,2025,2,2024-11-01,2025-04-30,136,0,0,0,0,0,0,0,0,0,0,0,0,0,0,0,0,0,0,0,0,0,0,0,0,0,0,0,0,0,0,0,0,0,0,0,0,0,0,0,0,0,0,0,0,0,0,0,0,0,0,0,0,0,0,0,0,0,0,0,0,0,0,0,0,0,0,0,0,0,0,0,0,0,0,0,0,0,0,0,0,0,0,0,0,0,0,0,0,奈良
5394,福西広太郎,フクニシ コウタロウ,埼玉,B2,H,130907,1,23,157,52,B,0.0,0.0,0,0,0,0,0,0.0,0,0.0,0.0,0.0,0,0.0,0.0,0.0,0,0.0,0.0,0.0,0,0.0,0.0,0.0,0,0.0,0.0,0.0,0,0.0,0.0,0.0,B2,,,0.0,0.0,2025,2,2024-11-01,2025-04-30,136,0,0,0,0,0,0,0,0,0,0,0,0,0,0,0,0,0,0,0,0,0,0,0,0,0,0,0,0,0,0,0,0,0,0,0,0,0,0,0,0,0,0,0,0,0,0,0,0,0,0,0,0,0,0,0,0,0,0,0,0,0,0,0,0,0,0,0,0,0,0,0,0,0,0,0,0,0,0,0,0,0,0,0,0,0,0,0,0,静岡
5395,日高龍之介,ヒダカ リュウノスケ,佐賀,B2,H,130923,1,23,175,53,AB,0.0,0.0,0,0,0,0,0,0.0,0,0.0,0.0,0.0,0,0.0,0.0,0.0,0,0.0,0.0,0.0,0,0.0,0.0,0.0,0,0.0,0.0,0.0,0,0.0,0.0,0.0,B2,,,0.0,0.0,2025,2,2024-11-01,2025-04-30,136,0,0,0,0,0,0,0,0,0,0,0,0,0,0,0,0,0,0,0,0,0,0,0,0,0,0,0,0,0,0,0,0,0,0,0,0,0,0,0,0,0,0,0,0,0,0,0,0,0,0,0,0,0,0,0,0,0,0,0,0,0,0,0,0,0,0,0,0,0,0,0,0,0,0,0,0,0,0,0,0,0,0,0,0,0,0,0,0,宮崎
5396,近藤来希,コンドウ ライキ,兵庫,B2,H,131029,1,23,157,52,O,0.0,0.0,0,0,0,0,0,0.0,0,0.0,0.0,0.0,0,0.0,0.0,0.0,0,0.0,0.0,0.0,0,0.0,0.0,0.0,0,0.0,0.0,0.0,0,0.0,0.0,0.0,B2,,,0.0,0.0,2025,2,2024-11-01,2025-04-30,136,0,0,0,0,0,0,0,0,0,0,0,0,0,0,0,0,0,0,0,0,0,0,0,0,0,0,0,0,0,0,0,0,0,0,0,0,0,0,0,0,0,0,0,0,0,0,0,0,0,0,0,0,0,0,0,0,0,0,0,0,0,0,0,0,0,0,0,0,0,0,0,0,0,0,0,0,0,0,0,0,0,0,0,0,0,0,0,0,島根
5397,寺田夢生,テラダ ムウ,山口,B2,H,131101,2,23,154,43,O,0.0,0.0,0,0,0,0,0,0.0,0,0.0,0.0,0.0,0,0.0,0.0,0.0,0,0.0,0.0,0.0,0,0.0,0.0,0.0,0,0.0,0.0,0.0,0,0.0,0.0,0.0,B2,,,0.0,0.0,2025,2,2024-11-01,2025-04-30,136,0,0,0,0,0,0,0,0,0,0,0,0,0,0,0,0,0,0,0,0,0,0,0,0,0,0,0,0,0,0,0,0,0,0,0,0,0,0,0,0,0,0,0,0,0,0,0,0,0,0,0,0,0,0,0,0,0,0,0,0,0,0,0,0,0,0,0,0,0,0,0,0,0,0,0,0,0,0,0,0,0,0,0,0,0,0,0,0,山口
5398,鐘ヶ江真司,カネガエ シンジ,福岡,B2,H,140109,1,23,163,52,O,0.0,0.0,0,0,0,0,0,0.0,0,0.0,0.0,0.0,0,0.0,0.0,0.0,0,0.0,0.0,0.0,0,0.0,0.0,0.0,0,0.0,0.0,0.0,0,0.0,0.0,0.0,B2,,,0.0,0.0,2025,2,2024-11-01,2025-04-30,136,0,0,0,0,0,0,0,0,0,0,0,0,0,0,0,0,0,0,0,0,0,0,0,0,0,0,0,0,0,0,0,0,0,0,0,0,0,0,0,0,0,0,0,0,0,0,0,0,0,0,0,0,0,0,0,0,0,0,0,0,0,0,0,0,0,0,0,0,0,0,0,0,0,0,0,0,0,0,0,0,0,0,0,0,0,0,0,0,福岡
5399,長野未来,ナガノ ミライ,三重,B2,H,140321,2,23,160,44,B,0.0,0.0,0,0,0,0,0,0.0,0,0.0,0.0,0.0,0,0.0,0.0,0.0,0,0.0,0.0,0.0,0,0.0,0.0,0.0,0,0.0,0.0,0.0,0,0.0,0.0,0.0,B2,,,0.0,0.0,2025,2,2024-11-01,2025-04-30,136,0,0,0,0,0,0,0,0,0,0,0,0,0,0,0,0,0,0,0,0,0,0,0,0,0,0,0,0,0,0,0,0,0,0,0,0,0,0,0,0,0,0,0,0,0,0,0,0,0,0,0,0,0,0,0,0,0,0,0,0,0,0,0,0,0,0,0,0,0,0,0,0,0,0,0,0,0,0,0,0,0,0,0,0,0,0,0,0,三重
5400,高村諒,タカムラ リョウ,滋賀,B2,H,140802,1,22,172,54,A,0.0,0.0,0,0,0,0,0,0.0,0,0.0,0.0,0.0,0,0.0,0.0,0.0,0,0.0,0.0,0.0,0,0.0,0.0,0.0,0,0.0,0.0,0.0,0,0.0,0.0,0.0,B2,,,0.0,0.0,2025,2,2024-11-01,2025-04-30,136,0,0,0,0,0,0,0,0,0,0,0,0,0,0,0,0,0,0,0,0,0,0,0,0,0,0,0,0,0,0,0,0,0,0,0,0,0,0,0,0,0,0,0,0,0,0,0,0,0,0,0,0,0,0,0,0,0,0,0,0,0,0,0,0,0,0,0,0,0,0,0,0,0,0,0,0,0,0,0,0,0,0,0,0,0,0,0,0,京都
5401,谷海夏人,タニ ミナト,広島,B2,H,140811,1,22,167,53,O,0.0,0.0,0,0,0,0,0,0.0,0,0.0,0.0,0.0,0,0.0,0.0,0.0,0,0.0,0.0,0.0,0,0.0,0.0,0.0,0,0.0,0.0,0.0,0,0.0,0.0,0.0,B2,,,0.0,0.0,2025,2,2024-11-01,2025-04-30,136,0,0,0,0,0,0,0,0,0,0,0,0,0,0,0,0,0,0,0,0,0,0,0,0,0,0,0,0,0,0,0,0,0,0,0,0,0,0,0,0,0,0,0,0,0,0,0,0,0,0,0,0,0,0,0,0,0,0,0,0,0,0,0,0,0,0,0,0,0,0,0,0,0,0,0,0,0,0,0,0,0,0,0,0,0,0,0,0,広島
5402,塚越陸斗,ツカゴシ リクト,群馬,B2,H,150319,1,22,163,53,A,0.0,0.0,0,0,0,0,0,0.0,0,0.0,0.0,0.0,0,0.0,0.0,0.0,0,0.0,0.0,0.0,0,0.0,0.0,0.0,0,0.0,0.0,0.0,0,0.0,0.0,0.0,B2,,,0.0,0.0,2025,2,2024-11-01,2025-04-30,136,0,0,0,0,0,0,0,0,0,0,0,0,0,0,0,0,0,0,0,0,0,0,0,0,0,0,0,0,0,0,0,0,0,0,0,0,0,0,0,0,0,0,0,0,0,0,0,0,0,0,0,0,0,0,0,0,0,0,0,0,0,0,0,0,0,0,0,0,0,0,0,0,0,0,0,0,0,0,0,0,0,0,0,0,0,0,0,0,群馬
5403,藤山湧太,フジヤマ ユウタ,徳島,B2,H,151223,1,21,155,51,A,0.0,0.0,0,0,0,0,0,0.0,0,0.0,0.0,0.0,0,0.0,0.0,0.0,0,0.0,0.0,0.0,0,0.0,0.0,0.0,0,0.0,0.0,0.0,0,0.0,0.0,0.0,B2,,,0.0,0.0,2025,2,2024-11-01,2025-04-30,136,0,0,0,0,0,0,0,0,0,0,0,0,0,0,0,0,0,0,0,0,0,0,0,0,0,0,0,0,0,0,0,0,0,0,0,0,0,0,0,0,0,0,0,0,0,0,0,0,0,0,0,0,0,0,0,0,0,0,0,0,0,0,0,0,0,0,0,0,0,0,0,0,0,0,0,0,0,0,0,0,0,0,0,0,0,0,0,0,徳島
5404,内田壮,ウチダ ソウ,山口,B2,H,160403,1,21,162,53,B,0.0,0.0,0,0,0,0,0,0.0,0,0.0,0.0,0.0,0,0.0,0.0,0.0,0,0.0,0.0,0.0,0,0.0,0.0,0.0,0,0.0,0.0,0.0,0,0.0,0.0,0.0,B2,,,0.0,0.0,2025,2,2024-11-01,2025-04-30,136,0,0,0,0,0,0,0,0,0,0,0,0,0,0,0,0,0,0,0,0,0,0,0,0,0,0,0,0,0,0,0,0,0,0,0,0,0,0,0,0,0,0,0,0,0,0,0,0,0,0,0,0,0,0,0,0,0,0,0,0,0,0,0,0,0,0,0,0,0,0,0,0,0,0,0,0,0,0,0,0,0,0,0,0,0,0,0,0,山口
5405,竹内来,タケウチ ライ,愛知,B2,H,160630,1,21,162,53,O,0.0,0.0,0,0,0,0,0,0.0,0,0.0,0.0,0.0,0,0.0,0.0,0.0,0,0.0,0.0,0.0,0,0.0,0.0,0.0,0,0.0,0.0,0.0,0,0.0,0.0,0.0,B2,,,0.0,0.0,2025,2,2024-11-01,2025-04-30,136,0,0,0,0,0,0,0,0,0,0,0,0,0,0,0,0,0,0,0,0,0,0,0,0,0,0,0,0,0,0,0,0,0,0,0,0,0,0,0,0,0,0,0,0,0,0,0,0,0,0,0,0,0,0,0,0,0,0,0,0,0,0,0,0,0,0,0,0,0,0,0,0,0,0,0,0,0,0,0,0,0,0,0,0,0,0,0,0,愛知
5406,小畑楓夏,オバタ フウカ,山口,B2,H,160901,2,20,162,49,A,0.0,0.0,0,0,0,0,0,0.0,0,0.0,0.0,0.0,0,0.0,0.0,0.0,0,0.0,0.0,0.0,0,0.0,0.0,0.0,0,0.0,0.0,0.0,0,0.0,0.0,0.0,B2,,,0.0,0.0,2025,2,2024-11-01,2025-04-30,136,0,0,0,0,0,0,0,0,0,0,0,0,0,0,0,0,0,0,0,0,0,0,0,0,0,0,0,0,0,0,0,0,0,0,0,0,0,0,0,0,0,0,0,0,0,0,0,0,0,0,0,0,0,0,0,0,0,0,0,0,0,0,0,0,0,0,0,0,0,0,0,0,0,0,0,0,0,0,0,0,0,0,0,0,0,0,0,0,山口
5407,中岡駿,ナカオカ シュン,香川,B2,H,161026,1,20,163,51,O,0.0,0.0,0,0,0,0,0,0.0,0,0.0,0.0,0.0,0,0.0,0.0,0.0,0,0.0,0.0,0.0,0,0.0,0.0,0.0,0,0.0,0.0,0.0,0,0.0,0.0,0.0,B2,,,0.0,0.0,2025,2,2024-11-01,2025-04-30,136,0,0,0,0,0,0,0,0,0,0,0,0,0,0,0,0,0,0,0,0,0,0,0,0,0,0,0,0,0,0,0,0,0,0,0,0,0,0,0,0,0,0,0,0,0,0,0,0,0,0,0,0,0,0,0,0,0,0,0,0,0,0,0,0,0,0,0,0,0,0,0,0,0,0,0,0,0,0,0,0,0,0,0,0,0,0,0,0,香川
5408,中山鷹輔,ナカヤマ オウスケ,福岡,B2,H,170613,1,20,163,53,O,0.0,0.0,0,0,0,0,0,0.0,0,0.0,0.0,0.0,0,0.0,0.0,0.0,0,0.0,0.0,0.0,0,0.0,0.0,0.0,0,0.0,0.0,0.0,0,0.0,0.0,0.0,B2,,,0.0,0.0,2025,2,2024-11-01,2025-04-30,136,0,0,0,0,0,0,0,0,0,0,0,0,0,0,0,0,0,0,0,0,0,0,0,0,0,0,0,0,0,0,0,0,0,0,0,0,0,0,0,0,0,0,0,0,0,0,0,0,0,0,0,0,0,0,0,0,0,0,0,0,0,0,0,0,0,0,0,0,0,0,0,0,0,0,0,0,0,0,0,0,0,0,0,0,0,0,0,0,福岡
5409,宮本琉正,ミヤモト リュウセイ,福岡,B2,H,170628,1,20,172,53,AB,0.0,0.0,0,0,0,0,0,0.0,0,0.0,0.0,0.0,0,0.0,0.0,0.0,0,0.0,0.0,0.0,0,0.0,0.0,0.0,0,0.0,0.0,0.0,0,0.0,0.0,0.0,B2,,,0.0,0.0,2025,2,2024-11-01,2025-04-30,136,0,0,0,0,0,0,0,0,0,0,0,0,0,0,0,0,0,0,0,0,0,0,0,0,0,0,0,0,0,0,0,0,0,0,0,0,0,0,0,0,0,0,0,0,0,0,0,0,0,0,0,0,0,0,0,0,0,0,0,0,0,0,0,0,0,0,0,0,0,0,0,0,0,0,0,0,0,0,0,0,0,0,0,0,0,0,0,0,沖縄
5410,今泉澪,イマイズミ ミオ,愛知,B2,H,170801,2,19,161,47,A,0.0,0.0,0,0,0,0,0,0.0,0,0.0,0.0,0.0,0,0.0,0.0,0.0,0,0.0,0.0,0.0,0,0.0,0.0,0.0,0,0.0,0.0,0.0,0,0.0,0.0,0.0,B2,,,0.0,0.0,2025,2,2024-11-01,2025-04-30,136,0,0,0,0,0,0,0,0,0,0,0,0,0,0,0,0,0,0,0,0,0,0,0,0,0,0,0,0,0,0,0,0,0,0,0,0,0,0,0,0,0,0,0,0,0,0,0,0,0,0,0,0,0,0,0,0,0,0,0,0,0,0,0,0,0,0,0,0,0,0,0,0,0,0,0,0,0,0,0,0,0,0,0,0,0,0,0,0,愛知
5411,木下虎之輔,キノシタ トラノスケ,東京,B2,H,170810,1,19,169,54,O,0.0,0.0,0,0,0,0,0,0.0,0,0.0,0.0,0.0,0,0.0,0.0,0.0,0,0.0,0.0,0.0,0,0.0,0.0,0.0,0,0.0,0.0,0.0,0,0.0,0.0,0.0,B2,,,0.0,0.0,2025,2,2024-11-01,2025-04-30,136,0,0,0,0,0,0,0,0,0,0,0,0,0,0,0,0,0,0,0,0,0,0,0,0,0,0,0,0,0,0,0,0,0,0,0,0,0,0,0,0,0,0,0,0,0,0,0,0,0,0,0,0,0,0,0,0,0,0,0,0,0,0,0,0,0,0,0,0,0,0,0,0,0,0,0,0,0,0,0,0,0,0,0,0,0,0,0,0,神奈川
5412,久保田凪紗,クボタ ナギサ,佐賀,B2,H,170922,2,19,148,43,O,0.0,0.0,0,0,0,0,0,0.0,0,0.0,0.0,0.0,0,0.0,0.0,0.0,0,0.0,0.0,0.0,0,0.0,0.0,0.0,0,0.0,0.0,0.0,0,0.0,0.0,0.0,B2,,,0.0,0.0,2025,2,2024-11-01,2025-04-30,136,0,0,0,0,0,0,0,0,0,0,0,0,0,0,0,0,0,0,0,0,0,0,0,0,0,0,0,0,0,0,0,0,0,0,0,0,0,0,0,0,0,0,0,0,0,0,0,0,0,0,0,0,0,0,0,0,0,0,0,0,0,0,0,0,0,0,0,0,0,0,0,0,0,0,0,0,0,0,0,0,0,0,0,0,0,0,0,0,福岡
5413,宮城那菜,ミヤギ ナナ,福岡,B2,H,171005,2,19,159,47,O,0.0,0.0,0,0,0,0,0,0.0,0,0.0,0.0,0.0,0,0.0,0.0,0.0,0,0.0,0.0,0.0,0,0.0,0.0,0.0,0,0.0,0.0,0.0,0,0.0,0.0,0.0,B2,,,0.0,0.0,2025,2,2024-11-01,2025-04-30,136,0,0,0,0,0,0,0,0,0,0,0,0,0,0,0,0,0,0,0,0,0,0,0,0,0,0,0,0,0,0,0,0,0,0,0,0,0,0,0,0,0,0,0,0,0,0,0,0,0,0,0,0,0,0,0,0,0,0,0,0,0,0,0,0,0,0,0,0,0,0,0,0,0,0,0,0,0,0,0,0,0,0,0,0,0,0,0,0,福岡
5414,中澤英里,ナカザワ エリ,埼玉,B2,H,171101,2,19,161,46,B,0.0,0.0,0,0,0,0,0,0.0,0,0.0,0.0,0.0,0,0.0,0.0,0.0,0,0.0,0.0,0.0,0,0.0,0.0,0.0,0,0.0,0.0,0.0,0,0.0,0.0,0.0,B2,,,0.0,0.0,2025,2,2024-11-01,2025-04-30,136,0,0,0,0,0,0,0,0,0,0,0,0,0,0,0,0,0,0,0,0,0,0,0,0,0,0,0,0,0,0,0,0,0,0,0,0,0,0,0,0,0,0,0,0,0,0,0,0,0,0,0,0,0,0,0,0,0,0,0,0,0,0,0,0,0,0,0,0,0,0,0,0,0,0,0,0,0,0,0,0,0,0,0,0,0,0,0,0,宮城
5415,阿部未侑,アベ ミヒロ,東京,B2,H,171219,2,19,156,48,AB,0.0,0.0,0,0,0,0,0,0.0,0,0.0,0.0,0.0,0,0.0,0.0,0.0,0,0.0,0.0,0.0,0,0.0,0.0,0.0,0,0.0,0.0,0.0,0,0.0,0.0,0.0,B2,,,0.0,0.0,2025,2,2024-11-01,2025-04-30,136,0,0,0,0,0,0,0,0,0,0,0,0,0,0,0,0,0,0,0,0,0,0,0,0,0,0,0,0,0,0,0,0,0,0,0,0,0,0,0,0,0,0,0,0,0,0,0,0,0,0,0,0,0,0,0,0,0,0,0,0,0,0,0,0,0,0,0,0,0,0,0,0,0,0,0,0,0,0,0,0,0,0,0,0,0,0,0,0,山形
5416,龍田真白,タツダ マシロ,三重,B2,H,180218,2,19,157,43,AB,0.0,0.0,0,0,0,0,0,0.0,0,0.0,0.0,0.0,0,0.0,0.0,0.0,0,0.0,0.0,0.0,0,0.0,0.0,0.0,0,0.0,0.0,0.0,0,0.0,0.0,0.0,B2,,,0.0,0.0,2025,2,2024-11-01,2025-04-30,136,0,0,0,0,0,0,0,0,0,0,0,0,0,0,0,0,0,0,0,0,0,0,0,0,0,0,0,0,0,0,0,0,0,0,0,0,0,0,0,0,0,0,0,0,0,0,0,0,0,0,0,0,0,0,0,0,0,0,0,0,0,0,0,0,0,0,0,0,0,0,0,0,0,0,0,0,0,0,0,0,0,0,0,0,0,0,0,0,三重
5417,小柳勝希,コヤナギ カツキ,佐賀,B2,H,180223,1,19,168,50,O,0.0,0.0,0,0,0,0,0,0.0,0,0.0,0.0,0.0,0,0.0,0.0,0.0,0,0.0,0.0,0.0,0,0.0,0.0,0.0,0,0.0,0.0,0.0,0,0.0,0.0,0.0,B2,,,0.0,0.0,2025,2,2024-11-01,2025-04-30,136,0,0,0,0,0,0,0,0,0,0,0,0,0,0,0,0,0,0,0,0,0,0,0,0,0,0,0,0,0,0,0,0,0,0,0,0,0,0,0,0,0,0,0,0,0,0,0,0,0,0,0,0,0,0,0,0,0,0,0,0,0,0,0,0,0,0,0,0,0,0,0,0,0,0,0,0,0,0,0,0,0,0,0,0,0,0,0,0,佐賀
5418,堀内亜海,ホリウチ アミ,大阪,B2,H,180316,2,19,158,46,B,0.0,0.0,0,0,0,0,0,0.0,0,0.0,0.0,0.0,0,0.0,0.0,0.0,0,0.0,0.0,0.0,0,0.0,0.0,0.0,0,0.0,0.0,0.0,0,0.0,0.0,0.0,B2,,,0.0,0.0,2025,2,2024-11-01,2025-04-30,136,0,0,0,0,0,0,0,0,0,0,0,0,0,0,0,0,0,0,0,0,0,0,0,0,0,0,0,0,0,0,0,0,0,0,0,0,0,0,0,0,0,0,0,0,0,0,0,0,0,0,0,0,0,0,0,0,0,0,0,0,0,0,0,0,0,0,0,0,0,0,0,0,0,0,0,0,0,0,0,0,0,0,0,0,0,0,0,0,大阪
5419,櫻井隼,サクライ ハヤト,埼玉,B2,H,180325,1,19,170,52,AB,0.0,0.0,0,0,0,0,0,0.0,0,0.0,0.0,0.0,0,0.0,0.0,0.0,0,0.0,0.0,0.0,0,0.0,0.0,0.0,0,0.0,0.0,0.0,0,0.0,0.0,0.0,B2,,,0.0,0.0,2025,2,2024-11-01,2025-04-30,136,0,0,0,0,0,0,0,0,0,0,0,0,0,0,0,0,0,0,0,0,0,0,0,0,0,0,0,0,0,0,0,0,0,0,0,0,0,0,0,0,0,0,0,0,0,0,0,0,0,0,0,0,0,0,0,0,0,0,0,0,0,0,0,0,0,0,0,0,0,0,0,0,0,0,0,0,0,0,0,0,0,0,0,0,0,0,0,0,埼玉
5420,吉原快誓,ヨシハラ カイセイ,長崎,B2,H,180606,1,19,169,51,A,0.0,0.0,0,0,0,0,0,0.0,0,0.0,0.0,0.0,0,0.0,0.0,0.0,0,0.0,0.0,0.0,0,0.0,0.0,0.0,0,0.0,0.0,0.0,0,0.0,0.0,0.0,B2,,,0.0,0.0,2025,2,2024-11-01,2025-04-30,136,0,0,0,0,0,0,0,0,0,0,0,0,0,0,0,0,0,0,0,0,0,0,0,0,0,0,0,0,0,0,0,0,0,0,0,0,0,0,0,0,0,0,0,0,0,0,0,0,0,0,0,0,0,0,0,0,0,0,0,0,0,0,0,0,0,0,0,0,0,0,0,0,0,0,0,0,0,0,0,0,0,0,0,0,0,0,0,0,長崎
