登番,名前漢字,名前カナ,支部,級,年号,生年月日,性別,年齢,身長,体重,血液型,勝率,複勝率,1着回数,2着回数,出走回数,優出回数,優勝回数,平均スタートタイミング,1コース進入回数,1コース複勝率,1コース平均スタートタイミング,1コース平均スタート順位,2コース進入回数,2コース複勝率,2コース平均スタートタイミング,2コース平均スタート順位,3コース進入回数,3コース複勝率,3コース平均スタートタイミング,3コース平均スタート順位,4コース進入回数,4コース複勝率,4コース平均スタートタイミング,4コース平均スタート順位,5コース進入回数,5コース複勝率,5コース平均スタートタイミング,5コース平均スタート順位,6コース進入回数,6コース複勝率,6コース平均スタートタイミング,6コース平均スタート順位,前期級,前々期級,前々々期級,前期能力指数,今期能力指数,年,期,算出期間自,算出期間至,養成期,1コース1着回数,1コース2着回数,1コース3着回数,1コース4着回数,1コース5着回数,1コース6着回数,1コースF回数,1コースL0回数,1コースL1回数,1コースK0回数,1コースK1回数,1コースS0回数,1コースS1回数,1コースS2回数,2コース1着回数,2コース2着回数,2コース3着回数,2コース4着回数,2コース5着回数,2コース6着回数,2コースF回数,2コースL0回数,2コースL1回数,2コースK0回数,2コースK1回数,2コースS0回数,2コースS1回数,2コースS2回数,3コース1着回数,3コース2着回数,3コース3着回数,3コース4着回数,3コース5着回数,3コース6着回数,3コースF回数,3コースL0回数,3コースL1回数,3コースK0回数,3コースK1回数,3コースS0回数,3コースS1回数,3コースS2回数,4コース1着回数,4コース2着回数,4コース3着回数,4コース4着回数,4コース5着回数,4コース6着回数,4コースF回数,4コースL0回数,4コースL1回数,4コースK0回数,4コースK1回数,4コースS0回数,4コースS1回数,4コースS2回数,5コース1着回数,5コース2着回数,5コース3着回数,5コース4着回数,5コース5着回数,5コース6着回数,5コースF回数,5コースL0回数,5コースL1回数,5コースK0回数,5コースK1回数,5コースS0回数,5コースS1回数,5コースS2回数,6コース1着回数,6コース2着回数,6コース3着回数,6コース4着回数,6コース5着回数,6コース6着回数,6コースF回数,6コースL0回数,6コースL1回数,6コースK0回数,6コースK1回数,6コースS0回数,6コースS1回数,6コースS2回数,コースなしL0回数,コースなしL1回数,コースなしK0回数,コースなしK1回数,出身地
2014,高塚清一,タカツカ セイイチ,静岡,B1,S,220307,1,77,164,54,O,3.8,18.2,3,12,82,0,0,0.19,15,46.6,0.15,2.4,14,7.1,0.21,4.2,10,20.0,0.21,4.2,15,20.0,0.19,3.3,17,11.7,0.19,3.5,11,0.0,0.24,5.0,B1,B1,B1,46.0,44.0,2025,1,2024-05-01,2024-10-31,20,1,6,1,4,2,0,1,0,0,0,0,0,0,0,0,1,3,4,0,5,1,0,0,0,0,0,0,0,0,2,0,2,4,2,0,0,0,0,0,0,0,0,2,1,2,3,5,2,0,0,0,0,0,0,0,0,0,2,2,3,6,4,0,0,0,0,0,0,0,0,0,0,1,3,2,5,0,0,0,0,0,0,0,0,0,0,0,0,静岡
2538,高橋二朗,タカハシ ジロウ,東京,B1,S,240426,1,75,163,53,AB,3.96,19.1,4,13,89,0,0,0.19,13,38.4,0.21,4.2,19,21.0,0.21,3.9,15,13.3,0.2,3.4,16,12.5,0.17,3.6,17,17.6,0.19,3.6,8,12.5,0.18,4.0,B1,B1,B1,47.0,45.0,2025,1,2024-05-01,2024-10-31,32,2,3,1,3,4,0,0,0,0,0,0,0,0,0,1,3,2,4,6,3,0,0,0,0,0,0,0,0,0,2,4,3,3,3,0,0,0,0,0,0,0,0,0,2,2,3,5,3,1,0,0,0,0,0,0,0,1,2,2,5,4,2,0,0,0,0,0,0,1,0,0,1,0,2,2,3,0,0,0,0,0,0,0,0,0,0,0,1,千葉
2878,富山弘幸,トミヤマ ヒロユキ,大阪,A2,S,330621,1,66,163,57,B,5.6,36.0,17,32,136,1,0,0.17,28,67.8,0.18,3.7,25,44.0,0.16,3.6,25,28.0,0.17,3.8,24,33.3,0.17,3.6,19,15.7,0.18,4.1,15,6.6,0.19,4.5,A2,A2,A2,52.0,51.0,2025,1,2024-05-01,2024-10-31,43,9,10,5,2,0,2,0,0,0,0,0,0,0,0,3,8,5,7,2,0,0,0,0,0,0,0,0,0,1,6,7,4,6,1,0,0,0,0,0,0,0,0,2,6,6,5,5,0,0,0,0,0,0,0,0,0,2,1,2,7,5,1,0,0,0,0,0,0,1,0,0,1,3,4,3,4,0,0,0,0,0,0,0,0,0,0,0,0,大阪
3024,西島義則,ニシジマ ヨシノリ,広島,A1,S,361030,1,63,166,58,AB,6.85,58.0,50,44,162,7,1,0.16,61,65.5,0.16,3.0,91,52.7,0.16,2.9,6,66.6,0.13,2.7,2,50.0,0.18,3.0,1,100.0,0.19,5.0,1,0.0,0.11,3.0,A1,A1,A1,54.0,54.0,2025,1,2024-05-01,2024-10-31,49,29,11,7,9,3,2,0,0,0,0,0,1,0,0,18,30,10,9,16,7,0,0,0,0,0,0,0,1,3,1,1,1,0,0,0,0,0,0,0,0,0,0,0,1,1,0,0,0,0,0,0,0,0,0,0,0,0,1,0,0,0,0,0,0,0,0,0,0,0,0,0,0,0,1,0,0,0,0,0,0,0,0,0,0,0,0,0,0,島根
3054,北川幸典,キタガワ ユキノリ,広島,B1,S,380112,1,61,163,57,A,4.76,28.0,10,4,50,0,0,0.18,12,83.3,0.17,3.3,5,40.0,0.21,4.0,7,14.2,0.19,4.1,8,12.5,0.15,3.9,8,0.0,0.18,4.6,9,0.0,0.19,4.6,A2,A2,A2,51.0,46.0,2025,1,2024-05-01,2024-10-31,50,7,3,0,1,0,1,0,0,0,0,0,0,0,0,2,0,2,1,0,0,0,0,0,0,0,0,0,0,0,1,3,0,2,1,0,0,0,0,0,0,0,0,1,0,1,2,3,1,0,0,0,0,0,0,0,0,0,0,1,2,2,2,0,0,0,0,0,0,1,0,0,0,2,0,2,5,0,0,0,0,0,0,0,0,0,0,0,1,広島
3070,山室展弘,ヤマムロ ノブヒロ,岡山,B1,S,360608,1,63,167,53,A,4.89,29.6,9,7,54,1,0,0.17,10,70.0,0.14,3.1,21,33.3,0.18,3.7,11,9.0,0.19,4.5,10,10.0,0.15,3.6,2,0.0,0.13,4.0,0,0.0,0.0,0.0,A1,A2,A2,53.0,47.0,2025,1,2024-05-01,2024-10-31,51,5,2,0,1,0,1,1,0,0,0,0,0,0,0,3,4,2,2,6,4,0,0,0,0,0,0,0,0,1,0,2,2,2,4,0,0,0,0,0,0,0,0,0,1,6,1,0,2,0,0,0,0,0,0,0,0,0,0,0,1,1,0,0,0,0,0,0,0,0,0,0,0,0,0,0,0,0,0,0,0,0,0,0,0,0,0,0,0,岡山
3072,西田靖,ニシダ ヤスシ,東京,B1,S,361028,1,63,160,56,B,4.52,24.2,13,11,99,0,0,0.15,20,50.0,0.17,2.6,71,19.7,0.14,3.0,7,0.0,0.19,3.3,0,0.0,0.0,0.0,1,0.0,0.19,5.0,0,0.0,0.0,0.0,A2,B1,B1,51.0,46.0,2025,1,2024-05-01,2024-10-31,51,6,4,1,5,2,2,0,0,0,0,0,0,0,0,7,7,15,10,15,16,1,0,0,0,0,0,0,0,0,0,0,4,2,0,0,0,0,0,0,0,1,0,0,0,0,0,0,0,0,0,0,0,0,0,0,0,0,0,0,0,0,1,0,0,0,0,0,0,0,0,0,0,0,0,0,0,0,0,0,0,0,0,0,0,0,0,0,0,神奈川
3075,中村裕将,ナカムラ ヒロノブ,埼玉,B1,S,370824,1,62,164,54,B,4.42,24.4,9,15,98,0,0,0.15,15,66.6,0.14,2.4,18,38.8,0.17,3.7,17,17.6,0.16,3.8,19,21.0,0.13,3.1,15,0.0,0.16,3.7,14,0.0,0.17,3.9,B1,B1,B1,49.0,47.0,2025,1,2024-05-01,2024-10-31,51,4,6,2,2,1,0,0,0,0,0,0,0,0,0,2,5,2,5,1,3,0,0,0,0,0,0,0,0,1,2,1,3,6,3,1,0,0,0,0,0,0,0,2,2,3,5,5,2,0,0,0,0,0,0,0,0,0,0,3,8,0,4,0,0,0,0,0,0,0,0,0,0,0,2,7,5,0,0,0,0,0,0,0,0,0,0,0,0,埼玉
3081,岡本慎治,オカモト シンジ,山口,B1,S,380713,1,61,160,51,O,4.29,22.7,5,13,79,0,0,0.17,13,61.5,0.16,3.0,12,25.0,0.15,3.2,13,23.0,0.15,3.0,16,18.7,0.18,3.5,16,6.2,0.17,3.4,8,0.0,0.21,5.1,B1,B1,B1,50.0,45.0,2025,1,2024-05-01,2024-10-31,51,5,3,1,1,0,2,0,0,0,0,0,0,1,0,0,3,2,0,6,1,0,0,0,0,0,0,0,0,0,3,4,2,2,2,0,0,0,0,0,0,0,0,0,3,5,3,4,1,0,0,0,0,0,0,0,0,0,1,2,2,6,4,0,0,0,0,0,0,0,1,0,0,2,1,2,3,0,0,0,0,0,0,0,0,0,0,0,1,山口
3105,内山文典,ウチヤマ フミノリ,東京,B1,S,380715,1,61,164,54,A,4.84,28.5,9,21,105,1,0,0.17,18,66.6,0.17,3.2,18,22.2,0.18,3.8,16,50.0,0.17,3.8,16,6.2,0.15,3.4,15,6.6,0.18,3.6,22,18.1,0.18,4.3,B1,A2,A2,50.0,48.0,2025,1,2024-05-01,2024-10-31,52,6,6,2,1,1,2,0,0,0,0,0,0,0,0,0,4,4,4,2,4,0,0,0,0,0,0,0,0,2,6,2,2,2,2,0,0,0,0,0,0,0,0,1,0,4,4,3,4,0,0,0,0,0,0,0,0,0,1,5,4,2,2,1,0,0,0,0,0,0,0,0,4,2,6,6,4,0,0,0,0,0,0,0,0,0,0,0,0,東京
3107,平岡重典,ヒラオカ シゲノリ,大阪,B1,S,381116,1,61,163,50,A,4.56,18.8,9,8,90,0,0,0.2,15,60.0,0.19,3.9,16,25.0,0.21,4.4,14,14.2,0.18,4.3,16,6.2,0.2,3.6,16,6.2,0.21,3.8,13,0.0,0.22,4.5,B1,B1,B1,49.0,48.0,2025,1,2024-05-01,2024-10-31,52,6,3,2,2,1,1,0,0,0,0,0,0,0,0,2,2,7,2,1,2,0,0,0,0,0,0,0,0,0,2,1,5,3,3,0,0,0,0,0,0,0,0,1,0,6,5,2,2,0,0,0,0,0,0,0,0,0,1,1,4,7,3,0,0,0,0,0,0,0,0,0,0,3,4,3,3,0,0,0,0,0,0,0,0,0,0,0,0,大阪
3141,山来和人,ヤマク カズヒト,東京,B1,S,361107,1,63,159,57,O,3.56,15.3,4,10,91,0,0,0.18,17,35.2,0.15,3.2,18,22.2,0.14,2.8,17,11.7,0.19,3.8,9,11.1,0.21,4.7,19,5.2,0.22,3.9,11,0.0,0.19,4.5,B1,B1,B1,45.0,44.0,2025,1,2024-05-01,2024-10-31,54,2,4,2,2,6,1,0,0,0,0,0,0,0,0,0,4,3,5,4,2,0,0,0,0,0,0,0,0,1,1,2,3,7,3,0,0,0,0,0,1,0,0,1,0,0,0,3,5,0,0,0,0,0,2,0,0,0,1,4,1,7,6,0,0,0,0,0,0,0,0,0,0,0,2,6,3,0,0,0,0,0,0,0,0,0,0,0,0,東京
3156,金子良昭,カネコ ヨシアキ,静岡,B1,S,391029,1,60,160,55,O,4.63,27.5,10,22,116,1,0,0.17,21,42.8,0.16,3.7,25,32.0,0.15,2.9,27,40.7,0.15,3.4,32,12.5,0.19,3.3,7,0.0,0.18,3.9,4,0.0,0.18,3.3,B1,B1,B1,48.0,48.0,2025,1,2024-05-01,2024-10-31,54,4,5,1,3,3,4,1,0,0,0,0,0,0,0,2,6,5,6,4,2,0,0,0,0,0,0,0,0,3,8,4,2,7,3,0,0,0,0,0,0,0,0,1,3,4,8,9,7,0,0,0,0,0,0,0,0,0,0,2,3,2,0,0,0,0,0,0,0,0,0,0,0,0,1,3,0,0,0,0,0,0,0,0,0,0,0,0,0,静岡
3158,島川光男,シマカワ ミツオ,広島,A1,S,400128,1,59,161,54,O,6.36,51.6,39,39,151,5,1,0.15,29,89.6,0.14,3.2,28,57.1,0.15,3.7,25,56.0,0.14,3.0,24,50.0,0.16,2.9,24,33.3,0.16,3.1,21,9.5,0.17,3.7,A1,A1,A2,52.0,53.0,2025,1,2024-05-01,2024-10-31,54,22,4,2,1,0,0,0,0,0,0,0,0,0,0,8,8,3,4,4,1,0,0,0,0,0,0,0,0,4,10,5,4,1,1,0,0,0,0,0,0,0,0,2,10,3,4,2,3,0,0,0,0,0,0,0,0,2,6,2,5,9,0,0,0,0,0,0,0,0,0,1,1,1,7,7,4,0,0,0,0,0,0,0,0,0,0,0,0,広島
3159,江口晃生,エグチ アキオ,群馬,A1,S,400211,1,59,165,55,AB,7.1,57.2,33,26,103,5,1,0.15,34,73.5,0.16,3.2,68,50.0,0.15,3.1,1,0.0,0.16,6.0,0,0.0,0.0,0.0,0,0.0,0.0,0.0,0,0.0,0.0,0.0,A1,A1,A1,57.0,55.0,2025,1,2024-05-01,2024-10-31,54,20,5,4,4,1,0,0,0,0,0,0,0,0,0,13,21,14,9,8,2,1,0,0,0,0,1,0,0,0,0,0,0,1,0,0,0,0,0,0,0,0,0,0,0,0,0,0,0,0,0,0,0,0,0,0,0,0,0,0,0,0,0,0,0,0,0,0,0,0,0,0,0,0,0,0,0,0,0,0,0,0,0,0,0,0,0,0,0,群馬
3161,古場輝義,コバ テルヨシ,大阪,A2,S,350301,1,64,161,53,AB,5.53,34.1,17,27,129,1,0,0.17,27,55.5,0.15,3.1,30,43.3,0.18,3.9,27,33.3,0.17,3.9,21,19.0,0.19,4.0,19,15.7,0.17,4.1,5,0.0,0.12,3.8,A2,A2,A2,50.0,51.0,2025,1,2024-05-01,2024-10-31,55,11,4,7,4,1,0,0,0,0,0,0,0,0,0,2,11,8,3,4,2,0,0,0,0,0,0,0,0,2,7,6,7,2,3,0,0,0,0,0,0,0,0,2,2,6,4,2,5,0,0,0,0,0,0,0,0,0,3,4,4,4,4,0,0,0,0,0,0,0,0,0,0,0,1,3,1,0,0,0,0,0,0,0,0,0,0,1,0,長崎
3175,渡辺千草,ワタナベ チグサ,東京,B1,S,381215,2,61,157,49,B,5.09,29.9,9,20,97,0,0,0.17,21,52.3,0.16,3.3,19,42.1,0.15,3.2,16,12.5,0.21,3.6,15,33.3,0.16,2.9,15,20.0,0.18,3.7,11,0.0,0.22,4.9,B1,B1,B1,50.0,49.0,2025,1,2024-05-01,2024-10-31,55,5,6,3,3,2,2,0,0,0,0,0,0,0,0,3,5,5,3,3,0,0,0,0,0,0,0,0,0,0,2,5,3,4,2,0,0,0,0,0,0,0,0,1,4,5,1,2,2,0,0,0,0,0,0,0,0,0,3,3,4,2,3,0,0,0,0,0,0,0,0,0,0,1,2,5,3,0,0,0,0,0,0,0,0,0,0,0,0,神奈川
3176,長谷川巌,ハセガワ イワオ,山口,B1,S,390518,1,60,159,51,A,4.41,21.5,10,15,116,0,0,0.18,17,47.0,0.14,1.6,23,34.7,0.17,3.5,20,15.0,0.17,3.6,19,10.5,0.19,3.9,22,18.1,0.18,3.8,15,0.0,0.23,4.7,B1,B1,B1,48.0,47.0,2025,1,2024-05-01,2024-10-31,55,6,2,4,2,2,1,0,0,0,0,0,0,0,0,3,5,4,6,3,1,0,0,0,0,0,0,1,0,0,3,4,6,4,3,0,0,0,0,0,0,0,0,0,2,6,4,1,6,0,0,0,0,0,0,0,0,1,3,3,3,6,6,0,0,0,0,0,0,0,0,0,0,0,4,6,5,0,0,0,0,0,0,0,0,0,0,0,0,山口
3188,日高逸子,ヒダカ イツコ,福岡,A2,S,361007,2,63,154,45,A,6.09,41.2,24,37,148,3,0,0.16,34,73.5,0.15,3.1,24,37.5,0.19,3.8,20,55.0,0.16,3.0,31,29.0,0.16,3.7,23,17.3,0.15,3.2,16,18.7,0.16,3.8,A2,A1,A1,53.0,54.0,2025,1,2024-05-01,2024-10-31,56,16,9,5,3,0,1,0,0,0,0,0,0,0,0,0,9,6,5,4,0,0,0,0,0,0,0,0,0,4,7,5,1,2,1,0,0,0,0,0,0,0,0,3,6,10,4,2,5,0,0,0,0,0,0,0,1,1,3,5,7,5,2,0,0,0,0,0,0,0,0,0,3,2,4,4,3,0,0,0,0,0,0,0,0,0,0,0,0,宮崎
3202,三品隆浩,ミシナ タカヒロ,東京,B1,S,400416,1,59,158,55,A,4.95,31.9,9,22,97,0,0,0.17,19,52.6,0.16,3.0,16,62.5,0.18,3.3,14,35.7,0.16,3.6,15,13.3,0.16,2.9,15,13.3,0.18,4.1,18,11.1,0.2,4.0,B1,B1,B1,46.0,48.0,2025,1,2024-05-01,2024-10-31,56,4,6,4,3,1,1,0,0,0,0,0,0,0,0,1,9,1,1,1,3,0,0,0,0,0,0,0,0,2,3,4,1,1,3,0,0,0,0,0,0,0,0,1,1,2,3,5,3,0,0,0,0,0,1,0,0,1,1,3,4,4,2,0,0,0,0,0,0,0,0,0,2,3,3,6,4,0,0,0,0,0,0,0,0,0,0,0,0,東京
3207,田村美和,タムラ ミワ,東京,B1,S,401101,2,59,156,54,A,4.35,21.2,3,14,80,0,0,0.17,13,30.7,0.21,4.1,16,12.5,0.17,3.6,17,47.0,0.19,3.0,11,9.0,0.16,2.9,19,10.5,0.14,2.9,4,0.0,0.2,4.5,B1,B2,B1,44.0,47.0,2025,1,2024-05-01,2024-10-31,56,1,3,1,4,2,2,0,0,0,0,0,0,0,0,0,2,6,3,2,2,0,0,0,0,0,0,1,0,2,6,0,4,3,2,0,0,0,0,0,0,0,0,0,1,4,4,1,0,1,0,0,0,0,0,0,0,0,2,2,4,6,5,0,0,0,0,0,0,0,0,0,0,0,3,0,1,0,0,0,0,0,0,0,0,0,0,0,0,沖縄
3211,北川敏弘,キタガワ トシヒロ,佐賀,B1,S,370127,1,62,162,55,A,4.24,19.1,5,14,99,0,0,0.17,15,40.0,0.2,4.3,19,10.5,0.19,3.9,19,26.3,0.18,3.5,17,23.5,0.13,2.5,18,11.1,0.13,3.2,11,0.0,0.18,3.6,B1,B1,B1,49.0,47.0,2025,1,2024-05-01,2024-10-31,57,4,2,6,1,1,1,0,0,0,0,0,0,0,0,0,2,3,6,4,4,0,0,0,0,0,0,0,0,0,5,3,5,4,2,0,0,0,0,0,0,0,0,0,4,5,1,3,4,0,0,0,0,0,0,0,0,1,1,1,6,5,4,0,0,0,0,0,0,0,0,0,0,0,3,5,3,0,0,0,0,0,0,0,0,0,0,1,0,佐賀
3212,亀本勇樹,カメモト ユウキ,広島,B1,S,370208,1,62,162,61,A,4.28,22.7,5,13,79,0,0,0.17,11,54.5,0.14,3.4,26,23.0,0.17,3.3,14,7.1,0.17,3.4,14,7.1,0.19,3.8,10,30.0,0.13,3.0,4,25.0,0.29,5.5,B1,B1,B1,49.0,46.0,2025,1,2024-05-01,2024-10-31,57,3,3,2,1,1,1,0,0,0,0,0,0,0,0,1,5,3,3,10,4,0,0,0,0,0,0,0,0,0,1,1,7,2,2,1,0,0,0,0,0,0,0,0,1,2,4,5,2,0,0,0,0,0,0,0,0,0,3,3,0,2,2,0,0,0,0,0,0,0,0,1,0,0,1,1,1,0,0,0,0,0,0,0,0,0,0,0,0,広島
3224,栗山繁洋,クリヤマ シゲヒロ,佐賀,B1,S,400517,1,59,161,54,O,4.55,28.3,10,24,120,0,0,0.17,16,43.7,0.18,4.5,21,33.3,0.2,4.0,21,38.1,0.14,2.7,24,25.0,0.17,3.6,24,16.6,0.16,3.1,14,14.2,0.17,4.1,B1,B1,B1,46.0,47.0,2025,1,2024-05-01,2024-10-31,57,3,4,1,3,3,2,0,0,0,0,0,0,0,0,1,6,4,3,2,5,0,0,0,0,0,0,0,0,3,5,5,5,0,3,0,0,0,0,0,0,0,0,3,3,2,3,7,6,0,0,0,0,0,0,0,0,0,4,3,8,2,7,0,0,0,0,0,0,0,0,0,2,0,3,4,5,0,0,0,0,0,0,0,0,0,0,0,0,佐賀
3226,浦田信義,ウラタ ノブヨシ,東京,B1,S,400806,1,59,164,51,AB,4.25,23.8,5,21,109,0,0,0.18,18,33.3,0.19,4.6,21,33.3,0.17,4.0,20,25.0,0.15,3.6,19,21.0,0.18,3.4,18,11.1,0.17,4.1,13,15.3,0.21,4.5,B1,B1,B1,49.0,46.0,2025,1,2024-05-01,2024-10-31,57,2,4,5,1,2,3,1,0,0,0,0,0,0,0,2,5,0,5,5,4,0,0,0,0,0,0,0,0,0,5,5,5,4,1,0,0,0,0,0,0,0,0,1,3,4,5,4,2,0,0,0,0,0,0,0,0,0,2,0,4,8,4,0,0,0,0,0,0,0,0,0,2,0,1,7,3,0,0,0,0,0,0,0,0,0,0,0,0,東京
3232,山川美由紀,ヤマカワ ミユキ,香川,A1,S,411024,2,58,152,47,A,6.91,51.9,38,28,127,3,2,0.14,31,80.6,0.12,2.3,21,57.1,0.16,2.9,21,52.3,0.14,2.0,22,72.7,0.12,2.4,19,5.2,0.16,2.7,13,7.6,0.17,4.0,A2,A2,A2,55.0,56.0,2025,1,2024-05-01,2024-10-31,57,16,9,3,1,1,1,0,0,0,0,0,0,0,0,9,3,4,5,0,0,0,0,0,0,0,0,0,0,4,7,5,4,1,0,0,0,0,0,0,0,0,0,8,8,3,2,1,0,0,0,0,0,0,0,0,0,0,1,5,5,6,2,0,0,0,0,0,0,0,0,1,0,5,4,2,1,0,0,0,0,0,0,0,0,0,0,0,0,香川
3233,小畑実成,オバタ ミナリ,岡山,B1,S,420203,1,57,163,55,O,4.1,20.8,7,8,72,0,0,0.16,11,63.6,0.16,2.7,14,14.2,0.13,2.3,12,25.0,0.19,3.5,12,8.3,0.18,3.7,11,18.1,0.13,3.0,12,0.0,0.17,2.8,B1,B1,B1,47.0,45.0,2025,1,2024-05-01,2024-10-31,57,3,4,1,1,1,1,0,0,0,0,0,0,0,0,1,1,6,1,4,1,0,0,0,0,0,0,0,0,2,1,0,2,1,5,0,0,0,0,0,0,0,1,0,1,2,2,4,3,0,0,0,0,0,0,0,0,1,1,0,2,3,4,0,0,0,0,0,0,0,0,0,0,2,3,4,3,0,0,0,0,0,0,0,0,0,0,0,0,岡山
3246,星野政彦,ホシノ マサヒコ,兵庫,B1,S,390915,1,60,161,56,A,4.27,26.6,9,16,94,0,0,0.16,15,66.6,0.16,2.8,17,35.2,0.18,3.4,18,16.6,0.15,3.3,22,18.1,0.15,2.9,18,11.1,0.15,2.9,4,0.0,0.2,3.0,B1,B1,B1,45.0,46.0,2025,1,2024-05-01,2024-10-31,58,6,4,1,2,2,0,0,0,0,0,0,0,0,0,1,5,3,2,4,2,0,0,0,0,0,0,0,0,1,2,2,5,6,2,0,0,0,0,0,0,0,0,0,4,2,3,7,5,0,0,0,0,0,0,0,1,1,1,1,0,8,7,0,0,0,0,0,0,0,0,0,0,1,0,2,1,0,0,0,0,0,0,0,0,0,0,0,0,兵庫
3251,平石和男,ヒライシ カズオ,埼玉,A2,S,410714,1,58,164,50,B,5.8,32.8,22,27,149,2,0,0.19,26,69.2,0.18,3.7,29,44.8,0.2,4.8,26,19.2,0.18,4.4,19,21.0,0.18,4.2,30,23.3,0.2,4.6,19,10.5,0.21,5.5,A2,A2,A2,51.0,52.0,2025,1,2024-05-01,2024-10-31,58,13,5,6,1,1,0,0,0,0,0,0,0,0,0,4,9,6,8,2,0,0,0,0,0,0,0,0,0,3,2,9,3,1,8,0,0,0,0,0,0,0,0,1,3,10,1,4,0,0,0,0,0,0,0,0,0,1,6,11,5,6,1,0,0,0,0,0,0,0,0,0,2,3,5,4,4,0,0,0,0,0,0,1,0,0,0,0,0,埼玉
3256,三角哲男,ミスミ テツオ,東京,A1,S,420303,1,57,164,52,A,6.65,51.5,34,33,130,9,3,0.13,25,92.0,0.13,2.8,23,56.5,0.14,2.9,25,40.0,0.13,2.6,26,57.6,0.12,2.4,17,29.4,0.14,3.1,14,7.1,0.15,3.1,A1,A1,A1,57.0,54.0,2025,1,2024-05-01,2024-10-31,58,13,10,1,0,0,1,0,0,0,0,0,0,0,0,5,8,3,5,1,1,0,0,0,0,0,0,0,0,3,7,3,10,2,0,0,0,0,0,0,0,0,0,8,7,5,4,1,1,0,0,0,0,0,0,0,0,4,1,4,4,1,3,0,0,0,0,0,0,0,0,1,0,3,4,3,3,0,0,0,0,0,1,0,0,0,0,1,0,千葉
3257,田頭実,タドウ ミノル,福岡,A1,S,420329,1,57,157,52,O,6.62,52.7,27,21,91,3,0,0.12,22,77.2,0.1,1.6,54,44.4,0.12,2.5,12,58.3,0.1,2.1,3,0.0,0.38,4.0,0,0.0,0.0,0.0,0,0.0,0.0,0.0,A1,A1,A2,54.0,55.0,2025,1,2024-05-01,2024-10-31,58,15,2,2,1,1,1,0,0,0,0,0,0,0,0,12,12,6,10,8,6,0,0,0,0,0,1,0,0,0,7,1,2,0,2,0,0,0,0,0,0,0,0,0,0,1,0,2,0,0,0,0,0,0,0,0,0,0,0,0,0,0,0,0,0,0,0,0,0,0,0,0,0,0,0,0,0,0,0,0,0,0,0,0,0,0,0,2,0,福岡
3265,今村暢孝,イマムラ ノブタカ,福岡,A2,S,400119,1,59,162,51,O,6.32,45.9,16,18,74,3,0,0.14,24,70.8,0.16,3.8,46,36.9,0.13,2.8,3,0.0,0.17,4.3,0,0.0,0.0,0.0,0,0.0,0.0,0.0,0,0.0,0.0,0.0,A1,A2,A1,53.0,53.0,2025,1,2024-05-01,2024-10-31,59,11,6,2,3,1,1,0,0,0,0,0,0,0,0,5,12,12,7,6,4,0,0,0,0,0,0,0,0,0,0,2,1,0,0,0,0,0,0,0,0,0,0,0,0,0,0,0,0,0,0,0,0,0,0,0,0,0,0,0,0,0,0,0,0,0,0,0,0,0,0,0,0,0,0,0,0,0,0,0,0,0,0,0,0,0,0,0,1,福岡
3268,森竜也,モリ タツヤ,三重,B2,S,400513,1,59,162,54,AB,3.69,12.5,2,4,48,0,0,0.21,6,50.0,0.17,2.8,8,25.0,0.18,3.6,7,0.0,0.2,4.7,7,14.2,0.19,3.1,11,0.0,0.22,4.5,9,0.0,0.26,5.7,B1,B1,A2,48.0,43.0,2025,1,2024-05-01,2024-10-31,59,1,2,1,0,1,0,1,0,0,0,0,0,0,0,0,2,1,2,2,1,0,0,0,0,0,0,0,0,0,0,2,0,0,4,1,0,0,0,0,0,0,0,1,0,2,2,1,1,0,0,0,0,0,0,0,0,0,0,2,3,4,2,0,0,0,0,0,0,0,0,0,0,2,1,3,3,0,0,0,0,0,0,0,0,0,0,0,0,三重
3273,石田豪,イシダ ツヨシ,広島,B1,S,401121,1,59,158,52,A,3.87,19.0,10,9,100,1,0,0.17,14,71.4,0.15,3.3,16,12.5,0.18,3.8,14,28.5,0.16,2.8,18,5.5,0.18,4.3,18,5.5,0.19,4.2,19,5.2,0.18,4.6,B1,B1,B1,48.0,44.0,2025,1,2024-05-01,2024-10-31,59,6,4,0,4,0,0,0,0,0,0,0,0,0,0,1,1,3,4,2,5,0,0,0,0,0,0,0,0,3,1,3,2,2,2,1,0,0,0,0,0,0,0,0,1,2,4,4,7,0,0,0,0,0,0,0,0,0,1,1,5,4,7,0,0,0,0,0,0,0,0,0,1,2,2,4,10,0,0,0,0,0,0,0,0,0,0,0,1,広島
3277,齋藤勇,サイトウ イサム,東京,B1,S,410822,1,58,161,53,A,4.36,22.3,11,6,76,0,0,0.19,15,66.6,0.17,3.3,13,23.0,0.22,4.2,13,15.3,0.16,2.9,10,10.0,0.21,4.1,14,7.1,0.2,3.8,11,0.0,0.2,4.5,B1,B1,B1,47.0,46.0,2025,1,2024-05-01,2024-10-31,59,8,2,2,2,0,1,0,0,0,0,0,0,0,0,2,1,1,5,4,0,0,0,0,0,0,0,0,0,1,1,1,7,0,3,0,0,0,0,0,0,0,0,0,1,0,2,5,1,1,0,0,0,0,0,0,0,0,1,1,3,3,6,0,0,0,0,0,0,0,0,0,0,2,1,8,0,0,0,0,0,0,0,0,0,0,0,3,0,東京
3280,垣内清美,カキウチ キヨミ,三重,B1,S,420120,2,57,160,52,A,4.6,26.2,11,10,80,0,0,0.2,15,73.3,0.2,4.6,13,30.7,0.21,3.7,15,26.6,0.2,4.3,10,0.0,0.15,3.1,16,12.5,0.17,3.4,11,0.0,0.26,4.3,B1,B1,B1,45.0,47.0,2025,1,2024-05-01,2024-10-31,59,7,4,2,1,1,0,0,0,0,0,0,0,0,0,1,3,3,2,2,2,0,0,0,0,0,0,0,0,2,2,1,5,2,3,0,0,0,0,0,0,0,0,0,0,3,2,2,2,1,0,0,0,0,0,0,0,1,1,2,3,5,4,0,0,0,0,0,0,0,0,0,0,0,4,2,5,0,0,0,0,0,1,0,0,0,0,0,0,三重
3282,池本輝明,イケモト テルアキ,広島,B1,S,420213,1,57,162,52,O,4.53,22.0,6,20,118,0,0,0.18,15,40.0,0.15,3.5,27,33.3,0.19,4.0,21,28.5,0.18,3.1,23,13.0,0.16,3.7,22,9.0,0.17,3.4,10,0.0,0.24,4.9,B1,B1,B1,48.0,48.0,2025,1,2024-05-01,2024-10-31,59,3,3,2,4,2,1,0,0,0,0,0,0,0,0,1,8,5,3,9,1,0,0,0,0,0,0,0,0,2,4,4,5,4,2,0,0,0,0,0,0,0,0,0,3,5,7,8,0,0,0,0,0,0,0,0,0,0,2,6,3,5,5,0,0,0,0,0,0,0,1,0,0,2,2,4,2,0,0,0,0,0,0,0,0,0,0,0,0,広島
3284,渡邊伸太郎,ワタナベ シンタロウ,佐賀,B1,S,421019,1,57,161,52,A,5.24,32.1,18,26,137,1,0,0.17,23,69.5,0.16,2.5,22,27.2,0.2,4.0,23,52.1,0.17,3.5,25,20.0,0.18,4.0,33,12.1,0.15,3.2,11,9.0,0.15,3.8,B1,B1,B1,47.0,50.0,2025,1,2024-05-01,2024-10-31,59,10,6,2,2,2,1,0,0,0,0,0,0,0,0,2,4,4,3,4,5,0,0,0,0,0,0,0,0,4,8,6,2,2,1,0,0,0,0,0,1,0,0,2,3,3,9,5,3,0,0,0,0,0,0,0,0,0,4,7,8,13,1,0,0,0,0,0,0,0,0,0,1,2,5,2,1,0,0,0,0,0,0,0,0,0,0,0,0,佐賀
3286,坂東満,バンドウ ミツル,静岡,B1,S,430828,1,56,160,54,B,4.58,23.1,12,10,95,0,0,0.15,14,78.5,0.15,1.7,17,29.4,0.13,3.0,19,5.2,0.14,2.6,19,26.3,0.13,2.9,13,0.0,0.17,3.4,13,0.0,0.18,3.8,B1,B1,B1,48.0,47.0,2025,1,2024-05-01,2024-10-31,59,10,1,1,1,0,0,0,0,0,0,0,0,0,1,1,4,4,2,3,3,0,0,0,0,0,0,0,0,0,1,8,7,3,0,0,0,0,0,0,0,0,0,1,4,2,3,4,4,1,0,0,0,0,0,0,0,0,0,0,4,4,5,0,0,0,0,0,0,0,0,0,0,2,3,5,3,0,0,0,0,0,0,0,0,0,0,0,0,静岡
3289,高橋淳美,タカハシ アツミ,大阪,B2,S,380525,2,61,154,46,A,3.68,13.5,3,2,37,0,0,0.2,6,33.3,0.18,3.2,6,16.6,0.19,4.3,7,0.0,0.2,3.0,6,16.6,0.23,4.0,5,0.0,0.17,3.4,7,14.2,0.2,5.1,B1,B1,B1,47.0,43.0,2025,1,2024-05-01,2024-10-31,60,1,1,0,2,1,0,1,0,0,0,0,0,0,0,0,1,1,1,2,1,0,0,0,0,0,0,0,0,0,0,1,3,3,0,0,0,0,0,0,0,0,0,1,0,0,2,1,2,0,0,0,0,0,0,0,0,0,0,2,1,2,0,0,0,0,0,0,0,0,0,1,0,0,0,4,1,0,0,0,0,0,0,1,0,0,0,0,0,岡山
3290,倉谷和信,クラタニ カズノブ,大阪,B1,S,381007,1,61,162,52,O,4.43,22.6,5,7,53,0,0,0.18,10,50.0,0.16,3.3,12,25.0,0.19,3.7,11,18.1,0.15,3.1,8,25.0,0.23,3.9,7,0.0,0.17,4.1,5,0.0,0.16,4.0,B1,A2,B1,46.0,47.0,2025,1,2024-05-01,2024-10-31,60,5,0,0,4,1,0,0,0,0,0,0,0,0,0,0,3,1,1,5,2,0,0,0,0,0,0,0,0,0,2,2,2,3,2,0,0,0,0,0,0,0,0,0,2,4,0,1,1,0,0,0,0,0,0,0,0,0,0,1,1,4,1,0,0,0,0,0,0,0,0,0,0,1,1,2,1,0,0,0,0,0,0,0,0,0,0,0,0,大阪
3293,宮内由紀英,ミヤウチ ユキヒデ,東京,B1,S,400816,1,59,160,53,B,4.13,16.2,4,10,86,1,0,0.19,14,57.1,0.15,3.1,15,0.0,0.17,3.8,14,21.4,0.22,4.2,15,13.3,0.21,5.2,16,6.2,0.18,3.8,12,0.0,0.21,5.1,B1,B1,B1,45.0,47.0,2025,1,2024-05-01,2024-10-31,60,2,6,2,3,1,0,0,0,0,0,0,0,0,0,0,0,6,2,4,3,0,0,0,0,0,0,0,0,1,2,4,1,2,4,0,0,0,0,0,0,0,0,1,1,1,5,2,5,0,0,0,0,0,0,0,0,0,1,2,6,6,1,0,0,0,0,0,1,0,0,0,0,1,3,6,2,0,0,0,0,0,0,0,0,0,0,0,0,東京
3294,野中義生,ノナカ ヨシオ,静岡,B1,S,400822,1,59,160,54,A,4.85,29.2,10,23,113,1,0,0.14,15,73.3,0.15,2.5,19,36.8,0.18,2.9,20,30.0,0.13,2.5,20,20.0,0.11,2.3,24,8.3,0.15,2.5,15,20.0,0.1,2.0,B1,B1,B1,45.0,49.0,2025,1,2024-05-01,2024-10-31,60,6,5,2,0,0,2,0,0,0,0,0,0,0,0,0,7,4,4,3,1,0,0,0,0,0,0,0,0,1,5,3,4,5,2,0,0,0,0,0,0,0,0,1,3,5,2,5,4,0,0,0,0,0,0,0,0,1,1,3,7,5,7,0,0,0,0,0,0,0,0,1,2,2,4,6,0,0,0,0,0,0,0,0,0,0,0,0,0,静岡
3297,藤丸光一,フジマル コウイチ,福岡,B1,S,420217,1,57,154,49,O,5.32,36.9,13,31,119,0,0,0.18,18,66.6,0.17,2.9,51,31.3,0.2,3.9,34,38.2,0.16,3.2,12,16.6,0.19,3.3,4,25.0,0.17,4.3,0,0.0,0.0,0.0,B1,B1,A2,50.0,50.0,2025,1,2024-05-01,2024-10-31,60,6,6,4,2,0,0,0,0,0,0,0,0,0,0,5,11,9,7,9,10,0,0,0,0,0,0,0,0,1,12,8,3,5,5,0,0,0,0,0,0,0,0,1,1,2,4,2,2,0,0,0,0,0,0,0,0,0,1,0,0,1,2,0,0,0,0,0,0,0,0,0,0,0,0,0,0,0,0,0,0,0,0,0,0,0,0,0,0,福岡
3300,川崎智幸,カワサキ トモユキ,岡山,A2,S,420419,1,57,161,54,O,5.69,36.8,26,26,141,2,0,0.13,27,59.2,0.14,3.3,25,48.0,0.14,3.3,23,34.7,0.13,2.8,24,37.5,0.13,2.5,23,17.3,0.13,3.0,19,15.7,0.13,2.8,A2,A1,A1,54.0,52.0,2025,1,2024-05-01,2024-10-31,60,14,2,6,3,1,1,0,0,0,0,0,0,0,0,5,7,6,2,4,1,0,0,0,0,0,1,0,0,2,6,8,3,4,0,0,0,0,0,0,0,0,0,3,6,1,6,6,2,0,0,0,0,0,0,0,0,1,3,4,3,4,8,0,0,0,0,0,0,0,0,1,2,2,4,6,4,0,0,0,0,0,0,0,0,0,0,0,0,岡山
3302,谷川里江,タニカワ リエ,愛知,B1,S,420709,2,57,142,46,A,5.23,37.6,25,13,101,1,0,0.17,20,90.0,0.17,3.1,17,41.1,0.21,4.1,20,30.0,0.16,2.8,14,28.5,0.13,2.5,18,16.6,0.16,3.5,12,0.0,0.2,3.8,B1,B1,A2,49.0,48.0,2025,1,2024-05-01,2024-10-31,60,13,5,0,2,0,0,0,0,0,0,0,0,0,0,3,4,2,2,3,3,0,0,0,0,0,0,0,0,4,2,1,2,4,7,0,0,0,0,0,0,0,0,3,1,1,2,4,3,0,0,0,0,0,0,0,0,2,1,4,5,2,4,0,0,0,0,0,0,0,0,0,0,0,4,5,3,0,0,0,0,0,0,0,0,0,0,0,0,愛知
3303,渡辺豊,ワタナベ ユタカ,東京,A2,S,420917,1,57,166,56,AB,5.8,37.2,21,27,129,1,0,0.18,27,62.9,0.18,4.1,23,47.8,0.19,4.0,28,32.1,0.15,3.3,14,42.8,0.17,4.4,19,26.3,0.2,3.9,18,0.0,0.2,5.1,A2,A1,A2,54.0,51.0,2025,1,2024-05-01,2024-10-31,60,10,7,6,4,0,0,0,0,0,0,0,0,0,0,4,7,7,1,2,1,1,0,0,0,0,0,0,0,3,6,5,7,5,1,0,0,0,0,0,0,1,0,2,4,2,3,3,0,0,0,0,0,0,0,0,0,2,3,5,6,1,2,0,0,0,0,0,0,0,0,0,0,4,6,4,4,0,0,0,0,0,0,0,0,0,0,1,0,神奈川
3304,烏野賢太,ウノ ケンタ,徳島,B1,S,421220,1,57,164,52,O,5.4,36.4,31,23,148,1,0,0.16,30,80.0,0.17,3.4,27,25.9,0.16,3.9,26,57.6,0.16,3.2,20,25.0,0.14,2.5,28,10.7,0.15,3.4,17,0.0,0.18,4.2,A1,A2,A2,55.0,50.0,2025,1,2024-05-01,2024-10-31,60,18,6,2,1,3,0,0,0,0,0,0,0,0,0,2,5,4,6,5,5,0,0,0,0,0,0,0,0,7,8,3,3,2,3,0,0,0,0,0,0,0,0,1,4,4,4,5,2,0,0,0,0,0,1,0,0,3,0,5,7,9,4,0,0,0,0,0,0,0,0,0,0,2,4,9,2,0,0,0,0,0,1,0,0,0,0,1,0,徳島
3305,小野信樹,オノ ノブキ,岡山,B1,S,421222,1,57,162,53,A,4.07,21.3,12,10,103,0,0,0.17,14,57.1,0.18,3.6,18,16.6,0.17,3.4,19,42.1,0.21,3.9,20,15.0,0.13,2.7,18,0.0,0.17,3.8,14,0.0,0.18,5.0,B1,B1,B1,43.0,45.0,2025,1,2024-05-01,2024-10-31,60,6,2,0,4,1,1,0,0,0,0,0,0,0,0,1,2,5,3,5,2,0,0,0,0,0,0,0,0,3,5,2,1,3,5,0,0,0,0,0,0,0,0,2,1,1,4,4,8,0,0,0,0,0,0,0,0,0,0,2,10,2,4,0,0,0,0,0,0,0,0,0,0,0,1,4,9,0,0,0,0,0,0,0,0,0,0,0,0,岡山
3306,武田正紀,タケダ マサノリ,埼玉,B1,S,430107,1,56,163,55,A,4.41,20.5,10,11,102,0,0,0.16,15,40.0,0.18,3.7,18,16.6,0.15,3.0,21,23.8,0.17,3.1,18,22.2,0.15,3.2,16,6.2,0.16,3.4,14,14.2,0.18,3.4,B1,B1,B1,47.0,47.0,2025,1,2024-05-01,2024-10-31,60,2,4,2,3,1,3,0,0,0,0,0,0,0,0,1,2,4,2,7,2,0,0,0,0,0,0,0,0,4,1,4,4,6,2,0,0,0,0,0,0,0,0,3,1,5,4,4,1,0,0,0,0,0,0,0,0,0,1,2,4,4,5,0,0,0,0,0,0,0,0,0,2,2,3,4,3,0,0,0,0,0,0,0,0,0,0,0,0,東京
3313,本吉正樹,モトヨシ マサジ,東京,B1,S,400806,1,59,162,56,A,4.44,26.6,9,19,105,0,0,0.18,16,68.7,0.17,3.7,21,33.3,0.16,3.6,13,30.7,0.15,2.7,18,11.1,0.2,4.1,19,21.0,0.19,3.9,18,0.0,0.22,4.6,B1,B1,B1,49.0,46.0,2025,1,2024-05-01,2024-10-31,61,6,5,0,3,0,1,1,0,0,0,0,0,0,0,2,5,3,2,4,5,0,0,0,0,0,0,0,0,0,4,3,1,2,2,1,0,0,0,0,0,0,0,0,2,5,1,7,3,0,0,0,0,0,0,0,0,1,3,4,4,3,4,0,0,0,0,0,0,0,0,0,0,1,5,5,7,0,0,0,0,0,0,0,0,0,0,0,0,東京
3315,広瀬聖仁,ヒロセ マサヒト,愛知,B1,S,401001,1,59,162,54,A,5.19,30.7,11,17,91,2,0,0.16,12,58.3,0.18,3.5,20,35.0,0.15,2.8,16,43.7,0.16,3.4,18,16.6,0.15,2.9,16,18.7,0.2,3.9,9,11.1,0.17,3.0,B1,B1,B1,50.0,50.0,2025,1,2024-05-01,2024-10-31,61,5,2,2,2,0,1,0,0,0,0,0,0,0,0,0,7,6,2,5,0,0,0,0,0,0,0,0,0,4,3,2,2,3,2,0,0,0,0,0,1,0,0,1,2,5,5,3,2,0,0,0,0,0,0,0,0,1,2,3,3,5,2,0,0,0,0,0,0,0,0,0,1,1,0,7,0,0,0,0,0,0,0,0,0,0,0,0,0,愛知
3319,山崎義明,ヤマザキ ヨシアキ,埼玉,A2,S,420222,1,57,166,54,O,5.61,39.5,23,34,144,3,0,0.14,27,70.3,0.16,3.1,29,37.9,0.14,2.8,24,50.0,0.14,2.3,27,33.3,0.13,2.4,22,22.7,0.12,2.8,15,6.6,0.15,3.6,A2,A2,A2,51.0,51.0,2025,1,2024-05-01,2024-10-31,61,13,6,4,2,0,1,1,0,0,0,0,0,0,0,2,9,6,5,4,3,0,0,0,0,0,0,0,0,5,7,4,4,2,2,0,0,0,0,0,0,0,0,3,6,3,6,5,4,0,0,0,0,0,0,0,0,0,5,3,2,8,4,0,0,0,0,0,0,0,0,0,1,5,3,4,2,0,0,0,0,0,0,0,0,0,0,0,0,埼玉
3327,野長瀬正孝,ノナガセ マサタカ,静岡,A2,S,420814,1,57,163,51,O,5.55,32.2,11,27,118,0,0,0.17,23,69.5,0.13,2.2,23,26.0,0.17,3.6,23,26.0,0.15,3.0,30,26.6,0.17,3.8,8,25.0,0.16,3.9,11,0.0,0.26,5.9,A2,A2,A2,52.0,51.0,2025,1,2024-05-01,2024-10-31,61,8,8,5,1,1,0,0,0,0,0,0,0,0,0,2,4,9,5,1,2,0,0,0,0,0,0,0,0,0,6,5,7,1,2,1,0,0,0,0,1,0,1,1,7,9,9,2,2,0,0,0,0,0,0,0,0,0,2,2,1,3,0,0,0,0,0,0,1,0,0,0,0,0,4,5,2,0,0,0,0,0,0,0,0,0,0,1,0,静岡
3333,丸尾義孝,マルオ ヨシタカ,徳島,A2,S,430606,1,56,161,54,A,6.06,44.2,27,27,122,1,0,0.15,25,96.0,0.12,1.6,20,40.0,0.15,3.5,15,33.3,0.13,3.4,20,35.0,0.14,3.2,25,32.0,0.16,3.4,17,11.7,0.18,3.8,A2,A1,A2,52.0,52.0,2025,1,2024-05-01,2024-10-31,61,18,6,0,0,0,0,1,0,0,0,0,0,0,0,3,5,5,1,4,2,0,0,0,0,0,0,0,0,1,4,4,1,5,0,0,0,0,0,0,0,0,0,3,4,5,2,2,3,0,0,0,0,0,0,1,0,2,6,4,4,5,4,0,0,0,0,0,0,0,0,0,2,5,6,4,0,0,0,0,0,0,0,0,0,0,0,0,0,徳島
3334,角ひとみ,スミ ヒトミ,広島,B1,S,430916,2,56,161,45,A,5.22,29.6,20,17,125,2,0,0.19,20,70.0,0.2,3.9,27,14.8,0.19,4.7,25,40.0,0.19,3.8,22,27.2,0.19,3.7,18,11.1,0.17,3.9,13,7.6,0.21,3.6,B1,B1,B1,48.0,49.0,2025,1,2024-05-01,2024-10-31,61,11,3,1,2,2,1,0,0,0,0,0,0,0,0,2,2,8,8,2,5,0,0,0,0,0,0,0,0,2,8,9,4,1,1,0,0,0,0,0,0,0,0,3,3,6,3,4,2,0,0,0,0,0,0,1,0,2,0,1,6,4,5,0,0,0,0,0,0,0,0,0,1,1,4,3,4,0,0,0,0,0,0,0,0,0,0,0,0,広島
3339,泉具巳,イズミ トモミ,兵庫,B1,S,400529,1,59,162,58,B,4.89,25.2,15,10,99,0,0,0.15,16,62.5,0.16,3.6,20,10.0,0.16,2.9,16,25.0,0.14,2.6,14,21.4,0.14,2.0,14,21.4,0.11,2.1,19,15.7,0.19,3.3,B1,A2,B1,46.0,48.0,2025,1,2024-05-01,2024-10-31,62,8,2,0,2,3,1,0,0,0,0,0,0,0,0,1,1,9,3,3,3,0,0,0,0,0,0,0,0,1,3,4,4,1,3,0,0,0,0,0,0,0,0,2,1,2,2,5,2,0,0,0,0,0,0,0,0,2,1,4,2,2,3,0,0,0,0,0,0,0,0,1,2,4,3,4,4,1,0,0,0,0,0,0,0,0,0,0,0,大阪
3340,池田雷太,イケダ ライタ,東京,B1,S,400711,1,59,166,55,A,4.56,24.0,10,20,125,0,0,0.18,19,31.5,0.19,3.7,28,42.8,0.17,3.5,19,21.0,0.2,4.3,19,15.7,0.19,3.9,21,14.2,0.16,3.6,19,10.5,0.19,4.1,B1,B1,B1,50.0,47.0,2025,1,2024-05-01,2024-10-31,62,4,2,4,3,3,2,0,0,0,0,0,0,1,0,3,9,3,7,4,2,0,0,0,0,0,0,0,0,2,2,4,3,5,3,0,0,0,0,0,0,0,0,1,2,4,3,3,6,0,0,0,0,0,0,0,0,0,3,2,7,4,4,0,0,0,0,0,0,1,0,0,2,6,4,3,3,0,0,0,0,0,0,1,0,0,0,0,0,東京
3346,宮本裕之,ミヤモト ヒロユキ,兵庫,B1,S,411213,1,58,164,53,O,4.0,18.5,7,6,70,0,0,0.18,9,77.7,0.17,3.0,13,7.6,0.16,3.5,10,10.0,0.16,3.4,14,28.5,0.18,3.6,11,0.0,0.19,3.6,13,0.0,0.2,4.2,B1,B1,B1,42.0,45.0,2025,1,2024-05-01,2024-10-31,62,5,2,1,1,0,0,0,0,0,0,0,0,0,0,0,1,2,3,5,2,0,0,0,0,0,0,0,0,0,1,1,4,3,1,0,0,0,0,0,0,0,0,2,2,1,2,4,3,0,0,0,0,0,0,0,0,0,0,1,3,5,2,0,0,0,0,0,0,0,0,0,0,2,2,3,6,0,0,0,0,0,0,0,0,0,0,1,0,大阪
3347,矢後剛,ヤゴ タケシ,東京,B1,S,420211,1,57,163,59,A,4.71,22.0,4,9,59,0,0,0.19,8,50.0,0.13,2.9,7,57.1,0.21,4.1,11,27.2,0.17,3.4,8,0.0,0.22,3.4,9,0.0,0.23,4.6,16,12.5,0.19,4.3,B1,B1,A2,50.0,48.0,2025,1,2024-05-01,2024-10-31,62,3,1,3,1,0,0,0,0,0,0,0,0,0,0,1,3,2,0,0,1,0,0,0,0,0,0,0,0,0,3,2,1,5,0,0,0,0,0,0,0,0,0,0,0,4,2,2,0,0,0,0,0,0,0,0,0,0,0,2,0,3,3,0,0,0,0,0,0,1,0,0,2,4,3,5,2,0,0,0,0,0,0,0,0,0,0,0,0,静岡
3349,吉田一郎,ヨシダ イチロウ,長崎,A2,S,430127,1,56,161,54,A,5.82,42.7,24,20,103,0,0,0.14,26,76.9,0.12,2.4,32,40.6,0.15,2.8,15,26.6,0.15,3.7,15,40.0,0.12,2.5,10,10.0,0.15,3.0,5,0.0,0.15,3.8,A1,B1,A2,53.0,51.0,2025,1,2024-05-01,2024-10-31,62,18,2,3,2,0,0,1,0,0,0,0,0,0,0,3,10,4,7,6,2,0,0,0,0,0,0,0,0,1,3,3,2,3,3,0,0,0,0,0,0,0,0,2,4,2,3,1,3,0,0,0,0,0,0,0,0,0,1,2,2,4,1,0,0,0,0,0,0,0,0,0,0,1,1,1,2,0,0,0,0,0,0,0,0,0,0,0,0,長崎
3350,藤本佳史,フジモト ヨシフミ,山口,A2,S,430423,1,56,158,55,AB,5.56,34.2,15,22,108,0,0,0.16,17,70.5,0.14,2.6,23,47.8,0.17,3.2,18,33.3,0.15,2.3,15,20.0,0.13,2.5,19,21.0,0.16,2.8,16,6.2,0.19,4.1,B1,A2,B1,49.0,51.0,2025,1,2024-05-01,2024-10-31,62,7,5,2,2,0,1,0,0,0,0,0,0,0,0,5,6,7,3,2,0,0,0,0,0,0,0,0,0,0,6,7,2,1,2,0,0,0,0,0,0,0,0,2,1,6,3,1,2,0,0,0,0,0,0,0,0,1,3,3,4,3,5,0,0,0,0,0,0,0,0,0,1,3,3,6,3,0,0,0,0,0,0,0,0,0,0,1,0,山口
3352,小川晃司,オガワ コウジ,福岡,B1,S,430620,1,56,161,51,O,4.39,16.8,2,17,113,0,0,0.16,0,0.0,0.0,0.0,0,0.0,0.0,0.0,0,0.0,0.0,0.0,0,0.0,0.0,0.0,1,0.0,0.38,6.0,112,16.9,0.16,3.1,B1,B1,B1,47.0,47.0,2025,1,2024-05-01,2024-10-31,62,0,0,0,0,0,0,0,0,0,0,0,0,0,0,0,0,0,0,0,0,0,0,0,0,0,0,0,0,0,0,0,0,0,0,0,0,0,0,0,0,0,0,0,0,0,0,0,0,0,0,0,0,0,0,0,0,0,0,0,0,0,1,0,0,0,0,0,0,0,0,2,17,31,24,20,17,0,0,0,0,0,3,1,0,0,0,0,0,福岡
3353,前田光昭,マエダ ミツアキ,埼玉,B2,S,430625,1,56,158,52,O,3.14,14.2,1,6,49,0,0,0.14,7,28.5,0.25,4.0,9,33.3,0.11,2.0,10,10.0,0.11,2.3,9,11.1,0.13,2.3,7,0.0,0.17,3.3,6,0.0,0.13,2.7,B1,B1,B1,45.0,41.0,2025,1,2024-05-01,2024-10-31,62,0,2,1,1,1,2,0,0,0,0,0,0,0,0,1,2,1,2,1,2,0,0,0,0,0,0,0,0,0,1,0,2,5,1,0,0,0,0,0,0,1,0,0,1,1,1,4,2,0,0,0,0,0,0,0,0,0,0,0,1,3,3,0,0,0,0,0,0,0,0,0,0,0,2,0,4,0,0,0,0,0,0,0,0,0,0,0,1,埼玉
3355,橋谷田佳織,ハシヤダ カオリ,東京,B2,S,430810,2,56,150,41,A,3.65,11.7,0,2,17,0,0,0.22,3,0.0,0.16,5.0,2,0.0,0.22,4.5,2,0.0,0.34,5.5,5,20.0,0.23,5.8,3,33.3,0.22,4.3,2,0.0,0.16,2.0,B2,B2,B2,42.0,44.0,2025,1,2024-05-01,2024-10-31,62,0,0,2,0,1,0,0,0,0,0,0,0,0,0,0,0,1,1,0,0,0,0,0,0,0,0,0,0,0,0,0,0,1,1,0,0,0,0,0,0,0,0,0,1,1,0,1,2,0,0,0,0,0,0,0,0,0,1,0,1,1,0,0,0,0,0,0,0,0,0,0,0,0,0,1,1,0,0,0,0,0,0,0,0,0,0,0,0,千葉
3357,福島陽子,フクシマ ヨオコ,岡山,B1,S,431108,2,56,161,49,O,4.75,24.3,14,13,111,0,0,0.2,17,52.9,0.21,4.3,24,29.1,0.18,3.7,19,21.0,0.18,3.8,19,26.3,0.17,3.4,21,9.5,0.21,3.8,11,0.0,0.21,4.8,B1,B1,B1,46.0,48.0,2025,1,2024-05-01,2024-10-31,62,5,4,4,2,2,0,0,0,0,0,0,0,0,0,3,4,8,4,4,1,0,0,0,0,0,0,0,0,3,1,4,5,6,0,0,0,0,0,0,0,0,0,2,3,2,8,1,2,0,0,0,0,0,0,1,0,1,1,3,4,2,10,0,0,0,0,0,0,0,0,0,0,1,2,0,8,0,0,0,0,0,0,0,0,0,0,0,0,岡山
3361,岡部浩,オカベ ヒロシ,徳島,B1,S,440320,1,55,153,52,AB,4.13,15.3,6,10,104,0,0,0.18,15,26.6,0.14,2.5,19,10.5,0.18,3.6,15,26.6,0.16,4.1,18,27.7,0.14,3.6,21,4.7,0.21,4.3,16,0.0,0.22,4.9,B1,B1,B1,46.0,46.0,2025,1,2024-05-01,2024-10-31,62,4,0,3,3,2,2,1,0,0,0,0,0,0,0,0,2,5,8,4,0,0,0,0,0,0,0,0,0,0,4,2,3,2,4,0,0,0,0,0,0,0,0,1,4,2,4,5,2,0,0,0,0,0,0,0,0,1,0,8,3,8,1,0,0,0,0,0,0,0,0,0,0,2,1,6,7,0,0,0,0,0,0,0,0,0,0,0,0,徳島
3362,間嶋仁志,マシマ ヒトシ,三重,B1,S,440728,1,55,166,55,A,5.25,34.8,14,31,129,2,0,0.2,24,62.5,0.19,3.3,44,31.8,0.22,4.7,31,29.0,0.18,3.5,29,24.1,0.19,4.3,1,0.0,0.17,4.0,0,0.0,0.0,0.0,A2,A1,A2,51.0,50.0,2025,1,2024-05-01,2024-10-31,62,8,7,2,2,3,1,1,0,0,0,0,0,0,0,4,10,6,14,6,4,0,0,0,0,0,0,0,0,1,8,5,4,5,8,0,0,0,0,0,0,0,0,1,6,8,6,5,3,0,0,0,0,0,0,0,0,0,0,0,0,1,0,0,0,0,0,0,0,0,0,0,0,0,0,0,0,0,0,0,0,0,0,0,0,0,0,0,0,大阪
3370,坪内実,ツボウチ ミノル,大阪,B1,S,411113,1,58,165,55,A,3.85,18.2,8,7,82,0,0,0.18,12,33.3,0.19,4.1,15,26.6,0.16,4.5,15,6.6,0.16,4.1,16,31.2,0.16,3.4,16,0.0,0.2,4.0,8,12.5,0.21,4.8,B1,B1,B2,45.0,44.0,2025,1,2024-05-01,2024-10-31,63,3,1,1,2,2,3,0,0,0,0,0,0,0,0,2,2,2,4,4,1,0,0,0,0,0,0,0,0,0,1,4,1,4,5,0,0,0,0,0,0,0,0,3,2,3,2,3,2,1,0,0,0,0,0,0,0,0,0,0,5,5,6,0,0,0,0,0,0,0,0,0,1,0,1,1,5,0,0,0,0,0,0,0,0,0,0,0,0,大阪
3372,加藤雅之,カトウ マサユキ,広島,B1,S,411124,1,58,161,54,B,3.4,14.0,1,7,57,0,0,0.21,10,20.0,0.19,3.2,10,0.0,0.19,5.2,10,10.0,0.2,4.3,10,40.0,0.23,4.4,10,0.0,0.19,4.0,7,14.2,0.25,5.4,B1,B1,B1,45.0,43.0,2025,1,2024-05-01,2024-10-31,63,1,1,3,1,2,1,1,0,0,0,0,0,0,0,0,0,1,2,6,1,0,0,0,0,0,0,0,0,0,1,0,5,1,3,0,0,0,0,0,0,0,0,0,4,0,0,5,1,0,0,0,0,0,0,0,0,0,0,2,0,3,5,0,0,0,0,0,0,0,0,0,1,0,3,0,3,0,0,0,0,0,0,0,0,0,0,0,0,広島
3377,塚田修二,ツカダ シュウジ,東京,B1,S,420926,1,57,166,56,O,5.2,25.9,6,8,54,0,0,0.18,10,50.0,0.21,5.1,10,40.0,0.18,4.3,9,11.1,0.17,2.8,8,12.5,0.18,3.6,10,30.0,0.18,3.1,6,0.0,0.19,4.3,B1,B1,B1,46.0,49.0,2025,1,2024-05-01,2024-10-31,63,3,2,4,0,0,1,0,0,0,0,0,0,0,0,1,3,3,1,2,0,0,0,0,0,0,0,0,0,0,1,3,3,0,2,0,0,0,0,0,0,0,0,1,0,1,1,0,4,0,0,0,0,0,1,1,0,1,2,3,3,1,0,0,0,0,0,0,0,0,0,0,0,3,2,1,0,0,0,0,0,0,0,0,0,0,0,0,1,東京
3381,滝沢芳行,タキザワ ヨシユキ,埼玉,A2,S,430824,1,56,161,56,A,5.66,40.3,25,21,114,2,0,0.15,20,70.0,0.17,4.1,18,61.1,0.13,2.3,24,33.3,0.13,2.4,17,52.9,0.15,2.6,15,13.3,0.15,3.9,20,10.0,0.15,3.4,B1,A2,B1,49.0,50.0,2025,1,2024-05-01,2024-10-31,63,8,6,3,0,3,0,0,0,0,0,0,0,0,0,6,5,2,0,3,2,0,0,0,0,0,0,0,0,5,3,5,6,4,1,0,0,0,0,0,0,0,0,4,5,2,1,4,0,1,0,0,0,0,0,0,0,0,2,1,5,4,3,0,0,0,0,0,0,0,0,2,0,3,5,8,2,0,0,0,0,0,0,0,0,0,0,0,0,埼玉
3385,渡邉睦広,ワタナベ ノブヒロ,東京,A2,S,440317,1,55,162,53,O,5.58,38.2,18,16,89,1,1,0.17,18,66.6,0.15,2.9,12,66.6,0.14,3.3,15,53.3,0.16,3.2,13,15.3,0.19,3.5,17,17.6,0.17,2.9,14,7.1,0.22,4.1,A2,A2,B1,51.0,50.0,2025,1,2024-05-01,2024-10-31,63,10,2,3,2,1,0,0,0,0,0,0,0,0,0,4,4,1,2,0,1,0,0,0,0,0,0,0,0,2,6,2,2,3,0,0,0,0,0,0,0,0,0,1,1,5,1,2,3,0,0,0,0,0,0,0,0,1,2,4,3,3,3,1,0,0,0,0,0,0,0,0,1,1,4,3,5,0,0,0,0,0,0,0,0,0,0,0,0,神奈川
3388,今垣光太郎,イマガキ コウタロウ,福井,A1,S,440918,1,55,160,52,A,7.2,55.0,41,19,109,5,3,0.18,26,88.4,0.16,3.5,12,50.0,0.21,4.1,22,59.0,0.18,3.6,25,52.0,0.16,3.2,17,29.4,0.18,3.5,7,0.0,0.26,4.6,A2,A1,A1,69.0,58.0,2025,1,2024-05-01,2024-10-31,63,20,3,2,0,0,1,0,0,0,0,0,0,0,0,3,3,2,1,1,1,0,0,0,0,0,0,0,1,8,5,1,5,2,1,0,0,0,0,0,0,0,0,8,5,4,3,3,2,0,0,0,0,0,0,0,0,2,3,2,3,4,3,0,0,0,0,0,0,0,0,0,0,3,2,1,1,0,0,0,0,0,0,0,0,0,0,0,0,石川
3391,鈴木茂正,スズキ シゲマサ,東京,B2,S,400608,1,59,164,56,A,0.0,0.0,0,0,0,0,0,0.0,0,0.0,0.0,0.0,0,0.0,0.0,0.0,0,0.0,0.0,0.0,0,0.0,0.0,0.0,0,0.0,0.0,0.0,0,0.0,0.0,0.0,B2,B2,B2,0.0,0.0,2025,1,2024-05-01,2024-10-31,64,0,0,0,0,0,0,0,0,0,0,0,0,0,0,0,0,0,0,0,0,0,0,0,0,0,0,0,0,0,0,0,0,0,0,0,0,0,0,0,0,0,0,0,0,0,0,0,0,0,0,0,0,0,0,0,0,0,0,0,0,0,0,0,0,0,0,0,0,0,0,0,0,0,0,0,0,0,0,0,0,0,0,0,0,0,0,0,0,東京
3392,小森信雄,コモリ ノブオ,三重,B1,S,400816,1,59,162,56,A,4.24,21.7,8,9,78,0,0,0.17,9,66.6,0.17,3.3,17,23.5,0.19,4.7,14,28.5,0.19,4.1,12,8.3,0.15,4.4,17,0.0,0.16,3.4,9,22.2,0.11,3.1,B1,B1,B1,47.0,46.0,2025,1,2024-05-01,2024-10-31,64,4,2,2,0,1,0,0,0,0,0,0,0,0,0,2,2,2,5,4,2,0,0,0,0,0,0,0,0,1,3,0,3,3,4,0,0,0,0,0,0,0,0,0,1,2,4,4,1,0,0,0,0,0,0,0,0,0,0,5,2,5,4,0,0,0,0,0,0,1,0,1,1,0,1,2,4,0,0,0,0,0,0,0,0,0,0,0,0,三重
3401,上田隆章,ウエタ タカアキ,香川,B1,S,420829,1,57,159,54,O,4.83,27.1,17,12,107,0,0,0.18,18,72.2,0.14,3.4,19,36.8,0.2,4.3,14,21.4,0.2,4.2,18,11.1,0.18,4.5,21,14.2,0.17,3.9,17,5.8,0.19,4.6,B1,B1,B1,47.0,48.0,2025,1,2024-05-01,2024-10-31,64,12,1,2,1,0,2,0,0,0,0,0,0,0,0,3,4,4,2,2,4,0,0,0,0,0,0,0,0,0,3,3,0,6,2,0,0,0,0,0,0,0,0,1,1,3,5,5,3,0,0,0,0,0,0,0,0,1,2,4,7,6,1,0,0,0,0,0,0,0,0,0,1,1,6,6,3,0,0,0,0,0,0,0,0,0,0,0,0,高知
3406,中里英夫,ナカザト ヒデオ,群馬,B1,S,430810,1,56,162,55,A,4.96,30.8,13,25,123,2,0,0.15,22,59.0,0.13,2.4,20,35.0,0.13,3.7,23,34.7,0.13,2.7,18,33.3,0.17,4.0,20,10.0,0.17,4.1,20,10.0,0.16,3.9,A2,B1,A2,52.0,49.0,2025,1,2024-05-01,2024-10-31,64,8,5,5,1,2,1,0,0,0,0,0,0,0,0,1,6,3,3,4,3,0,0,0,0,0,0,0,0,4,4,2,5,5,2,0,0,0,0,0,0,1,0,0,6,2,4,6,0,0,0,0,0,0,0,0,0,0,2,4,2,6,6,0,0,0,0,0,0,0,0,0,2,5,5,4,4,0,0,0,0,0,1,0,0,0,0,1,0,栃木
3411,池上隆行,イケガミ タカユキ,広島,B1,S,440809,1,55,158,51,B,3.85,16.1,8,7,93,0,0,0.17,15,46.6,0.15,3.1,13,30.7,0.15,3.7,20,5.0,0.16,3.4,15,20.0,0.15,3.5,17,0.0,0.18,3.5,13,0.0,0.2,4.8,B1,B1,B1,44.0,45.0,2025,1,2024-05-01,2024-10-31,64,6,1,1,2,2,2,1,0,0,0,0,0,0,0,1,3,1,3,2,3,0,0,0,0,0,0,0,0,0,1,3,8,5,3,0,0,0,0,0,0,0,0,1,2,2,3,4,3,0,0,0,0,0,0,0,0,0,0,2,7,4,4,0,0,0,0,0,0,0,0,0,0,0,3,5,5,0,0,0,0,0,0,0,0,0,0,0,0,広島
3412,鈴木博,スズキ ヒロシ,埼玉,A1,S,440901,1,55,166,54,O,6.33,47.4,33,32,137,6,1,0.16,28,92.8,0.14,2.3,23,39.1,0.16,3.8,19,78.9,0.17,3.8,19,42.1,0.16,3.6,21,4.7,0.17,3.7,27,22.2,0.16,3.6,A2,A1,A2,52.0,52.0,2025,1,2024-05-01,2024-10-31,64,22,4,2,0,0,0,0,0,0,0,0,0,0,0,3,6,7,4,1,2,0,0,0,0,0,0,0,0,4,11,1,1,2,0,0,0,0,0,0,0,0,0,3,5,4,4,1,2,0,0,0,0,0,0,0,0,0,1,6,5,4,4,0,0,0,0,0,0,1,0,1,5,7,3,7,4,0,0,0,0,0,0,0,0,0,0,2,0,埼玉
3414,加瀬智宏,カセ トモヒロ,群馬,B1,S,441025,1,55,160,60,O,4.14,21.5,1,10,51,0,0,0.15,8,37.5,0.12,2.3,8,37.5,0.14,2.2,7,14.2,0.15,2.9,11,27.2,0.17,3.4,6,16.6,0.15,3.2,11,0.0,0.15,3.5,B1,B1,A2,49.0,46.0,2025,1,2024-05-01,2024-10-31,64,1,2,1,2,0,1,1,0,0,0,0,0,0,0,0,3,2,1,1,1,0,0,0,0,0,1,0,0,0,1,1,1,0,4,0,0,0,0,0,0,0,0,0,3,1,2,4,1,0,0,0,0,0,0,0,0,0,1,0,2,3,0,0,0,0,0,0,0,0,0,0,0,3,2,4,2,0,0,0,0,0,0,0,0,0,0,0,0,群馬
3415,松井繁,マツイ シゲル,大阪,A1,S,441111,1,55,168,52,O,7.55,47.1,35,30,138,5,2,0.13,35,85.7,0.13,3.5,28,50.0,0.13,4.0,22,36.3,0.13,3.5,26,34.6,0.13,3.6,16,18.7,0.12,3.4,11,9.0,0.18,4.4,A1,A1,A1,74.0,71.0,2025,1,2024-05-01,2024-10-31,64,24,6,1,0,1,3,0,0,0,0,0,0,0,0,6,8,9,2,2,1,0,0,0,0,0,0,0,0,3,5,5,8,0,1,0,0,0,0,0,0,0,0,2,7,8,5,0,3,0,0,0,0,0,0,1,0,0,3,6,3,2,2,0,0,0,0,0,0,0,0,0,1,2,1,6,1,0,0,0,0,0,0,0,0,0,0,0,0,大阪
3419,栗原謙治,クリハラ ケンジ,群馬,B1,S,441211,1,55,161,57,A,3.77,16.8,3,11,83,0,0,0.21,14,57.1,0.16,3.4,14,7.1,0.23,4.9,11,9.0,0.18,3.7,14,21.4,0.18,4.2,14,0.0,0.22,4.9,16,6.2,0.26,5.4,B1,B1,B1,46.0,45.0,2025,1,2024-05-01,2024-10-31,64,3,5,3,1,1,1,0,0,0,0,0,0,0,0,0,1,3,3,4,3,0,0,0,0,0,0,0,0,0,1,2,3,4,1,0,0,0,0,0,0,0,0,0,3,2,1,4,4,0,0,0,0,0,0,0,0,0,0,3,3,5,3,0,0,0,0,0,0,0,0,0,1,0,1,7,7,0,0,0,0,0,0,0,0,0,0,0,0,群馬
3422,服部幸男,ハットリ ユキオ,静岡,A1,S,460105,1,53,168,54,B,6.72,51.3,34,24,113,5,0,0.15,26,88.4,0.16,3.8,17,47.0,0.18,4.1,24,45.8,0.16,3.4,22,40.9,0.16,3.1,21,33.3,0.12,2.7,3,0.0,0.15,3.7,A1,A1,A1,62.0,55.0,2025,1,2024-05-01,2024-10-31,64,16,7,1,1,1,0,0,0,0,0,0,0,0,0,3,5,2,3,2,2,0,0,0,0,0,0,0,0,5,6,4,5,1,3,0,0,0,0,0,0,0,0,4,5,3,4,3,3,0,0,0,0,0,0,0,0,6,1,5,6,1,2,0,0,0,0,0,0,0,0,0,0,1,1,0,1,0,0,0,0,0,0,0,0,0,0,0,0,静岡
3427,大賀広幸,オオガ ヒロユキ,山口,B1,S,420322,1,57,161,54,B,4.49,27.9,6,13,68,0,0,0.2,9,77.7,0.2,3.4,13,23.0,0.24,5.5,10,50.0,0.2,3.9,12,0.0,0.2,4.8,14,28.5,0.19,4.6,10,0.0,0.21,4.8,A2,A2,A2,50.0,45.0,2025,1,2024-05-01,2024-10-31,65,4,3,0,0,0,2,0,0,0,0,0,0,0,0,1,2,3,1,1,3,2,0,0,0,0,0,0,0,1,4,1,2,1,1,0,0,0,0,0,0,0,0,0,0,4,2,2,4,0,0,0,0,0,0,0,0,0,4,1,4,3,2,0,0,0,0,0,0,0,0,0,0,2,1,2,5,0,0,0,0,0,0,0,0,0,0,0,0,山口
3430,角浜修,カクハマ オサム,広島,B1,S,430402,1,56,163,57,A,3.59,17.5,11,9,114,0,0,0.16,14,50.0,0.14,2.6,22,13.6,0.16,3.9,19,21.0,0.18,3.5,19,21.0,0.14,2.8,26,0.0,0.17,3.0,14,14.2,0.18,4.5,B1,B1,B1,43.0,43.0,2025,1,2024-05-01,2024-10-31,65,7,0,3,1,0,3,0,0,0,0,0,0,0,0,2,1,4,3,4,8,0,0,0,0,0,0,0,0,2,2,1,5,5,4,0,0,0,0,0,0,0,0,0,4,3,3,4,5,0,0,0,0,0,0,0,0,0,0,1,2,7,16,0,0,0,0,0,0,0,0,0,2,0,2,5,5,0,0,0,0,0,0,0,0,0,0,0,0,広島
3432,宮迫暢彦,ミヤサコ ノブヒコ,大阪,B1,S,430610,1,56,158,54,A,4.98,30.6,18,27,147,1,0,0.16,27,62.9,0.16,3.4,27,37.0,0.15,3.3,34,32.3,0.15,3.1,23,17.3,0.15,2.7,22,4.5,0.18,3.7,14,14.2,0.2,4.5,A2,A2,B1,49.0,49.0,2025,1,2024-05-01,2024-10-31,65,12,5,1,4,3,2,0,0,0,0,0,0,0,0,3,7,7,3,2,5,0,0,0,0,0,0,0,0,2,9,6,4,9,4,0,0,0,0,0,0,0,0,1,3,9,3,4,3,0,0,0,0,0,0,0,0,0,1,5,3,7,6,0,0,0,0,0,0,0,0,0,2,0,4,4,4,0,0,0,0,0,0,0,0,0,0,0,0,大阪
3434,松尾宣邦,マツオ ノブクニ,福岡,B1,S,440131,1,55,166,57,O,4.5,25.4,15,15,118,0,0,0.16,17,88.2,0.16,2.9,21,38.1,0.16,3.6,19,10.5,0.16,3.7,19,10.5,0.17,4.0,24,8.3,0.16,3.4,18,5.5,0.18,4.8,B1,B1,B1,47.0,47.0,2025,1,2024-05-01,2024-10-31,65,13,2,1,0,1,0,0,0,0,0,0,0,0,0,1,7,1,6,3,3,0,0,0,0,0,0,0,0,1,1,5,3,3,6,0,0,0,0,0,0,0,0,0,2,1,2,7,7,0,0,0,0,0,0,0,0,0,2,6,6,7,3,0,0,0,0,0,1,0,0,0,1,2,5,6,4,0,0,0,0,0,0,0,0,0,0,0,0,福岡
3435,寺田千恵,テラダ チエ,岡山,A1,S,440411,2,55,157,46,O,7.08,53.9,39,30,128,7,0,0.15,34,85.2,0.14,2.6,19,47.3,0.16,3.0,21,57.1,0.16,2.2,23,56.5,0.14,2.7,18,22.2,0.13,3.0,13,15.3,0.2,3.8,A1,A1,A1,57.0,57.0,2025,1,2024-05-01,2024-10-31,65,26,3,4,0,1,0,0,0,0,0,0,0,0,0,2,7,5,3,1,1,0,0,0,0,0,1,0,0,6,6,6,2,1,0,0,0,0,0,0,0,0,0,4,9,5,2,2,1,0,0,0,0,0,0,0,0,0,4,2,7,2,3,0,0,0,0,0,0,0,0,1,1,3,5,1,2,0,0,0,0,0,0,0,0,0,0,0,0,福岡
3436,柏野幸二,カシノ コウジ,岡山,A2,S,440424,1,55,159,51,B,5.47,39.3,19,20,99,0,0,0.13,21,85.7,0.1,1.8,14,21.4,0.15,2.5,20,50.0,0.12,2.4,15,33.3,0.1,2.3,16,6.2,0.16,2.7,13,15.3,0.15,3.5,A2,A2,A2,49.0,50.0,2025,1,2024-05-01,2024-10-31,65,14,4,1,2,0,0,0,0,0,0,0,0,0,0,0,3,3,3,3,2,0,0,0,0,0,0,0,0,3,7,3,2,1,4,0,0,0,0,0,0,0,0,1,4,2,3,5,0,0,0,0,0,0,0,0,0,1,0,4,2,6,2,1,0,0,0,0,0,0,0,0,2,1,2,6,2,0,0,0,0,0,0,0,0,0,0,0,0,岡山
3439,大平誉史明,オオヒラ ヨシアキ,大阪,B1,S,440718,1,55,162,52,A,5.38,37.3,27,29,150,2,0,0.16,29,86.2,0.16,3.8,25,40.0,0.15,2.8,29,24.1,0.16,2.9,23,21.7,0.14,3.0,22,27.2,0.16,3.0,22,13.6,0.18,3.8,A2,A2,A1,50.0,50.0,2025,1,2024-05-01,2024-10-31,65,17,8,0,3,1,0,0,0,0,0,0,0,0,0,3,7,5,6,4,0,0,0,0,0,0,0,0,0,1,6,2,6,7,7,0,0,0,0,0,0,0,0,4,1,4,4,5,5,0,0,0,0,0,0,0,0,2,4,6,3,6,1,0,0,0,0,0,1,0,0,0,3,3,6,2,8,0,0,0,0,0,0,0,0,0,0,0,0,大阪
3441,土屋太朗,ツチヤ タロウ,群馬,B1,S,440728,1,55,155,55,AB,4.37,18.4,5,12,92,0,0,0.2,12,25.0,0.2,4.2,18,27.7,0.2,4.3,11,27.2,0.14,2.7,16,12.5,0.18,3.7,23,17.3,0.21,4.7,12,0.0,0.24,4.8,B1,B1,B1,49.0,46.0,2025,1,2024-05-01,2024-10-31,65,2,1,2,2,3,1,0,0,0,0,0,0,1,0,1,4,6,3,3,1,0,0,0,0,0,0,0,0,0,3,2,3,1,2,0,0,0,0,0,0,0,0,1,1,4,4,4,1,1,0,0,0,0,0,0,0,1,3,5,4,6,4,0,0,0,0,0,0,0,0,0,0,4,1,0,7,0,0,0,0,0,0,0,0,0,0,0,0,群馬
3442,宮武英司,ミヤタケ エイジ,香川,B1,S,440818,1,55,167,57,A,5.3,30.3,17,20,122,0,0,0.17,25,76.0,0.15,3.3,20,40.0,0.15,3.4,18,16.6,0.17,3.6,22,27.2,0.18,3.5,25,4.0,0.18,3.8,12,0.0,0.19,3.9,A2,A2,A2,52.0,50.0,2025,1,2024-05-01,2024-10-31,65,12,7,4,1,1,0,0,0,0,0,0,0,0,0,0,8,6,3,2,1,0,0,0,0,0,1,0,0,1,2,4,3,3,5,0,0,0,0,0,0,0,0,4,2,6,5,2,3,0,0,0,0,0,0,0,0,0,1,5,10,6,3,0,0,0,0,0,0,0,0,0,0,2,4,5,1,0,0,0,0,0,0,0,0,0,0,1,0,香川
3444,香月大介,カツキ ダイスケ,福岡,B1,S,440927,1,55,159,56,A,3.92,24.0,13,13,108,0,0,0.16,15,66.6,0.17,3.2,21,9.5,0.17,3.5,18,27.7,0.15,2.6,16,37.5,0.14,2.4,16,12.5,0.15,2.9,22,4.5,0.16,3.0,B1,B1,B1,45.0,44.0,2025,1,2024-05-01,2024-10-31,65,5,5,0,2,1,1,1,0,0,0,0,0,0,0,0,2,1,4,5,9,0,0,0,0,0,0,0,0,3,2,2,1,5,5,0,0,0,0,0,0,0,0,4,2,2,1,3,4,0,0,0,0,0,0,0,0,1,1,1,1,4,8,0,0,0,0,0,0,0,0,0,1,1,7,7,6,0,0,0,0,0,0,0,0,0,0,0,0,福岡
3445,加藤高史,カトウ タカシ,埼玉,B1,S,441005,1,55,162,55,O,5.02,39.5,11,23,86,2,0,0.18,16,68.7,0.16,3.0,12,41.6,0.18,4.3,16,43.7,0.15,3.2,13,30.7,0.2,3.8,19,31.5,0.17,3.9,9,11.1,0.24,4.7,B1,A2,A2,49.0,47.0,2025,1,2024-05-01,2024-10-31,65,5,6,2,0,2,0,1,0,0,0,0,0,0,0,3,2,2,2,1,1,0,0,0,0,0,0,1,0,1,6,3,1,2,3,0,0,0,0,0,0,0,0,1,3,1,3,2,3,0,0,0,0,0,0,0,0,1,5,0,2,4,7,0,0,0,0,0,0,0,0,0,1,1,1,2,4,0,0,0,0,0,0,0,0,0,0,0,1,東京
3448,高山秀雄,タカヤマ ヒデオ,群馬,B1,S,450219,1,54,158,55,O,4.36,18.3,7,11,98,0,0,0.19,12,50.0,0.18,3.3,23,17.3,0.17,3.5,14,0.0,0.2,3.7,19,26.3,0.23,4.8,15,13.3,0.17,4.0,15,6.6,0.21,4.7,B1,B1,B1,47.0,47.0,2025,1,2024-05-01,2024-10-31,65,5,1,1,2,0,2,1,0,0,0,0,0,0,0,2,2,8,6,4,1,0,0,0,0,0,0,0,0,0,0,6,3,2,3,0,0,0,0,0,1,0,0,0,5,0,7,6,1,0,0,0,0,0,0,0,0,0,2,2,6,3,2,0,0,0,0,0,0,0,0,0,1,1,2,7,4,0,0,0,0,0,0,0,0,0,0,0,0,群馬
3454,井川大作,イカワ ダイサク,岡山,B1,S,460302,1,53,161,64,A,4.37,20.2,4,13,84,0,0,0.15,13,53.8,0.15,3.3,14,14.2,0.12,2.8,14,28.5,0.15,3.0,9,0.0,0.12,3.0,17,17.6,0.14,3.4,16,6.2,0.18,3.9,B1,B1,B1,47.0,47.0,2025,1,2024-05-01,2024-10-31,65,4,3,2,2,2,0,0,0,0,0,0,0,0,0,0,2,1,7,2,2,0,0,0,0,0,0,0,0,0,4,2,2,4,1,0,0,0,0,0,0,1,0,0,0,3,3,2,1,0,0,0,0,0,0,0,0,0,3,6,2,6,0,0,0,0,0,0,0,0,0,0,1,2,4,2,7,0,0,0,0,0,0,0,0,0,0,1,1,岡山
3455,谷本幸司,タニモト コウジ,愛知,B1,S,460326,1,53,166,51,B,5.32,34.0,15,19,100,1,0,0.17,15,80.0,0.15,3.5,14,35.7,0.18,3.6,18,27.7,0.19,4.2,17,35.2,0.16,2.8,20,15.0,0.15,3.5,16,18.7,0.22,4.6,B2,B1,A2,44.0,50.0,2025,1,2024-05-01,2024-10-31,65,5,7,1,1,1,0,0,0,0,0,0,0,0,0,4,1,3,6,0,0,0,0,0,0,0,0,0,0,3,2,5,3,2,3,0,0,0,0,0,0,0,0,3,3,2,2,3,4,0,0,0,0,0,0,0,0,0,3,4,5,6,2,0,0,0,0,0,0,0,0,0,3,2,3,5,3,0,0,0,0,0,0,0,0,0,0,0,0,愛知
3458,東健介,ヒガシ ケンスケ,岡山,B1,S,411019,1,58,164,55,AB,4.45,24.2,9,14,95,0,0,0.16,15,46.6,0.15,3.1,16,18.7,0.14,3.4,18,33.3,0.14,3.1,12,8.3,0.16,3.4,17,23.5,0.16,3.4,17,11.7,0.2,4.7,B1,B1,B1,47.0,47.0,2025,1,2024-05-01,2024-10-31,66,4,3,2,1,1,3,1,0,0,0,0,0,0,0,2,1,3,2,6,2,0,0,0,0,0,0,0,0,3,3,4,3,3,2,0,0,0,0,0,0,0,0,0,1,3,6,2,0,0,0,0,0,0,0,0,0,0,4,0,5,5,3,0,0,0,0,0,0,0,0,0,2,1,4,5,5,0,0,0,0,0,0,0,0,0,0,0,0,熊本
3459,中野和裕,ナカノ カズヒロ,佐賀,B1,S,420103,1,57,163,55,B,3.71,16.5,8,9,103,0,0,0.18,15,33.3,0.17,3.2,19,21.0,0.18,3.6,17,23.5,0.15,3.1,15,6.6,0.16,4.1,19,15.7,0.18,3.6,18,0.0,0.21,4.9,B1,B1,B1,47.0,43.0,2025,1,2024-05-01,2024-10-31,66,3,2,2,3,3,2,0,0,0,0,0,0,0,0,4,0,4,1,4,5,1,0,0,0,0,0,0,0,0,4,2,2,3,6,0,0,0,0,0,0,0,0,1,0,4,5,3,2,0,0,0,0,0,0,0,0,0,3,0,4,4,8,0,0,0,0,0,0,0,0,0,0,1,6,1,9,0,0,0,0,0,0,1,0,0,0,0,0,佐賀
3461,渡邊哲也,ワタナベ テツヤ,静岡,B1,S,420121,1,57,165,57,A,3.26,12.2,2,5,57,0,0,0.19,7,42.8,0.14,3.3,12,8.3,0.19,4.1,10,10.0,0.16,3.6,7,14.2,0.22,5.0,13,7.6,0.21,3.8,8,0.0,0.23,4.4,B1,B1,B1,45.0,42.0,2025,1,2024-05-01,2024-10-31,66,2,1,0,0,2,2,0,0,0,0,0,0,0,0,0,1,2,1,3,5,0,0,0,0,0,0,0,0,0,1,2,2,1,4,0,0,0,0,0,0,0,0,0,1,1,1,2,2,0,0,0,0,0,0,0,0,0,1,2,1,5,4,0,0,0,0,0,0,0,0,0,0,2,0,3,3,0,0,0,0,0,0,0,0,0,0,0,0,静岡
3462,竹上真司,タケウエ シンジ,岡山,B1,S,420615,1,57,156,53,B,4.56,23.3,10,14,103,0,0,0.17,17,52.9,0.14,2.9,19,21.0,0.17,4.1,15,13.3,0.18,3.6,14,14.2,0.17,3.0,20,30.0,0.16,3.7,18,5.5,0.19,4.1,B1,B1,B1,46.0,47.0,2025,1,2024-05-01,2024-10-31,66,5,4,1,3,1,2,1,0,0,0,0,0,0,0,1,3,7,1,4,3,0,0,0,0,0,0,0,0,1,1,2,5,3,3,0,0,0,0,0,0,0,0,0,2,3,5,0,4,0,0,0,0,0,0,0,0,3,3,4,5,2,3,0,0,0,0,0,0,0,0,0,1,2,5,3,7,0,0,0,0,0,0,0,0,0,0,0,0,岡山
3463,乙津康志,オツ ヤスシ,東京,B1,S,420727,1,57,153,53,AB,4.45,27.0,4,22,96,0,0,0.18,14,71.4,0.18,4.4,16,12.5,0.18,3.9,17,29.4,0.18,3.6,25,24.0,0.15,3.2,17,11.7,0.18,3.9,7,14.2,0.25,4.7,B1,B1,B1,47.0,47.0,2025,1,2024-05-01,2024-10-31,66,2,8,0,1,2,1,0,0,0,0,0,0,0,0,0,2,2,8,2,2,0,0,0,0,0,0,0,0,1,4,2,3,5,2,0,0,0,0,0,0,0,0,0,6,4,6,7,2,0,0,0,0,0,0,0,0,0,2,1,5,4,5,0,0,0,0,0,0,0,0,1,0,0,2,1,3,0,0,0,0,0,0,0,0,0,0,0,0,東京
3467,森弘行,モリ ヒロユキ,東京,B1,S,430917,1,56,166,54,A,3.98,21.4,6,15,98,0,0,0.18,15,33.3,0.18,4.2,16,37.5,0.19,4.1,14,28.5,0.18,4.1,21,9.5,0.18,4.4,16,12.5,0.19,3.7,16,12.5,0.18,3.1,B1,B1,B1,45.0,45.0,2025,1,2024-05-01,2024-10-31,66,3,2,1,3,3,3,0,0,0,0,0,0,0,0,1,5,2,1,1,6,0,0,0,0,0,0,0,0,1,3,2,1,3,4,0,0,0,0,0,0,0,0,0,2,3,4,6,6,0,0,0,0,0,0,0,0,1,1,4,1,6,3,0,0,0,0,0,0,0,0,0,2,3,2,3,6,0,0,0,0,0,0,0,0,0,0,0,0,東京
3470,新田芳美,ニッタ ヨシミ,徳島,B1,S,441204,2,55,154,47,B,5.43,35.5,15,17,90,0,0,0.16,15,60.0,0.18,3.1,20,40.0,0.17,3.3,15,46.6,0.13,2.3,15,33.3,0.18,3.7,15,20.0,0.14,2.7,10,0.0,0.13,2.8,B1,B1,B1,50.0,50.0,2025,1,2024-05-01,2024-10-31,66,6,3,4,2,0,0,0,0,0,0,0,0,0,0,4,4,3,4,4,1,0,0,0,0,0,0,0,0,4,3,1,1,4,2,0,0,0,0,0,0,0,0,1,4,3,3,3,1,0,0,0,0,0,0,0,0,0,3,2,2,6,1,0,0,0,0,0,0,1,0,0,0,4,2,2,2,0,0,0,0,0,0,0,0,0,0,0,0,徳島
3471,赤峰和也,アカミネ カズヤ,佐賀,B1,S,450114,1,54,167,56,O,3.93,20.0,2,15,85,0,0,0.18,8,62.5,0.21,4.4,16,31.2,0.2,4.2,16,12.5,0.19,3.6,16,12.5,0.16,3.3,21,9.5,0.16,3.3,8,12.5,0.19,4.0,B1,B1,B1,44.0,45.0,2025,1,2024-05-01,2024-10-31,66,1,4,0,0,1,2,0,0,0,0,0,0,0,0,1,4,3,1,2,4,0,0,0,0,0,0,1,0,0,2,4,2,4,4,0,0,0,0,0,0,0,0,0,2,2,2,8,2,0,0,0,0,0,0,0,0,0,2,4,5,7,3,0,0,0,0,0,0,0,0,0,1,1,1,2,3,0,0,0,0,0,0,0,0,0,0,0,0,佐賀
3473,石川真二,イシカワ シンジ,福岡,A1,S,450419,1,54,164,53,B,6.75,55.3,56,43,179,4,0,0.14,60,76.6,0.13,2.6,89,50.5,0.14,2.7,24,33.3,0.16,3.1,3,0.0,0.19,3.7,2,0.0,0.22,4.0,1,0.0,0.27,6.0,A1,A1,A2,55.0,54.0,2025,1,2024-05-01,2024-10-31,66,33,13,5,5,1,3,0,0,0,0,0,0,0,0,22,23,14,13,11,6,0,0,0,0,0,0,0,0,1,7,5,3,5,3,0,0,0,0,0,1,0,0,0,0,1,1,0,1,0,0,0,0,0,0,0,0,0,0,1,0,0,1,0,0,0,0,0,0,0,0,0,0,1,0,0,0,0,0,0,0,0,0,0,0,0,0,0,0,福岡
3474,松瀬弘美,マツセ ヒロミ,静岡,A2,S,450618,2,54,150,47,A,5.54,36.3,18,22,110,1,0,0.16,20,70.0,0.18,4.0,19,42.1,0.16,3.0,20,40.0,0.15,2.9,17,29.4,0.14,2.8,19,21.0,0.18,3.5,15,6.6,0.13,2.9,B1,B1,B1,49.0,50.0,2025,1,2024-05-01,2024-10-31,66,10,4,2,2,1,1,0,0,0,0,0,0,0,0,1,7,4,3,3,1,0,0,0,0,0,0,0,0,4,4,4,4,3,0,1,0,0,0,0,0,0,0,2,3,3,4,1,4,0,0,0,0,0,0,0,0,1,3,5,1,3,6,0,0,0,0,0,0,0,0,0,1,4,5,4,1,0,0,0,0,0,0,0,0,0,0,0,0,静岡
3475,橋本久和,ハシモト ヒサカズ,群馬,A2,S,450620,1,54,158,53,A,5.48,34.4,21,19,116,0,0,0.17,23,73.9,0.18,3.8,21,38.1,0.16,4.0,21,28.5,0.15,2.9,15,26.6,0.16,3.1,22,22.7,0.16,3.3,14,0.0,0.2,4.8,A2,A2,A2,49.0,50.0,2025,1,2024-05-01,2024-10-31,66,13,4,2,2,0,2,0,0,0,0,0,0,0,0,2,6,4,4,5,0,0,0,0,0,0,0,0,0,3,3,5,4,3,3,0,0,0,0,0,1,0,0,2,2,1,3,4,3,0,0,0,0,0,0,0,0,1,4,9,3,4,1,0,0,0,0,0,0,0,0,0,0,4,2,3,5,0,0,0,0,0,0,0,0,0,0,0,0,群馬
3477,近藤稔也,コンドウ トシヤ,徳島,B1,S,450902,1,54,164,54,A,4.06,19.0,6,13,100,0,0,0.19,14,42.8,0.22,4.3,17,23.5,0.18,3.7,21,4.7,0.19,4.3,18,16.6,0.21,4.4,16,18.7,0.2,3.8,14,14.2,0.16,3.6,B1,B1,B1,48.0,45.0,2025,1,2024-05-01,2024-10-31,66,2,4,2,1,1,4,0,0,0,0,0,0,0,0,2,2,2,2,5,4,0,0,0,0,0,0,0,0,0,1,5,6,2,7,0,0,0,0,0,0,0,0,1,2,3,4,2,5,0,0,0,0,0,0,1,0,0,3,2,6,2,3,0,0,0,0,0,0,0,0,1,1,2,3,4,3,0,0,0,0,0,0,0,0,0,0,0,0,徳島
3478,嶋田貴支,シマダ タカシ,香川,B1,S,451024,1,54,163,53,A,4.65,24.7,8,17,101,0,0,0.18,14,57.1,0.15,3.0,20,25.0,0.17,4.0,16,43.7,0.15,2.7,20,25.0,0.19,3.4,15,0.0,0.2,4.3,16,0.0,0.22,5.2,B1,B1,B1,50.0,48.0,2025,1,2024-05-01,2024-10-31,66,4,4,1,2,2,1,0,0,0,0,0,0,0,0,2,3,6,3,4,2,0,0,0,0,0,0,0,0,0,7,3,3,2,1,0,0,0,0,0,0,0,0,2,3,4,5,2,4,0,0,0,0,0,0,0,0,0,0,1,6,3,5,0,0,0,0,0,0,0,0,0,0,2,6,5,3,0,0,0,0,0,0,0,0,0,0,1,0,香川
3482,金子猛志,カネコ タケシ,群馬,B1,S,460131,1,53,164,59,O,4.69,24.7,13,16,117,0,0,0.15,16,50.0,0.15,2.5,21,28.5,0.15,3.0,20,30.0,0.14,2.5,19,26.3,0.14,2.9,26,11.5,0.16,3.0,15,6.6,0.16,3.6,B1,B1,B1,48.0,48.0,2025,1,2024-05-01,2024-10-31,66,5,3,1,3,2,2,0,0,0,0,0,0,0,0,3,3,3,8,2,2,0,0,0,0,0,0,0,0,2,4,4,5,3,2,0,0,0,0,0,1,0,0,2,3,6,4,2,2,0,0,0,0,0,0,0,0,1,2,5,3,8,7,0,0,0,0,0,0,0,0,0,1,3,1,4,6,0,0,0,0,0,0,0,0,0,0,0,0,群馬
3484,芝田浩治,シバタ コウジ,兵庫,A2,S,461017,1,53,168,53,B,5.86,44.7,31,28,132,6,0,0.16,25,88.0,0.17,3.5,21,71.4,0.17,3.2,25,28.0,0.13,2.2,23,34.7,0.16,2.7,16,25.0,0.15,3.2,22,13.6,0.21,4.0,A2,A2,A1,51.0,51.0,2025,1,2024-05-01,2024-10-31,66,19,3,0,1,1,1,0,0,0,0,0,0,0,0,6,9,1,0,3,2,0,0,0,0,0,0,0,0,4,3,7,6,2,3,0,0,0,0,0,0,0,0,1,7,3,6,4,2,0,0,0,0,0,0,0,0,1,3,2,3,4,3,0,0,0,0,0,0,0,0,0,3,1,5,8,5,0,0,0,0,0,1,0,0,0,0,1,0,兵庫
3489,大場敏,オオバ サトシ,静岡,A2,S,420301,1,57,165,53,A,6.14,41.5,38,23,147,3,0,0.15,33,75.7,0.15,3.0,23,39.1,0.14,3.3,25,28.0,0.13,2.9,30,36.6,0.15,3.5,21,33.3,0.16,3.7,15,13.3,0.2,4.1,A2,A1,A1,52.0,52.0,2025,1,2024-05-01,2024-10-31,67,20,5,3,2,2,1,0,0,0,0,0,1,0,0,4,5,6,3,3,2,0,0,0,0,0,0,0,0,3,4,9,7,2,0,0,0,0,0,0,0,0,0,7,4,6,6,5,2,0,0,0,0,0,0,0,0,4,3,4,2,5,3,0,0,0,0,0,0,0,0,0,2,3,3,4,3,0,0,0,0,0,0,0,0,0,0,0,0,静岡
3497,後藤浩,ゴトウ ヒロシ,埼玉,B1,S,430707,1,56,160,52,B,5.04,36.7,16,20,98,0,0,0.17,16,81.2,0.17,3.1,17,47.0,0.17,3.8,13,38.4,0.17,3.5,21,33.3,0.17,4.2,17,5.8,0.19,3.9,14,14.2,0.17,3.9,B1,B1,A2,49.0,48.0,2025,1,2024-05-01,2024-10-31,67,8,5,1,0,2,0,0,0,0,0,0,0,0,0,3,5,3,2,3,1,0,0,0,0,0,0,0,0,1,4,2,3,2,0,1,0,0,0,0,0,0,0,3,4,2,2,6,4,0,0,0,0,0,0,0,0,0,1,1,4,7,4,0,0,0,0,0,0,0,0,1,1,2,1,2,7,0,0,0,0,0,0,0,0,0,0,0,0,埼玉
3499,市川哲也,イチカワ テツヤ,広島,A1,S,431001,1,56,162,51,A,6.27,45.5,23,23,101,2,1,0.14,22,90.9,0.12,2.1,22,36.3,0.16,3.4,17,41.1,0.12,2.4,15,26.6,0.17,3.5,19,36.8,0.14,3.0,6,0.0,0.16,4.5,A2,A1,A1,53.0,54.0,2025,1,2024-05-01,2024-10-31,67,17,3,1,0,1,0,0,0,0,0,0,0,0,0,1,7,5,3,3,3,0,0,0,0,0,0,0,0,1,6,6,2,1,1,0,0,0,0,0,0,0,0,3,1,2,2,4,3,0,0,0,0,0,0,0,0,1,6,2,6,1,3,0,0,0,0,0,2,0,0,0,0,1,3,2,0,0,0,0,0,0,0,0,0,0,0,1,0,広島
3501,川上昇平,カワカミ ショウヘイ,長崎,B1,S,440520,1,55,164,54,A,4.06,19.6,11,9,102,0,0,0.14,15,66.6,0.15,2.7,15,13.3,0.14,3.6,17,17.6,0.15,3.2,18,16.6,0.13,2.6,24,8.3,0.12,2.9,12,0.0,0.15,3.4,B1,B1,B1,46.0,45.0,2025,1,2024-05-01,2024-10-31,67,7,3,1,2,1,1,0,0,0,0,0,0,0,0,0,2,5,2,5,1,0,0,0,0,0,0,0,0,1,2,4,3,2,5,0,0,0,0,0,0,0,0,2,1,0,4,7,3,0,0,0,0,0,0,1,0,1,1,3,4,8,7,0,0,0,0,0,0,0,0,0,0,3,0,4,5,0,0,0,0,0,0,0,0,0,0,0,1,長崎
3502,渡邉英児,ワタナベ エイジ,静岡,A2,S,440705,1,55,168,53,B,5.85,44.6,35,28,141,3,0,0.17,25,76.0,0.18,3.6,24,62.5,0.19,4.3,22,54.5,0.15,3.1,34,26.4,0.16,3.5,26,23.0,0.15,3.5,10,20.0,0.2,4.4,B1,A2,A2,49.0,50.0,2025,1,2024-05-01,2024-10-31,67,15,4,1,0,4,1,0,0,0,0,0,0,0,0,5,10,3,4,1,1,0,0,0,0,0,0,0,0,6,6,4,2,3,1,0,0,0,0,0,0,0,0,6,3,5,7,7,5,1,0,0,0,0,0,0,0,3,3,4,4,5,5,0,0,0,0,0,0,1,1,0,2,1,3,2,2,0,0,0,0,0,0,0,0,0,0,0,0,静岡
3503,堂原洋史,ドウハラ ヒロフミ,埼玉,B1,S,441218,1,55,164,53,AB,3.77,14.5,3,13,110,0,0,0.18,15,33.3,0.17,3.3,17,17.6,0.18,3.6,23,17.3,0.18,3.0,22,9.0,0.17,3.8,19,5.2,0.17,3.7,14,7.1,0.2,4.3,B1,B1,B1,44.0,45.0,2025,1,2024-05-01,2024-10-31,67,0,5,3,3,4,0,0,0,0,0,0,0,0,0,0,3,4,0,8,2,0,0,0,0,0,0,0,0,2,2,6,7,3,3,0,0,0,0,0,0,0,0,0,2,1,6,6,6,0,0,0,0,0,0,1,0,1,0,1,6,8,3,0,0,0,0,0,0,0,0,0,1,1,3,4,5,0,0,0,0,0,0,0,0,0,0,0,0,千葉
3505,山田竜一,ヤマダ リュウイチ,東京,A2,S,460325,1,53,156,55,O,5.64,34.4,27,14,119,1,0,0.14,22,86.3,0.13,3.0,25,44.0,0.17,3.2,20,30.0,0.13,2.7,17,11.7,0.15,3.1,22,9.0,0.14,3.2,13,7.6,0.14,2.8,A2,B1,A2,51.0,51.0,2025,1,2024-05-01,2024-10-31,67,13,6,1,1,1,0,0,0,0,0,0,0,0,0,6,5,6,5,1,2,0,0,0,0,0,0,0,0,6,0,5,6,2,1,0,0,0,0,0,0,0,0,1,1,8,4,2,1,0,0,0,0,0,0,0,0,1,1,2,6,9,3,0,0,0,0,0,0,0,0,0,1,0,5,3,4,0,0,0,0,0,0,0,0,0,0,0,0,東京
3507,藤井徹,フジイ トオル,大阪,B1,S,460607,1,53,164,53,B,4.66,25.5,6,17,90,0,0,0.18,14,42.8,0.18,4.6,15,46.6,0.15,3.7,23,21.7,0.16,3.6,24,20.8,0.19,3.9,10,0.0,0.19,4.2,4,0.0,0.22,5.0,B1,B1,B1,48.0,48.0,2025,1,2024-05-01,2024-10-31,67,4,2,3,2,2,1,0,0,0,0,0,0,0,0,0,7,3,1,3,1,0,0,0,0,0,0,0,0,1,4,6,5,4,3,0,0,0,0,0,0,0,0,1,4,4,4,8,3,0,0,0,0,0,0,0,0,0,0,1,3,4,2,0,0,0,0,0,0,0,0,0,0,0,1,2,1,0,0,0,0,0,0,0,0,0,0,1,0,大阪
3508,久富政弘,ヒサトミ マサヒロ,佐賀,B1,S,460804,1,53,161,55,O,4.42,19.8,10,15,126,0,0,0.21,19,63.1,0.18,4.2,20,25.0,0.18,4.5,21,14.2,0.18,3.5,19,5.2,0.21,4.8,22,9.0,0.26,4.8,25,8.0,0.24,5.3,B1,B1,B1,47.0,47.0,2025,1,2024-05-01,2024-10-31,67,6,6,1,0,2,4,0,0,0,0,0,0,0,0,1,4,6,7,1,1,0,0,0,0,0,0,0,0,1,2,5,7,1,5,0,0,0,0,0,0,0,0,0,1,3,8,5,2,0,0,0,0,0,0,0,0,1,1,4,6,7,3,0,0,0,0,0,0,0,0,1,1,3,8,3,8,1,0,0,0,0,0,0,0,0,0,0,0,佐賀
3509,道上千夏,ミチガミ チナツ,香川,B1,S,461102,2,53,166,52,A,3.28,11.4,2,5,61,0,0,0.15,8,25.0,0.16,3.1,12,16.6,0.16,3.8,11,9.0,0.14,2.4,9,0.0,0.14,1.8,10,20.0,0.13,3.1,9,0.0,0.14,3.2,B1,B1,B1,46.0,42.0,2025,1,2024-05-01,2024-10-31,67,1,1,3,1,0,2,0,0,0,0,0,0,0,0,0,2,0,2,3,5,0,0,0,0,0,0,0,0,1,0,0,5,2,3,0,0,0,0,0,0,0,0,0,0,2,1,4,2,0,0,0,0,0,0,0,0,0,2,1,2,1,4,0,0,0,0,0,0,0,0,0,0,1,2,4,2,0,0,0,0,0,0,0,0,0,0,0,2,愛媛
3514,山一鉄也,ヤマイチ テツヤ,福岡,A2,S,420417,1,57,162,53,A,5.91,41.0,36,21,139,4,0,0.16,29,86.2,0.14,2.7,23,43.4,0.17,3.7,21,52.3,0.15,3.1,26,19.2,0.14,2.9,22,22.7,0.17,3.2,18,5.5,0.18,3.8,A2,A2,A2,51.0,51.0,2025,1,2024-05-01,2024-10-31,68,21,4,1,1,1,1,0,0,0,0,0,0,0,0,6,4,4,4,2,3,0,0,0,0,0,0,0,0,5,6,3,2,2,3,0,0,0,0,0,0,0,0,1,4,11,3,4,3,0,0,0,0,0,0,0,0,3,2,4,5,6,2,0,0,0,0,0,0,0,0,0,1,2,5,5,5,0,0,0,0,0,0,0,0,0,0,0,0,福岡
3516,吉原聖人,ヨシハラ キヨト,広島,B1,S,421116,1,57,163,53,B,4.59,24.7,7,19,105,1,0,0.16,15,66.6,0.12,3.1,19,42.1,0.18,4.0,23,17.3,0.17,3.6,19,10.5,0.17,3.6,16,12.5,0.17,3.4,13,0.0,0.17,4.0,B1,B1,B1,46.0,48.0,2025,1,2024-05-01,2024-10-31,68,4,6,3,1,0,1,0,0,0,0,0,0,0,0,1,7,2,2,4,3,0,0,0,0,0,0,0,0,1,3,6,5,5,3,0,0,0,0,0,0,0,0,1,1,1,8,6,2,0,0,0,0,0,0,0,0,0,2,4,3,2,5,0,0,0,0,0,0,0,0,0,0,0,7,4,2,0,0,0,0,0,0,0,0,0,0,0,0,広島
3517,高橋勲,タカハシ イサオ,東京,B1,S,421222,1,57,165,59,O,5.11,30.5,15,18,108,0,0,0.15,17,70.5,0.16,3.5,21,33.3,0.14,3.1,22,22.7,0.16,3.5,22,18.1,0.12,2.6,21,23.8,0.15,3.0,5,0.0,0.21,5.0,B1,B1,B1,52.0,48.0,2025,1,2024-05-01,2024-10-31,68,9,3,2,2,0,1,0,0,0,0,0,1,0,0,2,5,2,6,2,3,0,0,0,0,0,0,1,0,0,5,5,5,6,1,0,0,0,0,0,0,0,0,3,1,6,5,5,2,0,0,0,0,0,0,0,0,1,4,3,5,3,4,0,0,0,0,0,0,1,0,0,0,2,0,1,1,1,0,0,0,0,0,0,0,0,0,0,0,神奈川
3518,倉田郁美,クラタ イクミ,静岡,B1,S,430229,2,56,154,48,A,4.44,22.2,3,11,63,0,0,0.19,11,27.2,0.18,4.1,9,11.1,0.16,3.3,10,40.0,0.25,4.2,11,18.1,0.17,3.4,14,21.4,0.16,3.5,8,12.5,0.23,4.8,B1,B1,B2,48.0,47.0,2025,1,2024-05-01,2024-10-31,68,2,1,2,3,3,0,0,0,0,0,0,0,0,0,0,1,1,5,2,0,0,0,0,0,0,0,0,0,1,3,1,1,2,2,0,0,0,0,0,0,0,0,0,2,3,2,0,4,0,0,0,0,0,0,0,0,0,3,1,6,3,0,1,0,0,0,0,0,0,0,0,1,2,0,3,2,0,0,0,0,0,0,0,0,0,0,1,0,愛知
3519,冨田秀幸,トミタ ヒデユキ,愛知,B1,S,430517,1,56,160,52,A,4.58,23.1,6,26,138,0,0,0.15,21,57.1,0.14,2.6,29,24.1,0.16,3.3,24,37.5,0.15,2.9,26,15.3,0.15,3.5,27,0.0,0.16,3.3,11,0.0,0.18,4.6,B1,B1,B1,47.0,48.0,2025,1,2024-05-01,2024-10-31,68,4,8,5,4,0,0,0,0,0,0,0,0,0,0,0,7,8,6,6,2,0,0,0,0,0,0,0,0,0,9,4,4,5,2,0,0,0,0,0,0,0,0,2,2,4,8,5,5,0,0,0,0,0,0,0,0,0,0,5,6,8,8,0,0,0,0,0,0,0,0,0,0,2,2,4,3,0,0,0,0,0,0,0,0,0,0,0,0,愛知
3523,寳田亮治,タカラダ リョウジ,福岡,B1,S,431114,1,56,164,55,AB,4.56,24.4,8,13,86,1,0,0.17,14,71.4,0.18,3.1,11,18.1,0.2,4.2,11,9.0,0.18,3.9,12,8.3,0.14,3.2,16,25.0,0.16,3.1,22,13.6,0.18,3.9,A2,B1,A2,50.0,47.0,2025,1,2024-05-01,2024-10-31,68,5,5,0,2,2,0,0,0,0,0,0,0,0,0,0,2,4,3,1,1,0,0,0,0,0,0,0,0,1,0,3,2,4,1,0,0,0,0,0,0,0,0,0,1,2,3,3,2,1,0,0,0,0,0,0,0,1,3,4,2,4,2,0,0,0,0,0,0,0,0,1,2,2,4,5,8,0,0,0,0,0,0,0,0,0,0,0,0,福岡
3527,中嶋誠一郎,ナカシマ セイイチロウ,長崎,B1,S,460113,1,53,163,53,B,5.22,30.2,12,14,86,0,0,0.17,16,75.0,0.14,3.3,12,41.6,0.17,4.1,15,33.3,0.17,3.1,17,17.6,0.21,4.4,10,0.0,0.22,4.6,16,6.2,0.15,4.3,B1,A2,A2,48.0,50.0,2025,1,2024-05-01,2024-10-31,68,8,4,1,2,1,0,0,0,0,0,0,0,0,0,2,3,2,3,1,1,0,0,0,0,0,0,0,0,1,4,2,4,2,2,0,0,0,0,0,0,0,0,1,2,4,3,5,2,0,0,0,0,0,0,0,0,0,0,4,3,3,0,0,0,0,0,0,0,0,0,0,1,2,7,4,2,0,0,0,0,0,0,0,0,0,0,0,0,長崎
3528,笠野友紀恵,カサノ ユキエ,愛知,B1,S,460324,2,53,162,48,O,4.07,16.0,4,12,100,0,0,0.21,15,20.0,0.24,4.5,20,15.0,0.23,4.8,24,20.8,0.23,5.0,14,21.4,0.19,3.9,14,14.2,0.19,4.1,13,0.0,0.17,3.7,B1,B1,B1,46.0,46.0,2025,1,2024-05-01,2024-10-31,68,1,2,1,6,2,2,0,0,0,0,0,0,1,0,1,2,6,6,3,2,0,0,0,0,0,0,0,0,0,5,1,7,5,6,0,0,0,0,0,0,0,0,2,1,3,1,4,3,0,0,0,0,0,0,0,0,0,2,4,3,4,1,0,0,0,0,0,0,0,0,0,0,2,3,7,1,0,0,0,0,0,0,0,0,0,0,0,0,愛知
3532,柴田光,シバタ ヒカル,群馬,A1,S,461206,1,53,167,55,O,6.72,50.0,33,20,106,3,0,0.15,22,77.2,0.15,2.6,36,52.7,0.15,3.2,24,33.3,0.14,2.8,14,42.8,0.14,3.0,7,28.5,0.14,3.4,3,33.3,0.18,4.0,A1,A2,A2,55.0,54.0,2025,1,2024-05-01,2024-10-31,68,13,4,2,0,1,1,1,0,0,0,0,0,0,0,10,9,7,8,2,0,0,0,0,0,0,0,0,0,5,3,4,6,3,3,0,0,0,0,0,0,0,0,3,3,3,3,1,0,1,0,0,0,0,0,0,0,2,0,2,1,1,1,0,0,0,0,0,0,0,0,0,1,1,0,1,0,0,0,0,0,0,0,0,0,0,0,0,0,群馬
3535,渡修平,ワタリ シュウヘイ,兵庫,B1,S,470810,1,52,166,52,AB,3.62,18.6,6,10,86,0,0,0.19,8,75.0,0.14,3.6,15,26.6,0.18,4.1,16,18.7,0.21,4.3,19,15.7,0.18,4.0,12,0.0,0.2,4.6,16,0.0,0.22,5.4,B1,B1,B1,47.0,43.0,2025,1,2024-05-01,2024-10-31,68,4,2,1,1,0,0,0,0,0,0,0,0,0,0,0,4,2,4,1,4,0,0,0,0,0,0,0,0,0,3,2,1,1,9,0,0,0,0,0,0,0,0,2,1,1,6,3,5,1,0,0,0,0,0,0,0,0,0,0,3,5,4,0,0,0,0,0,0,0,0,0,0,1,3,3,9,0,0,0,0,0,0,0,0,0,0,0,0,兵庫
3536,一色雅昭,イッシキ マサアキ,愛知,B1,S,411110,1,58,161,59,A,3.76,15.0,6,6,80,0,0,0.18,11,63.6,0.14,2.5,15,13.3,0.17,3.0,16,6.2,0.18,3.7,13,7.6,0.19,3.8,13,7.6,0.18,4.0,12,0.0,0.24,5.1,B1,B1,B1,44.0,45.0,2025,1,2024-05-01,2024-10-31,69,4,3,2,1,0,1,0,0,0,0,0,0,0,0,0,2,1,3,6,3,0,0,0,0,0,0,0,0,1,0,4,3,7,1,0,0,0,0,0,0,0,0,1,0,1,3,3,5,0,0,0,0,0,0,0,0,0,1,2,3,3,4,0,0,0,0,0,0,0,0,0,0,1,2,6,3,0,0,0,0,0,0,0,0,0,0,0,0,愛知
3538,菊池峰晴,キクチ ミネハル,群馬,B1,S,430309,1,56,159,53,O,5.41,32.3,17,25,130,1,1,0.17,25,64.0,0.16,2.8,20,40.0,0.18,3.0,29,34.4,0.16,3.0,19,15.7,0.16,3.5,19,15.7,0.2,4.3,18,11.1,0.19,4.9,A2,B1,A2,51.0,51.0,2025,1,2024-05-01,2024-10-31,69,11,5,1,6,1,1,0,0,0,0,0,0,0,0,1,7,1,3,4,4,0,0,0,0,0,0,0,0,3,7,10,5,3,1,0,0,0,0,0,0,0,0,0,3,7,4,3,2,0,0,0,0,0,1,0,0,1,2,2,10,1,3,0,0,0,0,0,1,0,0,1,1,3,8,4,1,0,0,0,0,0,0,0,0,0,0,0,0,栃木
3539,金子順一,カネコ ジュンイチ,山口,B1,S,430315,1,56,162,55,B,3.68,15.8,6,10,101,0,0,0.19,16,43.7,0.15,3.2,23,17.3,0.16,3.3,21,14.2,0.22,4.3,21,4.7,0.21,4.4,14,7.1,0.22,4.8,6,0.0,0.21,4.5,B1,B1,B1,43.0,44.0,2025,1,2024-05-01,2024-10-31,69,3,4,1,1,3,4,0,0,0,0,0,0,0,0,2,2,5,8,3,3,0,0,0,0,0,0,0,0,0,3,4,6,5,3,0,0,0,0,0,1,0,0,0,1,0,4,10,6,0,0,0,0,0,0,0,0,1,0,1,1,4,7,0,0,0,0,0,0,0,0,0,0,0,2,1,3,0,0,0,0,0,0,0,0,0,0,0,0,山口
3541,三嶌誠司,ミシマ セイジ,香川,A1,S,430708,1,56,159,54,B,6.51,46.7,42,29,152,3,1,0.14,36,86.1,0.15,2.7,26,34.6,0.13,2.7,27,44.4,0.14,2.9,23,43.4,0.13,2.8,21,28.5,0.15,3.3,19,15.7,0.13,3.9,A1,A1,A1,60.0,55.0,2025,1,2024-05-01,2024-10-31,69,28,3,2,1,1,1,0,0,0,0,0,1,0,0,3,6,6,4,4,2,0,0,0,0,0,0,1,0,4,8,3,7,3,2,0,0,0,0,0,0,0,0,3,7,7,4,1,1,0,0,0,0,0,1,0,0,4,2,4,6,3,2,0,0,0,0,0,0,0,0,0,3,7,3,5,1,0,0,0,0,0,0,0,0,0,0,1,0,香川
3542,清水紀克,シミズ ノリカツ,愛知,B2,S,430914,1,56,165,57,O,3.11,15.5,1,6,45,0,0,0.22,11,9.0,0.23,4.4,31,19.3,0.22,4.7,2,0.0,0.24,6.0,1,0.0,0.05,1.0,0,0.0,0.0,0.0,0,0.0,0.0,0.0,B1,B1,B1,47.0,40.0,2025,1,2024-05-01,2024-10-31,69,0,1,1,2,4,3,0,0,0,0,0,0,0,0,1,5,0,6,8,9,2,0,0,0,0,0,0,0,0,0,0,0,0,2,0,0,0,0,0,0,0,0,0,0,1,0,0,0,0,0,0,0,0,0,0,0,0,0,0,0,0,0,0,0,0,0,0,0,0,0,0,0,0,0,0,0,0,0,0,0,0,0,0,0,0,0,0,0,愛知
3543,福田雅一,フクダ マサカズ,香川,A2,S,431010,1,56,165,56,A,5.5,32.1,20,16,112,2,0,0.15,20,85.0,0.15,2.7,19,21.0,0.15,3.1,18,22.2,0.15,3.1,19,31.5,0.18,3.5,21,19.0,0.13,3.2,15,6.6,0.16,3.4,A2,A2,A2,53.0,50.0,2025,1,2024-05-01,2024-10-31,69,14,3,2,0,1,0,0,0,0,0,0,0,0,0,1,3,11,2,2,0,0,0,0,0,0,0,0,0,2,2,4,5,3,2,0,0,0,0,0,0,0,0,2,4,4,2,4,3,0,0,0,0,0,0,0,0,1,3,4,6,3,4,0,0,0,0,0,0,0,0,0,1,2,4,3,5,0,0,0,0,0,0,0,0,0,0,0,0,香川
3544,豊田訓靖,トヨダ クニヤス,静岡,B1,S,431228,1,56,165,54,AB,4.28,19.4,6,14,103,0,0,0.18,15,26.6,0.18,3.1,16,18.7,0.18,3.5,16,12.5,0.18,3.9,16,50.0,0.15,3.1,20,15.0,0.17,3.4,20,0.0,0.23,4.2,B1,B1,B1,46.0,46.0,2025,1,2024-05-01,2024-10-31,69,1,3,6,1,2,2,0,0,0,0,0,0,0,0,1,2,2,5,4,1,1,0,0,0,0,0,0,0,0,2,6,1,6,1,0,0,0,0,0,0,0,0,4,4,2,3,0,3,0,0,0,0,0,0,0,0,0,3,2,2,6,6,1,0,0,0,0,0,0,0,0,0,5,4,7,4,0,0,0,0,0,0,0,0,0,0,0,0,静岡
3546,中里昌志,ナカサト マサシ,埼玉,B1,S,440331,1,55,165,52,B,5.09,29.5,21,15,122,0,0,0.18,21,71.4,0.18,3.8,25,32.0,0.19,4.4,19,21.0,0.19,4.2,30,16.6,0.17,3.1,11,27.2,0.15,3.1,15,6.6,0.18,4.4,B1,B1,B1,49.0,49.0,2025,1,2024-05-01,2024-10-31,69,14,1,6,0,0,0,0,0,0,0,0,0,0,0,3,5,1,10,4,1,0,0,0,0,0,0,1,0,2,2,3,5,4,3,0,0,0,0,0,0,0,0,1,4,6,9,5,5,0,0,0,0,0,0,0,0,1,2,2,2,4,0,0,0,0,0,0,0,0,0,0,1,1,4,5,4,0,0,0,0,0,0,0,0,0,0,0,1,埼玉
3548,室田泰史,ムロタ ヤスフミ,福井,A2,S,450220,1,54,164,55,A,5.71,40.7,21,32,130,2,0,0.12,24,87.5,0.12,2.3,20,45.0,0.11,2.3,27,37.0,0.13,2.0,25,36.0,0.13,2.7,21,14.2,0.13,2.4,13,7.6,0.13,2.8,A2,B1,B1,50.0,51.0,2025,1,2024-05-01,2024-10-31,69,16,5,1,2,0,0,0,0,0,0,0,0,0,0,1,8,0,6,4,1,0,0,0,0,0,0,0,0,0,10,6,6,3,2,0,0,0,0,0,0,0,0,3,6,4,4,5,3,0,0,0,0,0,0,0,0,1,2,3,7,4,4,0,0,0,0,0,0,0,0,0,1,5,3,2,2,0,0,0,0,0,0,0,0,0,0,0,0,福井
3550,都築正治,ツヅキ マサハル,愛知,B1,S,460626,1,53,162,55,B,4.95,30.3,23,21,145,2,0,0.15,24,70.8,0.16,3.1,23,26.0,0.16,3.3,27,33.3,0.16,3.8,28,25.0,0.15,2.9,27,14.8,0.14,2.9,16,6.2,0.15,3.8,B1,A2,B1,48.0,48.0,2025,1,2024-05-01,2024-10-31,69,10,7,0,2,4,0,0,0,0,0,0,0,0,1,0,6,6,3,3,5,0,0,0,0,0,0,0,0,6,3,4,3,6,5,0,0,0,0,0,0,0,0,4,3,5,8,3,5,0,0,0,0,0,0,0,0,3,1,1,9,8,5,0,0,0,0,0,0,0,0,0,1,3,6,4,2,0,0,0,0,0,0,0,0,0,0,0,0,愛知
3551,藤田美代,フジタ ミヨ,福岡,B1,S,460906,2,53,150,46,AB,4.71,28.7,13,14,94,1,0,0.18,15,66.6,0.17,3.6,14,35.7,0.21,3.1,22,27.2,0.18,3.3,18,22.2,0.17,3.6,12,16.6,0.19,3.3,13,0.0,0.19,3.6,B1,B1,B1,47.0,48.0,2025,1,2024-05-01,2024-10-31,69,7,3,1,2,1,1,0,0,0,0,0,0,0,0,3,2,2,2,4,1,0,0,0,0,0,0,0,0,3,3,4,5,5,2,0,0,0,0,0,0,0,0,0,4,2,4,7,1,0,0,0,0,0,0,0,0,0,2,2,1,3,4,0,0,0,0,0,0,0,0,0,0,1,2,4,6,0,0,0,0,0,0,0,0,0,0,0,0,福岡
3553,平池仁志,ヒライケ ヒトシ,香川,B1,S,470112,1,52,164,55,B,4.19,16.6,5,10,90,0,0,0.18,14,50.0,0.16,3.5,14,14.2,0.22,4.7,19,10.5,0.18,3.3,15,20.0,0.16,3.4,18,5.5,0.19,3.9,10,0.0,0.19,4.4,B1,B1,B1,47.0,47.0,2025,1,2024-05-01,2024-10-31,69,3,4,3,0,2,2,0,0,0,0,0,0,0,0,0,2,1,5,3,3,0,0,0,0,0,0,0,0,0,2,6,6,4,1,0,0,0,0,0,0,0,0,1,2,4,5,2,0,0,0,0,0,0,0,1,0,1,0,2,5,6,4,0,0,0,0,0,0,0,0,0,0,1,1,5,3,0,0,0,0,0,1,0,0,0,0,0,0,香川
3554,仲口博崇,ナカグチ ヒロタカ,愛知,A1,S,470803,1,52,163,53,A,6.5,48.0,46,29,156,5,2,0.18,34,73.5,0.16,3.6,44,50.0,0.18,4.0,38,42.1,0.19,4.0,31,35.4,0.2,4.3,7,14.2,0.23,5.3,2,0.0,0.18,3.0,A2,A2,A1,55.0,54.0,2025,1,2024-05-01,2024-10-31,69,21,4,5,1,2,1,0,0,0,0,0,0,0,0,10,12,11,4,2,5,0,0,0,0,0,0,0,0,9,7,5,8,3,5,0,0,0,0,0,0,0,1,6,5,2,10,4,4,0,0,0,0,0,0,0,0,0,1,0,2,1,3,0,0,0,0,0,0,0,0,0,0,1,0,0,1,0,0,0,0,0,0,0,0,0,0,0,0,愛知
3556,田中信一郎,タナカ シンイチロウ,大阪,A1,S,471208,1,52,166,53,AB,6.56,44.9,30,28,129,3,0,0.15,29,86.2,0.14,3.3,26,30.7,0.15,3.5,17,64.7,0.14,3.2,20,35.0,0.16,3.2,18,22.2,0.16,3.3,19,15.7,0.17,3.6,A1,A1,A1,64.0,57.0,2025,1,2024-05-01,2024-10-31,69,18,7,2,0,0,2,0,0,0,0,0,0,0,0,1,7,6,6,5,0,1,0,0,0,0,0,0,0,6,5,2,2,2,0,0,0,0,0,0,0,0,0,2,5,5,6,2,0,0,0,0,0,0,0,0,0,1,3,4,5,3,2,0,0,0,0,0,0,0,0,2,1,6,5,4,1,0,0,0,0,0,0,0,0,0,0,0,0,大阪
3557,太田和美,オオタ カズミ,大阪,A1,S,480106,1,51,165,55,A,6.94,52.7,49,37,163,7,0,0.14,39,87.1,0.13,3.0,25,60.0,0.14,3.1,28,46.4,0.15,3.2,27,40.7,0.15,4.0,29,37.9,0.14,2.3,15,13.3,0.16,4.0,A1,A1,A1,65.0,61.0,2025,1,2024-05-01,2024-10-31,69,28,6,3,1,0,1,0,0,0,0,0,0,0,0,3,12,5,2,1,2,0,0,0,0,0,0,0,0,5,8,6,3,3,3,0,0,0,0,0,0,0,0,6,5,4,6,3,3,0,0,0,0,0,0,0,0,6,5,5,6,4,3,0,0,0,0,0,0,0,0,1,1,2,5,3,3,0,0,0,0,0,0,0,0,0,0,0,0,奈良
3558,山本浩次,ヤマモト コウジ,岡山,B1,S,480219,1,51,167,53,A,5.27,29.2,12,17,99,2,0,0.16,16,75.0,0.17,2.6,19,26.3,0.15,2.9,23,26.0,0.17,3.0,14,21.4,0.19,3.6,16,12.5,0.15,3.4,11,9.0,0.15,3.0,B1,A2,B1,48.0,50.0,2025,1,2024-05-01,2024-10-31,69,7,5,2,1,1,0,0,0,0,0,0,0,0,0,1,4,7,4,1,2,0,0,0,0,0,0,0,0,3,3,6,6,2,2,0,0,0,0,0,0,1,0,0,3,4,1,3,3,0,0,0,0,0,0,0,0,1,1,5,3,2,4,0,0,0,0,0,0,0,0,0,1,2,2,4,2,0,0,0,0,0,0,0,0,0,0,0,0,大阪
3562,山下和彦,ヤマシタ カズヒコ,広島,A1,S,440518,1,55,156,53,O,6.27,48.8,29,36,133,3,0,0.16,30,76.6,0.19,3.8,26,61.5,0.17,3.5,18,22.2,0.19,4.1,24,54.1,0.12,3.0,15,40.0,0.13,2.7,20,15.0,0.19,4.0,A2,A1,A1,55.0,52.0,2025,1,2024-05-01,2024-10-31,70,14,9,4,2,0,0,1,0,0,0,0,0,0,0,8,8,4,4,1,1,0,0,0,0,0,0,0,0,1,3,6,4,3,1,0,0,0,0,0,0,0,0,4,9,4,3,2,2,0,0,0,0,0,0,0,0,1,5,2,2,5,0,0,0,0,0,0,0,0,0,1,2,2,5,4,6,0,0,0,0,0,0,0,0,0,0,0,0,広島
3563,堤昇,ツツミ ノボル,静岡,A2,S,441219,1,55,160,55,AB,5.54,38.4,31,22,138,1,0,0.15,29,79.3,0.16,3.1,23,43.4,0.15,3.1,36,33.3,0.15,3.1,24,20.8,0.16,3.3,15,20.0,0.14,2.8,11,0.0,0.16,3.3,B1,A2,A2,49.0,50.0,2025,1,2024-05-01,2024-10-31,70,18,5,1,3,1,1,0,0,0,0,0,0,0,0,2,8,6,1,2,4,0,0,0,0,0,0,0,0,6,6,7,5,6,6,0,0,0,0,0,0,0,0,3,2,4,8,4,3,0,0,0,0,0,0,0,0,2,1,5,0,5,2,0,0,0,0,0,0,0,0,0,0,1,1,1,8,0,0,0,0,0,0,0,0,0,0,0,0,静岡
3564,桑原啓,クワハラ アキラ,福岡,B1,S,450325,1,54,158,54,A,4.28,24.5,15,13,114,0,0,0.15,15,53.3,0.15,2.7,18,11.1,0.16,3.8,22,31.8,0.14,3.2,24,37.5,0.14,3.0,21,4.7,0.16,3.7,14,7.1,0.13,3.1,B1,B1,B1,47.0,46.0,2025,1,2024-05-01,2024-10-31,70,8,0,3,1,1,2,0,0,0,0,0,0,0,0,0,2,2,5,7,2,0,0,0,0,0,0,0,0,2,5,1,4,4,6,0,0,0,0,0,0,0,0,4,5,3,4,5,3,0,0,0,0,0,0,0,0,0,1,1,2,8,9,0,0,0,0,0,0,0,0,1,0,2,4,3,4,0,0,0,0,0,0,0,0,0,0,0,0,熊本
3565,坂本徳克,サカモト ノリカツ,東京,B1,S,450408,1,54,165,55,O,3.71,12.8,4,5,70,0,0,0.16,9,33.3,0.13,3.1,14,14.2,0.14,2.6,13,0.0,0.12,2.5,9,22.2,0.2,3.2,14,14.2,0.2,3.7,11,0.0,0.19,4.6,B2,B1,B1,45.0,44.0,2025,1,2024-05-01,2024-10-31,70,2,1,1,2,1,1,1,0,0,0,0,0,0,0,0,2,2,4,5,1,0,0,0,0,0,0,0,0,0,0,0,5,5,3,0,0,0,0,0,0,0,0,1,1,1,4,2,0,0,0,0,0,0,0,0,0,1,1,4,3,3,1,0,0,0,0,0,0,1,0,0,0,0,2,5,4,0,0,0,0,0,0,0,0,0,0,0,0,福島
3566,川添英正,カワゾエ ヒデマサ,福岡,B1,S,450429,1,54,159,51,O,4.7,25.2,12,17,115,1,0,0.19,15,60.0,0.17,2.7,20,25.0,0.18,4.5,22,36.3,0.19,4.0,30,20.0,0.2,4.3,16,6.2,0.2,4.4,12,0.0,0.2,5.3,B1,B1,B1,47.0,48.0,2025,1,2024-05-01,2024-10-31,70,6,3,2,1,1,2,0,0,0,0,0,0,0,0,1,4,3,7,3,2,0,0,0,0,0,0,0,0,4,4,6,4,0,4,0,0,0,0,0,0,0,0,1,5,4,6,10,4,0,0,0,0,0,0,0,0,0,1,2,4,3,6,0,0,0,0,0,0,0,0,0,0,3,4,1,4,0,0,0,0,0,0,0,0,0,0,0,0,福岡
3567,吉岡誠,ヨシオカ マコト,山口,B1,S,450730,1,54,164,57,O,3.94,17.3,8,4,69,0,0,0.13,9,77.7,0.13,3.0,10,20.0,0.17,3.1,15,13.3,0.11,2.1,11,0.0,0.09,1.5,8,0.0,0.14,2.3,16,6.2,0.17,3.5,B1,B1,B1,45.0,45.0,2025,1,2024-05-01,2024-10-31,70,6,1,0,0,1,1,0,0,0,0,0,0,0,0,1,1,2,2,0,4,0,0,0,0,0,0,0,0,1,1,3,7,3,0,0,0,0,0,0,0,0,0,0,0,1,3,3,4,0,0,0,0,0,0,0,0,0,0,1,1,6,0,0,0,0,0,0,0,0,0,0,1,2,0,7,5,1,0,0,0,0,0,0,0,0,0,0,0,山口
3568,木村光宏,キムラ ミツヒロ,香川,B1,S,460216,1,53,162,56,A,4.83,26.5,19,12,117,1,0,0.17,20,65.0,0.15,3.4,28,32.1,0.16,3.6,19,15.7,0.2,3.9,24,0.0,0.16,3.5,21,23.8,0.19,4.0,5,20.0,0.19,3.8,B1,B1,B1,46.0,48.0,2025,1,2024-05-01,2024-10-31,70,10,3,1,2,1,3,0,0,0,0,0,0,0,0,4,5,5,4,2,8,0,0,0,0,0,0,0,0,2,1,5,5,4,2,0,0,0,0,0,0,0,0,0,0,8,3,3,10,0,0,0,0,0,0,0,0,3,2,4,3,7,2,0,0,0,0,0,0,0,0,0,1,1,1,1,1,0,0,0,0,0,0,0,0,0,0,0,0,香川
3569,増田進,マスダ ススム,東京,B1,S,460504,1,53,163,55,A,4.41,25.2,13,17,119,0,0,0.18,20,70.0,0.17,3.2,18,27.7,0.17,4.2,19,15.7,0.17,3.5,21,19.0,0.18,3.5,20,10.0,0.19,4.2,21,9.5,0.23,5.2,B1,B1,B1,47.0,47.0,2025,1,2024-05-01,2024-10-31,70,9,5,1,2,0,3,0,0,0,0,0,0,0,0,1,4,5,2,6,0,0,0,0,0,0,0,0,0,1,2,1,2,8,5,0,0,0,0,0,0,0,0,1,3,2,9,5,1,0,0,0,0,0,0,0,0,1,1,1,6,7,4,0,0,0,0,0,0,0,0,0,2,4,1,8,6,0,0,0,0,0,0,0,0,0,0,0,0,東京
3572,安田政彦,ヤスダ マサヒコ,兵庫,B1,S,460906,1,53,166,53,O,5.25,32.1,10,16,81,0,0,0.2,13,84.6,0.17,3.8,12,50.0,0.17,4.0,17,41.1,0.21,3.6,16,6.2,0.18,3.6,15,6.6,0.21,4.5,8,0.0,0.24,5.4,B2,B2,A1,0.0,50.0,2025,1,2024-05-01,2024-10-31,70,7,4,1,0,1,0,0,0,0,0,0,0,0,0,2,4,3,0,1,2,0,0,0,0,0,0,0,0,1,6,5,2,2,1,0,0,0,0,0,1,0,0,0,1,5,4,5,1,0,0,0,0,0,0,0,0,0,1,5,2,6,1,0,0,0,0,0,0,0,0,0,0,0,1,5,2,0,0,0,0,0,0,0,0,0,0,0,0,大阪
3574,大神康司,オオガミ コウジ,福岡,B1,S,470802,1,52,164,54,B,5.31,34.6,17,19,104,1,0,0.17,20,70.0,0.18,4.0,40,30.0,0.17,3.8,32,31.2,0.15,3.6,10,0.0,0.19,3.7,2,0.0,0.38,6.0,0,0.0,0.0,0.0,A2,A2,A2,51.0,49.0,2025,1,2024-05-01,2024-10-31,70,10,4,1,3,1,1,0,0,0,0,0,0,0,0,4,8,8,6,7,7,0,0,0,0,0,0,0,0,3,7,5,6,5,5,1,0,0,0,0,0,0,0,0,0,3,2,4,1,0,0,0,0,0,0,0,0,0,0,1,1,0,0,0,0,0,0,0,0,0,0,0,0,0,0,0,0,0,0,0,0,0,0,0,0,0,0,0,0,福岡
3576,白水勝也,シロウズ カツヤ,福岡,A1,S,471017,1,52,164,52,B,6.38,45.1,39,26,144,4,0,0.16,32,84.3,0.14,2.5,21,47.6,0.14,3.3,29,34.4,0.18,3.9,28,35.7,0.18,3.7,20,30.0,0.15,3.6,14,14.2,0.22,4.7,A1,A1,A1,53.0,53.0,2025,1,2024-05-01,2024-10-31,70,22,5,3,1,1,0,0,0,0,0,0,0,0,0,4,6,4,4,3,0,0,0,0,0,0,0,0,0,5,5,5,9,5,0,0,0,0,0,0,0,0,0,4,6,5,9,2,1,1,0,0,0,0,0,0,0,3,3,6,3,3,2,0,0,0,0,0,0,0,0,1,1,4,2,4,2,0,0,0,0,0,0,0,0,0,0,0,0,福岡
3577,向所浩二,ムカイジョ コウジ,兵庫,B1,S,471125,1,52,158,60,A,4.56,27.0,15,15,111,1,0,0.15,15,53.3,0.16,3.7,23,39.1,0.15,3.1,18,22.2,0.14,2.5,19,21.0,0.15,2.9,16,12.5,0.14,2.5,20,15.0,0.17,4.2,A2,B1,B1,51.0,46.0,2025,1,2024-05-01,2024-10-31,70,5,3,2,1,2,2,0,0,0,0,0,0,0,0,4,5,2,3,5,4,0,0,0,0,0,0,0,0,1,3,4,2,5,3,0,0,0,0,0,0,0,0,1,3,3,2,6,4,0,0,0,0,0,0,0,0,1,1,4,4,3,2,1,0,0,0,0,0,0,0,3,0,2,3,3,9,0,0,0,0,0,0,0,0,0,0,0,0,兵庫
3578,塩田雄一,シオタ ユウイチ,香川,B1,S,471204,1,52,160,52,AB,3.88,18.3,5,13,98,0,0,0.19,16,18.7,0.2,4.1,16,31.2,0.19,3.8,16,18.7,0.21,4.4,19,21.0,0.18,3.7,16,18.7,0.17,4.1,15,0.0,0.16,3.1,B1,B1,B1,49.0,45.0,2025,1,2024-05-01,2024-10-31,70,3,0,4,2,4,3,0,0,0,0,0,0,0,0,0,5,1,3,1,6,0,0,0,0,0,0,0,0,0,3,4,3,2,4,0,0,0,0,0,1,0,0,2,2,3,3,4,5,0,0,0,0,0,0,0,0,0,3,1,2,5,5,0,0,0,0,0,0,0,0,0,0,2,4,4,5,0,0,0,0,0,0,0,0,0,0,0,0,香川
3579,中里優子,ナカサト ユウコ,埼玉,B1,S,471227,2,52,152,49,A,4.77,27.2,7,17,88,0,0,0.17,13,76.9,0.12,2.1,16,18.7,0.16,3.5,17,17.6,0.19,3.8,14,21.4,0.19,4.4,16,18.7,0.15,3.1,12,16.6,0.21,4.0,B1,A2,A2,49.0,48.0,2025,1,2024-05-01,2024-10-31,70,5,5,0,2,1,0,0,0,0,0,0,0,0,0,1,2,5,3,4,1,0,0,0,0,0,0,0,0,0,3,4,5,2,3,0,0,0,0,0,0,0,0,0,3,4,2,3,2,0,0,0,0,0,0,0,0,1,2,1,4,6,1,0,0,0,0,0,0,1,0,0,2,2,2,2,3,1,0,0,0,0,0,0,0,0,0,0,0,東京
3580,水口由紀,ミナクチ ユキ,滋賀,B1,S,480107,2,51,157,49,O,4.73,22.8,7,14,92,1,0,0.18,13,61.5,0.2,3.9,16,31.2,0.16,3.9,15,26.6,0.16,2.4,21,9.5,0.18,3.4,14,7.1,0.18,3.0,13,7.6,0.22,4.6,B1,B1,B1,49.0,49.0,2025,1,2024-05-01,2024-10-31,70,4,4,3,2,0,0,0,0,0,0,0,0,0,0,2,3,5,2,3,1,0,0,0,0,0,0,0,0,0,4,3,5,2,1,0,0,0,0,0,0,0,0,1,1,4,8,7,0,0,0,0,0,0,0,0,0,0,1,2,5,5,0,1,0,0,0,0,0,0,0,0,1,0,3,4,5,0,0,0,0,0,0,0,0,0,0,0,0,京都
3581,加木郁,カギ カオル,山口,B1,S,480109,1,51,162,54,O,4.99,24.4,13,18,127,0,0,0.18,19,36.8,0.14,2.4,20,40.0,0.17,4.3,23,30.4,0.2,3.9,25,24.0,0.2,3.8,21,9.5,0.15,2.9,19,5.2,0.19,3.6,B1,B1,B1,49.0,50.0,2025,1,2024-05-01,2024-10-31,70,6,1,7,3,2,0,0,0,0,0,0,0,0,0,1,7,3,4,5,0,0,0,0,0,0,0,0,0,5,2,7,2,5,2,0,0,0,0,0,0,0,0,0,6,7,4,6,2,0,0,0,0,0,0,0,0,0,2,3,8,7,1,0,0,0,0,0,0,0,0,1,0,4,5,6,3,0,0,0,0,0,0,0,0,0,0,0,0,山口
3582,吉川昭男,ヨシカワ アキオ,滋賀,A1,S,480129,1,51,166,53,A,6.89,57.3,43,43,150,7,0,0.17,34,70.5,0.15,3.4,53,54.7,0.17,3.7,48,54.1,0.16,3.3,15,46.6,0.2,4.1,0,0.0,0.0,0.0,0,0.0,0.0,0.0,A2,A2,A1,51.0,54.0,2025,1,2024-05-01,2024-10-31,70,21,3,6,0,4,0,0,0,0,0,0,1,0,0,10,19,11,3,4,6,0,0,0,0,0,0,0,0,10,16,8,5,5,4,0,0,0,0,0,0,0,0,2,5,2,3,3,0,0,0,0,0,0,0,0,0,0,0,0,0,0,0,0,0,0,0,0,0,0,0,0,0,0,0,0,0,0,0,0,0,0,0,0,0,0,0,0,0,滋賀
3583,齋藤智裕,サイトウ トモヒロ,埼玉,B1,S,480201,1,51,163,61,A,3.76,14.0,4,3,50,0,0,0.16,7,28.5,0.13,3.0,8,12.5,0.18,3.8,9,11.1,0.15,3.4,8,25.0,0.16,3.5,9,11.1,0.16,3.3,9,0.0,0.18,3.8,B1,B1,B1,45.0,45.0,2025,1,2024-05-01,2024-10-31,70,1,1,3,1,1,0,0,0,0,0,0,0,0,0,1,0,0,4,1,2,0,0,0,0,0,0,0,0,0,1,2,3,1,2,0,0,0,0,0,0,0,0,1,1,0,2,2,2,0,0,0,0,0,0,0,0,1,0,0,2,3,3,0,0,0,0,0,0,0,0,0,0,0,3,3,3,0,0,0,0,0,0,0,0,0,0,0,0,東京
3584,佐々木英樹,ササキ ヒデキ,広島,B1,S,480221,1,51,163,55,O,4.75,29.5,9,27,122,1,0,0.18,14,57.1,0.15,3.4,26,42.3,0.19,4.0,23,47.8,0.17,3.7,16,6.2,0.17,3.6,21,23.8,0.16,3.5,22,0.0,0.21,5.0,B1,B1,B1,49.0,48.0,2025,1,2024-05-01,2024-10-31,70,4,4,0,3,2,1,0,0,0,0,0,0,0,0,2,9,2,7,1,5,0,0,0,0,0,0,0,0,2,9,3,5,3,1,0,0,0,0,0,0,0,0,0,1,5,1,5,4,0,0,0,0,0,0,0,0,1,4,5,6,2,3,0,0,0,0,0,0,0,0,0,0,0,7,11,4,0,0,0,0,0,1,0,0,0,0,1,0,広島
3587,武田信一,タケダ シンイチ,徳島,B2,S,480328,1,51,173,63,O,3.32,13.1,0,5,38,0,0,0.17,7,0.0,0.13,2.2,4,75.0,0.13,2.8,5,0.0,0.3,4.4,6,16.6,0.16,2.7,6,16.6,0.15,2.2,10,0.0,0.17,4.3,B1,B1,B1,45.0,40.0,2025,1,2024-05-01,2024-10-31,70,0,0,2,0,0,2,2,0,0,0,0,0,1,0,0,3,0,1,0,0,0,0,0,0,0,0,0,0,0,0,0,0,2,3,0,0,0,0,0,0,0,0,0,1,4,1,0,0,0,0,0,0,0,0,0,0,0,1,1,0,3,1,0,0,0,0,0,0,0,0,0,0,0,2,4,4,0,0,0,0,0,0,0,0,0,0,0,0,徳島
3589,西村勝,ニシムラ マサル,埼玉,B1,S,480831,1,51,157,58,AB,4.71,30.4,15,24,128,1,0,0.16,21,71.4,0.17,3.9,27,40.7,0.17,4.0,17,23.5,0.18,3.6,19,10.5,0.14,2.4,21,28.5,0.11,2.3,23,4.3,0.19,4.1,B1,A2,A2,46.0,47.0,2025,1,2024-05-01,2024-10-31,70,7,8,1,1,2,2,0,0,0,0,0,0,0,0,5,6,2,4,6,4,0,0,0,0,0,0,0,0,1,3,5,3,1,4,0,0,0,0,0,0,0,0,0,2,3,5,3,6,0,0,0,0,0,0,0,0,2,4,4,3,5,3,0,0,0,0,0,0,0,0,0,1,1,7,5,9,0,0,0,0,0,0,0,0,0,0,0,0,埼玉
3590,濱野谷憲吾,ハマノヤ ケンゴ,東京,A2,S,481108,1,51,169,56,A,7.0,38.4,15,15,78,1,0,0.13,17,76.4,0.1,2.5,9,33.3,0.14,3.9,20,35.0,0.14,3.3,9,44.4,0.13,2.4,10,10.0,0.11,2.9,13,15.3,0.17,3.8,A1,A1,A1,73.0,70.0,2025,1,2024-05-01,2024-10-31,70,10,3,2,2,0,0,0,0,0,0,0,0,0,0,3,0,3,1,1,1,0,0,0,0,0,0,0,0,1,6,4,4,3,2,0,0,0,0,0,0,0,0,0,4,3,1,0,1,0,0,0,0,0,0,0,0,0,1,3,4,0,2,0,0,0,0,0,0,0,0,1,1,1,7,2,1,0,0,0,0,0,0,0,0,0,0,0,0,東京
3591,後藤孝義,ゴトウ タカヨシ,静岡,B2,S,430715,1,56,164,52,A,3.67,10.2,4,1,49,0,0,0.18,6,83.3,0.17,3.0,10,0.0,0.19,3.7,10,0.0,0.15,3.1,8,0.0,0.18,4.5,9,0.0,0.18,3.9,6,0.0,0.21,4.8,B1,B1,B1,45.0,44.0,2025,1,2024-05-01,2024-10-31,71,4,1,0,0,0,1,0,0,0,0,0,0,0,0,0,0,4,2,3,1,0,0,0,0,0,0,0,0,0,0,1,3,4,2,0,0,0,0,0,0,0,0,0,0,2,2,2,2,0,0,0,0,0,0,0,0,0,0,0,4,3,1,1,0,0,0,0,0,0,0,0,0,1,1,1,3,0,0,0,0,0,0,0,0,0,0,0,0,静岡
3593,横井光弘,ヨコイ ミツヒロ,長崎,B2,S,430909,1,56,163,57,AB,0.0,0.0,0,0,0,0,0,0.0,0,0.0,0.0,0.0,0,0.0,0.0,0.0,0,0.0,0.0,0.0,0,0.0,0.0,0.0,0,0.0,0.0,0.0,0,0.0,0.0,0.0,B1,B1,B1,47.0,0.0,2025,1,2024-05-01,2024-10-31,71,0,0,0,0,0,0,0,0,0,0,0,0,0,0,0,0,0,0,0,0,0,0,0,0,0,0,0,0,0,0,0,0,0,0,0,0,0,0,0,0,0,0,0,0,0,0,0,0,0,0,0,0,0,0,0,0,0,0,0,0,0,0,0,0,0,0,0,0,0,0,0,0,0,0,0,0,0,0,0,0,0,0,0,0,0,0,0,0,長崎
3596,河上年昭,カワカミ トシアキ,埼玉,B1,S,440730,1,55,164,57,A,4.65,21.8,15,11,119,0,0,0.17,15,60.0,0.18,3.3,23,21.7,0.15,3.6,23,21.7,0.18,3.3,17,17.6,0.15,2.7,21,9.5,0.18,3.2,20,10.0,0.16,3.8,B1,B1,B1,48.0,48.0,2025,1,2024-05-01,2024-10-31,71,6,3,2,2,1,1,0,0,0,0,0,0,0,0,3,2,5,6,4,2,0,0,0,0,0,0,1,0,3,2,7,7,3,1,0,0,0,0,0,0,0,0,2,1,3,1,7,3,0,0,0,0,0,0,0,0,0,2,7,3,3,6,0,0,0,0,0,0,0,0,1,1,1,5,8,4,0,0,0,0,0,0,0,0,0,0,0,0,岡山
3600,玄馬徹,ゲンバ トオル,岡山,B1,S,450317,1,54,164,53,AB,3.85,18.8,7,12,101,0,0,0.2,15,53.3,0.18,3.5,20,25.0,0.18,4.1,20,15.0,0.17,3.3,14,7.1,0.19,5.3,21,9.5,0.22,4.8,11,0.0,0.27,5.1,B1,B1,B1,45.0,44.0,2025,1,2024-05-01,2024-10-31,71,4,4,1,2,3,1,0,0,0,0,0,0,0,0,2,3,2,5,2,6,0,0,0,0,0,0,0,0,1,2,5,3,4,5,0,0,0,0,0,0,0,0,0,1,1,3,5,4,0,0,0,0,0,0,0,0,0,2,4,3,2,10,0,0,0,0,0,0,0,0,0,0,1,1,4,5,0,0,0,0,0,0,0,0,0,0,0,0,岡山
3602,奥平拓也,オクダイラ タクヤ,東京,B1,S,450508,1,54,161,52,O,4.83,26.0,10,20,115,1,0,0.16,17,41.1,0.19,3.7,21,33.3,0.14,2.9,20,40.0,0.14,2.7,19,10.5,0.16,3.2,22,18.1,0.16,2.8,16,12.5,0.18,3.9,B1,B1,B1,48.0,49.0,2025,1,2024-05-01,2024-10-31,71,3,4,2,3,3,2,0,0,0,0,0,0,0,0,3,4,3,7,0,4,0,0,0,0,0,0,0,0,2,6,4,6,0,2,0,0,0,0,0,0,0,0,1,1,2,10,3,2,0,0,0,0,0,0,0,0,1,3,5,6,1,6,0,0,0,0,0,0,0,0,0,2,3,2,5,4,0,0,0,0,0,0,0,0,0,0,1,0,千葉
3604,武藤綾子,ムトウ アヤコ,福岡,B1,S,451001,2,54,160,48,A,4.1,16.6,5,10,90,0,0,0.2,12,66.6,0.17,3.4,19,21.0,0.18,4.1,20,5.0,0.22,3.9,10,20.0,0.2,3.4,19,0.0,0.21,4.3,10,0.0,0.22,4.7,B1,B1,B1,46.0,46.0,2025,1,2024-05-01,2024-10-31,71,5,3,1,1,1,1,0,0,0,0,0,0,0,0,0,4,4,7,3,1,0,0,0,0,0,0,0,0,0,1,7,2,7,3,0,0,0,0,0,0,0,0,0,2,2,2,1,3,0,0,0,0,0,0,0,0,0,0,1,7,6,5,0,0,0,0,0,0,0,0,0,0,0,4,2,4,0,0,0,0,0,0,0,0,0,0,0,0,福岡
3605,中村守成,ナカムラ モリシゲ,三重,B1,S,461010,1,53,164,55,O,3.97,19.5,6,12,92,0,0,0.18,14,50.0,0.12,3.7,16,12.5,0.16,3.6,16,18.7,0.23,4.1,16,0.0,0.18,3.9,16,37.5,0.19,3.4,14,0.0,0.19,4.4,B1,B1,B1,49.0,46.0,2025,1,2024-05-01,2024-10-31,71,5,2,3,2,1,1,0,0,0,0,0,0,0,0,1,1,3,4,4,3,0,0,0,0,0,0,0,0,0,3,1,1,6,5,0,0,0,0,0,0,0,0,0,0,2,3,10,1,0,0,0,0,0,0,0,0,0,6,3,4,3,0,0,0,0,0,0,0,0,0,0,0,0,0,9,5,0,0,0,0,0,0,0,0,0,0,0,0,三重
3606,川北浩貴,カワキタ ヒロタカ,滋賀,A2,S,461206,1,53,162,53,B,5.77,36.3,24,25,135,3,0,0.15,32,75.0,0.17,3.2,18,44.4,0.13,2.7,24,25.0,0.15,2.8,23,26.0,0.15,2.7,26,15.3,0.13,2.8,12,8.3,0.18,3.2,A1,A2,A1,52.0,51.0,2025,1,2024-05-01,2024-10-31,71,16,8,4,2,0,2,0,0,0,0,0,0,0,0,2,6,6,2,1,1,0,0,0,0,0,0,0,0,2,4,9,5,3,1,0,0,0,0,0,0,0,0,1,5,5,4,2,6,0,0,0,0,0,0,0,0,3,1,6,5,7,4,0,0,0,0,0,0,0,0,0,1,5,1,3,2,0,0,0,0,0,0,0,0,0,0,0,0,滋賀
3607,原田智和,ハラダ トモカズ,大阪,B2,S,470219,1,52,164,52,B,0.0,0.0,0,0,0,0,0,0.0,0,0.0,0.0,0.0,0,0.0,0.0,0.0,0,0.0,0.0,0.0,0,0.0,0.0,0.0,0,0.0,0.0,0.0,0,0.0,0.0,0.0,B2,B2,B2,0.0,0.0,2025,1,2024-05-01,2024-10-31,71,0,0,0,0,0,0,0,0,0,0,0,0,0,0,0,0,0,0,0,0,0,0,0,0,0,0,0,0,0,0,0,0,0,0,0,0,0,0,0,0,0,0,0,0,0,0,0,0,0,0,0,0,0,0,0,0,0,0,0,0,0,0,0,0,0,0,0,0,0,0,0,0,0,0,0,0,0,0,0,0,0,0,0,0,0,0,0,0,大阪
3611,岩崎芳美,イワサキ ヨシミ,徳島,A2,S,470817,2,52,157,47,B,6.02,42.8,25,26,119,2,1,0.16,24,66.6,0.17,3.5,18,55.5,0.14,2.7,25,60.0,0.14,2.6,18,27.7,0.17,2.9,18,11.1,0.17,3.1,16,18.7,0.18,4.0,A2,A1,A1,56.0,53.0,2025,1,2024-05-01,2024-10-31,71,12,4,5,1,1,1,0,0,0,0,0,0,0,0,3,7,2,4,1,0,1,0,0,0,0,0,0,0,7,8,3,3,3,0,0,0,0,0,0,0,1,0,2,3,4,3,5,1,0,0,0,0,0,0,0,0,0,2,4,3,6,3,0,0,0,0,0,0,0,0,1,2,2,4,3,4,0,0,0,0,0,0,0,0,0,0,0,0,熊本
3612,馬袋義則,バタイ ヨシノリ,兵庫,A2,S,471003,1,52,167,55,B,5.67,40.7,25,30,135,0,0,0.14,29,79.3,0.15,2.6,24,41.6,0.16,2.9,27,44.4,0.14,2.7,31,32.2,0.14,2.5,12,0.0,0.11,2.9,12,0.0,0.14,2.7,A1,A2,A1,52.0,51.0,2025,1,2024-05-01,2024-10-31,71,17,6,0,2,1,3,0,0,0,0,0,0,0,0,1,9,8,3,1,1,1,0,0,0,0,0,0,0,4,8,6,3,3,3,0,0,0,0,0,0,0,0,3,7,4,7,9,0,0,0,0,0,0,0,1,0,0,0,4,2,3,3,0,0,0,0,0,0,0,0,0,0,1,1,7,3,0,0,0,0,0,0,0,0,0,0,0,0,兵庫
3613,角谷健吾,スミヤ ケンゴ,東京,A2,S,471224,1,52,161,54,O,6.15,44.9,38,20,129,4,1,0.14,25,84.0,0.15,3.5,20,60.0,0.14,3.6,26,65.3,0.13,2.7,23,30.4,0.13,3.0,16,6.2,0.14,2.8,19,0.0,0.15,3.2,A2,A1,A2,52.0,51.0,2025,1,2024-05-01,2024-10-31,71,17,4,1,1,0,2,0,0,0,0,0,0,0,0,7,5,5,1,2,0,0,0,0,0,0,0,0,0,11,6,2,1,0,5,0,0,0,0,0,0,1,0,3,4,5,6,4,1,0,0,0,0,0,0,0,0,0,1,4,3,5,3,0,0,0,0,0,0,0,0,0,0,4,6,6,3,0,0,0,0,0,0,0,0,0,0,0,0,東京
3614,谷勝幸,タニ カツユキ,広島,B1,S,480110,1,51,160,56,B,3.48,12.6,3,13,127,0,0,0.17,13,23.0,0.18,3.4,26,15.3,0.16,4.0,26,26.9,0.16,3.7,21,0.0,0.17,3.4,26,7.6,0.17,3.6,15,0.0,0.18,4.6,B1,B1,B1,48.0,44.0,2025,1,2024-05-01,2024-10-31,71,1,2,3,3,1,3,0,0,0,0,0,0,0,0,0,4,6,3,8,5,0,0,0,0,0,0,0,0,2,5,4,5,6,4,0,0,0,0,0,0,0,0,0,0,1,7,6,7,0,0,0,0,0,0,0,0,0,2,0,7,9,8,0,0,0,0,0,0,0,0,0,0,1,5,2,7,0,0,0,0,0,1,0,0,0,0,0,0,広島
3615,横田茂,ヨコタ シゲル,広島,B1,S,480121,1,51,168,51,B,4.41,28.4,18,21,137,0,0,0.16,17,88.2,0.17,2.2,29,13.7,0.15,3.3,24,20.8,0.16,2.5,23,39.1,0.15,3.1,27,22.2,0.16,3.5,17,0.0,0.17,4.8,B1,B1,B1,48.0,46.0,2025,1,2024-05-01,2024-10-31,71,10,5,0,1,0,1,0,0,0,0,0,0,0,0,1,3,4,3,14,4,0,0,0,0,0,0,0,0,1,4,6,4,4,5,0,0,0,0,0,0,0,0,4,5,1,5,3,5,0,0,0,0,0,0,0,0,2,4,3,4,8,6,0,0,0,0,0,0,0,0,0,0,0,1,5,11,0,0,0,0,0,0,0,0,0,0,0,0,広島
3616,中村真,ナカムラ マコト,福岡,A2,S,480226,1,51,164,55,O,5.87,45.0,22,37,131,4,0,0.15,23,78.2,0.13,2.8,19,52.6,0.19,3.6,25,56.0,0.14,3.0,21,23.8,0.12,2.4,22,40.9,0.17,3.3,21,14.2,0.17,3.5,A2,B1,A2,49.0,51.0,2025,1,2024-05-01,2024-10-31,71,13,5,1,1,1,1,1,0,0,0,0,0,0,0,5,5,3,2,2,2,0,0,0,0,0,0,0,0,1,13,4,2,3,2,0,0,0,0,0,0,0,0,1,4,8,4,3,1,0,0,0,0,0,0,0,0,2,7,5,5,1,2,0,0,0,0,0,1,0,0,0,3,2,1,7,8,0,0,0,0,0,0,0,0,0,0,1,0,福岡
3617,竹田広樹,タケダ ヒロキ,佐賀,B1,S,480526,1,51,162,54,B,4.18,24.5,13,15,114,0,0,0.19,15,73.3,0.18,3.4,21,23.8,0.18,4.2,19,31.5,0.18,4.0,19,5.2,0.18,3.9,27,14.8,0.19,3.9,13,7.6,0.22,4.5,B1,B1,B1,44.0,45.0,2025,1,2024-05-01,2024-10-31,71,8,3,1,0,1,2,0,0,0,0,0,0,0,0,2,3,3,6,4,3,0,0,0,0,0,0,0,0,2,4,2,2,4,5,0,0,0,0,0,0,0,0,0,1,1,4,6,7,0,0,0,0,0,0,0,0,1,3,2,8,4,9,0,0,0,0,0,0,0,0,0,1,1,2,5,4,0,0,0,0,0,0,0,0,0,0,0,0,佐賀
3618,海野ゆかり,ウンノ ユカリ,広島,A1,S,481128,2,51,164,45,O,6.74,50.0,38,25,126,6,2,0.17,31,83.8,0.16,2.9,21,76.1,0.16,3.0,19,47.3,0.16,2.8,21,33.3,0.18,3.3,15,20.0,0.13,3.7,19,10.5,0.22,4.2,A1,A1,A2,55.0,56.0,2025,1,2024-05-01,2024-10-31,71,24,2,3,1,0,0,1,0,0,0,0,0,0,0,5,11,0,3,2,0,0,0,0,0,0,0,0,0,4,5,4,3,1,2,0,0,0,0,0,0,0,0,5,2,5,5,4,0,0,0,0,0,0,0,0,0,0,3,3,8,1,0,0,0,0,0,0,0,0,0,0,2,2,7,6,2,0,0,0,0,0,0,0,0,0,0,0,0,広島
3619,長谷川充,ハセガワ ミツル,群馬,B1,S,481214,1,51,164,55,AB,4.78,25.3,16,18,134,0,0,0.19,25,60.0,0.19,3.4,27,33.3,0.16,3.9,21,28.5,0.19,3.6,25,8.0,0.18,4.2,16,6.2,0.21,5.1,20,5.0,0.23,5.2,A2,B1,B1,51.0,48.0,2025,1,2024-05-01,2024-10-31,71,11,4,1,2,5,2,0,0,0,0,0,0,0,0,3,6,4,10,2,2,0,0,0,0,0,0,0,0,1,5,5,4,3,3,0,0,0,0,0,0,0,0,1,1,6,9,3,5,0,0,0,0,0,0,0,0,0,1,3,5,4,3,0,0,0,0,0,0,0,0,0,1,3,4,7,5,0,0,0,0,0,0,0,0,0,0,0,0,群馬
3620,信濃由行,シナノ ヨシユキ,福井,B1,S,490103,1,50,161,56,O,3.84,17.4,9,6,86,0,0,0.17,11,72.7,0.15,3.1,17,11.7,0.16,3.4,19,5.2,0.18,4.1,14,14.2,0.15,3.6,14,14.2,0.17,3.8,11,0.0,0.21,4.5,B1,B1,B1,47.0,44.0,2025,1,2024-05-01,2024-10-31,71,6,2,0,0,2,0,1,0,0,0,0,0,0,0,0,2,4,3,5,3,0,0,0,0,0,0,0,0,1,0,4,2,7,5,0,0,0,0,0,0,0,0,0,2,1,4,5,2,0,0,0,0,0,0,0,0,2,0,0,3,5,4,0,0,0,0,0,0,0,0,0,0,2,1,4,4,0,0,0,0,0,0,0,0,0,0,0,0,石川
3621,天野晶夫,アマノ アキオ,愛知,A2,S,490306,1,50,160,58,O,6.06,43.1,23,27,116,2,0,0.16,25,84.0,0.15,3.0,21,42.8,0.18,3.9,19,36.8,0.17,3.1,15,46.6,0.16,2.9,21,19.0,0.15,2.7,15,13.3,0.19,4.1,A2,A1,A1,53.0,52.0,2025,1,2024-05-01,2024-10-31,71,12,9,3,1,0,0,0,0,0,0,0,0,0,0,5,4,2,7,1,2,0,0,0,0,0,1,0,0,3,4,6,2,3,0,0,0,0,0,0,0,1,0,2,5,3,2,2,1,0,0,0,0,0,0,0,0,1,3,6,8,2,0,0,0,0,0,0,0,1,0,0,2,2,1,8,2,0,0,0,0,0,0,0,0,0,0,0,0,愛知
3623,深川真二,フカガワ シンジ,佐賀,A1,S,490606,1,50,165,52,B,7.84,69.7,61,29,129,8,5,0.13,39,89.7,0.13,2.7,71,60.5,0.14,3.1,19,63.1,0.11,2.0,0,0.0,0.0,0.0,0,0.0,0.0,0.0,0,0.0,0.0,0.0,A1,A1,A1,61.0,59.0,2025,1,2024-05-01,2024-10-31,71,21,14,2,1,1,0,0,0,0,0,0,0,0,0,28,15,7,8,7,5,1,0,0,0,0,0,0,0,12,0,1,4,1,1,0,0,0,0,0,0,0,0,0,0,0,0,0,0,0,0,0,0,0,0,0,0,0,0,0,0,0,0,0,0,0,0,0,0,0,0,0,0,0,0,0,0,0,0,0,0,0,0,0,0,0,0,0,0,佐賀
3627,井上恵一,イノウエ ケイイチ,福岡,B1,S,440817,1,55,163,52,O,4.36,20.5,13,9,107,1,0,0.18,16,50.0,0.18,4.1,26,11.5,0.19,4.0,22,22.7,0.18,3.7,24,16.6,0.16,3.6,17,11.7,0.17,3.5,2,0.0,0.15,6.0,B1,B1,B1,49.0,46.0,2025,1,2024-05-01,2024-10-31,72,7,1,2,3,1,2,0,0,0,0,0,0,0,0,1,2,5,4,4,8,0,0,0,0,0,0,2,0,2,3,6,5,2,4,0,0,0,0,0,0,0,0,2,2,5,4,6,5,0,0,0,0,0,0,0,0,1,1,2,5,3,5,0,0,0,0,0,0,0,0,0,0,0,0,1,1,0,0,0,0,0,0,0,0,0,0,0,0,福岡
3629,浅見昌克,アサミ マサカツ,埼玉,B1,S,441025,1,55,165,52,B,4.8,25.8,11,12,89,0,0,0.18,16,62.5,0.19,4.4,12,50.0,0.2,4.3,18,5.5,0.16,3.7,12,16.6,0.16,3.4,16,18.7,0.17,3.6,15,6.6,0.2,4.9,A2,A2,A2,51.0,47.0,2025,1,2024-05-01,2024-10-31,72,6,4,4,1,0,1,0,0,0,0,0,0,0,0,2,4,2,2,0,2,0,0,0,0,0,0,0,0,0,1,5,5,3,3,1,0,0,0,0,0,0,0,2,0,2,4,1,3,0,0,0,0,0,0,0,0,1,2,4,1,4,3,1,0,0,0,0,0,0,0,0,1,2,3,6,3,0,0,0,0,0,0,0,0,0,0,0,0,埼玉
3630,黒田誠司,クロダ セイジ,静岡,B1,S,441108,1,55,166,53,O,4.46,19.2,8,13,109,0,0,0.16,15,46.6,0.16,3.3,18,16.6,0.17,3.5,24,12.5,0.16,3.3,19,26.3,0.14,2.7,19,15.7,0.16,3.2,14,0.0,0.18,3.8,B1,B1,B2,46.0,48.0,2025,1,2024-05-01,2024-10-31,72,4,3,4,1,3,0,0,0,0,0,0,0,0,0,0,3,2,4,5,4,0,0,0,0,0,0,0,0,2,1,5,9,6,1,0,0,0,0,0,0,0,0,0,5,4,4,1,5,0,0,0,0,0,0,0,0,2,1,4,2,8,2,0,0,0,0,0,0,0,0,0,0,3,6,3,2,0,0,0,0,0,0,0,0,0,0,0,0,静岡
3631,田添康介,タゾエ コウスケ,長崎,B1,S,441108,1,55,170,58,O,4.0,20.0,5,8,65,0,0,0.17,9,55.5,0.14,3.2,7,28.5,0.16,3.3,14,21.4,0.17,3.3,10,30.0,0.15,2.6,12,0.0,0.17,3.4,13,0.0,0.2,3.6,B1,B1,B2,49.0,45.0,2025,1,2024-05-01,2024-10-31,72,4,1,0,1,1,2,0,0,0,0,0,0,0,0,0,2,3,1,0,1,0,0,0,0,0,0,0,0,1,2,1,5,3,2,0,0,0,0,0,0,0,0,0,3,1,2,1,3,0,0,0,0,0,0,0,0,0,0,1,5,2,4,0,0,0,0,0,0,0,0,0,0,1,3,2,6,1,0,0,0,0,0,0,0,0,0,0,0,長崎
3635,石田政吾,イシダ セイゴ,福井,A2,S,451030,1,54,164,53,B,5.63,39.0,29,19,123,3,0,0.16,26,80.7,0.15,3.2,18,66.6,0.13,2.8,21,19.0,0.14,3.4,22,36.3,0.17,3.7,20,5.0,0.16,3.6,15,13.3,0.2,4.5,A2,A1,A2,55.0,51.0,2025,1,2024-05-01,2024-10-31,72,16,5,1,1,1,1,1,0,0,0,0,0,0,0,7,5,2,1,1,2,0,0,0,0,0,0,0,0,0,4,7,0,3,7,0,0,0,0,0,0,0,0,5,3,4,4,1,5,0,0,0,0,0,1,0,0,1,0,5,5,5,3,0,0,0,0,0,0,0,1,0,2,2,5,2,4,0,0,0,0,0,0,0,0,0,0,0,1,石川
3637,齋藤和政,サイトウ カズマサ,愛知,B1,S,451204,1,54,166,56,AB,4.18,20.5,8,14,107,0,0,0.18,20,40.0,0.16,3.3,16,18.7,0.19,4.2,15,20.0,0.18,3.8,15,20.0,0.17,3.3,21,14.2,0.2,3.8,20,10.0,0.18,4.1,B1,B1,B1,47.0,46.0,2025,1,2024-05-01,2024-10-31,72,4,4,4,2,4,2,0,0,0,0,0,0,0,0,1,2,6,2,2,3,0,0,0,0,0,0,0,0,0,3,1,4,4,3,0,0,0,0,0,0,0,0,1,2,1,4,4,3,0,0,0,0,0,0,0,0,1,2,2,7,5,4,0,0,0,0,0,0,0,0,1,1,2,3,5,8,0,0,0,0,0,0,0,0,0,0,0,0,愛知
3641,一瀬明,イチノセ アキラ,東京,A2,S,460525,1,53,168,52,AB,5.84,38.2,18,34,136,4,0,0.16,27,74.0,0.15,3.5,23,34.7,0.18,4.3,25,28.0,0.15,3.8,20,30.0,0.19,3.6,24,37.5,0.15,3.2,16,12.5,0.16,3.8,A1,A1,A2,54.0,52.0,2025,1,2024-05-01,2024-10-31,72,12,8,3,4,0,0,0,0,0,0,0,0,0,0,0,8,8,3,2,2,0,0,0,0,0,0,0,0,2,5,5,6,3,4,0,0,0,0,0,0,0,0,2,4,8,4,1,1,0,0,0,0,0,0,0,0,2,7,5,7,2,1,0,0,0,0,0,0,0,0,0,2,1,6,4,3,0,0,0,0,0,0,0,0,0,0,0,1,神奈川
3642,大塚浩二,オオツカ コウジ,静岡,B1,S,460619,1,53,159,52,B,4.05,18.0,4,14,100,0,0,0.17,17,52.9,0.15,2.6,19,15.7,0.15,3.2,18,16.6,0.15,2.4,19,10.5,0.22,3.7,17,0.0,0.17,3.1,10,10.0,0.17,4.1,B1,B1,B1,46.0,46.0,2025,1,2024-05-01,2024-10-31,72,3,6,0,7,1,0,0,0,0,0,0,0,0,0,0,3,5,3,6,2,0,0,0,0,0,0,0,0,0,3,3,1,6,5,0,0,0,0,0,0,0,0,1,1,4,5,7,1,0,0,0,0,0,0,0,0,0,0,2,6,4,5,0,0,0,0,0,0,0,0,0,1,0,2,5,2,0,0,0,0,0,0,0,0,0,0,0,0,静岡
3643,米田隆弘,ヨネダ タカヒロ,岡山,A2,S,470615,1,52,167,53,O,5.62,31.9,18,20,119,0,0,0.16,23,86.9,0.16,2.8,17,23.5,0.18,4.2,23,26.0,0.16,2.9,21,14.2,0.13,2.9,19,26.3,0.14,2.4,16,0.0,0.18,3.8,B1,A2,A2,51.0,51.0,2025,1,2024-05-01,2024-10-31,72,14,6,1,1,0,0,1,0,0,0,0,0,0,0,1,3,5,6,2,0,0,0,0,0,0,1,0,0,0,6,4,8,4,0,0,0,0,0,0,0,1,0,1,2,10,4,4,0,0,0,0,0,0,0,0,0,2,3,6,3,5,0,0,0,0,0,0,0,0,0,0,0,4,4,7,1,0,0,0,0,0,0,0,0,0,0,1,0,岡山
3644,矢橋成介,ヤハシ セイスケ,三重,B2,S,470728,1,52,160,63,O,0.0,0.0,0,0,0,0,0,0.0,0,0.0,0.0,0.0,0,0.0,0.0,0.0,0,0.0,0.0,0.0,0,0.0,0.0,0.0,0,0.0,0.0,0.0,0,0.0,0.0,0.0,B2,B2,B2,0.0,0.0,2025,1,2024-05-01,2024-10-31,72,0,0,0,0,0,0,0,0,0,0,0,0,0,0,0,0,0,0,0,0,0,0,0,0,0,0,0,0,0,0,0,0,0,0,0,0,0,0,0,0,0,0,0,0,0,0,0,0,0,0,0,0,0,0,0,0,0,0,0,0,0,0,0,0,0,0,0,0,0,0,0,0,0,0,0,0,0,0,0,0,0,0,0,0,0,0,0,0,三重
3645,淺田千亜希,アサダ チアキ,徳島,B1,S,470929,2,52,150,47,O,6.41,41.3,14,10,58,1,0,0.14,10,60.0,0.15,2.3,10,30.0,0.12,2.8,9,33.3,0.19,3.9,8,75.0,0.1,1.8,12,41.6,0.14,2.8,9,11.1,0.15,3.2,B2,B2,B1,53.0,56.0,2025,1,2024-05-01,2024-10-31,72,4,2,1,1,1,1,0,0,0,0,0,0,0,0,2,1,5,0,1,1,0,0,0,0,0,0,0,0,2,1,3,0,2,1,0,0,0,0,0,0,0,0,4,2,0,1,0,1,0,0,0,0,0,0,0,0,2,3,3,1,3,0,0,0,0,0,0,0,0,0,0,1,5,2,1,0,0,0,0,0,0,0,0,0,0,0,0,0,徳島
3647,伊藤雄二,イトウ ユウジ,埼玉,B1,S,471026,1,52,165,50,B,4.08,17.4,15,8,132,0,0,0.15,20,70.0,0.15,2.5,21,19.0,0.14,2.9,19,5.2,0.17,2.9,24,8.3,0.14,3.2,21,4.7,0.14,2.7,27,3.7,0.16,3.3,B1,B1,B1,46.0,46.0,2025,1,2024-05-01,2024-10-31,72,12,2,1,3,0,2,0,0,0,0,0,0,0,0,1,3,5,5,4,3,0,0,0,0,0,0,0,0,0,1,3,8,4,3,0,0,0,0,0,0,0,0,1,1,0,10,8,4,0,0,0,0,0,0,0,0,0,1,4,5,7,4,0,0,0,0,0,0,0,0,1,0,1,6,12,7,0,0,0,0,0,0,0,0,0,0,0,0,埼玉
3652,森下勇,モリシタ イサム,群馬,B1,S,480824,1,51,169,60,A,3.63,14.2,9,6,105,0,0,0.19,16,56.2,0.15,3.1,18,16.6,0.15,3.1,21,0.0,0.22,3.8,18,11.1,0.18,3.4,15,6.6,0.21,4.3,17,0.0,0.22,4.8,B1,B1,B1,44.0,44.0,2025,1,2024-05-01,2024-10-31,72,8,1,1,2,3,1,0,0,0,0,0,0,0,0,0,3,3,5,5,2,0,0,0,0,0,0,0,0,0,0,4,6,6,5,0,0,0,0,0,0,0,0,1,1,3,5,6,2,0,0,0,0,0,0,0,0,0,1,2,0,7,5,0,0,0,0,0,0,0,0,0,0,0,0,7,10,0,0,0,0,0,0,0,0,0,0,0,0,群馬
3653,品川賢次,シナガワ ケンジ,群馬,B1,S,480906,1,51,167,56,AB,3.74,12.5,3,8,88,0,0,0.19,11,36.3,0.23,4.8,16,12.5,0.17,3.7,17,17.6,0.19,3.6,13,7.6,0.17,4.3,16,6.2,0.2,4.6,15,0.0,0.21,4.5,B1,B1,B1,51.0,44.0,2025,1,2024-05-01,2024-10-31,72,1,3,1,3,2,1,0,0,0,0,0,0,0,0,1,1,1,1,4,8,0,0,0,0,0,0,0,0,1,2,5,0,6,3,0,0,0,0,0,0,0,0,0,1,5,2,4,1,0,0,0,0,0,0,0,0,0,1,2,9,1,3,0,0,0,0,0,0,0,0,0,0,2,5,2,5,1,0,0,0,0,0,0,0,0,0,0,0,群馬
3654,武田光史,タケダ ミツフミ,福井,A1,S,480913,1,51,169,54,B,6.66,49.1,33,23,114,5,2,0.18,29,86.2,0.19,3.9,18,61.1,0.19,4.4,20,40.0,0.19,3.8,17,47.0,0.13,3.1,18,16.6,0.18,3.8,12,8.3,0.2,4.5,A1,A1,A2,60.0,55.0,2025,1,2024-05-01,2024-10-31,72,20,5,1,1,1,1,0,0,0,0,0,0,0,0,4,7,2,2,0,3,0,0,0,0,0,1,0,0,4,4,5,3,0,4,0,0,0,0,0,0,0,0,3,5,5,2,1,1,0,0,0,0,0,0,0,0,2,1,6,3,3,3,0,0,0,0,0,0,0,0,0,1,3,2,3,2,0,0,0,0,0,0,1,0,0,0,2,0,福井
3655,本橋克洋,モトハシ カツヒロ,群馬,A2,S,481018,1,51,173,54,B,5.64,37.7,19,32,135,0,0,0.18,26,88.4,0.16,3.0,25,36.0,0.2,4.9,23,43.4,0.17,3.0,26,19.2,0.18,4.1,21,19.0,0.18,3.4,14,0.0,0.21,4.9,A2,A2,A2,51.0,51.0,2025,1,2024-05-01,2024-10-31,72,14,9,2,0,0,1,0,0,0,0,0,1,0,0,1,8,8,5,2,1,0,0,0,0,0,0,0,0,2,8,5,6,1,1,0,0,0,0,0,0,0,0,1,4,8,4,4,5,0,0,0,0,0,0,0,0,1,3,5,4,5,3,0,0,0,0,0,0,0,0,0,0,0,6,4,4,0,0,0,0,0,0,0,0,0,0,0,0,群馬
3656,伯母芳恒,ウバ ヨシツネ,東京,B1,S,481020,1,51,168,56,AB,4.97,31.9,10,20,94,0,0,0.15,17,58.8,0.16,3.4,16,25.0,0.14,3.8,18,38.8,0.12,2.2,13,38.4,0.16,3.9,16,18.7,0.14,3.1,14,7.1,0.17,3.9,B1,B1,A2,51.0,49.0,2025,1,2024-05-01,2024-10-31,72,6,4,2,3,1,1,0,0,0,0,0,0,0,0,0,4,3,7,1,1,0,0,0,0,0,0,0,0,2,5,0,3,5,3,0,0,0,0,0,0,0,0,2,3,1,2,3,2,0,0,0,0,0,0,0,0,0,3,4,3,2,3,1,0,0,0,0,0,0,0,0,1,2,5,3,3,0,0,0,0,0,0,0,0,0,0,0,0,山梨
3659,藤生雄人,フジュウ タケヒト,群馬,B1,S,490917,1,50,164,55,O,5.19,29.6,10,17,91,3,0,0.16,15,60.0,0.14,3.3,16,43.7,0.16,4.4,18,38.8,0.15,3.6,10,20.0,0.17,3.4,14,14.2,0.18,4.3,18,0.0,0.19,4.5,A1,A2,A2,53.0,49.0,2025,1,2024-05-01,2024-10-31,72,6,3,3,2,1,0,0,0,0,0,0,0,0,0,2,5,3,3,1,2,0,0,0,0,0,0,0,0,1,6,4,2,3,2,0,0,0,0,0,0,0,0,0,2,3,4,1,0,0,0,0,0,0,0,0,0,1,1,3,2,5,1,0,0,0,0,0,0,1,0,0,0,3,7,2,5,1,0,0,0,0,0,0,0,0,0,1,0,群馬
3660,長谷川親王,ハセガワ チカオ,香川,B1,S,440719,1,55,169,60,A,3.43,9.2,4,4,87,0,0,0.2,11,54.5,0.16,3.7,18,0.0,0.19,4.2,14,0.0,0.18,3.6,14,7.1,0.19,3.4,20,5.0,0.21,4.2,10,0.0,0.23,5.3,B1,B1,B1,46.0,44.0,2025,1,2024-05-01,2024-10-31,73,4,2,1,1,2,1,0,0,0,0,0,0,0,0,0,0,4,5,3,6,0,0,0,0,0,0,0,0,0,0,2,5,6,1,0,0,0,0,0,0,0,0,0,1,1,5,3,4,0,0,0,0,0,0,0,0,0,1,3,5,8,3,0,0,0,0,0,0,0,0,0,0,0,1,4,5,0,0,0,0,0,0,0,0,0,0,0,0,香川
3661,柳瀬興志,ヤナセ コウジ,山口,B1,S,440812,1,55,164,60,O,4.9,27.2,10,26,132,0,0,0.16,22,68.1,0.16,3.5,25,28.0,0.18,4.0,27,37.0,0.15,3.4,18,11.1,0.14,3.6,26,3.8,0.17,3.8,14,7.1,0.18,4.8,B1,B1,B1,49.0,49.0,2025,1,2024-05-01,2024-10-31,73,5,10,2,3,2,0,0,0,0,0,0,0,0,0,0,7,6,6,2,4,0,0,0,0,0,0,0,0,4,6,5,9,2,1,0,0,0,0,0,0,0,0,0,2,6,3,4,3,0,0,0,0,0,0,0,0,1,0,4,11,3,7,0,0,0,0,0,0,0,0,0,1,0,5,4,4,0,0,0,0,0,0,0,0,0,0,0,0,山口
3662,大庭元明,オオバ モトアキ,福岡,A2,S,441222,1,55,166,56,O,5.54,37.9,26,26,137,3,0,0.15,24,87.5,0.15,2.7,21,33.3,0.14,3.5,24,41.6,0.13,2.1,20,40.0,0.17,3.4,25,16.0,0.16,3.3,23,8.7,0.15,3.2,A2,B1,A2,50.0,50.0,2025,1,2024-05-01,2024-10-31,73,14,7,0,1,2,0,0,0,0,0,0,0,0,0,1,6,7,0,2,5,0,0,0,0,0,0,0,0,7,3,6,1,5,2,0,0,0,0,0,0,0,0,2,6,5,2,2,3,0,0,0,0,0,0,0,0,1,3,3,7,6,5,0,0,0,0,0,0,0,0,1,1,4,6,8,3,0,0,0,0,0,0,0,0,0,0,0,0,福岡
3663,木山和幸,キヤマ カズユキ,広島,B1,S,450104,1,54,161,51,A,5.13,30.8,18,24,136,0,0,0.16,19,73.6,0.19,3.9,26,30.7,0.16,3.3,23,34.7,0.13,2.9,23,21.7,0.16,3.0,28,25.0,0.18,3.3,17,0.0,0.17,4.0,B1,A2,B1,46.0,49.0,2025,1,2024-05-01,2024-10-31,73,9,5,0,1,2,2,0,0,0,0,0,0,0,0,2,6,7,5,4,2,0,0,0,0,0,0,0,0,2,6,7,4,0,4,0,0,0,0,0,0,0,0,3,2,7,5,2,4,0,0,0,0,0,0,0,0,2,5,6,7,4,3,0,0,0,0,0,0,1,0,0,0,2,2,4,9,0,0,0,0,0,0,0,0,0,0,0,0,広島
3664,鈴木賢一,スズキ ケンイチ,埼玉,B1,S,450310,1,54,159,58,A,4.76,34.6,19,16,101,0,0,0.18,14,85.7,0.13,2.3,18,27.7,0.19,4.7,18,50.0,0.16,2.8,15,33.3,0.16,3.5,19,21.0,0.21,3.9,15,0.0,0.22,5.1,B1,B1,A2,47.0,46.0,2025,1,2024-05-01,2024-10-31,73,9,3,1,1,0,0,0,0,0,0,0,0,0,0,1,4,4,3,2,4,0,0,0,0,0,0,0,0,3,6,2,1,4,2,0,0,0,0,0,0,0,0,4,1,2,4,2,2,0,0,0,0,0,0,0,0,2,2,0,1,8,5,0,0,0,0,0,0,1,0,0,0,0,2,3,10,0,0,0,0,0,0,0,0,0,0,0,2,埼玉
3668,市川猛,イチカワ タケシ,広島,B1,S,460329,1,53,169,52,O,2.92,7.8,1,5,76,0,0,0.21,8,12.5,0.25,4.8,13,15.3,0.21,4.0,19,5.2,0.21,4.3,11,0.0,0.21,4.8,13,7.6,0.18,4.2,12,8.3,0.19,3.5,B2,B1,B2,43.0,41.0,2025,1,2024-05-01,2024-10-31,73,1,0,0,3,3,1,0,0,0,0,0,0,0,0,0,2,0,5,1,5,0,0,0,0,0,0,0,0,0,1,5,2,5,5,1,0,0,0,0,0,0,0,0,0,2,1,2,6,0,0,0,0,0,0,0,0,0,1,1,2,5,4,0,0,0,0,0,0,0,0,0,1,0,1,5,5,0,0,0,0,0,0,0,0,0,0,1,0,広島
3674,岸恵子,キシ ケイコ,徳島,B1,S,471018,2,52,156,48,B,4.96,33.3,16,12,84,1,0,0.14,12,50.0,0.16,2.5,17,47.0,0.16,2.9,14,35.7,0.12,2.1,15,40.0,0.12,2.4,11,0.0,0.12,1.7,15,20.0,0.15,2.9,B1,B1,A2,49.0,47.0,2025,1,2024-05-01,2024-10-31,73,4,2,1,3,0,1,1,0,0,0,0,0,0,0,5,3,2,2,4,1,0,0,0,0,0,0,0,0,4,1,0,2,1,6,0,0,0,0,0,0,0,0,2,4,2,2,1,4,0,0,0,0,0,0,0,0,0,0,2,1,4,4,0,0,0,0,0,0,0,0,1,2,3,4,3,2,0,0,0,0,0,0,0,0,0,0,0,0,徳島
3679,飯島昌弘,イイジマ アキヒロ,埼玉,A1,S,480313,1,51,170,55,O,6.78,45.4,23,22,99,5,1,0.16,21,95.2,0.16,3.0,13,46.1,0.16,3.5,13,38.4,0.17,3.7,16,43.7,0.16,3.4,16,18.7,0.17,3.6,20,20.0,0.18,4.3,A1,A1,A1,61.0,54.0,2025,1,2024-05-01,2024-10-31,73,16,4,1,0,0,0,0,0,0,0,0,0,0,0,1,5,5,1,1,0,0,0,0,0,0,1,0,0,2,3,5,2,1,0,0,0,0,0,0,0,0,0,3,4,3,5,0,1,0,0,0,0,0,1,0,0,1,2,10,2,0,0,0,0,0,0,0,1,0,1,0,4,7,6,1,1,1,0,0,0,0,0,0,0,0,0,1,0,埼玉
3680,森林太,モリバヤシ フトシ,長崎,B1,S,480402,1,51,161,56,B,4.53,21.5,11,14,116,1,0,0.2,19,52.6,0.18,3.4,20,25.0,0.18,4.0,23,8.7,0.19,3.7,21,19.0,0.19,4.0,17,17.6,0.21,4.5,16,6.2,0.25,5.3,B1,B1,B1,46.0,47.0,2025,1,2024-05-01,2024-10-31,73,5,5,3,2,1,3,0,0,0,0,0,0,0,0,3,2,7,2,4,2,0,0,0,0,0,0,0,0,0,2,7,5,4,5,0,0,0,0,0,0,0,0,0,4,4,3,4,6,0,0,0,0,0,0,0,0,3,0,4,4,3,3,0,0,0,0,0,0,0,0,0,1,0,6,4,5,0,0,0,0,0,0,0,0,0,0,0,0,長崎
3681,山谷央,ヤマヤ シン,東京,B1,S,480630,1,51,169,52,A,4.47,22.2,8,8,72,0,0,0.17,14,57.1,0.14,2.9,8,12.5,0.16,3.6,15,26.6,0.17,3.6,13,0.0,0.18,3.6,9,33.3,0.17,3.1,13,0.0,0.2,4.7,A2,A2,A2,51.0,46.0,2025,1,2024-05-01,2024-10-31,73,5,3,2,1,1,0,2,0,0,0,0,0,0,0,1,0,1,4,1,1,0,0,0,0,0,0,0,0,1,3,2,2,1,5,0,0,0,0,0,0,1,0,0,0,3,3,5,2,0,0,0,0,0,0,0,0,1,2,3,1,1,1,0,0,0,0,0,0,0,0,0,0,3,3,4,3,0,0,0,0,0,0,0,0,0,0,0,0,東京
3682,切田潤二,キリタ ジュンジ,山口,B1,S,480716,1,51,160,52,O,3.67,9.6,1,4,52,0,0,0.21,7,28.5,0.18,4.5,10,10.0,0.22,5.0,10,0.0,0.22,5.4,10,10.0,0.18,4.8,8,0.0,0.2,4.6,7,14.2,0.25,5.1,B1,B1,B1,45.0,45.0,2025,1,2024-05-01,2024-10-31,73,1,1,2,0,1,1,1,0,0,0,0,0,0,0,0,1,1,4,4,0,0,0,0,0,0,0,0,0,0,0,3,5,0,2,0,0,0,0,0,0,0,0,0,1,1,4,1,3,0,0,0,0,0,0,0,0,0,0,2,1,1,4,0,0,0,0,0,0,0,0,0,1,0,2,3,1,0,0,0,0,0,0,0,0,0,0,0,0,山口
3684,清水攻二,シミズ コウジ,山口,A2,S,490214,1,50,161,54,A,5.49,34.6,15,21,104,0,0,0.18,22,72.7,0.15,2.9,16,43.7,0.18,3.9,19,26.3,0.18,3.5,19,31.5,0.17,3.6,16,6.2,0.18,4.4,12,8.3,0.22,5.4,A2,A2,A2,51.0,51.0,2025,1,2024-05-01,2024-10-31,73,12,4,1,1,3,1,0,0,0,0,0,0,0,0,2,5,3,4,1,1,0,0,0,0,0,0,0,0,0,5,5,3,4,2,0,0,0,0,0,0,0,0,1,5,5,4,4,0,0,0,0,0,0,0,0,0,0,1,5,7,2,1,0,0,0,0,0,0,0,0,0,1,3,0,4,4,0,0,0,0,0,0,0,0,0,0,0,0,山口
3685,荒井輝年,アライ テルトシ,岡山,A2,S,490228,1,50,170,57,O,5.84,41.9,33,22,131,2,0,0.16,27,81.4,0.15,3.3,22,59.0,0.15,3.5,23,34.7,0.18,3.0,19,31.5,0.13,2.6,21,19.0,0.17,3.3,19,10.5,0.18,3.9,A1,A2,A1,53.0,51.0,2025,1,2024-05-01,2024-10-31,73,19,3,2,0,2,0,1,0,0,0,0,0,0,0,6,7,3,3,1,2,0,0,0,0,0,0,0,0,4,4,3,8,1,3,0,0,0,0,0,0,0,0,1,5,6,4,3,0,0,0,0,0,0,0,0,0,3,1,4,5,4,4,0,0,0,0,0,0,0,0,0,2,0,3,10,4,0,0,0,0,0,0,0,0,0,0,0,0,岡山
3686,鳥居塚孝博,トリイヅカ タカヒロ,群馬,A2,S,500131,1,49,157,52,A,5.95,37.2,29,22,137,1,0,0.13,31,87.1,0.11,2.0,20,50.0,0.13,2.7,21,33.3,0.15,2.7,16,12.5,0.12,2.4,25,12.0,0.13,2.6,22,9.0,0.17,4.1,A2,A2,A2,53.0,52.0,2025,1,2024-05-01,2024-10-31,73,22,5,2,2,0,0,0,0,0,0,0,0,0,0,3,7,7,1,1,0,0,0,0,0,0,0,1,0,3,4,7,3,4,0,0,0,0,0,0,0,0,0,1,1,6,6,2,0,0,0,0,0,0,0,0,0,0,3,8,6,6,2,0,0,0,0,0,0,0,0,0,2,3,7,4,5,0,0,0,0,0,0,1,0,0,0,0,2,群馬
3687,花田和明,ハナダ カズアキ,愛知,B1,S,441208,1,55,163,52,A,4.13,20.6,3,10,63,1,0,0.18,10,50.0,0.16,3.1,14,28.5,0.17,3.0,16,6.2,0.18,3.9,16,12.5,0.19,4.4,5,20.0,0.19,4.6,2,0.0,0.18,5.5,B1,A2,B1,49.0,45.0,2025,1,2024-05-01,2024-10-31,74,1,4,2,0,1,1,1,0,0,0,0,0,0,0,2,2,3,5,2,0,0,0,0,0,0,0,0,0,0,1,2,3,7,3,0,0,0,0,0,0,0,0,0,2,2,3,3,5,1,0,0,0,0,0,0,0,0,1,1,0,2,1,0,0,0,0,0,0,0,0,0,0,0,0,2,0,0,0,0,0,0,0,0,0,0,0,0,0,愛知
3690,河合三弘,カワイ ミツヒロ,愛知,B1,S,451002,1,54,159,52,A,4.8,26.4,9,23,121,0,0,0.19,19,47.3,0.18,3.4,21,33.3,0.2,4.8,25,32.0,0.18,4.0,18,22.2,0.16,3.1,19,15.7,0.19,4.2,19,5.2,0.21,4.8,B1,B1,B1,48.0,48.0,2025,1,2024-05-01,2024-10-31,74,4,5,5,1,2,2,0,0,0,0,0,0,0,0,0,7,6,6,1,1,0,0,0,0,0,1,0,0,3,5,2,8,3,4,0,0,0,0,0,0,0,0,0,4,3,5,4,2,0,0,0,0,0,1,0,0,2,1,4,5,4,3,0,0,0,0,0,0,0,0,0,1,4,2,3,9,0,0,0,0,0,0,0,0,0,0,0,0,愛知
3692,竹腰正樹,タケゴシ マサキ,福井,B1,S,460403,1,53,164,54,O,4.31,22.0,9,13,100,0,0,0.17,15,46.6,0.17,3.2,20,30.0,0.17,4.3,21,23.8,0.14,3.1,16,12.5,0.18,3.2,13,7.6,0.15,3.6,15,6.6,0.18,4.3,B1,B1,B1,48.0,45.0,2025,1,2024-05-01,2024-10-31,74,4,3,3,2,1,2,0,0,0,0,0,0,0,0,1,5,0,4,4,6,0,0,0,0,0,0,0,0,4,1,6,5,2,2,0,0,0,0,0,0,1,0,0,2,5,4,1,3,1,0,0,0,0,0,0,0,0,1,1,3,2,6,0,0,0,0,0,0,0,0,0,1,2,4,0,8,0,0,0,0,0,0,0,0,0,0,1,0,石川
3696,白井友晴,シライ トモハル,埼玉,A2,S,470426,1,52,165,54,A,5.68,32.1,15,22,115,0,0,0.17,19,68.4,0.18,4.4,21,28.5,0.19,4.0,19,15.7,0.17,4.0,21,38.1,0.15,3.0,15,33.3,0.15,2.7,19,10.5,0.19,4.2,A2,B1,B1,51.0,52.0,2025,1,2024-05-01,2024-10-31,74,9,4,2,1,2,1,0,0,0,0,0,0,0,0,1,5,6,8,1,0,0,0,0,0,0,0,0,0,0,3,6,7,3,0,0,0,0,0,0,0,0,0,3,5,6,4,2,0,0,0,0,0,0,0,1,0,1,4,2,5,1,2,0,0,0,0,0,0,0,0,1,1,7,3,4,3,0,0,0,0,0,0,0,0,0,0,0,1,埼玉
3697,勝野竜司,カツノ タツジ,兵庫,B2,S,470621,1,52,165,57,B,4.67,23.8,5,5,42,0,0,0.16,6,100.0,0.11,2.5,9,11.1,0.17,3.7,6,0.0,0.12,3.2,5,40.0,0.14,3.4,9,11.1,0.19,4.0,7,0.0,0.19,3.9,B1,B1,B2,48.0,46.0,2025,1,2024-05-01,2024-10-31,74,3,3,0,0,0,0,0,0,0,0,0,0,0,0,1,0,4,2,1,1,0,0,0,0,0,1,0,0,0,0,1,0,1,3,1,0,0,0,0,0,0,0,0,2,0,0,2,1,0,0,0,0,0,0,0,0,1,0,1,2,1,4,0,0,0,0,0,0,0,0,0,0,5,1,0,1,0,0,0,0,0,0,0,0,0,0,1,0,兵庫
3699,富永正人,トミナガ マサト,埼玉,B1,S,471119,1,52,166,53,A,5.29,36.9,17,24,111,2,0,0.17,17,76.4,0.16,3.7,18,38.8,0.17,4.4,22,40.9,0.17,3.5,14,28.5,0.16,3.1,21,23.8,0.16,3.4,19,15.7,0.18,3.7,B1,B1,B1,48.0,49.0,2025,1,2024-05-01,2024-10-31,74,6,7,1,2,0,1,0,0,0,0,0,0,0,0,5,2,4,2,4,1,0,0,0,0,0,0,0,0,2,7,2,4,3,4,0,0,0,0,0,0,0,0,1,3,3,5,2,0,0,0,0,0,0,0,0,0,2,3,2,6,6,1,0,0,0,0,0,0,1,0,1,2,1,3,6,6,0,0,0,0,0,0,0,0,0,0,0,0,埼玉
3701,大西隆洋,オオニシ タカヒロ,香川,B1,S,480219,1,51,171,58,B,4.08,22.3,11,12,103,0,0,0.15,14,57.1,0.15,2.7,18,22.2,0.18,4.0,19,31.5,0.18,3.8,21,19.0,0.12,2.2,12,8.3,0.11,2.5,19,0.0,0.14,2.9,B1,B1,B1,45.0,45.0,2025,1,2024-05-01,2024-10-31,74,5,3,1,1,1,3,0,0,0,0,0,0,0,0,2,2,3,2,5,4,0,0,0,0,0,0,0,0,2,4,0,4,3,6,0,0,0,0,0,0,0,0,2,2,2,10,4,1,0,0,0,0,0,0,0,0,0,1,0,2,4,4,0,0,0,0,0,0,0,1,0,0,3,3,7,6,0,0,0,0,0,0,0,0,0,0,0,0,愛媛
3702,貞兼淳二,サダカネ ジュンジ,福岡,B1,S,480424,1,51,162,58,A,4.68,23.7,7,12,80,0,0,0.13,14,57.1,0.15,2.1,12,33.3,0.12,2.5,13,23.0,0.12,2.2,13,15.3,0.11,2.0,16,12.5,0.12,2.4,12,0.0,0.17,4.7,A2,A2,A2,51.0,48.0,2025,1,2024-05-01,2024-10-31,74,4,4,6,0,0,0,0,0,0,0,0,0,0,0,1,3,1,3,2,2,0,0,0,0,0,0,0,0,1,2,2,4,3,1,0,0,0,0,0,0,0,0,0,2,3,1,3,4,0,0,0,0,0,0,0,0,1,1,2,8,3,1,0,0,0,0,0,0,0,0,0,0,1,4,1,6,0,0,0,0,0,0,0,0,0,0,0,0,福岡
3703,鳥飼眞,トリカイ マコト,福岡,A2,S,481024,1,51,157,50,B,5.85,43.0,18,25,100,3,0,0.16,13,76.9,0.17,3.2,17,58.8,0.15,3.1,21,38.1,0.16,3.1,21,47.6,0.15,3.1,18,22.2,0.17,3.3,10,10.0,0.15,3.3,B1,B2,B2,51.0,51.0,2025,1,2024-05-01,2024-10-31,74,5,5,2,0,1,0,0,0,0,0,0,0,0,0,5,5,2,2,1,2,0,0,0,0,0,0,0,0,2,6,4,3,4,2,0,0,0,0,0,0,0,0,3,7,5,3,1,2,0,0,0,0,0,0,0,0,2,2,2,2,7,3,0,0,0,0,0,0,0,0,1,0,2,4,2,1,0,0,0,0,0,0,0,0,0,0,0,0,福岡
3704,本部めぐみ,ホンブ メグミ,三重,B1,S,481128,2,51,157,47,AB,4.15,19.1,6,7,68,0,0,0.22,15,40.0,0.2,3.9,12,33.3,0.18,3.8,13,7.6,0.28,4.8,11,9.0,0.19,4.0,12,8.3,0.23,4.3,5,0.0,0.25,4.4,B2,B1,B2,46.0,46.0,2025,1,2024-05-01,2024-10-31,74,3,3,2,4,2,1,0,0,0,0,0,0,0,0,2,2,5,0,2,1,0,0,0,0,0,0,0,0,0,1,3,3,3,3,0,0,0,0,0,0,0,0,0,1,0,3,4,3,0,0,0,0,0,0,0,0,1,0,1,2,4,4,0,0,0,0,0,0,0,0,0,0,0,1,2,2,0,0,0,0,0,0,0,0,0,0,0,0,神奈川
3708,岡部貴司,オカベ タカシ,岡山,B1,S,490617,1,50,170,58,B,5.07,29.4,14,24,129,0,0,0.16,19,68.4,0.17,2.7,23,21.7,0.17,2.9,21,19.0,0.15,3.1,24,37.5,0.16,3.0,24,20.8,0.15,3.1,18,11.1,0.16,4.1,B1,B1,B1,50.0,49.0,2025,1,2024-05-01,2024-10-31,74,9,4,2,1,2,1,0,0,0,0,0,0,0,0,2,3,5,6,5,2,0,0,0,0,0,0,0,0,0,4,7,5,4,1,0,0,0,0,0,0,0,0,3,6,8,3,4,0,0,0,0,0,0,0,0,0,0,5,2,8,5,4,0,0,0,0,0,0,0,0,0,2,3,1,4,8,0,0,0,0,0,0,0,0,0,0,0,0,岡山
3710,吉永泰弘,ヨシナガ ヤスヒロ,香川,B1,S,490709,1,50,167,55,O,4.57,20.2,7,13,99,0,0,0.17,14,78.5,0.13,2.4,20,15.0,0.14,2.9,15,6.6,0.17,3.4,19,10.5,0.18,3.7,16,12.5,0.2,3.8,15,6.6,0.19,4.6,B1,B1,B1,47.0,48.0,2025,1,2024-05-01,2024-10-31,74,5,6,2,1,0,0,0,0,0,0,0,0,0,0,0,3,2,8,3,4,0,0,0,0,0,0,0,0,1,0,4,7,2,1,0,0,0,0,0,0,0,0,1,1,4,4,6,3,0,0,0,0,0,0,0,0,0,2,3,6,2,3,0,0,0,0,0,0,0,0,0,1,3,5,4,1,1,0,0,0,0,0,0,0,0,0,0,0,香川
3711,江本真治,エモト シンジ,山口,A2,S,490802,1,50,168,55,O,5.82,37.7,24,27,135,3,0,0.16,28,75.0,0.14,2.8,20,40.0,0.13,2.5,20,35.0,0.13,2.9,22,36.3,0.18,3.4,23,21.7,0.18,3.7,22,9.0,0.17,4.0,A2,A2,A1,53.0,52.0,2025,1,2024-05-01,2024-10-31,74,14,7,3,1,3,0,0,0,0,0,0,0,0,0,3,5,3,6,2,1,0,0,0,0,0,1,0,0,1,6,7,2,4,0,0,0,0,0,0,0,0,0,3,5,5,4,4,1,0,0,0,0,0,0,0,0,2,3,3,6,6,3,0,0,0,0,0,0,0,0,1,1,7,4,5,4,0,0,0,0,0,0,0,0,0,0,0,0,山口
3712,淺香文武,アサカ フミタケ,三重,B1,S,490823,1,50,168,56,A,5.24,35.5,10,32,118,1,0,0.14,19,73.6,0.13,2.0,19,31.5,0.1,2.7,24,33.3,0.13,2.5,19,47.3,0.15,2.9,17,17.6,0.16,3.5,20,10.0,0.18,4.7,B1,B1,B1,49.0,50.0,2025,1,2024-05-01,2024-10-31,74,7,7,3,1,1,0,0,0,0,0,0,1,0,0,0,6,4,5,1,3,0,0,0,0,0,0,0,0,2,6,5,6,2,3,0,0,0,0,0,0,0,0,1,8,0,1,4,5,0,0,0,0,0,0,0,0,0,3,5,7,0,2,0,0,0,0,0,0,0,0,0,2,2,4,6,6,0,0,0,0,0,0,0,0,0,0,0,0,三重
3713,伊藤誠二,イトウ セイジ,愛知,A2,S,490920,1,50,158,56,B,5.95,40.9,20,30,122,2,0,0.14,27,62.9,0.13,2.5,17,47.0,0.14,3.3,19,42.1,0.12,2.7,19,52.6,0.15,2.9,19,21.0,0.13,2.8,21,14.2,0.16,4.0,A2,A2,A2,52.0,52.0,2025,1,2024-05-01,2024-10-31,74,12,5,7,1,0,1,1,0,0,0,0,0,0,0,1,7,4,2,2,1,0,0,0,0,0,0,0,0,0,8,6,4,0,1,0,0,0,0,0,0,0,0,5,5,2,2,2,3,0,0,0,0,0,0,0,0,1,3,4,6,2,3,0,0,0,0,0,0,0,0,1,2,2,7,6,3,0,0,0,0,0,1,0,0,0,0,0,0,愛知
3714,梶原正,カジワラ タダシ,福岡,B1,S,491110,1,50,164,57,O,4.51,26.2,12,15,103,1,0,0.15,16,62.5,0.15,2.8,18,33.3,0.17,3.1,17,29.4,0.13,3.4,17,23.5,0.13,2.2,14,7.1,0.15,3.2,21,4.7,0.19,3.5,B1,B1,B1,47.0,47.0,2025,1,2024-05-01,2024-10-31,74,7,3,1,3,2,0,0,0,0,0,0,0,0,0,2,4,2,6,4,0,0,0,0,0,0,0,0,0,2,3,0,3,8,1,0,0,0,0,0,0,0,0,1,3,2,4,4,3,0,0,0,0,0,0,0,0,0,1,4,3,4,2,0,0,0,0,0,0,0,0,0,1,1,4,6,9,0,0,0,0,0,0,0,0,0,0,0,0,福岡
3715,倉尾大介,クラオ ダイスケ,福岡,B1,S,491205,1,50,164,55,O,5.45,34.6,9,17,75,0,0,0.13,10,70.0,0.11,3.0,15,46.6,0.11,1.9,13,46.1,0.13,2.2,12,33.3,0.16,2.6,14,14.2,0.15,3.2,11,0.0,0.15,2.5,B1,B1,B1,50.0,51.0,2025,1,2024-05-01,2024-10-31,74,2,5,2,1,0,0,0,0,0,0,0,0,0,0,2,5,2,5,1,0,0,0,0,0,0,0,0,0,2,4,3,0,4,0,0,0,0,0,0,0,0,0,3,1,3,2,3,0,0,0,0,0,0,0,0,0,0,2,1,5,3,3,0,0,0,0,0,0,0,0,0,0,4,2,3,2,0,0,0,0,0,0,0,0,0,0,0,0,福岡
3716,石渡鉄兵,イシワタ テッペイ,東京,A1,S,491206,1,50,160,56,O,6.36,37.9,26,18,116,6,2,0.12,24,70.8,0.11,3.0,19,47.3,0.11,2.3,18,44.4,0.14,3.2,19,26.3,0.11,2.7,17,23.5,0.11,2.6,19,5.2,0.15,3.9,A1,A1,A1,66.0,65.0,2025,1,2024-05-01,2024-10-31,74,14,3,1,2,1,3,0,0,0,0,0,0,0,0,3,6,4,3,2,1,0,0,0,0,0,0,0,0,5,3,2,2,3,3,0,0,0,0,0,0,0,0,2,3,4,1,5,4,0,0,0,0,0,0,0,0,2,2,1,5,4,3,0,0,0,0,0,0,0,0,0,1,3,7,6,2,0,0,0,0,0,0,0,0,0,0,0,0,千葉
3717,立間充宏,タツマ ミツヒロ,岡山,A2,S,500212,1,49,164,55,AB,6.06,42.7,29,18,110,3,0,0.14,21,90.4,0.14,3.0,20,45.0,0.15,3.0,17,47.0,0.18,3.4,20,20.0,0.1,2.3,12,41.6,0.11,1.7,19,10.5,0.15,3.1,A2,A1,A1,51.0,51.0,2025,1,2024-05-01,2024-10-31,74,14,5,0,2,0,0,0,0,0,0,0,0,0,0,5,4,4,2,1,4,0,0,0,0,0,0,0,0,3,5,5,1,1,2,0,0,0,0,0,0,0,0,2,2,7,5,2,2,0,0,0,0,0,0,0,0,3,2,1,2,3,0,0,0,0,0,0,0,1,0,2,0,2,5,5,5,0,0,0,0,0,0,0,0,0,0,0,1,岡山
3718,伊達正利,ダテ マサトシ,静岡,B1,S,500218,1,49,168,55,A,4.28,20.6,7,11,87,0,0,0.2,12,50.0,0.15,3.5,14,42.8,0.2,4.4,13,30.7,0.18,3.7,16,0.0,0.21,4.5,18,11.1,0.21,4.7,14,0.0,0.21,4.8,B1,B1,B1,45.0,46.0,2025,1,2024-05-01,2024-10-31,74,3,3,1,3,1,0,1,0,0,0,0,0,0,0,3,3,4,2,0,2,0,0,0,0,0,0,0,0,1,3,3,1,3,2,0,0,0,0,0,0,0,0,0,0,7,1,4,4,0,0,0,0,0,0,0,0,0,2,2,2,8,4,0,0,0,0,0,0,0,0,0,0,1,3,4,6,0,0,0,0,0,0,0,0,0,0,2,0,静岡
3719,辻栄蔵,ツジ エイゾウ,広島,A1,S,500323,1,49,168,54,O,6.83,45.9,23,34,124,3,0,0.15,27,77.7,0.13,2.7,22,54.5,0.18,4.5,17,23.5,0.14,3.5,16,37.5,0.14,3.5,20,40.0,0.14,3.3,22,27.2,0.17,4.2,A1,A1,A1,67.0,66.0,2025,1,2024-05-01,2024-10-31,74,12,9,0,3,2,0,1,0,0,0,0,0,0,0,2,10,1,4,3,2,0,0,0,0,0,0,0,0,2,2,8,4,1,0,0,0,0,0,0,0,0,0,3,3,7,0,1,2,0,0,0,0,0,0,0,0,4,4,0,4,5,3,0,0,0,0,0,0,0,0,0,6,6,6,1,3,0,0,0,0,0,0,0,0,0,0,0,0,広島
3721,守田俊介,モリタ シュンスケ,滋賀,A1,S,500812,1,49,171,55,A,7.0,48.9,23,24,96,4,0,0.12,18,94.4,0.1,2.6,19,52.6,0.12,2.8,14,57.1,0.09,2.7,20,35.0,0.12,2.9,15,26.6,0.14,3.2,10,10.0,0.12,2.5,A1,A1,A1,59.0,68.0,2025,1,2024-05-01,2024-10-31,74,14,3,0,0,0,1,0,0,0,0,0,0,0,0,4,6,4,3,0,2,0,0,0,0,0,0,0,0,2,6,1,2,1,2,0,0,0,0,0,1,0,0,2,5,4,1,2,5,1,0,0,0,0,0,0,0,1,3,3,4,2,2,0,0,0,0,0,1,0,0,0,1,2,2,3,2,0,0,0,0,0,0,0,0,0,0,0,0,京都
3722,西村秀樹,ニシムラ ヒデキ,福岡,B1,S,450712,1,54,157,54,A,3.97,18.9,6,8,74,0,0,0.17,11,45.4,0.15,2.6,12,25.0,0.17,3.4,15,20.0,0.16,3.2,13,15.3,0.16,3.0,12,8.3,0.18,3.3,11,0.0,0.22,3.9,B1,B1,B1,43.0,45.0,2025,1,2024-05-01,2024-10-31,75,4,1,3,1,2,0,0,0,0,0,0,1,0,0,2,1,3,2,2,2,0,0,0,0,0,0,0,0,0,3,1,2,2,7,0,0,0,0,0,0,0,0,0,2,0,7,4,0,0,0,0,0,0,0,0,0,0,1,0,3,4,4,0,0,0,0,0,0,0,0,0,0,1,3,2,5,0,0,0,0,0,0,0,0,0,0,1,0,福岡
3726,桂林寛,カツラバヤシ ヒロシ,福岡,B1,S,460710,1,53,165,54,A,5.0,33.3,12,22,102,0,0,0.16,14,78.5,0.17,3.4,18,33.3,0.17,3.7,22,45.4,0.15,2.6,14,21.4,0.14,2.9,21,19.0,0.14,2.6,13,0.0,0.18,3.7,B1,B1,B1,48.0,48.0,2025,1,2024-05-01,2024-10-31,75,5,6,2,1,0,0,0,0,0,0,0,0,0,0,0,6,4,2,3,3,0,0,0,0,0,0,0,0,5,5,2,1,6,2,1,0,0,0,0,0,0,0,1,2,1,5,4,1,0,0,0,0,0,1,0,0,1,3,4,6,5,2,0,0,0,0,0,0,0,0,0,0,1,3,5,4,0,0,0,0,0,0,0,0,0,0,0,0,福岡
3730,塩崎優司,シオサキ ユウジ,愛知,B1,S,470619,1,52,165,53,A,4.26,22.2,8,20,126,0,0,0.16,18,50.0,0.15,3.5,21,23.8,0.15,3.2,22,27.2,0.15,2.9,25,16.0,0.17,3.0,21,14.2,0.19,3.6,19,5.2,0.17,4.1,B1,B1,B1,47.0,47.0,2025,1,2024-05-01,2024-10-31,75,6,3,3,2,2,2,0,0,0,0,0,0,0,0,0,5,1,7,5,3,0,0,0,0,0,0,0,0,2,4,7,2,7,0,0,0,0,0,0,0,0,0,0,4,2,7,9,3,0,0,0,0,0,0,0,0,0,3,1,4,9,4,0,0,0,0,0,0,0,0,0,1,2,5,6,5,0,0,0,0,0,0,0,0,0,0,0,0,愛知
3731,高濱芳久,タカハマ ヨシヒサ,広島,B1,S,480711,1,51,160,54,A,4.91,34.2,15,21,105,0,0,0.19,15,60.0,0.2,3.9,29,55.1,0.18,4.3,23,34.7,0.19,3.8,20,15.0,0.17,3.3,17,0.0,0.19,4.2,1,0.0,0.16,1.0,B1,B1,B1,49.0,48.0,2025,1,2024-05-01,2024-10-31,75,8,1,2,1,1,2,0,0,0,0,0,0,0,0,6,10,3,3,5,2,0,0,0,0,0,0,0,0,1,7,5,2,4,4,0,0,0,0,0,0,0,0,0,3,3,5,3,6,0,0,0,0,0,0,0,0,0,0,0,3,9,5,0,0,0,0,0,0,0,0,0,0,0,0,0,1,0,0,0,0,0,0,0,0,0,0,0,0,広島
3736,岡本猛,オカモト タケシ,大阪,B1,S,481118,1,51,172,53,A,5.19,32.5,16,28,135,0,0,0.16,20,80.0,0.17,3.5,22,31.8,0.16,4.0,29,31.0,0.16,2.8,19,26.3,0.13,2.9,26,23.0,0.16,3.0,19,5.2,0.17,3.5,B1,B1,A2,49.0,49.0,2025,1,2024-05-01,2024-10-31,75,8,8,1,2,0,1,0,0,0,0,0,0,0,0,4,3,4,4,4,3,0,0,0,0,0,0,0,0,2,7,9,5,3,3,0,0,0,0,0,0,0,0,1,4,1,3,5,5,0,0,0,0,0,0,0,0,1,5,9,2,6,3,0,0,0,0,0,0,0,0,0,1,4,6,2,6,0,0,0,0,0,0,0,0,0,0,0,0,大阪
3737,上平真二,ウエヒラ シンジ,広島,A1,S,481128,1,51,167,54,B,7.17,52.0,34,29,121,8,2,0.15,33,78.7,0.15,3.7,19,47.3,0.18,3.8,22,45.4,0.12,3.4,21,47.6,0.14,3.7,16,43.7,0.18,3.7,10,10.0,0.16,3.8,A1,A1,A1,64.0,58.0,2025,1,2024-05-01,2024-10-31,75,20,6,4,2,1,0,0,0,0,0,0,0,0,0,4,5,2,5,2,1,0,0,0,0,0,0,0,0,5,5,3,5,2,2,0,0,0,0,0,0,0,0,3,7,7,4,0,0,0,0,0,0,0,0,0,0,1,6,5,2,1,1,0,0,0,0,0,1,0,0,1,0,4,5,0,0,0,0,0,0,0,0,0,0,0,0,1,0,広島
3740,大澤普司,オオサワ シンジ,群馬,A2,S,490506,1,50,157,57,A,5.78,36.2,19,22,113,4,0,0.16,21,76.1,0.18,3.6,18,44.4,0.15,3.3,19,42.1,0.15,2.8,17,23.5,0.14,2.4,18,16.6,0.15,3.6,19,10.5,0.16,3.6,A2,A1,A2,53.0,52.0,2025,1,2024-05-01,2024-10-31,75,9,7,1,1,1,2,0,0,0,0,0,0,0,0,4,4,4,5,1,0,0,0,0,0,0,0,0,0,2,6,4,3,1,3,0,0,0,0,0,0,0,0,3,1,4,7,2,0,0,0,0,0,0,0,0,0,1,2,5,3,5,1,1,0,0,0,0,0,0,0,0,2,6,4,4,3,0,0,0,0,0,0,0,0,0,0,0,1,群馬
3741,松尾基成,マツオ モトナリ,福岡,B1,S,490516,1,50,163,57,A,3.86,16.9,9,9,106,0,0,0.18,14,64.2,0.16,2.6,21,4.7,0.17,4.0,20,25.0,0.2,4.1,17,11.7,0.17,3.4,23,4.3,0.18,4.3,11,0.0,0.22,5.1,B1,B1,B1,47.0,45.0,2025,1,2024-05-01,2024-10-31,75,6,3,3,1,1,0,0,0,0,0,0,0,0,0,0,1,4,8,4,4,0,0,0,0,0,0,0,0,2,3,1,4,3,7,0,0,0,0,0,0,0,0,1,1,3,4,7,1,0,0,0,0,0,0,0,0,0,1,4,0,10,8,0,0,0,0,0,0,0,0,0,0,0,1,5,5,0,0,0,0,0,0,0,0,0,0,0,0,福岡
3742,宮地秀祈,ミヤチ ヒデキ,福岡,B1,S,490712,1,50,167,54,B,4.12,20.4,7,10,83,0,0,0.2,13,61.5,0.18,3.4,16,18.7,0.19,4.1,12,16.6,0.2,4.4,19,10.5,0.23,4.2,13,15.3,0.21,3.9,10,0.0,0.2,4.0,B1,B1,B1,48.0,45.0,2025,1,2024-05-01,2024-10-31,75,5,3,0,2,2,1,0,0,0,0,0,0,0,0,1,2,5,4,2,1,0,0,0,0,0,0,1,0,0,2,0,5,2,2,0,0,0,0,0,0,1,0,0,2,1,3,4,8,1,0,0,0,0,0,0,0,1,1,3,2,2,4,0,0,0,0,0,0,0,0,0,0,3,2,3,2,0,0,0,0,0,0,0,0,0,0,0,0,福岡
3743,林美憲,ハヤシ ヨシノリ,徳島,A1,S,491116,1,50,161,52,A,6.91,57.1,46,34,140,6,1,0.14,34,76.4,0.14,2.8,32,37.5,0.15,3.5,33,63.6,0.15,3.2,35,48.5,0.13,2.6,5,80.0,0.1,1.4,1,0.0,0.13,1.0,A1,A1,A1,59.0,54.0,2025,1,2024-05-01,2024-10-31,75,21,5,4,0,1,3,0,0,0,0,0,1,0,0,5,7,6,6,5,3,0,0,0,0,0,0,0,0,8,13,4,2,3,3,0,0,0,0,0,0,0,0,9,8,8,5,3,2,0,0,0,0,0,0,0,0,3,1,0,1,0,0,0,0,0,0,0,0,0,0,0,0,0,1,0,0,0,0,0,0,0,0,0,0,0,0,0,0,徳島
3744,徳増秀樹,トクマス ヒデキ,静岡,A1,S,491129,1,50,166,55,A,6.49,49.3,33,37,142,4,1,0.12,27,92.5,0.13,3.7,30,46.6,0.12,3.3,22,59.0,0.13,2.9,32,31.2,0.12,2.7,23,34.7,0.12,3.0,8,0.0,0.11,3.5,A1,A1,A1,63.0,61.0,2025,1,2024-05-01,2024-10-31,75,17,8,0,1,1,0,0,0,0,0,0,0,0,0,3,11,3,2,6,5,0,0,0,0,0,0,0,0,3,10,4,2,3,0,0,0,0,0,0,0,0,0,4,6,6,5,4,7,0,0,0,0,0,0,0,0,6,2,1,3,4,6,1,0,0,0,0,0,0,0,0,0,3,1,1,3,0,0,0,0,0,0,0,0,0,0,0,0,静岡
3745,橋本年光,ハシモト トシミツ,兵庫,A1,S,491219,1,50,165,54,O,6.28,39.6,17,27,111,7,0,0.16,18,66.6,0.16,3.5,19,68.4,0.14,3.4,22,36.3,0.2,4.0,23,21.7,0.14,3.5,15,26.6,0.14,3.4,14,14.2,0.19,4.6,A2,A2,A2,50.0,54.0,2025,1,2024-05-01,2024-10-31,75,6,6,3,2,1,0,0,0,0,0,0,1,0,0,8,5,4,1,1,0,0,0,0,0,0,0,0,0,1,7,8,2,3,1,0,0,0,0,0,0,0,0,1,4,7,10,1,0,0,0,0,0,0,0,0,0,1,3,7,2,2,0,0,0,0,0,0,0,0,0,0,2,2,5,3,2,0,0,0,0,0,0,0,0,0,0,1,0,兵庫
3746,岡瀬正人,オカセ マサト,岡山,A2,S,500311,1,49,162,54,O,5.52,37.2,24,33,153,2,0,0.17,29,75.8,0.15,3.6,29,37.9,0.17,3.9,23,43.4,0.16,3.6,24,25.0,0.19,4.3,26,15.3,0.18,4.5,22,18.1,0.17,4.5,A2,A2,A2,51.0,51.0,2025,1,2024-05-01,2024-10-31,75,17,5,0,2,3,2,0,0,0,0,0,0,0,0,3,8,8,5,4,1,0,0,0,0,0,0,0,0,2,8,4,3,4,2,0,0,0,0,0,1,0,0,1,5,6,4,5,3,0,0,0,0,0,0,0,0,1,3,5,8,4,5,0,0,0,0,0,0,0,0,0,4,2,8,6,2,0,0,0,0,0,0,0,0,0,0,0,0,岡山
3747,國崎良春,クニサキ ヨシハル,福岡,B1,S,500402,1,49,168,52,AB,5.43,35.5,23,25,135,1,0,0.15,27,85.1,0.16,3.3,21,28.5,0.15,3.7,25,32.0,0.18,2.8,19,5.2,0.14,3.4,18,27.7,0.15,2.6,25,20.0,0.12,2.6,A2,A2,A2,52.0,50.0,2025,1,2024-05-01,2024-10-31,75,16,7,2,0,0,2,0,0,0,0,0,0,0,0,3,3,6,4,2,3,0,0,0,0,0,0,0,0,1,7,3,5,2,7,0,0,0,0,0,0,0,0,0,1,8,5,2,3,0,0,0,0,0,0,0,0,1,4,3,5,2,3,0,0,0,0,0,0,0,0,2,3,2,8,6,4,0,0,0,0,0,0,0,0,0,0,0,0,福岡
3748,小黒竜吾,オグロ リュウゴ,埼玉,B1,S,500708,1,49,169,58,B,4.15,19.2,11,9,104,0,0,0.16,11,45.4,0.13,2.3,20,10.0,0.17,3.1,18,38.8,0.17,3.0,19,21.0,0.17,3.3,22,9.0,0.15,3.1,14,0.0,0.16,3.4,B1,B1,B1,46.0,46.0,2025,1,2024-05-01,2024-10-31,75,3,2,1,3,2,0,0,0,0,0,0,0,0,0,1,1,4,3,4,7,0,0,0,0,0,0,0,0,4,3,0,5,4,2,0,0,0,0,0,0,0,0,3,1,2,4,7,2,0,0,0,0,0,0,0,0,0,2,6,5,5,4,0,0,0,0,0,0,0,0,0,0,2,1,6,5,0,0,0,0,0,0,0,0,0,0,0,0,埼玉
3752,宇土泰就,ウト ヤスナリ,福岡,B1,S,460516,1,53,168,55,A,4.02,16.6,8,11,114,0,0,0.16,15,46.6,0.18,3.5,21,19.0,0.16,3.7,18,16.6,0.18,3.8,21,4.7,0.16,3.7,21,9.5,0.14,2.8,18,11.1,0.14,3.3,B1,B1,B1,46.0,45.0,2025,1,2024-05-01,2024-10-31,76,4,3,2,2,3,1,0,0,0,0,0,0,0,0,2,2,7,7,2,1,0,0,0,0,0,0,0,0,0,3,3,4,5,3,0,0,0,0,0,0,0,0,0,1,2,4,4,10,0,0,0,0,0,1,0,0,1,1,6,3,6,3,0,0,0,0,0,0,1,0,1,1,1,3,3,8,0,0,0,0,0,0,1,0,0,0,0,0,福岡
3757,畑和宏,ハタ カズヒロ,広島,B1,S,461103,1,53,170,51,A,5.1,24.5,13,13,106,1,0,0.15,17,70.5,0.13,2.5,17,35.2,0.13,2.5,18,5.5,0.13,2.6,19,21.0,0.16,3.0,17,11.7,0.17,3.5,18,5.5,0.18,4.0,B1,B1,B1,48.0,50.0,2025,1,2024-05-01,2024-10-31,76,8,4,1,0,4,0,0,0,0,0,0,0,0,0,3,3,4,5,1,1,0,0,0,0,0,0,0,0,0,1,8,6,2,1,0,0,0,0,0,0,0,0,1,3,5,7,2,1,0,0,0,0,0,0,0,0,0,2,5,5,2,3,0,0,0,0,0,0,0,0,1,0,2,6,2,7,0,0,0,0,0,0,0,0,0,0,0,0,広島
3761,山本光雄,ヤマモト ミツオ,滋賀,B1,S,470211,1,52,166,54,AB,4.61,26.0,17,19,138,0,0,0.16,18,72.2,0.15,2.8,27,37.0,0.18,3.9,28,21.4,0.15,3.4,20,15.0,0.15,3.1,29,13.7,0.16,2.9,16,0.0,0.15,3.4,B1,B1,B1,50.0,47.0,2025,1,2024-05-01,2024-10-31,76,10,3,1,2,2,0,0,0,0,0,0,0,0,0,2,8,1,6,7,3,0,0,0,0,0,0,0,0,3,3,7,7,6,2,0,0,0,0,0,0,0,0,1,2,2,5,4,6,0,0,0,0,0,0,0,0,1,3,5,7,7,6,0,0,0,0,0,0,0,0,0,0,2,4,4,5,0,0,0,0,0,0,1,0,0,0,0,0,滋賀
3769,佐竹恒彦,サタケ ツネヒコ,滋賀,A2,S,480905,1,51,167,54,O,5.63,33.3,13,18,93,0,0,0.15,15,86.6,0.11,2.2,18,44.4,0.17,3.4,15,40.0,0.12,1.9,19,15.7,0.14,2.8,14,7.1,0.17,3.1,12,0.0,0.2,5.0,B1,B1,A2,50.0,51.0,2025,1,2024-05-01,2024-10-31,76,9,4,1,0,0,1,0,0,0,0,0,0,0,0,2,6,5,3,2,0,0,0,0,0,0,0,0,0,1,5,4,4,0,1,0,0,0,0,0,0,0,0,1,2,5,7,3,0,1,0,0,0,0,0,0,0,0,1,3,5,5,0,0,0,0,0,0,1,0,0,0,0,3,5,2,2,0,0,0,0,0,0,0,0,0,0,1,0,滋賀
3771,折下寛法,オリシタ ヒロノリ,東京,A2,S,490310,1,50,173,53,B,5.46,35.8,16,22,106,1,0,0.14,19,84.2,0.14,1.9,17,47.0,0.13,2.5,21,28.5,0.13,3.0,20,20.0,0.14,3.0,16,18.7,0.14,2.3,13,7.6,0.14,3.2,A2,A2,A2,51.0,51.0,2025,1,2024-05-01,2024-10-31,76,11,5,0,3,0,0,0,0,0,0,0,0,0,0,4,4,2,5,2,0,0,0,0,0,0,0,0,0,1,5,4,5,6,0,0,0,0,0,0,0,0,0,0,4,1,6,5,4,0,0,0,0,0,0,0,0,0,3,8,0,5,0,0,0,0,0,0,0,0,0,0,1,3,1,5,3,0,0,0,0,0,0,0,0,0,0,0,0,東京
3772,一柳和孝,イチヤナギ カズタカ,埼玉,A2,S,490403,1,50,163,54,A,5.51,39.0,16,27,110,1,1,0.15,23,78.2,0.13,2.7,15,33.3,0.16,3.0,16,43.7,0.15,3.1,24,37.5,0.15,2.6,14,21.4,0.13,2.4,18,5.5,0.16,3.7,A2,A2,B1,51.0,51.0,2025,1,2024-05-01,2024-10-31,76,13,5,1,2,2,0,0,0,0,0,0,0,0,0,0,5,5,3,2,0,0,0,0,0,0,1,0,0,1,6,4,1,3,1,0,0,0,0,0,0,0,0,2,7,3,4,8,0,0,0,0,0,0,0,0,0,0,3,2,6,2,1,0,0,0,0,0,0,0,0,0,1,2,2,6,7,0,0,0,0,0,0,0,0,0,0,0,0,埼玉
3773,津留浩一郎,ツル コウイチロウ,長崎,B1,S,490509,1,50,161,57,B,4.72,30.0,17,10,90,0,0,0.16,15,53.3,0.12,2.5,14,42.8,0.15,3.0,17,11.7,0.18,3.7,16,50.0,0.14,3.0,11,9.0,0.19,3.6,15,13.3,0.16,3.5,B1,B1,B1,49.0,46.0,2025,1,2024-05-01,2024-10-31,76,6,2,1,4,1,1,0,0,0,0,0,0,0,0,3,3,1,1,1,5,0,0,0,0,0,0,0,0,1,1,4,0,6,5,0,0,0,0,0,0,0,0,6,2,3,1,1,3,0,0,0,0,0,0,0,0,0,1,3,2,0,5,0,0,0,0,0,0,0,0,1,1,2,2,5,4,0,0,0,0,0,0,0,0,0,0,0,2,長崎
3775,泉啓文,イズミ ヒロフミ,岡山,B1,S,490815,1,50,161,57,A,4.77,29.7,15,24,131,2,0,0.17,19,68.4,0.16,3.5,22,22.7,0.18,3.9,24,37.5,0.16,2.9,19,31.5,0.18,3.3,24,16.6,0.16,3.1,23,8.7,0.17,3.8,B1,B1,B1,47.0,48.0,2025,1,2024-05-01,2024-10-31,76,8,5,1,1,2,2,0,0,0,0,0,0,0,0,2,3,2,8,3,4,0,0,0,0,0,0,0,0,1,8,4,2,3,6,0,0,0,0,0,0,0,0,2,4,4,1,2,6,0,0,0,0,0,0,0,0,2,2,4,7,6,3,0,0,0,0,0,0,0,0,0,2,5,2,10,4,0,0,0,0,0,0,0,0,0,0,0,0,岡山
3776,横井健太,ヨコイ ケンタ,愛知,B1,S,500518,1,49,171,56,A,3.3,10.8,3,10,120,0,0,0.18,16,43.7,0.14,2.7,22,18.1,0.19,4.4,13,7.6,0.15,3.9,27,3.7,0.18,3.9,21,0.0,0.18,3.7,21,0.0,0.2,5.0,B1,B1,B1,45.0,43.0,2025,1,2024-05-01,2024-10-31,76,3,4,3,2,1,3,0,0,0,0,0,0,0,0,0,4,3,4,5,6,0,0,0,0,0,0,0,0,0,1,2,3,4,2,0,0,0,0,0,0,1,0,0,1,2,10,11,3,0,0,0,0,0,0,0,0,0,0,4,5,3,9,0,0,0,0,0,0,0,0,0,0,0,2,8,11,0,0,0,0,0,0,0,0,0,0,0,0,愛知
3777,樋口亮,ヒグチ リョウ,長崎,A2,S,500806,1,49,170,52,A,5.99,42.4,28,31,139,5,0,0.17,29,65.5,0.14,2.9,20,65.0,0.16,2.8,21,38.1,0.18,3.5,24,33.3,0.17,3.2,25,40.0,0.17,3.8,20,5.0,0.19,4.5,A2,A1,A2,54.0,52.0,2025,1,2024-05-01,2024-10-31,76,12,7,5,1,3,1,0,0,0,0,0,0,0,0,7,6,2,3,0,2,0,0,0,0,0,0,0,0,3,5,6,4,2,1,0,0,0,0,0,0,0,0,3,5,4,3,7,2,0,0,0,0,0,0,0,0,3,7,5,8,1,1,0,0,0,0,0,0,0,0,0,1,2,6,8,3,0,0,0,0,0,0,0,0,0,0,0,0,長崎
3778,安達美帆,アダチ ミホ,埼玉,B1,S,501016,2,49,161,46,O,4.39,25.0,9,10,76,0,0,0.21,13,46.1,0.18,4.0,17,11.7,0.2,3.5,14,35.7,0.19,4.1,9,44.4,0.19,3.1,13,7.6,0.21,4.1,10,10.0,0.3,5.0,B1,B1,B1,44.0,46.0,2025,1,2024-05-01,2024-10-31,76,5,1,1,2,0,4,0,0,0,0,0,0,0,0,0,2,6,1,3,5,0,0,0,0,0,0,0,0,2,3,2,1,5,1,0,0,0,0,0,0,0,0,1,3,1,0,3,1,0,0,0,0,0,1,0,0,1,0,0,4,4,4,0,0,0,0,0,0,0,0,0,1,3,0,3,3,0,0,0,0,0,0,0,0,0,0,0,0,埼玉
3779,原田幸哉,ハラダ ユキヤ,長崎,A1,S,501024,1,49,172,54,B,6.52,39.1,31,14,115,2,1,0.12,24,91.6,0.14,3.0,20,35.0,0.13,3.5,18,33.3,0.1,2.7,21,28.5,0.11,2.3,16,18.7,0.13,3.1,16,6.2,0.08,2.4,A1,A1,A1,71.0,66.0,2025,1,2024-05-01,2024-10-31,76,18,4,1,1,0,0,0,0,0,0,0,0,0,0,3,4,4,4,3,1,1,0,0,0,0,0,0,0,4,2,4,2,4,2,0,0,0,0,0,0,0,0,4,2,5,4,3,2,1,0,0,0,0,0,0,0,1,2,2,2,3,6,0,0,0,0,0,0,0,0,1,0,3,5,4,3,0,0,0,0,0,0,0,0,0,0,0,0,愛知
3780,魚谷智之,ウオタニ トモユキ,兵庫,A1,S,501102,1,49,162,54,A,6.82,46.2,33,28,132,4,0,0.14,28,82.1,0.14,3.1,27,59.2,0.14,3.8,22,36.3,0.14,3.4,19,42.1,0.13,3.3,21,14.2,0.13,3.1,15,20.0,0.15,3.1,A1,A1,A1,70.0,64.0,2025,1,2024-05-01,2024-10-31,76,20,3,0,2,3,0,0,0,0,0,0,0,0,0,4,12,2,5,1,2,0,0,0,0,0,0,1,0,3,5,5,5,3,0,0,0,0,0,0,0,0,1,5,3,5,2,3,1,0,0,0,0,0,0,0,0,1,2,6,3,5,4,0,0,0,0,0,0,0,0,0,3,5,2,3,2,0,0,0,0,0,0,0,0,0,0,0,0,兵庫
3783,瓜生正義,ウリュウ マサヨシ,福岡,A1,S,510305,1,48,159,52,A,7.08,46.2,21,28,106,3,0,0.12,22,81.8,0.1,3.0,16,56.2,0.13,3.6,20,50.0,0.12,3.4,17,41.1,0.12,3.0,20,25.0,0.13,3.7,11,0.0,0.12,3.3,A1,A1,A1,72.0,73.0,2025,1,2024-05-01,2024-10-31,76,12,6,2,0,1,1,0,0,0,0,0,0,0,0,4,5,2,2,2,1,0,0,0,0,0,0,0,0,2,8,1,3,4,2,0,0,0,0,0,0,0,0,2,5,5,0,1,4,0,0,0,0,0,0,0,0,1,4,4,3,4,4,0,0,0,0,0,1,0,0,0,0,2,1,5,3,0,0,0,0,0,0,0,0,0,0,0,0,福岡
3784,中島友和,ナカシマ トモカズ,佐賀,B1,S,510830,1,48,167,54,AB,4.69,21.9,10,15,114,0,0,0.15,19,47.3,0.14,2.6,18,22.2,0.15,3.4,17,29.4,0.17,3.2,26,19.2,0.14,2.7,19,10.5,0.17,3.4,15,0.0,0.17,3.7,B1,B1,B1,49.0,48.0,2025,1,2024-05-01,2024-10-31,76,5,4,6,2,0,2,0,0,0,0,0,0,0,0,1,3,4,2,4,4,0,0,0,0,0,0,0,0,2,3,4,4,3,1,0,0,0,0,0,0,0,0,2,3,10,6,2,3,0,0,0,0,0,0,0,0,0,2,4,4,6,3,0,0,0,0,0,0,0,0,0,0,2,1,4,8,0,0,0,0,0,0,0,0,0,0,0,0,佐賀
3787,天野誠,アマノ マコト,岡山,B1,S,460913,1,53,162,53,A,3.97,17.3,2,10,69,0,0,0.19,12,50.0,0.17,3.8,10,10.0,0.2,4.1,8,12.5,0.19,3.5,14,21.4,0.21,4.1,12,8.3,0.19,3.4,12,0.0,0.2,4.2,B1,B2,B1,45.0,45.0,2025,1,2024-05-01,2024-10-31,77,2,4,2,2,1,1,0,0,0,0,0,0,0,0,0,1,2,4,2,1,0,0,0,0,0,0,0,0,0,1,2,2,1,2,0,0,0,0,0,0,0,0,0,3,3,3,2,3,0,0,0,0,0,0,0,0,0,1,1,4,2,4,0,0,0,0,0,1,0,0,0,0,1,2,4,5,0,0,0,0,0,0,0,0,0,0,1,1,岡山
3788,一宮稔弘,イチミヤ トシヒロ,徳島,B2,S,461001,1,53,162,54,AB,6.14,42.8,6,3,21,0,0,0.11,5,80.0,0.11,2.0,4,50.0,0.16,2.5,2,0.0,0.12,2.3,3,33.3,0.08,2.3,4,25.0,0.07,1.8,3,33.3,0.09,2.3,A2,A2,A1,54.0,51.0,2025,1,2024-05-01,2024-10-31,77,3,1,0,0,0,1,0,0,0,0,0,0,0,0,0,2,2,0,0,0,0,0,0,0,0,0,0,0,0,0,1,0,1,0,0,0,0,0,0,1,0,0,1,0,1,0,0,1,0,0,0,0,0,0,0,0,1,0,1,2,0,0,0,0,0,0,0,0,0,0,1,0,0,0,1,1,0,0,0,0,0,0,0,0,0,0,1,0,徳島
3790,佐口達也,サグチ タツヤ,群馬,B1,S,470624,1,52,168,56,A,4.29,18.7,10,13,123,0,0,0.15,18,44.4,0.12,2.4,22,18.1,0.14,3.0,28,25.0,0.12,2.3,14,14.2,0.14,3.2,27,3.7,0.18,4.0,14,7.1,0.17,3.9,B1,B1,B1,49.0,47.0,2025,1,2024-05-01,2024-10-31,77,8,0,7,1,1,1,0,0,0,0,0,0,0,0,0,4,1,3,10,4,0,0,0,0,0,1,0,0,0,7,9,5,6,1,0,0,0,0,0,0,0,0,1,1,2,4,3,3,0,0,0,0,0,0,0,0,1,0,4,4,11,7,0,0,0,0,0,0,0,0,0,1,3,3,3,4,0,0,0,0,0,0,0,0,0,0,0,0,群馬
3792,田中豪,タナカ ツヨシ,東京,A2,S,471007,1,52,162,54,A,5.86,44.4,18,14,72,1,0,0.16,15,86.6,0.15,3.8,11,45.4,0.16,3.4,11,54.5,0.15,2.8,16,43.7,0.16,3.8,8,0.0,0.19,4.1,11,9.0,0.19,5.0,A2,B1,A1,52.0,51.0,2025,1,2024-05-01,2024-10-31,77,10,3,0,1,1,0,0,0,0,0,0,0,0,0,1,4,0,2,2,2,0,0,0,0,0,1,0,0,4,2,4,0,0,1,0,0,0,0,0,0,0,0,2,5,3,2,3,1,0,0,0,0,0,0,0,0,0,0,1,3,2,2,0,0,0,0,0,0,0,0,1,0,2,1,3,4,0,0,0,0,0,0,0,0,0,0,1,0,東京
3793,高橋真吾,タカハシ シンゴ,埼玉,B1,S,471016,1,52,172,59,O,3.92,16.0,4,13,106,0,0,0.18,11,36.3,0.2,3.3,22,18.1,0.17,3.1,17,35.2,0.15,2.8,16,18.7,0.17,4.1,20,0.0,0.2,3.9,19,0.0,0.19,4.4,B1,B1,B1,46.0,44.0,2025,1,2024-05-01,2024-10-31,77,3,1,1,2,1,2,0,0,0,0,0,0,1,0,1,3,7,3,3,5,0,0,0,0,0,0,0,0,0,6,6,1,2,2,0,0,0,0,0,0,0,0,0,3,1,4,5,2,1,0,0,0,0,0,0,0,0,0,3,5,8,4,0,0,0,0,0,0,0,0,0,0,4,2,5,8,0,0,0,0,0,0,0,0,0,0,0,1,東京
3796,長野道臣,ナガノ ミチオ,静岡,A2,S,480604,1,51,167,55,A,5.56,39.0,31,24,141,2,0,0.17,26,80.7,0.16,3.4,22,40.9,0.18,3.5,25,36.0,0.16,3.2,19,31.5,0.17,3.4,22,27.2,0.17,3.6,27,14.8,0.18,4.1,A2,A2,B1,49.0,50.0,2025,1,2024-05-01,2024-10-31,77,16,5,0,3,0,2,0,0,0,0,0,0,0,0,3,6,3,2,5,3,0,0,0,0,0,0,0,0,3,6,5,5,3,3,0,0,0,0,0,0,0,0,4,2,2,5,5,1,0,0,0,0,0,0,0,0,4,2,7,2,4,3,0,0,0,0,0,0,0,0,1,3,3,7,4,9,0,0,0,0,0,0,0,0,0,0,0,0,静岡
3797,岩井繁,イワイ シゲル,広島,B1,S,480619,1,51,169,62,O,3.98,17.2,11,10,122,0,0,0.19,18,44.4,0.2,4.2,20,15.0,0.2,4.8,25,24.0,0.19,4.1,20,10.0,0.2,4.4,13,7.6,0.18,4.2,26,3.8,0.2,4.6,B1,B1,B1,46.0,45.0,2025,1,2024-05-01,2024-10-31,77,6,2,0,3,1,5,1,0,0,0,0,0,0,0,2,1,4,5,4,4,0,0,0,0,0,0,0,0,2,4,4,8,2,5,0,0,0,0,0,0,0,0,0,2,8,2,4,4,0,0,0,0,0,0,0,0,1,0,2,3,3,4,0,0,0,0,0,0,0,0,0,1,0,8,5,12,0,0,0,0,0,0,0,0,0,0,0,0,広島
3800,牧宏次,マキ コウジ,東京,A1,S,490109,1,50,165,53,AB,6.26,43.0,23,17,93,2,1,0.16,18,77.7,0.15,2.6,14,50.0,0.14,3.0,15,60.0,0.16,2.9,14,35.7,0.16,2.6,18,22.2,0.18,3.3,14,7.1,0.2,4.6,B1,B1,B1,48.0,53.0,2025,1,2024-05-01,2024-10-31,77,9,5,2,1,1,0,0,0,0,0,0,0,0,0,5,2,4,2,0,1,0,0,0,0,0,0,0,0,3,6,4,2,0,0,0,0,0,0,0,0,0,0,3,2,2,2,3,2,0,0,0,0,0,0,0,0,3,1,5,5,0,4,0,0,0,0,0,0,0,0,0,1,5,2,4,2,0,0,0,0,0,0,0,0,0,0,0,0,神奈川
3801,五反田忍,ゴタンダ シノブ,大阪,B1,S,490115,2,50,162,52,B,4.42,30.7,13,15,91,0,0,0.17,14,71.4,0.21,3.6,18,44.4,0.2,3.9,15,13.3,0.19,3.3,16,18.7,0.13,2.3,16,18.7,0.15,2.8,12,16.6,0.18,3.2,B1,B1,B1,48.0,45.0,2025,1,2024-05-01,2024-10-31,77,8,2,0,1,1,2,0,0,0,0,0,0,0,0,1,7,2,1,2,5,0,0,0,0,0,0,0,0,0,2,1,2,5,5,0,0,0,0,0,0,0,0,2,1,3,3,5,2,0,0,0,0,0,0,0,0,1,2,2,1,4,6,0,0,0,0,0,0,0,0,1,1,1,0,3,6,0,0,0,0,0,0,0,0,0,0,0,0,大阪
3802,森岡まき,モリオカ マキ,岡山,B1,S,490213,2,50,154,48,A,4.29,27.5,9,7,58,0,0,0.17,9,66.6,0.17,1.9,10,30.0,0.17,3.2,8,25.0,0.15,2.4,10,10.0,0.18,3.7,13,23.0,0.16,3.2,8,12.5,0.18,3.1,B1,B1,B1,44.0,45.0,2025,1,2024-05-01,2024-10-31,77,5,1,1,0,1,1,0,0,0,0,0,0,0,0,1,2,1,2,2,2,0,0,0,0,0,0,0,0,2,0,1,2,0,3,0,0,0,0,0,0,0,0,0,1,1,2,0,6,0,0,0,0,0,0,0,0,1,2,2,0,3,5,0,0,0,0,0,0,0,0,0,1,1,0,2,4,0,0,0,0,0,0,0,0,0,0,0,0,岡山
3804,中渡修作,ナカワタリ シュウサク,福岡,B1,S,490328,1,50,160,56,A,3.95,17.3,4,14,104,0,0,0.16,12,50.0,0.17,3.3,17,23.5,0.18,3.4,21,23.8,0.15,2.9,21,14.2,0.12,2.4,16,0.0,0.17,3.4,17,0.0,0.21,4.4,B1,B1,B1,46.0,45.0,2025,1,2024-05-01,2024-10-31,77,3,3,1,2,1,2,0,0,0,0,0,0,0,0,0,4,5,4,2,1,1,0,0,0,0,0,0,0,1,4,2,5,5,3,0,0,0,0,0,0,0,1,0,3,5,3,3,7,0,0,0,0,0,0,0,0,0,0,1,8,2,5,0,0,0,0,0,0,0,0,0,0,1,5,6,5,0,0,0,0,0,0,0,0,0,0,0,0,鹿児島
3805,高橋英之,タカハシ ヒデユキ,東京,A2,S,490611,1,50,158,53,A,5.86,43.0,25,31,130,4,0,0.13,25,76.0,0.14,3.0,20,60.0,0.11,3.0,24,54.1,0.14,2.8,21,23.8,0.13,2.2,23,26.0,0.11,2.0,17,5.8,0.14,3.2,A2,A2,A2,51.0,51.0,2025,1,2024-05-01,2024-10-31,77,14,5,3,1,2,0,0,0,0,0,0,0,0,0,1,11,2,3,3,0,0,0,0,0,0,0,0,0,5,8,1,3,4,3,0,0,0,0,0,0,0,0,0,5,2,7,3,4,0,0,0,0,0,0,0,0,4,2,6,4,3,3,0,0,0,0,0,0,1,0,1,0,6,4,2,4,0,0,0,0,0,0,0,0,0,0,1,0,東京
3807,岡部哲,オカベ サトシ,埼玉,B1,S,491023,1,50,163,54,O,4.71,27.4,12,16,102,1,0,0.17,15,73.3,0.13,2.3,18,11.1,0.17,3.4,19,47.3,0.15,2.9,14,14.2,0.18,3.9,17,17.6,0.19,3.7,19,5.2,0.19,4.0,B1,B1,B1,46.0,48.0,2025,1,2024-05-01,2024-10-31,77,5,6,2,2,0,0,0,0,0,0,0,0,0,0,0,2,2,7,6,1,0,0,0,0,0,0,0,0,4,5,1,3,3,3,0,0,0,0,0,0,0,0,1,1,1,7,3,1,0,0,0,0,0,0,0,0,2,1,3,6,2,2,1,0,0,0,0,0,0,0,0,1,2,2,7,7,0,0,0,0,0,0,0,0,0,0,0,0,埼玉
3808,秋田健太郎,アキタ ケンタロウ,埼玉,B1,S,500308,1,49,166,64,B,4.0,17.1,5,12,99,0,0,0.15,13,53.8,0.16,3.0,20,15.0,0.17,3.5,18,27.7,0.12,2.8,15,13.3,0.14,2.9,19,0.0,0.14,3.5,14,0.0,0.17,3.9,B1,B1,B1,46.0,46.0,2025,1,2024-05-01,2024-10-31,77,3,4,2,1,3,0,0,0,0,0,0,0,0,0,0,3,4,8,2,3,0,0,0,0,0,0,0,0,1,4,3,4,3,3,0,0,0,0,0,0,0,0,1,1,2,3,5,3,0,0,0,0,0,0,0,0,0,0,2,3,10,3,0,0,0,0,0,0,0,1,0,0,2,3,5,4,0,0,0,0,0,0,0,0,0,0,0,0,埼玉
3809,吉田光,ヨシダ ミツル,佐賀,B1,S,500611,1,49,161,49,B,4.96,29.5,15,24,132,1,0,0.16,23,47.8,0.17,3.7,31,25.8,0.16,3.3,29,31.0,0.14,2.9,31,32.2,0.16,3.3,13,0.0,0.15,3.2,5,20.0,0.25,4.4,A2,B1,A2,50.0,49.0,2025,1,2024-05-01,2024-10-31,77,8,3,1,1,5,5,0,0,0,0,0,0,0,0,4,4,9,6,5,3,0,0,0,0,0,0,0,0,2,7,5,7,2,6,0,0,0,0,0,0,0,0,1,9,8,4,4,5,0,0,0,0,0,0,0,0,0,0,2,6,2,3,0,0,0,0,0,0,0,0,0,1,0,0,3,1,0,0,0,0,0,0,0,0,0,0,0,0,佐賀
3811,石田章央,イシダ アキヒロ,静岡,A1,S,501210,1,49,167,55,B,6.35,48.6,44,29,150,4,1,0.15,34,91.1,0.15,3.0,26,53.8,0.17,3.5,25,36.0,0.13,3.0,18,38.8,0.16,2.9,28,28.5,0.16,3.1,19,21.0,0.15,3.8,A1,A1,A2,56.0,52.0,2025,1,2024-05-01,2024-10-31,77,25,6,2,1,0,0,0,0,0,0,0,0,0,0,3,11,4,3,2,3,0,0,0,0,0,0,0,0,6,3,5,5,1,5,0,0,0,0,0,0,0,0,5,2,2,6,3,0,0,0,0,0,0,0,0,0,4,4,5,6,5,4,0,0,0,0,0,0,0,0,1,3,4,4,2,5,0,0,0,0,0,0,0,0,0,0,0,0,静岡
3812,山崎聖司,ヤマザキ セイジ,東京,B1,S,510103,1,48,172,53,AB,4.2,21.2,7,10,80,0,0,0.17,10,40.0,0.17,2.9,13,46.1,0.17,3.9,14,28.5,0.17,3.1,20,10.0,0.18,4.3,15,6.6,0.15,3.4,8,0.0,0.21,4.1,B1,B1,B1,46.0,45.0,2025,1,2024-05-01,2024-10-31,77,3,1,2,1,1,1,1,0,0,0,0,0,0,0,2,4,2,2,2,1,0,0,0,0,0,0,0,0,1,3,3,4,3,0,0,0,0,0,0,0,0,0,1,1,2,4,2,10,0,0,0,0,0,0,0,0,0,1,1,2,5,6,0,0,0,0,0,0,0,0,0,0,4,0,2,2,0,0,0,0,0,0,0,0,0,0,0,0,千葉
3813,佐藤大介,サトウ ダイスケ,愛知,A1,S,510124,1,48,162,54,B,6.24,43.0,30,29,137,2,0,0.17,29,82.7,0.16,2.9,27,40.7,0.17,3.3,23,34.7,0.17,3.3,17,41.1,0.13,3.4,23,34.7,0.16,3.7,18,5.5,0.21,4.7,A1,A1,A1,55.0,53.0,2025,1,2024-05-01,2024-10-31,77,19,5,2,3,0,0,0,0,0,0,0,0,0,0,3,8,6,5,4,1,0,0,0,0,0,0,0,0,3,5,8,4,2,1,0,0,0,0,0,0,0,0,3,4,6,2,2,0,0,0,0,0,0,0,0,0,2,6,4,5,2,4,0,0,0,0,0,0,0,0,0,1,5,4,7,1,0,0,0,0,0,0,0,0,0,0,0,0,愛知
3814,金子貴志,カネコ タカシ,福井,B1,S,510301,1,48,161,52,A,4.96,28.5,14,12,91,0,0,0.19,13,69.2,0.15,3.9,12,41.6,0.18,3.8,15,26.6,0.17,4.4,19,15.7,0.21,4.4,18,27.7,0.23,4.8,14,0.0,0.21,4.6,B1,B1,B1,47.0,48.0,2025,1,2024-05-01,2024-10-31,77,7,2,2,0,0,2,0,0,0,0,0,0,0,0,1,4,2,1,1,3,0,0,0,0,0,0,0,0,2,2,5,2,3,1,0,0,0,0,0,1,0,0,2,1,5,3,6,1,1,0,0,0,0,1,0,0,2,3,1,8,3,1,0,0,0,0,0,0,0,0,0,0,1,3,7,3,0,0,0,0,0,0,0,0,0,0,1,0,福井
3820,樫葉次郎,カシバ ジロウ,徳島,B1,S,470320,1,52,164,60,AB,3.74,15.7,3,12,95,0,0,0.16,13,30.7,0.16,3.7,15,13.3,0.17,3.3,14,28.5,0.14,3.0,17,23.5,0.15,2.9,14,0.0,0.15,3.6,22,4.5,0.17,3.3,B1,B1,B1,46.0,44.0,2025,1,2024-05-01,2024-10-31,78,1,3,2,4,1,1,1,0,0,0,0,0,0,0,0,2,1,5,4,3,0,0,0,0,0,1,0,0,1,3,0,6,2,2,0,0,0,0,0,0,0,0,1,3,2,3,5,3,0,0,0,0,0,0,0,0,0,0,2,3,3,6,0,0,0,0,0,0,0,0,0,1,3,6,4,8,0,0,0,0,0,0,0,0,0,0,0,0,徳島
3822,平尾崇典,ヒラオ タカノリ,岡山,A1,S,471019,1,52,170,51,AB,6.88,50.0,44,29,146,5,0,0.15,33,84.8,0.15,3.4,27,62.9,0.15,3.2,17,47.0,0.17,3.8,25,28.0,0.16,3.5,26,26.9,0.17,3.7,18,33.3,0.13,3.0,A1,A2,A1,62.0,56.0,2025,1,2024-05-01,2024-10-31,78,25,3,1,1,3,0,0,0,0,0,0,0,0,0,4,13,3,2,1,4,0,0,0,0,0,0,0,0,2,6,4,4,1,0,0,0,0,0,0,0,0,0,5,2,8,3,4,3,0,0,0,0,0,0,0,0,4,3,6,10,2,1,0,0,0,0,0,0,0,0,4,2,7,2,1,2,0,0,0,0,0,0,0,0,0,0,0,0,岡山
3825,宮嵜隆太郎,ミヤザキ リュウタロウ,福岡,B1,S,480624,1,51,169,62,AB,4.19,26.6,10,14,90,0,0,0.14,13,53.8,0.16,3.1,16,37.5,0.15,3.1,15,20.0,0.11,1.8,18,33.3,0.12,2.3,17,11.7,0.15,2.9,11,0.0,0.14,3.4,B1,B1,B1,46.0,45.0,2025,1,2024-05-01,2024-10-31,78,3,4,2,2,2,0,0,0,0,0,0,0,0,0,3,3,1,2,3,4,0,0,0,0,0,0,0,0,1,2,1,2,3,6,0,0,0,0,0,0,0,0,3,3,1,2,3,6,0,0,0,0,0,0,0,0,0,2,1,3,8,3,0,0,0,0,0,0,0,0,0,0,1,3,3,4,0,0,0,0,0,0,0,0,0,0,1,0,福岡
3826,村田修次,ムラタ シュウジ,東京,A2,S,480711,1,51,165,53,A,6.01,41.8,18,28,110,3,0,0.15,20,80.0,0.14,3.1,14,35.7,0.16,3.7,22,40.9,0.12,2.6,19,26.3,0.16,3.3,19,47.3,0.13,2.9,16,12.5,0.17,3.9,A1,A2,A2,53.0,53.0,2025,1,2024-05-01,2024-10-31,78,11,5,1,3,0,0,0,0,0,0,0,0,0,0,2,3,3,2,2,1,1,0,0,0,0,0,0,0,2,7,3,6,3,1,0,0,0,0,0,0,0,0,2,3,4,8,2,0,0,0,0,0,0,0,0,0,1,8,1,5,3,1,0,0,0,0,0,0,0,0,0,2,3,7,2,2,0,0,0,0,0,0,0,0,0,0,0,0,東京
3827,今泉徹,イマイズミ トオル,群馬,B1,S,480717,1,51,165,55,O,4.22,22.0,3,14,77,0,0,0.17,10,70.0,0.21,2.8,13,15.3,0.16,3.2,13,15.3,0.17,2.8,16,31.2,0.16,3.0,16,0.0,0.16,3.4,9,11.1,0.17,3.8,B1,B1,B1,47.0,46.0,2025,1,2024-05-01,2024-10-31,78,1,6,2,0,0,1,0,0,0,0,0,0,0,0,0,2,4,1,3,2,1,0,0,0,0,0,0,0,1,1,5,3,2,1,0,0,0,0,0,0,0,0,1,4,0,4,3,4,0,0,0,0,0,0,0,0,0,0,2,3,7,4,0,0,0,0,0,0,0,0,0,1,0,3,2,3,0,0,0,0,0,0,0,0,0,0,0,0,群馬
3828,明石正之,アカシ マサユキ,兵庫,A2,S,480822,1,51,160,51,O,5.61,37.2,20,18,102,1,0,0.17,22,100.0,0.14,2.9,16,18.7,0.16,3.6,18,33.3,0.16,2.9,14,21.4,0.19,3.7,19,21.0,0.17,4.1,13,0.0,0.19,3.6,A2,A2,A2,52.0,51.0,2025,1,2024-05-01,2024-10-31,78,16,6,0,0,0,0,0,0,0,0,0,0,0,0,1,2,4,4,3,2,0,0,0,0,0,0,0,0,2,4,2,6,1,3,0,0,0,0,0,0,0,0,1,2,2,4,3,2,0,0,0,0,0,0,0,0,0,4,3,5,6,1,0,0,0,0,0,0,0,0,0,0,4,5,2,2,0,0,0,0,0,0,0,0,0,0,0,0,兵庫
3831,安藤裕貴,アンドウ ヒロタカ,愛知,B2,S,490716,1,50,159,55,AB,4.39,21.4,5,1,28,0,0,0.15,5,60.0,0.16,3.4,6,16.6,0.13,3.6,4,0.0,0.14,3.0,6,16.6,0.13,2.5,2,0.0,0.15,4.0,5,20.0,0.19,4.8,B1,B1,B1,46.0,45.0,2025,1,2024-05-01,2024-10-31,78,3,0,0,1,1,0,0,0,0,0,0,0,0,0,0,1,1,0,1,2,1,0,0,0,0,0,0,0,0,0,2,2,0,0,0,0,0,0,0,0,0,0,1,0,1,2,1,1,0,0,0,0,0,0,0,0,0,0,0,1,1,0,0,0,0,0,0,0,0,0,1,0,0,0,2,2,0,0,0,0,0,0,0,0,0,0,0,0,愛知
3832,下田哲也,シモダ テツヤ,香川,B1,S,490819,1,50,167,54,AB,4.91,25.6,6,22,109,0,0,0.16,16,43.7,0.15,3.3,19,47.3,0.16,3.5,22,22.7,0.16,3.5,16,12.5,0.16,3.1,20,25.0,0.15,3.1,16,0.0,0.18,4.6,B1,B1,B1,49.0,49.0,2025,1,2024-05-01,2024-10-31,78,3,4,4,1,4,0,0,0,0,0,0,0,0,0,1,8,4,2,2,2,0,0,0,0,0,0,0,0,0,5,9,5,3,0,0,0,0,0,0,0,0,0,0,2,5,4,4,1,0,0,0,0,0,0,0,0,2,3,5,3,6,1,0,0,0,0,0,0,0,0,0,0,1,2,9,3,0,0,0,0,0,0,1,0,0,0,0,0,香川
3833,中辻博訓,ナカツジ ヒロノリ,福井,A1,S,490827,1,50,169,54,B,6.62,48.9,45,28,149,6,2,0.12,36,88.8,0.12,1.9,21,52.3,0.12,2.2,25,36.0,0.13,2.8,28,46.4,0.12,2.0,25,28.0,0.12,2.4,13,7.6,0.14,2.5,A1,A1,A2,54.0,53.0,2025,1,2024-05-01,2024-10-31,78,25,7,2,2,0,0,0,0,0,0,0,0,0,0,6,5,7,1,2,0,0,0,0,0,0,0,0,0,6,3,9,3,1,2,0,0,0,0,0,0,0,1,6,7,6,4,2,2,0,0,0,0,0,0,1,0,2,5,7,5,5,1,0,0,0,0,0,0,0,0,0,1,2,1,7,2,0,0,0,0,0,0,0,0,0,0,0,1,福井
3834,細川明人,ホソカワ アキト,岡山,B1,S,491225,1,50,166,58,O,4.96,31.2,15,15,96,0,0,0.17,15,80.0,0.15,3.9,20,30.0,0.16,3.0,18,38.8,0.18,3.2,12,16.6,0.15,2.8,18,11.1,0.18,3.6,13,7.6,0.19,4.2,B1,B1,B1,45.0,48.0,2025,1,2024-05-01,2024-10-31,78,8,4,0,1,2,0,0,0,0,0,0,0,0,0,2,4,3,5,3,3,0,0,0,0,0,0,0,0,3,4,2,4,2,3,0,0,0,0,0,0,0,0,0,2,1,6,0,3,0,0,0,0,0,0,0,0,1,1,4,4,4,4,0,0,0,0,0,0,0,0,1,0,2,2,3,5,0,0,0,0,0,0,0,0,0,0,0,0,岡山
3837,秋山広一,アキヤマ ヒロカズ,香川,A2,S,500607,1,49,167,54,O,6.1,45.1,24,32,124,3,0,0.15,24,91.6,0.15,2.6,19,52.6,0.17,4.0,20,35.0,0.15,3.0,22,36.3,0.13,2.4,20,25.0,0.15,3.4,19,21.0,0.18,4.2,A2,A1,A2,53.0,52.0,2025,1,2024-05-01,2024-10-31,78,16,6,0,1,0,1,0,0,0,0,0,0,0,0,1,9,3,2,3,1,0,0,0,0,0,0,0,0,3,4,4,3,5,1,0,0,0,0,0,0,0,0,4,4,7,1,3,3,0,0,0,0,0,0,0,0,0,5,6,3,4,2,0,0,0,0,0,0,0,0,0,4,5,4,5,1,0,0,0,0,0,0,0,0,0,0,0,0,香川
3838,伊藤啓三,イトウ ケイゾウ,埼玉,A2,S,500620,1,49,166,53,A,6.05,44.2,23,38,138,4,0,0.14,25,80.0,0.15,2.5,24,41.6,0.14,3.5,22,54.5,0.13,2.1,21,47.6,0.12,2.4,22,27.2,0.14,2.4,24,12.5,0.17,3.0,A2,A2,A2,51.0,52.0,2025,1,2024-05-01,2024-10-31,78,14,6,2,3,0,0,0,0,0,0,0,0,0,0,1,9,7,2,1,4,0,0,0,0,0,0,0,0,4,8,2,3,2,3,0,0,0,0,0,0,0,0,3,7,9,1,0,1,0,0,0,0,0,0,0,0,1,5,4,4,5,3,0,0,0,0,0,0,0,0,0,3,4,9,5,2,0,0,0,0,0,0,1,0,0,0,0,0,埼玉
3839,川合理司,カワイ マサジ,静岡,B1,S,500805,1,49,168,64,A,3.87,18.0,8,9,94,0,0,0.17,13,53.8,0.17,3.3,17,17.6,0.17,4.2,17,5.8,0.15,2.9,13,0.0,0.17,3.5,18,22.2,0.17,3.8,16,12.5,0.22,4.8,B1,B1,B1,44.0,44.0,2025,1,2024-05-01,2024-10-31,78,5,2,0,1,2,2,1,0,0,0,0,0,0,0,1,2,2,3,7,2,0,0,0,0,0,0,0,0,1,0,3,2,6,5,0,0,0,0,0,0,0,0,0,0,6,1,3,3,0,0,0,0,0,0,0,0,1,3,1,5,4,4,0,0,0,0,0,0,0,0,0,2,1,3,4,6,0,0,0,0,0,0,0,0,0,0,0,0,静岡
3841,佐々木和伸,ササキ カズノブ,徳島,A2,S,510512,1,48,170,56,A,5.9,38.4,21,19,104,1,0,0.19,22,81.8,0.17,3.9,17,41.1,0.21,4.5,16,25.0,0.2,4.1,17,29.4,0.19,4.6,14,28.5,0.17,4.6,18,11.1,0.22,5.0,A2,A2,A1,49.0,52.0,2025,1,2024-05-01,2024-10-31,78,13,5,2,1,1,0,0,0,0,0,0,0,0,0,2,5,3,5,1,1,0,0,0,0,0,0,0,0,1,3,3,6,1,2,0,0,0,0,0,0,0,0,2,3,5,5,1,1,0,0,0,0,0,0,0,0,3,1,2,4,4,0,0,0,0,0,0,0,0,0,0,2,4,5,5,2,0,0,0,0,0,0,0,0,0,0,0,0,徳島
3842,星野太郎,ホシノ タロウ,三重,A2,S,510621,1,48,160,52,O,5.84,41.8,30,32,148,0,0,0.17,31,83.8,0.15,2.7,22,50.0,0.17,4.1,28,50.0,0.15,3.6,26,26.9,0.2,3.6,27,14.8,0.17,3.3,14,0.0,0.19,4.6,A2,A2,A2,51.0,51.0,2025,1,2024-05-01,2024-10-31,78,23,3,1,0,2,2,0,0,0,0,0,0,0,0,3,8,4,2,4,1,0,0,0,0,0,1,0,0,3,11,5,4,3,2,0,0,0,0,0,0,0,0,1,6,8,4,3,4,0,0,0,0,0,0,0,0,0,4,6,6,8,2,0,0,0,0,0,0,1,0,0,0,5,2,4,3,0,0,0,0,0,0,0,0,0,0,0,0,三重
3843,上之晃弘,ウエノ アキヒロ,長崎,B1,S,510709,1,48,171,53,A,4.6,27.0,17,19,133,0,0,0.16,20,85.0,0.15,2.8,21,19.0,0.15,3.5,28,32.1,0.17,3.4,25,16.0,0.15,3.2,20,10.0,0.16,3.5,19,0.0,0.16,3.8,B1,A2,B1,49.0,47.0,2025,1,2024-05-01,2024-10-31,78,10,7,1,1,1,0,0,0,0,0,0,0,0,0,0,4,5,5,6,1,0,0,0,0,0,0,0,0,4,5,3,6,4,6,0,0,0,0,0,0,0,0,3,1,3,5,8,5,0,0,0,0,0,0,0,0,0,2,3,4,6,5,0,0,0,0,0,0,0,0,0,0,3,2,9,5,0,0,0,0,0,0,0,0,0,0,0,0,長崎
3845,中谷朋子,ナカタニ トモコ,兵庫,A1,S,510929,2,48,159,44,A,6.49,47.3,28,26,114,3,1,0.19,30,83.3,0.18,3.6,28,50.0,0.19,4.6,21,23.8,0.2,4.1,23,26.0,0.21,4.1,10,40.0,0.18,3.7,2,0.0,0.26,5.5,A2,A1,A1,55.0,56.0,2025,1,2024-05-01,2024-10-31,78,21,4,2,0,1,2,0,0,0,0,0,0,0,0,4,10,8,1,4,1,0,0,0,0,0,0,0,0,1,4,6,3,5,2,0,0,0,0,0,0,0,0,1,5,7,7,2,1,0,0,0,0,0,0,0,0,1,3,1,1,1,3,0,0,0,0,0,0,0,0,0,0,0,0,1,1,0,0,0,0,0,0,0,0,0,0,0,0,兵庫
3848,川上聡介,カワカミ ソウスケ,愛知,A2,S,520717,1,47,168,56,O,5.61,36.1,25,22,130,2,0,0.15,21,61.9,0.16,2.7,20,40.0,0.13,3.1,25,44.0,0.13,2.6,19,31.5,0.15,3.1,18,33.3,0.15,3.2,27,11.1,0.17,3.5,B1,B1,B1,47.0,50.0,2025,1,2024-05-01,2024-10-31,78,12,1,5,2,1,0,0,0,0,0,0,0,0,0,3,5,5,2,2,2,0,0,0,0,0,0,1,0,4,7,5,3,3,3,0,0,0,0,0,0,0,0,3,3,4,3,4,2,0,0,0,0,0,0,0,0,2,4,5,3,2,2,0,0,0,0,0,0,0,0,1,2,5,5,6,8,0,0,0,0,0,0,0,0,0,0,0,0,愛知
3849,中岡正彦,ナカオカ マサヒコ,香川,A2,S,521018,1,47,166,53,O,6.66,48.8,29,13,86,3,2,0.13,15,86.6,0.14,2.5,18,38.8,0.15,3.3,16,56.2,0.14,3.0,22,45.4,0.13,2.5,14,14.2,0.1,2.3,1,100.0,0.04,1.0,A2,A1,A1,52.0,53.0,2025,1,2024-05-01,2024-10-31,78,12,1,2,0,0,0,0,0,0,0,0,0,0,0,3,4,6,2,2,1,0,0,0,0,0,0,0,0,5,4,2,3,1,1,0,0,0,0,0,0,0,0,7,3,4,3,2,3,0,0,0,0,0,0,0,0,1,1,4,4,1,2,1,0,0,0,0,0,0,0,1,0,0,0,0,0,0,0,0,0,0,0,0,0,0,0,0,0,愛媛
3850,小川知行,オガワ トモユキ,群馬,B1,S,470626,1,52,162,53,A,4.53,23.6,13,13,110,0,0,0.15,18,72.2,0.14,2.9,17,17.6,0.15,3.8,19,15.7,0.16,3.6,16,12.5,0.11,2.1,20,5.0,0.14,2.8,20,20.0,0.18,4.0,B1,B1,B1,49.0,47.0,2025,1,2024-05-01,2024-10-31,79,8,5,1,1,2,1,0,0,0,0,0,0,0,0,1,2,1,2,9,2,0,0,0,0,0,0,0,0,1,2,7,6,2,1,0,0,0,0,0,0,0,0,1,1,4,0,6,4,0,0,0,0,0,0,0,0,1,0,4,6,3,5,1,0,0,0,0,0,0,0,1,3,3,4,2,7,0,0,0,0,0,0,0,0,0,0,0,0,群馬
3851,森田昭彦,モリタ アキヒコ,福岡,B2,S,470802,1,52,167,59,B,4.22,26.5,9,4,49,0,0,0.16,8,62.5,0.12,1.4,10,30.0,0.16,3.2,7,28.5,0.14,2.4,4,0.0,0.19,4.3,10,10.0,0.18,3.7,10,20.0,0.2,4.6,B1,B1,B1,41.0,43.0,2025,1,2024-05-01,2024-10-31,79,5,0,0,2,0,0,1,0,0,0,0,0,0,0,1,2,0,3,2,1,0,0,0,0,0,0,1,0,2,0,1,1,0,3,0,0,0,0,0,0,0,0,0,0,1,1,0,2,0,0,0,0,0,0,0,0,0,1,0,2,3,4,0,0,0,0,0,0,0,0,1,1,1,1,1,5,0,0,0,0,0,0,0,0,0,0,0,0,福岡
3852,澤大介,サワ ダイスケ,三重,B1,S,470830,1,52,160,53,A,4.75,28.2,16,17,117,1,0,0.16,19,63.1,0.17,3.2,14,35.7,0.15,3.6,26,30.7,0.15,3.6,18,27.7,0.15,3.2,17,0.0,0.16,2.9,23,13.0,0.17,3.6,A2,A2,A2,50.0,48.0,2025,1,2024-05-01,2024-10-31,79,10,2,0,4,2,1,0,0,0,0,0,0,0,0,2,3,1,4,1,2,1,0,0,0,0,1,0,0,2,6,1,5,6,6,0,0,0,0,0,0,0,0,2,3,4,2,4,3,0,0,0,0,0,0,0,0,0,0,3,6,5,3,0,0,0,0,0,0,0,0,0,3,3,7,4,6,0,0,0,0,0,0,0,0,0,0,0,0,三重
3853,岩崎正哉,イワサキ マサヤ,福岡,A2,S,470906,1,52,170,58,A,5.67,35.3,25,22,133,0,0,0.19,28,89.2,0.18,3.7,22,36.3,0.18,3.9,20,35.0,0.19,4.0,24,16.6,0.19,4.0,24,8.3,0.19,4.5,15,6.6,0.23,5.7,A2,A2,A2,52.0,51.0,2025,1,2024-05-01,2024-10-31,79,19,6,2,1,0,0,0,0,0,0,0,0,0,0,3,5,4,5,2,3,0,0,0,0,0,0,0,0,1,6,3,7,2,1,0,0,0,0,0,0,0,0,1,3,6,9,4,1,0,0,0,0,0,0,0,0,1,1,7,7,5,3,0,0,0,0,0,0,0,0,0,1,3,4,5,2,0,0,0,0,0,0,0,0,0,0,0,0,福岡
3854,吉川元浩,ヨシカワ モトヒロ,兵庫,A1,S,470907,1,52,163,53,O,7.3,46.3,39,24,136,7,3,0.13,30,70.0,0.13,2.5,25,48.0,0.11,2.6,24,62.5,0.15,2.8,19,31.5,0.15,2.5,24,37.5,0.11,2.5,14,0.0,0.12,2.7,A1,A1,A1,73.0,68.0,2025,1,2024-05-01,2024-10-31,79,20,1,2,0,5,1,1,0,0,0,0,0,0,0,6,6,3,5,4,1,0,0,0,0,0,0,0,0,5,10,6,1,0,2,0,0,0,0,0,0,0,0,2,4,7,2,2,2,0,0,0,0,0,0,0,0,6,3,5,4,4,2,0,0,0,0,0,0,0,0,0,0,4,4,5,1,0,0,0,0,0,0,0,0,0,0,0,0,兵庫
3855,大熊辰弥,オオクマ タツヤ,香川,B1,S,471004,1,52,170,54,A,3.57,12.3,5,7,97,0,0,0.23,14,42.8,0.2,4.0,15,13.3,0.21,4.5,21,4.7,0.22,4.1,15,13.3,0.18,3.9,16,6.2,0.27,4.8,16,0.0,0.27,5.4,B1,B1,B1,47.0,44.0,2025,1,2024-05-01,2024-10-31,79,4,2,0,4,2,2,0,0,0,0,0,0,0,0,0,2,1,6,4,2,0,0,0,0,0,0,0,0,0,1,2,5,5,8,0,0,0,0,0,0,0,0,1,1,4,4,3,2,0,0,0,0,0,0,0,0,0,1,3,1,6,4,1,0,0,0,0,0,0,0,0,0,1,5,6,4,0,0,0,0,0,0,0,0,0,0,0,0,香川
3857,阿波勝哉,アワ カツヤ,東京,B1,S,480418,1,51,165,54,AB,3.86,15.1,3,15,119,1,0,0.19,0,0.0,0.0,0.0,0,0.0,0.0,0.0,0,0.0,0.0,0.0,0,0.0,0.0,0.0,2,0.0,0.2,5.0,117,15.3,0.19,4.2,B1,B1,B1,48.0,45.0,2025,1,2024-05-01,2024-10-31,79,0,0,0,0,0,0,0,0,0,0,0,0,0,0,0,0,0,0,0,0,0,0,0,0,0,0,0,0,0,0,0,0,0,0,0,0,0,0,0,0,0,0,0,0,0,0,0,0,0,0,0,0,0,0,0,0,0,0,1,1,0,0,0,0,0,0,0,0,0,0,3,15,19,26,26,28,0,0,0,0,0,0,0,0,0,0,0,0,東京
3859,多羅尾達之,タラオ タツユキ,東京,B1,S,480604,1,51,165,55,O,3.79,18.6,9,11,107,0,0,0.17,15,26.6,0.22,3.9,20,35.0,0.14,2.8,21,19.0,0.17,3.1,18,22.2,0.16,3.3,21,4.7,0.17,2.9,12,0.0,0.17,3.8,B1,B1,B1,41.0,44.0,2025,1,2024-05-01,2024-10-31,79,2,2,1,1,6,3,0,0,0,0,0,0,0,0,5,2,4,3,5,1,0,0,0,0,0,0,0,0,0,4,3,6,4,3,1,0,0,0,0,0,0,0,1,3,2,1,3,8,0,0,0,0,0,0,0,0,1,0,3,6,3,8,0,0,0,0,0,0,0,0,0,0,0,1,2,9,0,0,0,0,0,0,0,0,0,0,0,0,神奈川
3860,松本浩貴,マツモト ヒロキ,埼玉,B1,S,480611,1,51,168,52,A,4.38,19.3,5,14,98,0,0,0.19,15,33.3,0.14,3.3,18,55.5,0.19,4.6,19,10.5,0.18,4.1,16,12.5,0.19,4.5,14,0.0,0.19,4.4,16,0.0,0.25,4.9,B1,B1,B1,46.0,48.0,2025,1,2024-05-01,2024-10-31,79,2,3,2,4,2,2,0,0,0,0,0,0,0,0,2,8,3,2,3,0,0,0,0,0,0,0,0,0,0,2,4,5,5,3,0,0,0,0,0,0,0,0,1,1,5,2,3,4,0,0,0,0,0,1,0,0,0,0,2,7,2,3,0,0,0,0,0,0,0,0,0,0,1,8,4,3,0,0,0,0,0,0,0,0,0,0,0,0,埼玉
3863,海老澤泰行,エビサワ ヤスユキ,東京,B1,S,490420,1,50,166,57,AB,3.88,22.3,9,21,134,0,0,0.16,23,60.8,0.14,2.6,19,15.7,0.16,2.9,29,27.5,0.15,3.1,25,16.0,0.17,3.5,18,5.5,0.16,3.4,20,0.0,0.18,3.8,A2,B1,A2,51.0,44.0,2025,1,2024-05-01,2024-10-31,79,4,10,4,1,3,0,1,0,0,0,0,0,0,0,1,2,1,3,4,8,0,0,0,0,0,0,0,0,2,6,3,3,6,9,0,0,0,0,0,0,0,0,1,3,2,5,9,5,0,0,0,0,0,0,0,0,1,0,2,3,7,5,0,0,0,0,0,0,0,0,0,0,2,3,6,9,0,0,0,0,0,0,0,0,0,0,0,0,東京
3866,木山誠一,キヤマ セイイチ,岡山,B2,S,500326,1,49,155,58,O,3.73,20.4,1,9,49,0,0,0.14,5,60.0,0.13,1.2,8,12.5,0.14,3.0,12,33.3,0.14,2.1,7,28.5,0.09,2.0,7,0.0,0.15,3.3,10,0.0,0.19,4.0,B2,B2,B1,44.0,44.0,2025,1,2024-05-01,2024-10-31,79,1,2,1,1,0,0,0,0,0,0,0,0,0,0,0,1,0,0,4,3,0,0,0,0,0,0,0,0,0,4,1,1,3,3,0,0,0,0,0,0,0,0,0,2,2,0,3,0,0,0,0,0,0,0,0,0,0,0,1,3,2,1,0,0,0,0,0,0,0,0,0,0,0,2,4,4,0,0,0,0,0,0,0,0,0,0,0,0,岡山
3867,松浦勝,マツウラ マサル,愛知,B1,S,500519,1,49,163,54,A,3.52,14.6,5,8,89,0,0,0.15,13,38.4,0.16,3.8,17,17.6,0.17,3.1,13,15.3,0.17,3.5,16,6.2,0.16,3.4,20,10.0,0.13,3.0,10,0.0,0.13,3.4,B1,B1,B2,46.0,44.0,2025,1,2024-05-01,2024-10-31,79,4,1,1,3,0,4,0,0,0,0,0,0,0,0,0,3,1,3,8,2,0,0,0,0,0,0,0,0,0,2,2,3,4,2,0,0,0,0,0,0,0,0,0,1,0,5,3,7,0,0,0,0,0,0,0,0,1,1,3,3,7,5,0,0,0,0,0,0,0,0,0,0,2,0,5,3,0,0,0,0,0,0,0,0,0,0,1,0,愛知
3868,尾形栄治,オガタ エイジ,東京,B1,S,500731,1,49,167,57,A,4.19,17.1,12,6,105,0,0,0.18,18,61.1,0.15,2.6,18,16.6,0.19,3.9,14,21.4,0.15,2.9,18,5.5,0.19,3.8,15,0.0,0.18,3.9,22,0.0,0.2,4.8,B1,B1,A2,49.0,45.0,2025,1,2024-05-01,2024-10-31,79,8,3,1,3,1,1,1,0,0,0,0,0,0,0,2,1,4,3,3,5,0,0,0,0,0,0,0,0,2,1,2,1,3,5,0,0,0,0,0,0,0,0,0,1,7,4,3,3,0,0,0,0,0,0,0,0,0,0,5,4,4,2,0,0,0,0,0,0,0,0,0,0,3,4,5,10,0,0,0,0,0,0,0,0,0,0,0,0,東京
3869,井芹大志,イセリ ダイジ,福岡,B1,S,500905,1,49,163,54,AB,4.43,24.5,6,20,106,0,0,0.17,16,75.0,0.16,3.1,21,33.3,0.17,3.8,16,25.0,0.18,3.7,14,21.4,0.17,4.0,22,0.0,0.19,3.8,17,0.0,0.17,4.2,B1,B1,B1,46.0,47.0,2025,1,2024-05-01,2024-10-31,79,5,7,3,0,1,0,0,0,0,0,0,0,0,0,1,6,4,5,4,1,0,0,0,0,0,0,0,0,0,4,2,1,5,4,0,0,0,0,0,0,0,0,0,3,3,1,4,3,0,0,0,0,0,0,0,0,0,0,2,5,11,4,0,0,0,0,0,0,0,0,0,0,5,3,5,4,0,0,0,0,0,0,0,0,0,0,0,0,熊本
3870,寺嶋雄,テラシマ ユウ,福井,B1,S,501027,1,49,170,53,AB,4.6,23.9,17,12,121,0,0,0.16,18,72.2,0.13,2.4,23,26.0,0.17,3.7,23,8.7,0.19,4.0,27,14.8,0.16,3.7,16,18.7,0.14,3.0,14,7.1,0.18,3.5,B1,B1,B1,48.0,47.0,2025,1,2024-05-01,2024-10-31,79,10,3,2,1,0,2,0,0,0,0,0,0,0,0,3,3,7,2,2,6,0,0,0,0,0,0,0,0,1,1,3,9,3,6,0,0,0,0,0,0,0,0,2,2,7,4,8,4,0,0,0,0,0,0,0,0,0,3,2,1,9,1,0,0,0,0,0,0,0,0,1,0,1,5,2,4,1,0,0,0,0,0,0,0,0,0,0,0,福井
3871,池田紫乃,イケダ シノ,長崎,B1,S,501107,2,49,153,44,AB,3.86,16.6,5,6,66,0,0,0.18,8,37.5,0.16,4.4,15,13.3,0.17,3.9,12,41.6,0.19,2.9,8,0.0,0.19,3.5,13,7.6,0.2,3.7,9,0.0,0.2,4.1,B1,B1,A2,49.0,44.0,2025,1,2024-05-01,2024-10-31,79,2,1,1,2,1,1,0,0,0,0,0,0,0,0,1,1,4,3,3,3,0,0,0,0,0,0,0,0,2,3,2,2,1,2,0,0,0,0,0,0,0,0,0,0,0,3,2,3,0,0,0,0,0,0,0,0,0,1,3,2,4,3,0,0,0,0,0,0,0,0,0,0,0,2,1,5,1,0,0,0,0,0,0,0,0,0,0,1,長崎
3872,岡田憲行,オカダ ノリユキ,大阪,A2,S,510319,1,48,170,53,O,5.85,43.5,20,34,124,1,0,0.18,25,88.0,0.17,3.6,28,39.2,0.18,4.3,21,38.1,0.18,4.3,20,40.0,0.17,3.5,17,11.7,0.19,4.2,13,23.0,0.18,3.8,A2,A2,A2,52.0,52.0,2025,1,2024-05-01,2024-10-31,79,16,6,0,1,2,0,0,0,0,0,0,0,0,0,1,10,7,4,4,2,0,0,0,0,0,0,0,0,2,6,2,5,4,2,0,0,0,0,0,0,0,0,1,7,5,5,1,1,0,0,0,0,0,0,0,0,0,2,3,6,4,2,0,0,0,0,0,0,0,0,0,3,0,5,4,1,0,0,0,0,0,0,0,0,0,0,2,0,大阪
3873,別府昌樹,ベップ マサキ,広島,A2,S,510409,1,48,159,52,A,5.72,39.6,19,27,116,1,0,0.15,22,86.3,0.16,3.1,17,52.9,0.16,3.4,19,36.8,0.14,2.9,19,26.3,0.17,3.4,19,21.0,0.15,2.9,20,10.0,0.16,3.8,A2,A2,A2,50.0,51.0,2025,1,2024-05-01,2024-10-31,79,14,5,2,1,0,0,0,0,0,0,0,0,0,0,3,6,4,0,1,3,0,0,0,0,0,0,0,0,0,7,3,3,2,4,0,0,0,0,0,0,0,0,0,5,4,4,3,2,1,0,0,0,0,0,0,0,2,2,7,3,5,0,0,0,0,0,0,0,0,0,0,2,4,5,7,2,0,0,0,0,0,0,0,0,0,0,1,0,広島
3874,山本寛久,ヤマモト ヒロヒサ,岡山,A1,S,510602,1,48,172,53,AB,6.67,52.3,42,35,147,6,0,0.15,30,90.0,0.12,2.4,25,72.0,0.14,3.1,23,43.4,0.14,3.0,22,36.3,0.15,3.5,27,44.4,0.16,3.5,20,10.0,0.17,4.7,A1,A1,A1,67.0,57.0,2025,1,2024-05-01,2024-10-31,79,23,4,0,1,1,1,0,0,0,0,0,0,0,0,8,10,4,1,0,2,0,0,0,0,0,0,0,0,3,7,7,1,1,3,0,0,0,0,0,0,0,1,3,5,3,4,4,3,0,0,0,0,0,0,0,0,5,7,4,3,3,5,0,0,0,0,0,0,0,0,0,2,5,4,4,5,0,0,0,0,0,0,0,0,0,0,0,0,岡山
3875,廣中良一,ヒロナカ リョウイチ,山口,B1,S,511021,1,48,166,52,A,4.05,19.6,9,14,117,0,0,0.17,15,73.3,0.16,3.6,23,26.0,0.16,3.5,26,15.3,0.14,2.4,14,14.2,0.15,3.6,23,0.0,0.18,4.3,16,0.0,0.24,5.3,B1,B1,B1,45.0,45.0,2025,1,2024-05-01,2024-10-31,79,6,5,1,1,2,0,0,0,0,0,0,0,0,0,2,4,6,3,4,4,0,0,0,0,0,0,0,0,0,4,4,8,5,5,0,0,0,0,0,0,0,0,1,1,1,0,6,5,0,0,0,0,0,0,0,0,0,0,5,6,6,6,0,0,0,0,0,0,0,0,0,0,1,2,5,8,0,0,0,0,0,0,0,0,0,0,2,0,山口
3876,中辻崇人,ナカツジ タカヒト,福岡,A1,S,520221,1,47,158,54,O,7.9,70.4,70,23,132,9,4,0.12,35,88.5,0.13,2.8,18,77.7,0.12,2.6,20,70.0,0.13,2.4,18,83.3,0.09,1.6,18,44.4,0.11,2.2,23,47.8,0.11,2.1,A1,A1,A1,57.0,56.0,2025,1,2024-05-01,2024-10-31,79,28,3,2,1,1,0,0,0,0,0,0,0,0,0,6,8,1,0,3,0,0,0,0,0,0,0,0,0,12,2,3,2,0,0,1,0,0,0,0,0,0,0,13,2,1,0,1,1,0,0,0,0,0,0,0,0,4,4,6,1,1,1,1,0,0,0,0,0,0,0,7,4,3,4,4,1,0,0,0,0,0,0,0,0,0,0,0,0,福岡
3878,胡本悟志,エビスモト サトシ,山口,B1,S,520607,1,47,167,51,A,4.02,20.2,10,8,89,0,0,0.17,10,60.0,0.19,3.7,17,29.4,0.16,3.5,12,16.6,0.24,3.9,16,31.2,0.12,1.8,17,0.0,0.15,2.4,17,0.0,0.19,3.8,B1,B1,B1,45.0,45.0,2025,1,2024-05-01,2024-10-31,79,3,3,1,1,1,1,0,0,0,0,0,0,0,0,2,3,2,5,2,3,0,0,0,0,0,0,0,0,1,1,0,3,3,4,0,0,0,0,0,0,0,0,4,1,3,3,2,3,0,0,0,0,0,0,0,0,0,0,3,4,6,3,1,0,0,0,0,0,0,0,0,0,1,3,3,10,0,0,0,0,0,0,0,0,0,0,1,0,山口
3880,浅見宗孝,アサミ ムネノリ,埼玉,B1,S,480105,1,51,169,59,AB,5.02,28.8,16,16,111,1,0,0.16,17,58.8,0.13,2.9,21,33.3,0.19,3.9,19,31.5,0.16,3.3,27,25.9,0.16,3.0,18,5.5,0.18,3.7,9,11.1,0.16,3.0,B1,B1,B1,46.0,49.0,2025,1,2024-05-01,2024-10-31,80,6,4,3,1,2,1,0,0,0,0,0,0,0,0,3,4,7,3,3,1,0,0,0,0,0,0,0,0,3,3,2,4,5,2,0,0,0,0,0,0,0,0,2,5,4,4,7,5,0,0,0,0,0,1,0,0,1,0,6,2,3,6,0,0,0,0,0,0,0,0,1,0,1,3,2,2,0,0,0,0,0,0,0,0,0,0,0,0,埼玉
3881,浦上拓也,ウラガミ タクヤ,大阪,B1,S,480216,1,51,163,57,O,4.33,21.9,13,12,114,0,0,0.16,18,55.5,0.15,3.0,18,33.3,0.15,3.1,22,18.1,0.15,3.9,21,23.8,0.13,3.2,18,0.0,0.19,4.0,17,0.0,0.18,4.6,B1,B1,A2,50.0,46.0,2025,1,2024-05-01,2024-10-31,80,8,2,4,1,3,0,0,0,0,0,0,0,0,0,2,4,4,3,3,2,0,0,0,0,0,0,0,0,2,2,5,2,4,7,0,0,0,0,0,0,0,0,1,4,4,7,2,2,1,0,0,0,0,0,0,0,0,0,3,3,5,7,0,0,0,0,0,0,0,0,0,0,1,1,7,8,0,0,0,0,0,0,0,0,0,0,0,0,大阪
3882,新田智彰,ニッタ トモアキ,大阪,A2,S,480627,1,51,166,57,O,5.59,37.7,23,20,114,4,0,0.16,20,90.0,0.14,2.5,22,40.9,0.14,3.3,16,31.2,0.17,3.3,18,22.2,0.18,3.4,21,14.2,0.16,3.1,17,23.5,0.15,3.2,B1,B1,B1,47.0,50.0,2025,1,2024-05-01,2024-10-31,80,14,4,2,0,0,0,0,0,0,0,0,0,0,0,3,6,4,3,2,4,0,0,0,0,0,2,0,0,2,3,3,3,2,3,0,0,0,0,0,0,0,0,1,3,3,3,4,4,0,0,0,0,0,0,0,0,2,1,3,7,4,4,0,0,0,0,0,0,0,0,1,3,4,4,1,4,0,0,0,0,0,0,0,0,0,0,0,0,大阪
3883,山根大樹,ヤマネ ヒロキ,広島,B1,S,480926,1,51,161,58,O,2.78,3.4,2,1,87,0,0,0.17,11,18.1,0.17,4.3,23,4.3,0.19,3.7,15,0.0,0.16,4.0,17,0.0,0.16,3.6,14,0.0,0.19,4.3,7,0.0,0.16,3.6,B2,B1,B1,40.0,41.0,2025,1,2024-05-01,2024-10-31,80,2,0,3,1,2,3,0,0,0,0,0,0,0,0,0,1,6,2,5,9,0,0,0,0,0,0,0,0,0,0,0,5,4,6,0,0,0,0,0,0,0,0,0,0,1,5,7,4,0,0,0,0,0,0,0,0,0,0,3,0,5,6,0,0,0,0,0,0,0,0,0,0,0,0,3,4,0,0,0,0,0,0,0,0,0,0,0,0,広島
3885,久田武,ヒサダ タケシ,愛知,A2,S,490111,1,50,165,54,A,5.54,31.5,17,19,114,2,0,0.15,18,77.7,0.16,2.6,20,25.0,0.14,3.0,25,40.0,0.15,3.2,23,21.7,0.13,2.8,18,11.1,0.19,3.1,10,0.0,0.17,3.4,B1,A2,B1,50.0,51.0,2025,1,2024-05-01,2024-10-31,80,11,3,2,2,0,0,0,0,0,0,0,0,0,0,1,4,5,4,1,5,0,0,0,0,0,0,0,0,4,6,8,0,1,6,0,0,0,0,0,0,0,0,1,4,7,6,4,0,0,0,0,0,0,1,1,0,0,2,7,4,5,0,0,0,0,0,0,0,0,0,0,0,2,4,3,1,0,0,0,0,0,0,0,0,0,0,0,0,愛知
3888,山本英志,ヤマモト エイシ,東京,A2,S,500301,1,49,158,50,O,5.77,38.2,24,28,136,1,0,0.14,27,81.4,0.15,3.0,24,58.3,0.13,2.8,19,26.3,0.15,2.9,22,40.9,0.13,2.4,19,5.2,0.13,2.6,25,4.0,0.12,3.0,A2,A2,A2,51.0,52.0,2025,1,2024-05-01,2024-10-31,80,17,5,1,2,2,0,0,0,0,0,0,0,0,0,2,12,3,5,2,0,0,0,0,0,0,1,0,0,2,3,7,3,3,1,0,0,0,0,0,0,0,0,3,6,2,3,2,6,0,0,0,0,0,0,0,0,0,1,6,8,4,0,0,0,0,0,0,0,0,0,0,1,5,5,5,9,0,0,0,0,0,0,0,0,0,0,1,0,広島
3889,須藤隆雄,ストウ タカオ,群馬,B1,S,500314,1,49,168,58,AB,5.03,35.5,16,16,90,1,0,0.15,12,83.3,0.14,2.1,16,43.7,0.16,2.9,19,21.0,0.17,2.8,15,40.0,0.13,2.7,18,22.2,0.15,2.8,10,10.0,0.13,2.9,B1,B1,B1,46.0,48.0,2025,1,2024-05-01,2024-10-31,80,9,1,0,0,2,0,0,0,0,0,0,0,0,0,1,6,3,3,1,2,0,0,0,0,0,0,0,0,2,2,2,4,7,2,0,0,0,0,0,0,0,0,3,3,1,3,3,2,0,0,0,0,0,0,0,0,1,3,0,6,6,2,0,0,0,0,0,0,0,0,0,1,0,2,3,4,0,0,0,0,0,0,0,0,0,0,0,0,栃木
3891,谷口健一,タニグチ ケンイチ,福井,B1,S,501103,1,49,164,56,O,4.03,22.8,9,20,127,0,0,0.16,17,76.4,0.16,2.9,24,12.5,0.19,4.0,24,29.1,0.15,3.0,26,15.3,0.16,3.2,22,9.0,0.16,3.0,14,0.0,0.18,3.3,B1,B1,B1,43.0,45.0,2025,1,2024-05-01,2024-10-31,80,6,7,1,1,1,1,0,0,0,0,0,0,0,0,0,3,2,3,11,5,0,0,0,0,0,0,0,0,1,6,6,4,6,1,0,0,0,0,0,0,0,0,1,3,1,7,6,8,0,0,0,0,0,0,0,0,1,1,1,2,8,9,0,0,0,0,0,0,0,0,0,0,2,3,7,2,0,0,0,0,0,0,0,0,0,0,0,0,福井
3892,草場康幸,クサバ ヤスユキ,佐賀,B1,S,510121,1,48,163,53,A,5.71,29.3,6,11,58,1,0,0.15,10,60.0,0.13,2.5,12,33.3,0.16,3.1,8,37.5,0.15,3.1,11,18.1,0.17,3.1,9,11.1,0.15,3.0,8,12.5,0.17,3.3,B1,A2,B1,50.0,52.0,2025,1,2024-05-01,2024-10-31,80,3,3,3,0,1,0,0,0,0,0,0,0,0,0,0,4,6,2,0,0,0,0,0,0,0,0,0,0,2,1,2,3,0,0,0,0,0,0,0,0,0,0,1,1,4,2,3,0,0,0,0,0,0,0,0,0,0,1,3,3,1,1,0,0,0,0,0,0,0,0,0,1,1,3,2,1,0,0,0,0,0,0,0,0,0,0,2,0,佐賀
3893,汐崎正則,シオザキ マサノリ,愛知,B1,S,510412,1,48,170,54,AB,5.21,39.0,11,23,87,1,0,0.16,14,100.0,0.11,2.3,15,33.3,0.17,3.5,14,14.2,0.16,2.8,18,38.8,0.16,3.6,15,26.6,0.15,2.5,11,18.1,0.2,3.5,B2,B1,B1,38.0,48.0,2025,1,2024-05-01,2024-10-31,80,7,7,0,0,0,0,0,0,0,0,0,0,0,0,1,4,1,3,3,3,0,0,0,0,0,0,0,0,1,1,4,2,4,2,0,0,0,0,0,0,0,0,2,5,2,1,4,4,0,0,0,0,0,0,0,0,0,4,4,2,0,4,1,0,0,0,0,0,0,0,0,2,2,1,2,4,0,0,0,0,0,0,0,0,0,0,0,0,愛知
3895,堀本裕也,ホリモト ユウヤ,愛知,B1,S,510720,1,48,162,48,O,3.57,14.8,4,8,81,0,0,0.16,12,50.0,0.16,3.4,15,13.3,0.15,3.6,16,12.5,0.17,2.9,15,13.3,0.16,3.1,14,0.0,0.15,3.1,9,0.0,0.17,3.9,B1,B1,B1,44.0,44.0,2025,1,2024-05-01,2024-10-31,80,4,2,1,3,1,1,0,0,0,0,0,0,0,0,0,2,2,2,6,3,0,0,0,0,0,0,0,0,0,2,2,6,4,2,0,0,0,0,0,0,0,0,0,2,2,2,3,6,0,0,0,0,0,0,0,0,0,0,0,3,3,8,0,0,0,0,0,0,0,0,0,0,1,3,2,3,0,0,0,0,0,0,0,0,0,0,0,0,愛知
3896,上田洋平,ウエダ ヨウヘイ,滋賀,B1,S,510802,1,48,165,52,A,5.28,26.4,13,14,102,0,0,0.17,18,50.0,0.16,3.5,13,53.8,0.19,3.8,16,25.0,0.14,2.9,17,23.5,0.16,3.5,20,15.0,0.17,4.0,18,0.0,0.2,4.8,A2,B1,B2,51.0,50.0,2025,1,2024-05-01,2024-10-31,80,8,1,4,3,2,0,0,0,0,0,0,0,0,0,3,4,2,0,3,0,1,0,0,0,0,0,0,0,1,3,2,6,3,1,0,0,0,0,0,0,0,0,0,4,6,3,2,2,0,0,0,0,0,0,0,0,1,2,6,6,4,1,0,0,0,0,0,0,0,0,0,0,5,8,2,3,0,0,0,0,0,0,0,0,0,0,0,0,滋賀
3897,白井英治,シライ エイジ,山口,A1,S,511015,1,48,173,55,O,7.48,51.7,31,29,116,6,1,0.13,28,89.2,0.13,3.3,22,63.6,0.13,3.3,17,47.0,0.13,3.1,26,46.1,0.11,3.0,14,7.1,0.15,3.2,9,0.0,0.13,4.2,A1,A1,A1,71.0,68.0,2025,1,2024-05-01,2024-10-31,80,22,3,1,0,0,1,0,0,0,0,0,0,1,0,3,11,4,2,1,1,0,0,0,0,0,0,0,0,2,6,5,3,0,1,0,0,0,0,0,0,0,0,4,8,5,3,4,2,0,0,0,0,0,0,0,0,0,1,4,4,4,0,1,0,0,0,0,0,0,0,0,0,2,3,4,0,0,0,0,0,0,0,0,0,0,0,0,0,山口
3898,平田忠則,ヒラタ タダノリ,福岡,A1,S,511113,1,48,166,55,A,7.12,52.3,39,27,126,7,2,0.13,32,87.5,0.12,2.5,21,57.1,0.14,3.3,15,53.3,0.14,2.7,18,55.5,0.13,3.3,27,25.9,0.13,3.1,13,7.6,0.14,3.2,A1,A1,A1,57.0,56.0,2025,1,2024-05-01,2024-10-31,80,23,5,2,1,1,0,0,0,0,0,0,0,0,0,5,7,4,4,1,0,0,0,0,0,0,0,0,0,3,5,4,2,0,1,0,0,0,0,0,0,0,0,5,5,3,3,2,0,0,0,0,0,0,0,0,0,2,5,12,7,1,0,0,0,0,0,0,0,0,0,1,0,6,3,2,1,0,0,0,0,0,0,0,0,0,0,1,0,福岡
3900,香川素子,カガワ モトコ,滋賀,A2,S,520108,2,47,156,48,AB,5.89,35.7,23,21,123,3,0,0.16,26,84.6,0.17,3.2,21,28.5,0.15,3.2,23,26.0,0.16,3.2,19,21.0,0.15,3.2,16,31.2,0.17,3.4,18,5.5,0.19,4.5,A1,A1,A2,53.0,52.0,2025,1,2024-05-01,2024-10-31,80,20,2,0,1,3,0,0,0,0,0,0,0,0,0,1,5,8,3,4,0,0,0,0,0,0,0,0,0,1,5,8,2,4,2,1,0,0,0,0,0,0,0,1,3,5,6,2,2,0,0,0,0,0,0,0,0,0,5,5,3,1,2,0,0,0,0,0,0,0,0,0,1,5,4,7,1,0,0,0,0,0,0,0,0,0,0,0,0,大阪
3901,松田憲幸,マツダ ノリユキ,山口,B1,S,520503,1,47,163,55,O,4.71,30.0,16,21,123,0,0,0.2,21,76.1,0.19,3.4,21,42.8,0.2,4.0,24,29.1,0.19,4.4,18,5.5,0.23,5.1,23,17.3,0.17,3.4,16,0.0,0.22,5.0,B1,B1,B1,49.0,47.0,2025,1,2024-05-01,2024-10-31,80,10,6,1,2,0,2,0,0,0,0,0,0,0,0,2,7,3,1,5,3,0,0,0,0,0,0,0,0,2,5,4,4,5,4,0,0,0,0,0,0,0,0,1,0,1,2,4,10,0,0,0,0,0,0,0,0,1,3,7,4,4,4,0,0,0,0,0,0,0,0,0,0,5,0,3,8,0,0,0,0,0,0,0,0,0,0,0,0,山口
3902,蜷川哲平,ニナガワ テッペイ,東京,B2,S,520529,1,47,162,56,O,6.05,38.1,11,5,42,0,0,0.18,8,100.0,0.16,2.5,8,50.0,0.16,3.7,7,28.5,0.17,3.6,8,12.5,0.21,4.6,6,16.6,0.23,4.5,5,0.0,0.16,5.0,A2,A2,A2,51.0,52.0,2025,1,2024-05-01,2024-10-31,80,8,0,0,0,0,0,0,0,0,0,0,0,0,0,1,3,1,3,0,0,0,0,0,0,0,1,0,0,1,1,2,2,1,0,0,0,0,0,0,0,0,0,0,1,2,3,1,1,0,0,0,0,0,0,0,0,1,0,2,1,0,2,0,0,0,0,0,0,0,0,0,0,2,1,1,1,0,0,0,0,0,0,0,0,0,0,1,0,東京
3903,白石健,シライシ タケシ,兵庫,B2,S,520614,1,47,165,54,O,8.0,100.0,0,1,1,0,0,0.17,0,0.0,0.0,0.0,0,0.0,0.0,0.0,0,0.0,0.0,0.0,0,0.0,0.0,0.0,0,0.0,0.0,0.0,1,100.0,0.17,3.0,B2,B2,B2,0.0,58.0,2025,1,2024-05-01,2024-10-31,80,0,0,0,0,0,0,0,0,0,0,0,0,0,0,0,0,0,0,0,0,0,0,0,0,0,0,0,0,0,0,0,0,0,0,0,0,0,0,0,0,0,0,0,0,0,0,0,0,0,0,0,0,0,0,0,0,0,0,0,0,0,0,0,0,0,0,0,0,0,0,0,1,0,0,0,0,0,0,0,0,0,0,0,0,0,0,0,0,兵庫
3904,森貴洋,モリ タカヒロ,大阪,A2,S,520621,1,47,166,57,A,5.93,40.6,21,31,128,3,0,0.16,22,81.8,0.14,2.6,26,46.1,0.17,3.8,21,42.8,0.14,2.8,18,38.8,0.15,4.0,21,19.0,0.16,3.9,20,10.0,0.19,4.8,A2,A1,A2,52.0,52.0,2025,1,2024-05-01,2024-10-31,80,14,4,2,1,1,0,0,0,0,0,0,0,0,0,2,10,7,5,2,0,0,0,0,0,0,0,0,0,3,6,7,2,1,2,0,0,0,0,0,0,0,0,1,6,8,1,1,1,0,0,0,0,0,0,0,0,1,3,3,5,5,3,0,0,0,0,0,0,0,1,0,2,2,6,7,3,0,0,0,0,0,0,0,0,0,0,0,0,大阪
3905,天野友和,アマノ トモカズ,愛知,A2,S,520915,1,47,172,54,A,6.12,43.8,28,32,137,3,1,0.16,28,85.7,0.18,3.4,20,45.0,0.17,2.7,24,37.5,0.16,3.3,21,52.3,0.14,2.0,21,33.3,0.13,2.6,23,0.0,0.18,3.9,A2,A2,A1,52.0,52.0,2025,1,2024-05-01,2024-10-31,80,15,9,3,1,0,0,0,0,0,0,0,0,0,0,2,7,6,3,2,0,0,0,0,0,0,0,0,0,3,6,3,8,4,0,0,0,0,0,0,0,0,0,5,6,6,1,2,1,0,0,0,0,0,0,0,0,3,4,5,3,4,2,0,0,0,0,0,0,0,0,0,0,5,5,7,6,0,0,0,0,0,0,0,0,0,0,0,0,愛知
3906,飯山晃三,イイヤマ コウゾウ,長崎,B1,S,521102,1,47,166,61,O,3.75,21.4,9,9,84,0,0,0.2,13,46.1,0.16,2.4,14,21.4,0.18,4.6,18,44.4,0.19,4.1,13,0.0,0.24,5.1,13,7.6,0.19,4.8,13,0.0,0.24,5.4,B1,B1,B1,45.0,43.0,2025,1,2024-05-01,2024-10-31,80,6,0,3,1,2,1,0,0,0,0,0,0,0,0,2,1,1,3,4,3,0,0,0,0,0,0,0,0,0,8,0,2,3,5,0,0,0,0,0,0,0,0,0,0,1,2,3,6,1,0,0,0,0,0,0,0,1,0,1,2,5,4,0,0,0,0,0,0,0,0,0,0,1,1,3,8,0,0,0,0,0,0,0,0,0,0,0,0,長崎
3907,村越篤,ムラコシ アツシ,香川,A2,S,530212,1,46,167,55,O,5.51,37.6,28,16,117,2,0,0.17,20,95.0,0.15,2.4,21,52.3,0.16,3.0,21,33.3,0.15,3.3,12,16.6,0.21,4.4,23,13.0,0.17,4.1,20,10.0,0.2,4.2,A2,A2,A2,53.0,50.0,2025,1,2024-05-01,2024-10-31,80,16,3,0,0,0,1,0,0,0,0,0,0,0,0,4,7,1,5,2,1,1,0,0,0,0,0,0,0,4,3,5,3,2,4,0,0,0,0,0,0,0,0,1,1,2,4,3,1,0,0,0,0,0,0,0,0,1,2,3,7,3,7,0,0,0,0,0,0,0,0,2,0,5,2,9,2,0,0,0,0,0,0,0,0,0,0,1,0,愛媛
3908,重成一人,シゲナリ カズヒト,香川,A1,S,530912,1,46,168,56,A,6.23,37.5,22,23,120,2,0,0.15,21,80.9,0.13,2.5,17,29.4,0.12,3.4,19,31.5,0.15,3.2,19,31.5,0.13,3.1,21,33.3,0.14,2.7,23,17.3,0.19,4.3,A1,A1,A1,64.0,61.0,2025,1,2024-05-01,2024-10-31,80,13,4,2,1,1,0,0,0,0,0,0,0,0,0,2,3,5,3,2,2,0,0,0,0,0,0,0,0,3,3,5,1,3,3,1,0,0,0,0,0,0,0,2,4,7,1,3,2,0,0,0,0,0,0,0,0,1,6,2,5,6,1,0,0,0,0,0,0,0,0,1,3,4,6,5,4,0,0,0,0,0,0,0,0,0,0,0,0,香川
3909,佐々木康幸,ササキ ヤスユキ,静岡,A1,S,480815,1,51,167,57,O,6.77,55.8,40,36,136,5,1,0.12,31,100.0,0.11,1.8,23,43.4,0.13,2.1,24,41.6,0.12,1.9,27,51.8,0.1,1.9,28,35.7,0.13,2.3,3,33.3,0.19,3.3,A1,A1,A1,57.0,53.0,2025,1,2024-05-01,2024-10-31,81,26,5,0,0,0,0,0,0,0,0,0,0,0,0,1,9,6,4,2,1,0,0,0,0,0,0,0,0,3,7,7,2,3,2,0,0,0,0,0,0,0,0,6,8,4,5,0,3,0,0,0,0,0,0,1,0,4,6,5,4,3,5,0,0,0,0,0,0,0,1,0,1,0,2,0,0,0,0,0,0,0,0,0,0,0,0,0,0,静岡
3910,松下知幸,マツシタ トモユキ,香川,B1,S,481010,1,51,163,52,A,4.66,23.8,11,15,109,0,0,0.15,16,68.7,0.14,2.6,21,19.0,0.16,3.2,15,40.0,0.13,2.2,18,22.2,0.14,3.1,22,4.5,0.18,4.1,17,0.0,0.17,4.0,B1,B1,B1,50.0,48.0,2025,1,2024-05-01,2024-10-31,81,5,6,1,1,2,1,0,0,0,0,0,0,0,0,0,4,6,5,4,2,0,0,0,0,0,0,0,0,3,3,2,6,1,0,0,0,0,0,0,0,0,0,2,2,2,5,2,5,0,0,0,0,0,0,0,0,1,0,8,5,5,3,0,0,0,0,0,0,0,0,0,0,1,4,3,9,0,0,0,0,0,0,0,0,0,0,0,0,香川
3911,鈴木猛,スズキ タケシ,東京,B1,S,481130,1,51,165,53,O,4.92,29.2,15,16,106,0,0,0.17,16,62.5,0.16,3.4,20,40.0,0.18,4.0,15,13.3,0.15,2.7,19,31.5,0.18,3.5,18,22.2,0.19,3.7,18,5.5,0.15,4.1,B1,B1,B1,48.0,48.0,2025,1,2024-05-01,2024-10-31,81,6,4,0,2,3,0,1,0,0,0,0,0,0,0,2,6,1,5,4,2,0,0,0,0,0,1,0,0,0,2,4,6,1,2,0,0,0,0,0,0,0,0,4,2,3,3,3,3,0,0,0,0,0,0,1,0,3,1,3,5,3,3,0,0,0,0,0,0,0,0,0,1,4,4,7,2,0,0,0,0,0,0,0,0,0,0,0,0,東京
3912,川原正明,カワラ マサアキ,福井,A2,S,490107,1,50,168,52,B,5.61,36.7,22,21,117,2,0,0.14,16,62.5,0.14,2.9,21,52.3,0.11,2.5,20,40.0,0.14,2.8,21,28.5,0.13,3.0,25,24.0,0.14,2.6,14,14.2,0.16,3.7,B1,B1,B1,48.0,51.0,2025,1,2024-05-01,2024-10-31,81,7,3,4,1,1,0,0,0,0,0,0,1,0,0,3,8,5,3,2,0,0,0,0,0,0,0,0,0,4,4,3,2,6,1,0,0,0,0,0,0,0,0,5,1,4,7,4,0,0,0,0,0,0,0,0,0,3,3,2,6,6,5,0,0,0,0,0,0,0,0,0,2,3,2,4,3,0,0,0,0,0,0,0,0,0,0,0,0,石川
3915,繁野谷圭介,シゲノヤ ケイスケ,大阪,A2,S,490429,1,50,163,52,B,5.82,43.5,28,33,140,4,1,0.18,26,73.0,0.18,3.7,21,38.1,0.2,4.0,30,36.6,0.19,4.0,26,69.2,0.19,3.6,18,11.1,0.17,3.3,19,15.7,0.16,3.3,A2,A1,A1,53.0,52.0,2025,1,2024-05-01,2024-10-31,81,14,5,1,3,1,2,0,0,0,0,0,0,0,0,4,4,2,4,3,3,0,0,0,0,0,1,1,0,5,6,4,5,7,3,0,0,0,0,0,0,0,0,5,13,0,4,4,0,0,0,0,0,0,0,0,0,0,2,6,5,4,1,0,0,0,0,0,0,0,0,0,3,2,4,9,1,0,0,0,0,0,0,0,0,0,0,1,0,大阪
3918,深井利寿,フカイ トシヒサ,滋賀,A1,S,490808,1,50,161,52,O,6.6,48.9,41,32,149,3,2,0.14,34,88.2,0.13,2.5,25,44.0,0.14,2.8,23,47.8,0.15,2.3,19,47.3,0.13,2.4,27,25.9,0.14,2.7,21,23.8,0.19,4.0,A1,A2,A1,55.0,55.0,2025,1,2024-05-01,2024-10-31,81,19,11,1,1,1,1,0,0,0,0,0,0,0,0,6,5,8,2,2,2,0,0,0,0,0,0,0,0,4,7,4,6,2,0,0,0,0,0,0,0,0,0,7,2,3,3,3,1,0,0,0,0,0,0,0,0,3,4,7,6,4,2,0,0,0,0,0,0,0,1,2,3,5,4,6,0,0,0,0,0,0,0,0,1,0,0,0,0,滋賀
3921,川村正輝,カワムラ マサキ,福井,B1,S,500103,1,49,159,52,A,5.03,33.0,16,23,118,0,0,0.17,19,73.6,0.17,2.5,22,54.5,0.17,3.5,18,22.2,0.14,2.5,22,40.9,0.17,3.2,18,0.0,0.16,3.3,19,0.0,0.19,3.9,B1,B1,B1,47.0,49.0,2025,1,2024-05-01,2024-10-31,81,7,7,1,0,3,1,0,0,0,0,0,0,0,0,5,7,3,1,3,3,0,0,0,0,0,0,0,0,1,3,4,4,5,1,0,0,0,0,0,0,0,0,3,6,2,6,3,2,0,0,0,0,0,0,0,0,0,0,4,3,7,4,0,0,0,0,0,0,0,0,0,0,4,5,3,7,0,0,0,0,0,0,0,0,0,0,0,0,福井
3922,菅沼佳昭,スガヌマ ヨシアキ,愛知,B1,S,500617,1,49,163,52,O,4.05,18.8,9,14,122,0,0,0.17,19,63.1,0.16,3.2,23,17.3,0.17,3.6,19,21.0,0.18,3.1,23,0.0,0.16,3.3,22,9.0,0.16,3.1,16,6.2,0.22,5.0,B1,B1,B1,44.0,46.0,2025,1,2024-05-01,2024-10-31,81,8,4,5,1,1,0,0,0,0,0,0,0,0,0,0,4,2,6,9,2,0,0,0,0,0,0,0,0,0,4,4,6,0,5,0,0,0,0,0,0,0,0,0,0,4,4,11,4,0,0,0,0,0,0,0,0,1,1,3,5,8,4,0,0,0,0,0,0,0,0,0,1,0,0,8,7,0,0,0,0,0,0,0,0,0,0,0,0,愛知
3928,林恵祐,ハヤシ ケイスケ,福岡,B1,S,501012,1,49,169,63,O,4.2,24.5,14,15,118,0,0,0.16,17,76.4,0.14,3.2,20,15.0,0.16,4.0,25,40.0,0.14,2.9,15,6.6,0.14,3.3,21,4.7,0.16,3.2,20,5.0,0.18,4.1,B1,B1,B1,44.0,45.0,2025,1,2024-05-01,2024-10-31,81,9,4,2,1,1,0,0,0,0,0,0,0,0,0,1,2,5,2,3,7,0,0,0,0,0,0,0,0,3,7,3,4,4,4,0,0,0,0,0,0,0,0,0,1,2,3,3,6,0,0,0,0,0,0,0,0,1,0,0,3,8,9,0,0,0,0,0,0,0,0,0,1,2,5,4,8,0,0,0,0,0,0,0,0,0,0,0,0,福岡
3929,杢野誓良,モクノ チカヨシ,愛知,B1,S,501012,1,49,160,51,B,4.92,32.0,16,24,125,2,0,0.15,16,81.2,0.11,2.3,23,43.4,0.16,2.9,18,44.4,0.12,2.3,28,3.5,0.17,2.6,23,8.7,0.16,3.0,17,35.2,0.15,2.7,B1,B1,B1,50.0,48.0,2025,1,2024-05-01,2024-10-31,81,8,5,0,0,1,2,0,0,0,0,0,0,0,0,4,6,4,4,3,2,0,0,0,0,0,0,0,0,2,6,3,2,2,3,0,0,0,0,0,0,0,0,0,1,3,10,8,6,0,0,0,0,0,0,0,0,0,2,5,8,2,6,0,0,0,0,0,0,0,0,2,4,1,1,4,5,0,0,0,0,0,0,0,0,0,0,0,0,愛知
3930,岸本隆,キシモト タカシ,岡山,B1,S,510214,1,48,168,58,A,4.51,25.5,14,10,94,0,0,0.15,14,57.1,0.1,2.1,15,26.6,0.19,3.7,17,11.7,0.13,2.9,14,28.5,0.13,3.1,18,22.2,0.16,3.5,16,12.5,0.16,4.3,B1,B1,B1,49.0,47.0,2025,1,2024-05-01,2024-10-31,81,7,1,1,4,0,1,0,0,0,0,0,0,0,0,1,3,3,2,4,2,0,0,0,0,0,0,0,0,0,2,2,4,4,5,0,0,0,0,0,0,0,0,3,1,0,4,4,2,0,0,0,0,0,0,0,0,1,3,3,3,6,1,1,0,0,0,0,0,0,0,2,0,1,4,4,5,0,0,0,0,0,0,0,0,0,0,0,0,岡山
3931,黒崎竜也,クロサキ タツヤ,三重,A2,S,510611,1,48,156,50,AB,5.55,39.7,16,13,73,1,0,0.13,13,92.3,0.12,2.3,12,41.6,0.15,3.3,11,54.5,0.14,2.3,8,25.0,0.12,2.4,13,23.0,0.13,2.3,16,6.2,0.14,2.8,A2,A1,A1,53.0,49.0,2025,1,2024-05-01,2024-10-31,81,9,3,0,0,0,0,1,0,0,0,0,0,0,0,2,3,2,1,0,4,0,0,0,0,0,0,0,0,3,3,3,0,1,0,1,0,0,0,0,0,0,0,2,0,2,1,1,2,0,0,0,0,0,0,0,0,0,3,2,3,4,1,0,0,0,0,0,0,0,0,0,1,3,4,4,4,0,0,0,0,0,0,0,0,0,0,0,0,三重
3932,池田浩美,イケダ ヒロミ,静岡,B1,S,510613,2,48,161,52,A,5.45,45.1,9,14,51,0,0,0.18,8,87.5,0.18,2.8,8,75.0,0.19,2.6,10,40.0,0.16,2.9,10,30.0,0.18,3.3,7,28.5,0.18,3.6,8,12.5,0.22,4.5,B1,A2,A2,44.0,49.0,2025,1,2024-05-01,2024-10-31,81,3,4,0,0,1,0,0,0,0,0,0,0,0,0,5,1,1,1,0,0,0,0,0,0,0,0,0,0,0,4,0,2,1,3,0,0,0,0,0,0,0,0,1,2,2,1,2,2,0,0,0,0,0,0,0,0,0,2,1,0,2,2,0,0,0,0,0,0,0,0,0,1,1,1,2,3,0,0,0,0,0,0,0,0,0,0,1,0,静岡
3933,山地正樹,ヤマジ マサキ,岡山,B1,S,510624,1,48,164,57,AB,3.84,18.2,3,14,93,0,0,0.16,15,26.6,0.2,3.5,40,20.0,0.16,3.7,25,16.0,0.14,3.2,8,12.5,0.18,4.0,4,0.0,0.18,4.5,1,0.0,0.17,4.0,B1,A2,A2,49.0,45.0,2025,1,2024-05-01,2024-10-31,81,2,2,4,2,2,3,0,0,0,0,0,0,0,0,1,7,5,7,7,13,0,0,0,0,0,1,0,0,0,4,1,8,8,4,0,0,0,0,0,0,0,0,0,1,2,3,1,1,0,0,0,0,0,0,0,0,0,0,0,0,1,3,0,0,0,0,0,0,0,0,0,0,0,0,0,1,0,0,0,0,0,0,0,0,0,0,0,0,岡山
3934,鋤柄貴俊,スキガラ タカトシ,愛知,B1,S,520304,1,47,168,54,O,5.35,28.0,18,17,125,0,0,0.15,21,71.4,0.15,2.6,23,34.7,0.17,3.1,17,5.8,0.12,2.1,26,26.9,0.14,2.6,24,16.6,0.13,2.8,14,0.0,0.17,3.8,B1,B1,B1,50.0,51.0,2025,1,2024-05-01,2024-10-31,81,13,2,3,3,0,0,0,0,0,0,0,0,0,0,2,6,1,9,3,2,0,0,0,0,0,0,0,0,0,1,5,7,3,1,0,0,0,0,0,0,0,0,3,4,12,3,2,2,0,0,0,0,0,0,0,0,0,4,4,5,8,3,0,0,0,0,0,0,0,0,0,0,5,4,4,1,0,0,0,0,0,0,0,0,0,0,0,0,愛知
3935,岩津徹郎,イワツ テツロウ,岡山,B1,S,520814,1,47,168,55,A,4.56,22.3,7,14,94,0,0,0.16,15,53.3,0.17,3.1,16,50.0,0.15,3.3,15,26.6,0.18,3.9,15,0.0,0.14,3.3,14,7.1,0.17,3.2,19,0.0,0.18,4.2,A2,B1,B1,52.0,47.0,2025,1,2024-05-01,2024-10-31,81,3,5,2,0,5,0,0,0,0,0,0,0,0,0,1,7,5,1,1,1,0,0,0,0,0,0,0,0,3,1,3,4,2,2,0,0,0,0,0,0,0,0,0,0,4,6,2,3,0,0,0,0,0,1,0,0,0,1,4,2,3,3,1,0,0,0,0,0,0,0,0,0,4,2,7,6,0,0,0,0,0,0,0,0,0,0,0,0,岡山
3939,渡辺真至,ワタナベ マサシ,愛知,A2,S,530116,1,46,158,55,B,6.11,37.9,17,24,108,1,0,0.14,23,86.9,0.13,2.7,19,21.0,0.17,3.2,17,17.6,0.14,2.9,19,26.3,0.13,3.2,16,31.2,0.14,2.6,14,28.5,0.17,4.1,A2,A2,A2,52.0,53.0,2025,1,2024-05-01,2024-10-31,81,11,9,0,2,1,0,0,0,0,0,0,0,0,0,1,3,11,3,1,0,0,0,0,0,0,0,0,0,2,1,8,5,0,1,0,0,0,0,0,0,0,0,3,2,8,1,3,2,0,0,0,0,0,0,0,0,0,5,2,7,1,1,0,0,0,0,0,0,0,0,0,4,3,2,3,2,0,0,0,0,0,0,0,0,0,0,0,0,愛知
3940,飯山泰,イイヤマ ヤスシ,東京,A2,S,530223,1,46,162,52,A,6.09,42.8,37,23,140,2,0,0.15,31,80.6,0.14,2.1,19,42.1,0.15,3.2,24,41.6,0.15,2.2,25,32.0,0.14,3.0,21,19.0,0.15,3.0,19,26.3,0.17,3.1,A1,A1,A1,58.0,52.0,2025,1,2024-05-01,2024-10-31,81,19,6,3,1,0,1,1,0,0,0,0,0,0,0,5,3,2,3,3,3,0,0,0,0,0,0,0,0,6,4,6,3,3,2,0,0,0,0,0,0,0,0,3,5,5,4,5,3,0,1,0,0,0,0,0,0,2,2,6,4,5,1,0,0,0,0,0,0,0,1,2,3,2,9,1,2,0,0,0,0,0,0,0,0,0,0,0,1,長野
3941,池田浩二,イケダ コウジ,愛知,A1,S,530403,1,46,170,54,O,8.1,58.8,41,42,141,8,1,0.11,26,96.1,0.13,2.4,24,79.1,0.11,2.3,26,69.2,0.11,2.2,26,50.0,0.11,3.0,22,31.8,0.11,2.6,17,5.8,0.11,3.3,A1,A1,A1,72.0,72.0,2025,1,2024-05-01,2024-10-31,81,20,5,0,1,0,0,0,0,0,0,0,0,0,0,7,12,2,1,2,0,0,0,0,0,0,0,0,0,4,14,4,1,3,0,0,0,0,0,0,0,0,0,5,8,6,3,2,1,0,0,0,0,0,0,1,0,5,2,5,5,3,2,0,0,0,0,0,0,0,0,0,1,5,7,3,1,0,0,0,0,0,0,0,0,0,0,0,0,愛知
3942,寺田祥,テラダ ショウ,山口,A1,S,530920,1,46,166,56,O,6.88,43.2,30,21,118,4,1,0.15,27,88.8,0.16,4.5,18,38.8,0.16,4.5,20,50.0,0.14,4.1,21,33.3,0.14,3.6,17,11.7,0.13,3.6,15,6.6,0.15,3.9,A1,A1,A1,70.0,68.0,2025,1,2024-05-01,2024-10-31,81,20,4,3,0,0,0,0,0,0,0,0,0,0,0,4,3,2,4,0,5,0,0,0,0,0,0,0,0,2,8,4,2,1,3,0,0,0,0,0,1,0,0,2,5,4,6,3,1,0,0,0,0,0,0,0,0,2,0,5,1,6,3,0,0,0,0,0,0,0,0,0,1,2,3,4,5,0,0,0,0,0,0,0,0,0,0,0,0,山口
3943,三松直美,ミマツ ナオミ,岡山,B2,S,531121,2,46,161,66,A,3.07,14.6,2,4,41,0,0,0.16,7,28.5,0.15,2.7,6,16.6,0.18,3.5,12,16.6,0.13,2.2,5,20.0,0.18,3.6,2,0.0,0.11,3.3,9,0.0,0.18,4.3,B1,B1,B1,45.0,41.0,2025,1,2024-05-01,2024-10-31,81,2,0,1,0,1,3,0,0,0,0,0,0,0,0,0,1,0,0,3,2,0,0,0,0,0,0,0,0,0,2,0,4,4,2,0,0,0,0,0,0,0,0,0,1,0,1,0,3,0,0,0,0,0,0,0,0,0,0,1,0,0,1,0,0,0,0,0,1,0,0,0,0,0,1,3,5,0,0,0,0,0,0,0,0,0,0,0,0,岡山
3944,山口裕二,ヤマグチ ユウジ,長崎,A2,S,540218,1,45,167,54,O,6.09,45.2,32,30,137,4,0,0.16,30,86.6,0.15,3.2,17,70.5,0.15,3.4,25,32.0,0.14,3.4,26,38.4,0.14,3.0,19,31.5,0.18,3.9,20,0.0,0.21,5.2,A2,A2,A1,52.0,52.0,2025,1,2024-05-01,2024-10-31,81,20,6,3,0,0,0,0,0,0,0,0,0,1,0,5,7,2,0,2,1,0,0,0,0,0,0,0,0,4,4,7,4,4,2,0,0,0,0,0,0,0,0,2,8,6,5,4,1,0,0,0,0,0,0,0,0,1,5,2,6,4,1,0,0,0,0,0,0,0,0,0,0,2,4,10,4,0,0,0,0,0,0,0,0,0,0,0,0,佐賀
3945,橋口真樹,ハシグチ マキ,愛知,B1,S,501206,1,49,166,52,AB,4.75,28.5,11,19,105,1,0,0.18,16,62.5,0.16,3.2,15,40.0,0.23,4.7,21,28.5,0.18,3.8,14,21.4,0.16,3.7,26,15.3,0.17,3.0,13,7.6,0.2,4.5,B1,B1,B1,49.0,48.0,2025,1,2024-05-01,2024-10-31,82,6,4,2,1,2,1,0,0,0,0,0,0,0,0,0,6,2,3,3,1,0,0,0,0,0,0,0,0,2,4,1,4,6,4,0,0,0,0,0,0,0,0,0,3,2,6,2,1,0,0,0,0,0,0,0,0,3,1,2,4,9,7,0,0,0,0,0,0,0,0,0,1,6,2,3,1,0,0,0,0,0,0,0,0,0,0,1,0,愛知
3946,赤岩善生,アカイワ ヨシオ,愛知,A1,S,510208,1,48,168,58,A,6.8,49.3,41,40,164,3,2,0.14,36,77.7,0.11,2.2,76,56.5,0.14,3.1,38,26.3,0.15,3.4,7,0.0,0.16,3.7,4,0.0,0.19,3.5,3,0.0,0.12,4.7,A1,A1,A1,60.0,61.0,2025,1,2024-05-01,2024-10-31,82,20,8,4,1,1,1,1,0,0,0,0,0,0,0,17,26,12,9,9,3,0,0,0,0,0,0,0,0,4,6,7,9,8,4,0,0,0,0,0,0,0,0,0,0,1,1,4,1,0,0,0,0,0,0,0,0,0,0,1,1,0,2,0,0,0,0,0,0,0,0,0,0,1,0,1,1,0,0,0,0,0,0,0,0,0,0,0,0,愛知
3947,寺本昇平,テラモト ショウヘイ,群馬,B1,S,510209,1,48,163,51,AB,4.72,24.3,9,11,82,0,0,0.17,14,57.1,0.15,3.7,12,25.0,0.17,3.7,17,11.7,0.18,3.8,19,26.3,0.17,3.4,9,11.1,0.16,3.7,11,9.0,0.18,3.4,B2,B1,B1,0.0,48.0,2025,1,2024-05-01,2024-10-31,82,6,2,2,3,1,0,0,0,0,0,0,0,0,0,1,2,2,2,3,2,0,0,0,0,0,0,0,0,1,1,2,7,4,2,0,0,0,0,0,0,0,0,1,4,4,6,4,0,0,0,0,0,0,0,0,0,0,1,2,3,1,2,0,0,0,0,0,0,0,0,0,1,1,0,6,3,0,0,0,0,0,0,0,0,0,0,0,0,神奈川
3948,大町利克,オオマチ トシカツ,大阪,B1,S,510228,1,48,169,54,A,4.04,21.3,5,17,103,0,0,0.19,14,64.2,0.19,4.1,19,21.0,0.19,4.2,17,17.6,0.18,3.7,14,28.5,0.2,4.2,19,5.2,0.18,3.6,19,5.2,0.19,4.2,B1,B1,B1,46.0,45.0,2025,1,2024-05-01,2024-10-31,82,4,5,1,3,1,0,0,0,0,0,0,0,0,0,0,4,3,4,1,7,0,0,0,0,0,0,0,0,0,3,4,5,3,2,0,0,0,0,0,1,0,0,0,4,0,1,3,6,0,0,0,0,0,0,0,0,1,0,1,5,6,6,0,0,0,0,0,0,0,0,0,1,4,4,5,5,0,0,0,0,0,0,0,0,0,0,0,1,長崎
3949,今出晋二,イマデ シンジ,岡山,B1,S,510408,1,48,161,58,O,4.59,23.5,6,14,85,0,0,0.15,12,58.3,0.13,2.7,19,42.1,0.16,2.5,15,13.3,0.13,2.1,11,18.1,0.15,2.1,17,5.8,0.15,3.0,11,0.0,0.17,3.5,B1,B2,B1,42.0,48.0,2025,1,2024-05-01,2024-10-31,82,1,6,2,2,0,1,0,0,0,0,0,0,0,0,3,5,4,2,4,1,0,0,0,0,0,0,0,0,0,2,4,4,2,3,0,0,0,0,0,1,0,0,1,1,2,2,5,0,0,0,0,0,0,0,0,0,1,0,2,6,4,4,0,0,0,0,0,1,0,0,0,0,2,2,4,3,0,0,0,0,0,0,0,0,0,0,0,0,岡山
3950,石川哲秀,イシカワ テッシュウ,大阪,B2,S,510504,1,48,168,57,B,3.59,16.3,2,6,49,0,0,0.17,7,28.5,0.19,3.2,9,44.4,0.15,3.1,10,10.0,0.15,2.0,6,0.0,0.16,4.3,9,11.1,0.19,3.1,8,0.0,0.19,4.8,B1,B1,B1,46.0,43.0,2025,1,2024-05-01,2024-10-31,82,1,1,1,0,1,2,1,0,0,0,0,0,0,0,1,3,1,1,2,1,0,0,0,0,0,0,0,0,0,1,4,2,3,0,0,0,0,0,0,0,0,0,0,0,1,0,3,2,0,0,0,0,0,0,0,0,0,1,1,0,5,2,0,0,0,0,0,0,0,0,0,0,0,0,5,3,0,0,0,0,0,0,0,0,0,0,0,0,大阪
3951,石川吉鎬,イシカワ ヨシタカ,大阪,A2,S,510701,1,48,163,56,A,5.6,35.1,20,25,128,0,0,0.16,25,80.0,0.15,2.8,20,35.0,0.17,3.7,24,37.5,0.16,3.1,16,31.2,0.15,3.1,19,15.7,0.15,3.7,24,4.1,0.19,4.2,A2,A2,A2,51.0,51.0,2025,1,2024-05-01,2024-10-31,82,15,5,4,1,0,0,0,0,0,0,0,0,0,0,2,5,4,6,3,0,0,0,0,0,0,0,0,0,2,7,4,4,5,2,0,0,0,0,0,2,0,0,0,5,6,3,1,1,0,0,0,0,0,1,0,0,1,2,3,4,7,2,0,0,0,0,0,1,0,0,0,1,7,6,6,4,0,0,0,0,0,0,0,0,0,0,0,0,奈良
3952,中澤和志,ナカザワ カズシ,埼玉,A1,S,510724,1,48,167,54,AB,6.89,46.5,32,29,131,4,1,0.13,29,75.8,0.14,2.9,20,55.0,0.14,2.9,18,27.7,0.13,2.6,27,29.6,0.15,3.0,21,57.1,0.12,2.5,16,18.7,0.09,2.7,A1,A1,A1,65.0,65.0,2025,1,2024-05-01,2024-10-31,82,18,4,3,3,1,0,0,0,0,0,0,0,0,0,5,6,4,2,3,0,0,0,0,0,0,1,0,0,1,4,6,5,1,1,0,0,0,0,0,1,0,0,1,7,3,6,7,3,0,0,0,0,0,0,0,0,5,7,3,3,2,1,0,0,0,0,0,0,0,0,2,1,4,5,4,0,0,0,0,0,0,0,0,0,0,0,1,0,岩手
3953,志道吉和,シドウ ヨシカズ,福岡,B1,S,510902,1,48,156,53,O,4.48,28.1,12,17,103,0,0,0.16,13,84.6,0.13,2.4,15,26.6,0.18,4.1,25,32.0,0.17,3.5,22,18.1,0.15,2.6,18,5.5,0.15,3.6,10,10.0,0.19,4.6,B1,B1,B1,41.0,46.0,2025,1,2024-05-01,2024-10-31,82,8,3,0,1,1,0,0,0,0,0,0,0,0,0,2,2,1,3,1,6,0,0,0,0,0,0,0,0,1,7,5,1,8,2,0,0,0,0,0,0,0,1,1,3,4,3,3,8,0,0,0,0,0,0,0,0,0,1,3,5,4,5,0,0,0,0,0,0,0,0,0,1,0,3,2,4,0,0,0,0,0,0,0,0,0,0,0,0,福岡
3955,眞田英二,サナダ エイジ,徳島,A2,S,520420,1,47,162,53,A,5.55,32.6,19,14,101,0,0,0.18,15,73.3,0.15,3.4,18,38.8,0.16,3.1,19,47.3,0.16,3.3,16,12.5,0.19,3.6,21,14.2,0.21,4.3,12,8.3,0.22,4.9,B1,A2,A2,49.0,51.0,2025,1,2024-05-01,2024-10-31,82,9,2,2,1,1,0,0,0,0,0,0,0,0,0,2,5,5,4,1,1,0,0,0,0,0,0,0,0,5,4,5,3,1,1,0,0,0,0,0,0,0,0,2,0,4,5,5,0,0,0,0,0,0,0,0,0,1,2,2,6,7,3,0,0,0,0,0,0,0,0,0,1,4,2,3,2,0,0,0,0,0,0,0,0,0,0,0,0,徳島
3956,横澤剛治,ヨコザワ コウジ,静岡,A1,S,520704,1,47,166,59,O,6.5,47.2,35,24,125,1,1,0.15,30,93.3,0.16,3.9,18,44.4,0.15,3.3,20,40.0,0.14,2.2,28,28.5,0.15,3.4,18,38.8,0.15,3.0,11,0.0,0.18,3.8,A1,A1,A1,59.0,55.0,2025,1,2024-05-01,2024-10-31,82,21,7,0,1,1,0,0,0,0,0,0,0,0,0,2,6,3,3,2,2,0,0,0,0,0,0,0,0,5,3,6,6,0,0,0,0,0,0,0,0,0,0,4,4,7,4,8,0,0,0,0,0,0,0,1,0,3,4,3,4,2,2,0,0,0,0,0,0,0,0,0,0,2,4,3,2,0,0,0,0,0,0,0,0,0,0,2,0,静岡
3957,大谷直弘,オオタニ ナオヒロ,愛知,B1,S,520713,1,47,166,53,B,5.0,27.1,20,18,140,0,0,0.19,25,64.0,0.2,3.8,20,30.0,0.19,3.6,24,29.1,0.16,3.4,30,20.0,0.17,3.9,25,12.0,0.19,4.0,16,0.0,0.22,4.4,A2,B1,A2,51.0,49.0,2025,1,2024-05-01,2024-10-31,82,14,2,5,2,2,0,0,0,0,0,0,0,0,0,1,5,4,3,2,5,0,0,0,0,0,0,0,0,3,4,6,7,3,1,0,0,0,0,0,0,0,0,1,5,8,8,5,3,0,0,0,0,0,0,0,0,1,2,4,4,9,5,0,0,0,0,0,1,0,0,0,0,0,7,5,4,0,0,0,0,0,0,0,0,0,0,0,0,愛知
3959,坪井康晴,ツボイ ヤスハル,静岡,A1,S,521007,1,47,164,53,O,6.77,41.4,23,30,128,2,0,0.14,25,68.0,0.15,2.5,20,50.0,0.14,3.3,21,57.1,0.13,3.5,23,43.4,0.12,2.5,22,13.6,0.13,3.0,17,5.8,0.15,4.2,A1,A1,A1,67.0,67.0,2025,1,2024-05-01,2024-10-31,82,13,4,3,1,3,1,0,0,0,0,0,0,0,0,4,6,4,4,1,1,0,0,0,0,0,0,0,0,1,11,1,7,1,0,0,0,0,0,0,0,0,0,4,6,4,4,1,3,0,0,0,0,0,0,1,0,1,2,6,3,9,1,0,0,0,0,0,0,0,0,0,1,4,9,2,1,0,0,0,0,0,0,0,0,0,0,0,0,静岡
3960,菊地孝平,キクチ コウヘイ,静岡,A1,S,530816,1,46,165,54,AB,6.99,42.0,23,27,119,3,0,0.11,26,84.6,0.12,2.3,21,38.1,0.11,2.9,19,47.3,0.1,2.1,18,22.2,0.1,2.5,18,16.6,0.11,2.3,17,23.5,0.1,2.6,A1,A1,A1,72.0,71.0,2025,1,2024-05-01,2024-10-31,82,16,6,3,1,0,0,0,0,0,0,0,0,0,0,1,7,4,2,2,5,0,0,0,0,0,0,0,0,3,6,2,2,4,2,0,0,0,0,0,0,0,0,0,4,7,3,1,3,0,0,0,0,0,0,0,0,2,1,3,5,4,3,0,0,0,0,0,0,0,0,1,3,2,4,3,4,0,0,0,0,0,0,0,0,0,0,0,0,岩手
3961,谷村一哉,タニムラ カズヤ,山口,A2,S,531215,1,46,169,57,A,5.99,38.3,31,23,141,4,1,0.15,32,84.3,0.14,2.7,20,35.0,0.15,3.5,23,43.4,0.17,3.6,20,30.0,0.14,3.7,24,12.5,0.17,3.7,22,4.5,0.17,3.9,A1,A1,A1,63.0,57.0,2025,1,2024-05-01,2024-10-31,82,21,6,3,0,0,2,0,0,0,0,0,0,0,0,2,5,3,1,5,3,1,0,0,0,0,0,0,0,5,5,4,4,2,3,0,0,0,0,0,0,0,0,1,5,2,5,5,2,0,0,0,0,0,0,0,0,2,1,10,3,4,4,0,0,0,0,0,0,0,0,0,1,8,5,6,2,0,0,0,0,0,0,0,0,0,0,0,0,山口
3963,原田秀弥,ハラダ ヒデヤ,大阪,B1,S,540201,1,45,159,56,A,5.27,33.5,21,29,149,0,0,0.16,26,80.7,0.16,3.5,27,33.3,0.16,3.3,26,34.6,0.17,3.6,24,16.6,0.15,3.0,27,22.2,0.18,3.0,19,5.2,0.16,3.9,A2,A2,B1,52.0,50.0,2025,1,2024-05-01,2024-10-31,82,14,7,1,2,1,1,0,0,0,0,0,0,0,0,2,7,7,3,8,0,0,0,0,0,0,0,0,0,1,8,8,5,0,4,0,0,0,0,0,0,0,0,2,2,7,5,4,4,0,0,0,0,0,0,0,0,2,4,5,4,7,5,0,0,0,0,0,0,0,0,0,1,2,3,8,5,0,0,0,0,0,0,0,0,0,0,0,0,奈良
3964,宮地博士,ミヤチ ヒロシ,長崎,B1,S,540228,1,45,163,57,O,4.02,15.6,6,10,102,0,0,0.2,14,42.8,0.17,3.3,21,19.0,0.2,4.2,15,20.0,0.19,3.9,19,10.5,0.22,4.5,16,6.2,0.21,4.9,17,0.0,0.21,4.4,B1,B1,B1,47.0,46.0,2025,1,2024-05-01,2024-10-31,82,3,3,2,1,2,2,0,0,0,0,0,0,1,0,2,2,3,6,7,1,0,0,0,0,0,0,0,0,1,2,2,0,7,3,0,0,0,0,0,0,0,0,0,2,4,4,5,3,0,0,0,0,0,0,1,0,0,1,5,5,3,2,0,0,0,0,0,1,0,0,0,0,3,4,7,3,0,0,0,0,0,0,0,0,0,0,0,0,長崎
3965,北中元樹,キタナカ ゲンキ,滋賀,A2,S,540528,1,45,167,59,A,5.53,33.9,17,22,115,0,0,0.15,18,66.6,0.11,1.9,21,52.3,0.16,3.5,21,42.8,0.14,2.9,22,9.0,0.15,3.0,21,14.2,0.16,2.6,12,16.6,0.15,3.5,B1,B1,A2,49.0,51.0,2025,1,2024-05-01,2024-10-31,82,11,1,3,2,0,1,0,0,0,0,0,0,0,0,3,8,4,2,3,1,0,0,0,0,0,0,0,0,1,8,3,5,2,2,0,0,0,0,0,0,0,0,1,1,10,4,5,1,0,0,0,0,0,0,0,0,0,3,4,6,5,2,1,0,0,0,0,0,0,0,1,1,3,2,2,3,0,0,0,0,0,0,0,0,0,0,0,0,滋賀
3966,作間章,サクマ アキラ,東京,A1,S,540718,1,45,170,54,B,6.51,50.0,32,43,150,8,0,0.16,30,70.0,0.15,3.5,33,54.5,0.17,3.6,18,38.8,0.17,3.4,30,60.0,0.15,3.3,20,30.0,0.19,3.8,19,26.3,0.17,4.6,A2,A1,A1,54.0,54.0,2025,1,2024-05-01,2024-10-31,82,14,7,5,0,3,1,0,0,0,0,0,0,0,0,5,13,6,4,4,1,0,0,0,0,0,0,0,0,3,4,5,3,3,0,0,0,0,0,0,0,0,0,6,12,5,4,0,3,0,0,0,0,0,0,0,0,3,3,3,4,3,4,0,0,0,0,0,0,0,0,1,4,5,4,4,1,0,0,0,0,0,0,0,0,0,0,0,0,千葉
3967,鈴木茂高,スズキ シゲタカ,愛知,B1,S,540910,1,45,170,57,B,4.89,27.6,8,21,105,1,0,0.2,13,76.9,0.21,3.5,20,25.0,0.17,3.8,20,30.0,0.2,3.9,10,0.0,0.17,4.1,23,21.7,0.19,3.8,19,15.7,0.24,4.9,B1,B1,B1,47.0,49.0,2025,1,2024-05-01,2024-10-31,82,5,5,1,1,1,0,0,0,0,0,0,0,0,0,1,4,2,5,2,6,0,0,0,0,0,0,0,0,1,5,5,3,3,3,0,0,0,0,0,0,0,0,0,0,4,2,3,1,0,0,0,0,0,0,0,0,1,4,7,6,2,3,0,0,0,0,0,0,0,0,0,3,3,3,6,4,0,0,0,0,0,0,0,0,0,0,0,0,愛知
3968,茶谷信次,チャタニ シンジ,滋賀,B1,S,510627,1,48,163,54,O,5.77,36.2,11,14,69,1,0,0.16,10,60.0,0.16,3.1,12,50.0,0.14,3.6,13,38.4,0.16,3.7,9,11.1,0.18,3.0,14,21.4,0.14,2.6,11,36.3,0.16,3.3,B2,B1,A2,50.0,51.0,2025,1,2024-05-01,2024-10-31,83,3,3,0,2,0,2,0,0,0,0,0,0,0,0,5,1,2,2,2,0,0,0,0,0,0,0,0,0,3,2,2,1,3,2,0,0,0,0,0,0,0,0,0,1,3,4,0,0,0,0,0,0,0,0,0,1,0,3,4,4,2,1,0,0,0,0,0,0,0,0,0,4,5,2,0,0,0,0,0,0,0,1,0,0,0,0,0,0,滋賀
3973,崎利仁,サキ トシヒト,群馬,B1,S,510823,1,48,161,55,O,4.04,17.8,13,10,129,0,0,0.2,20,55.0,0.16,3.7,23,34.7,0.17,3.3,23,8.7,0.2,4.1,21,4.7,0.21,3.9,21,4.7,0.21,3.9,21,0.0,0.22,4.6,B1,B1,B1,45.0,46.0,2025,1,2024-05-01,2024-10-31,83,8,3,2,3,3,1,0,0,0,0,0,0,0,0,3,5,5,5,3,1,0,0,0,0,0,0,1,0,1,1,4,5,7,5,0,0,0,0,0,0,0,0,1,0,2,4,9,5,0,0,0,0,0,0,0,0,0,1,3,3,7,7,0,0,0,0,0,0,0,0,0,0,5,1,6,9,0,0,0,0,0,0,0,0,0,0,0,0,栃木
3974,深山祐二,フカヤマ ユウジ,佐賀,B1,S,511005,1,48,166,52,AB,4.4,28.0,8,20,100,0,0,0.15,13,76.9,0.14,2.6,18,50.0,0.15,3.4,15,13.3,0.17,3.5,17,17.6,0.17,3.3,19,15.7,0.13,3.5,18,5.5,0.15,3.3,B1,B1,B1,44.0,46.0,2025,1,2024-05-01,2024-10-31,83,6,4,0,2,1,0,0,0,0,0,0,0,0,0,1,8,3,4,2,0,0,0,0,0,0,0,0,0,1,1,6,3,2,2,0,0,0,0,0,0,0,0,0,3,2,0,4,8,0,0,0,0,0,1,0,0,0,3,2,3,7,4,0,0,0,0,0,0,0,0,0,1,0,2,5,10,0,0,0,0,0,0,0,0,0,0,1,0,佐賀
3975,小野寺智洋,オノデラ トモヒロ,香川,A2,S,520126,1,47,162,54,A,5.81,41.3,28,34,150,2,0,0.15,32,84.3,0.13,2.2,20,45.0,0.15,3.2,21,42.8,0.16,2.7,17,52.9,0.15,2.8,27,14.8,0.17,3.2,33,12.1,0.16,3.5,A2,A2,A2,53.0,51.0,2025,1,2024-05-01,2024-10-31,83,19,8,2,2,1,0,0,0,0,0,0,0,0,0,2,7,3,3,4,1,0,0,0,0,0,0,0,0,3,6,4,4,2,2,0,0,0,0,0,0,0,0,3,6,1,5,2,0,0,0,0,0,0,0,0,0,1,3,7,6,4,6,0,0,0,0,0,0,0,0,0,4,6,8,10,5,0,0,0,0,0,0,0,0,0,0,0,0,香川
3976,内田圭,ウチダ ケイ,山口,B1,S,520205,1,47,170,55,B,4.01,24.4,10,14,98,0,0,0.17,14,64.2,0.17,3.2,17,29.4,0.17,4.0,20,20.0,0.16,3.3,15,20.0,0.18,3.7,20,5.0,0.17,3.9,12,16.6,0.2,4.5,B1,B1,B1,46.0,44.0,2025,1,2024-05-01,2024-10-31,83,7,2,0,0,0,5,0,0,0,0,0,0,0,0,0,5,1,2,5,4,0,0,0,0,0,0,0,0,1,3,6,0,3,7,0,0,0,0,0,0,0,0,1,2,2,2,2,6,0,0,0,0,0,0,0,0,1,0,1,6,6,6,0,0,0,0,0,0,0,0,0,2,1,1,3,5,0,0,0,0,0,0,0,0,0,0,0,0,山口
3977,山本兼士,ヤマモト ケンジ,大阪,B1,S,520531,1,47,162,53,O,4.24,20.4,6,14,98,1,0,0.18,14,42.8,0.16,2.9,13,15.3,0.15,3.3,20,10.0,0.16,3.1,18,38.8,0.19,3.7,19,15.7,0.18,3.9,14,0.0,0.21,5.1,B1,B1,B1,50.0,46.0,2025,1,2024-05-01,2024-10-31,83,2,4,0,2,2,4,0,0,0,0,0,0,0,0,1,1,4,3,2,2,0,0,0,0,0,0,0,0,0,2,4,6,5,2,1,0,0,0,0,0,0,0,2,5,1,4,0,6,0,0,0,0,0,0,0,0,1,2,4,4,6,2,0,0,0,0,0,0,0,0,0,0,3,3,5,3,0,0,0,0,0,0,0,0,0,0,0,0,大阪
3978,齊藤仁,サイトウ ジン,東京,A1,S,520621,1,47,168,54,A,6.87,45.2,30,27,126,8,0,0.14,26,88.4,0.14,3.0,16,56.2,0.14,3.6,20,30.0,0.13,3.2,24,45.8,0.14,3.2,22,18.1,0.14,3.6,18,22.2,0.16,3.5,A1,A1,A1,63.0,62.0,2025,1,2024-05-01,2024-10-31,83,20,3,0,1,1,1,0,0,0,0,0,0,0,0,5,4,4,0,2,1,0,0,0,0,0,0,0,0,1,5,6,2,4,2,0,0,0,0,0,0,0,0,3,8,6,5,2,0,0,0,0,0,0,0,0,0,0,4,6,5,5,2,0,0,0,0,0,0,0,0,1,3,5,4,2,3,0,0,0,0,0,0,0,0,0,0,0,0,東京
3981,今坂晃広,イマサカ アキヒロ,静岡,B1,S,520912,1,47,165,54,A,4.12,24.1,8,20,116,0,0,0.18,16,50.0,0.19,3.9,15,20.0,0.18,4.3,23,43.4,0.17,3.3,23,17.3,0.17,2.7,18,16.6,0.17,3.4,20,0.0,0.19,4.7,B1,B1,B1,47.0,45.0,2025,1,2024-05-01,2024-10-31,83,4,4,1,1,3,3,0,0,0,0,0,0,0,0,1,2,4,3,2,3,0,0,0,0,0,0,0,0,2,8,5,5,3,0,0,0,0,0,0,0,0,0,1,3,2,2,10,5,0,0,0,0,0,0,0,0,0,3,2,2,6,5,0,0,0,0,0,0,0,0,0,0,0,5,3,12,0,0,0,0,0,0,0,0,0,0,0,1,静岡
3982,福田理,フクダ オサム,岡山,B1,S,520913,1,47,170,56,B,4.59,27.1,9,20,107,0,0,0.16,13,46.1,0.16,3.5,22,27.2,0.18,3.3,17,41.1,0.16,3.5,17,41.1,0.14,2.6,20,10.0,0.16,3.0,18,5.5,0.18,4.1,B1,B1,B1,45.0,47.0,2025,1,2024-05-01,2024-10-31,83,4,2,2,3,2,0,0,0,0,0,0,0,0,0,0,6,4,5,3,4,0,0,0,0,0,0,0,0,2,5,3,3,2,2,0,0,0,0,0,0,0,0,2,5,4,3,1,2,0,0,0,0,0,0,0,0,1,1,1,2,10,5,0,0,0,0,0,0,0,0,0,1,4,2,2,8,1,0,0,0,0,1,0,0,0,0,0,0,岡山
3983,須藤博倫,スドウ ヒロミチ,埼玉,A1,S,521014,1,47,165,52,B,6.22,44.5,29,24,119,4,1,0.15,23,91.3,0.14,2.7,17,35.2,0.13,3.2,21,47.6,0.13,3.3,20,45.0,0.14,3.1,16,31.2,0.15,3.1,22,9.0,0.19,4.5,A1,A1,A2,58.0,57.0,2025,1,2024-05-01,2024-10-31,83,19,2,0,0,1,0,1,0,0,0,0,0,0,0,3,3,5,2,1,3,0,0,0,0,0,0,0,0,3,7,3,3,3,2,0,0,0,0,0,0,0,0,2,7,4,4,2,1,0,0,0,0,0,0,0,0,2,3,2,2,4,2,1,0,0,0,0,0,0,0,0,2,6,3,7,4,0,0,0,0,0,0,0,0,0,0,1,0,埼玉
3984,坂口周,サカグチ メグル,三重,A1,S,521217,1,47,169,54,B,6.81,51.0,39,36,147,4,0,0.16,30,93.3,0.15,2.7,28,50.0,0.16,3.0,23,52.1,0.16,3.8,27,44.4,0.15,2.6,25,24.0,0.18,3.5,14,21.4,0.18,3.9,A2,A1,A1,60.0,57.0,2025,1,2024-05-01,2024-10-31,83,25,3,0,2,0,0,0,0,0,0,0,0,0,0,2,12,5,5,3,1,0,0,0,0,0,0,0,0,9,3,2,3,6,0,0,0,0,0,0,0,0,0,2,10,6,5,2,2,0,0,0,0,0,0,0,0,0,6,9,7,2,1,0,0,0,0,0,0,0,0,1,2,4,4,1,2,0,0,0,0,0,0,0,0,0,0,0,0,三重
3986,沖島広和,オキシマ ヒロカズ,福岡,B1,S,530317,1,46,160,59,A,5.07,25.2,11,20,123,0,0,0.19,22,54.5,0.16,3.3,16,50.0,0.18,4.3,27,25.9,0.2,3.6,28,3.5,0.2,4.8,15,20.0,0.18,4.0,15,0.0,0.19,4.1,B1,A2,A2,48.0,50.0,2025,1,2024-05-01,2024-10-31,83,8,4,4,2,0,4,0,0,0,0,0,0,0,0,2,6,2,2,3,1,0,0,0,0,0,0,0,0,1,6,9,6,1,4,0,0,0,0,0,0,0,0,0,1,12,9,4,2,0,0,0,0,0,0,0,0,0,3,3,3,4,2,0,0,0,0,0,0,0,0,0,0,1,8,5,1,0,0,0,0,0,0,0,0,0,0,0,0,福岡
3987,後藤正宗,ゴトウ マサムネ,静岡,A2,S,530330,1,46,163,54,O,5.61,41.2,28,26,131,2,1,0.14,27,81.4,0.15,2.9,19,31.5,0.13,2.4,25,40.0,0.17,3.4,14,14.2,0.13,2.6,24,37.5,0.13,2.5,22,22.7,0.12,2.5,A2,B1,A2,51.0,50.0,2025,1,2024-05-01,2024-10-31,83,13,9,2,1,0,1,1,0,0,0,0,0,0,0,5,1,3,1,6,3,0,0,0,0,0,0,0,0,4,6,4,6,4,1,0,0,0,0,0,0,0,0,1,1,4,4,2,2,0,0,0,0,0,0,0,0,4,5,1,4,7,3,0,0,0,0,0,0,0,0,1,4,2,6,4,5,0,0,0,0,0,0,0,0,0,0,0,0,静岡
3988,古川誠之,フルカワ マサユキ,愛知,A2,S,530726,1,46,170,57,B,5.72,38.4,33,22,143,2,0,0.15,29,89.6,0.14,2.2,22,27.2,0.16,3.6,29,37.9,0.13,2.8,25,36.0,0.14,2.4,20,5.0,0.15,3.6,18,11.1,0.17,4.1,A2,A2,B1,52.0,51.0,2025,1,2024-05-01,2024-10-31,83,21,5,1,1,1,0,0,0,0,0,0,0,0,0,5,1,8,6,1,1,0,0,0,0,0,0,0,0,3,8,6,7,4,1,0,0,0,0,0,0,0,0,3,6,3,3,7,3,0,0,0,0,0,0,0,0,1,0,3,7,7,2,0,0,0,0,0,0,0,0,0,2,2,2,7,5,0,0,0,0,0,0,0,0,0,0,0,0,愛知
3989,熊本英一,クマモト エイイチ,佐賀,B1,S,530729,1,46,169,60,A,4.03,19.5,5,14,97,0,0,0.2,14,50.0,0.17,3.6,15,40.0,0.2,4.8,16,31.2,0.18,4.3,11,9.0,0.19,4.6,24,0.0,0.2,5.3,17,0.0,0.27,5.2,B1,B1,B1,47.0,46.0,2025,1,2024-05-01,2024-10-31,83,4,3,0,1,3,3,0,0,0,0,0,0,0,0,1,5,2,3,4,0,0,0,0,0,0,0,0,0,0,5,3,3,5,0,0,0,0,0,0,0,0,0,0,1,3,3,3,1,0,0,0,0,0,1,0,0,0,0,4,8,7,5,0,0,0,0,0,0,0,0,0,0,1,1,7,8,0,0,0,0,0,0,0,0,0,0,1,0,佐賀
3990,芹澤克彦,セリザワ カツヒコ,静岡,B1,S,530928,1,46,154,51,A,4.13,19.0,8,8,84,0,0,0.15,14,50.0,0.15,2.8,13,15.3,0.13,3.2,14,28.5,0.16,3.3,19,15.7,0.14,3.2,13,0.0,0.18,3.7,11,0.0,0.15,3.7,B2,B1,B1,52.0,46.0,2025,1,2024-05-01,2024-10-31,83,4,3,0,3,2,2,0,0,0,0,0,0,0,0,1,1,2,3,3,3,0,0,0,0,0,0,0,0,1,3,4,2,2,2,0,0,0,0,0,0,0,0,2,1,3,3,4,6,0,0,0,0,0,0,0,0,0,0,0,6,5,2,0,0,0,0,0,0,0,0,0,0,0,7,2,2,0,0,0,0,0,0,0,0,0,0,0,0,静岡
3992,関口智久,セキグチ トモヒサ,埼玉,A2,S,531128,1,46,171,56,O,5.49,40.8,19,21,98,1,0,0.15,16,75.0,0.13,2.5,17,64.7,0.16,3.6,20,35.0,0.17,3.0,16,31.2,0.14,2.6,14,35.7,0.12,2.2,15,0.0,0.16,2.7,B1,B1,B1,48.0,50.0,2025,1,2024-05-01,2024-10-31,83,9,3,0,2,2,0,0,0,0,0,0,0,0,0,4,7,0,3,1,2,0,0,0,0,0,0,0,0,3,4,3,4,3,3,0,0,0,0,0,0,0,0,1,4,2,3,5,1,0,0,0,0,0,0,0,0,2,3,1,3,2,3,0,0,0,0,0,0,0,0,0,0,2,6,5,2,0,0,0,0,0,0,0,0,0,0,0,0,埼玉
3993,永井聖美,ナガイ マサミ,東京,B1,S,540105,2,45,155,50,O,4.84,29.3,5,12,58,0,0,0.18,9,44.4,0.18,3.8,14,42.8,0.19,4.1,11,27.2,0.18,3.3,8,25.0,0.16,2.8,11,9.0,0.18,4.0,5,20.0,0.21,4.0,B1,B1,A2,47.0,48.0,2025,1,2024-05-01,2024-10-31,83,3,1,1,3,0,0,1,0,0,0,0,0,0,0,0,6,2,1,4,1,0,0,0,0,0,0,0,0,1,2,4,2,1,1,0,0,0,0,0,1,0,0,1,1,0,1,3,2,0,0,0,0,0,0,0,0,0,1,3,1,3,3,0,0,0,0,0,1,0,0,0,1,1,1,2,0,0,0,0,0,0,0,0,0,0,0,0,0,愛知
3994,小野桜,オノ サクラ,滋賀,A2,S,540222,2,45,160,46,A,5.87,38.3,18,23,107,0,0,0.2,18,61.1,0.23,4.5,18,66.6,0.19,4.3,22,31.8,0.17,3.7,19,31.5,0.22,4.3,20,20.0,0.19,3.2,10,10.0,0.21,4.0,B1,A2,B1,49.0,54.0,2025,1,2024-05-01,2024-10-31,83,8,3,0,3,3,1,0,0,0,0,0,0,0,0,5,7,2,1,2,1,0,0,0,0,0,0,0,0,1,6,7,4,2,2,0,0,0,0,0,1,0,0,2,4,6,4,2,1,0,0,0,0,0,0,0,0,1,3,10,2,3,1,0,0,0,0,0,0,0,0,1,0,0,2,5,2,0,0,0,0,0,0,0,0,0,0,0,0,東京
3995,重野哲之,シゲノ サトシ,静岡,A1,S,540328,1,45,171,58,A,6.8,53.9,31,37,126,5,0,0.12,28,92.8,0.1,1.9,20,50.0,0.14,2.8,18,61.1,0.15,2.0,21,47.6,0.12,1.9,19,31.5,0.14,2.2,19,26.3,0.1,2.5,A1,A2,A1,54.0,54.0,2025,1,2024-05-01,2024-10-31,83,18,8,1,1,0,0,0,0,0,0,0,0,0,0,3,7,5,3,0,2,0,0,0,0,0,0,0,0,2,9,3,2,1,1,0,0,0,0,0,0,0,0,4,6,7,3,1,0,0,0,0,0,0,0,0,0,2,4,4,5,2,1,0,0,0,0,0,0,1,0,2,3,4,3,4,2,0,0,0,0,0,0,1,0,0,0,0,1,静岡
3996,秋山直之,アキヤマ ナオユキ,群馬,A2,S,540413,1,45,170,52,B,7.3,55.4,22,19,74,5,2,0.15,15,80.0,0.14,3.3,13,46.1,0.13,2.8,11,72.7,0.17,2.8,10,60.0,0.16,3.6,12,50.0,0.13,3.8,13,23.0,0.15,4.4,A2,A1,A1,66.0,58.0,2025,1,2024-05-01,2024-10-31,83,9,3,1,1,0,1,0,0,0,0,0,0,0,0,4,2,3,2,2,0,0,0,0,0,0,0,0,0,3,5,2,0,1,0,0,0,0,0,0,0,0,0,3,3,2,1,1,0,0,0,0,0,0,0,0,0,1,5,3,1,1,1,0,0,0,0,0,0,0,0,2,1,5,2,2,1,0,0,0,0,0,0,0,0,0,0,0,0,群馬
3997,北村征嗣,キタムラ セイジ,大阪,A1,S,540425,1,45,170,54,O,6.64,49.6,33,30,127,7,1,0.16,27,81.4,0.12,2.3,25,64.0,0.13,3.3,23,43.4,0.19,3.0,18,33.3,0.19,3.7,19,31.5,0.17,3.4,15,20.0,0.18,3.9,A1,A1,A1,57.0,54.0,2025,1,2024-05-01,2024-10-31,83,20,2,2,2,1,0,0,0,0,0,0,0,0,0,4,12,2,3,3,1,0,0,0,0,0,0,0,0,4,6,4,6,2,1,0,0,0,0,0,0,0,0,2,4,4,4,2,2,0,0,0,0,0,0,0,0,3,3,7,5,0,1,0,0,0,0,0,0,0,0,0,3,6,1,3,2,0,0,0,0,0,0,0,0,0,0,0,0,大阪
3998,冨成謙児,トミナリ ケンジ,佐賀,B1,S,540610,1,45,163,51,A,4.29,23.9,10,18,117,0,0,0.15,17,64.7,0.13,2.5,25,44.0,0.15,3.2,20,25.0,0.13,2.6,17,5.8,0.15,3.2,20,0.0,0.15,3.8,18,0.0,0.19,4.9,B1,B1,B1,48.0,46.0,2025,1,2024-05-01,2024-10-31,83,5,6,3,0,2,1,0,0,0,0,0,0,0,0,3,8,1,3,6,4,0,0,0,0,0,0,0,0,1,4,4,4,5,2,0,0,0,0,0,0,0,0,1,0,4,3,6,3,0,0,0,0,0,0,0,0,0,0,4,4,8,4,0,0,0,0,0,0,0,0,0,0,0,4,8,6,0,0,0,0,0,0,0,0,0,0,0,0,佐賀
3999,大瀧明日香,オオタキ アスカ,愛知,A1,S,540725,2,45,154,46,A,6.38,40.7,24,22,113,2,0,0.17,27,85.1,0.15,2.7,17,29.4,0.17,3.5,20,40.0,0.14,2.5,18,27.7,0.17,3.9,14,21.4,0.16,3.1,17,11.7,0.21,4.9,A2,A2,A1,53.0,56.0,2025,1,2024-05-01,2024-10-31,83,18,5,3,1,0,0,0,0,0,0,0,0,0,0,2,3,4,6,0,2,0,0,0,0,0,0,0,0,4,4,7,3,1,1,0,0,0,0,0,0,0,0,0,5,8,2,3,0,0,0,0,0,0,0,0,0,0,3,4,4,1,2,0,0,0,0,0,0,0,0,0,2,2,7,3,3,0,0,0,0,0,0,0,0,0,0,0,0,静岡
4000,松本博昭,マツモト ヒロアキ,広島,A2,S,520201,1,47,167,56,A,5.48,34.6,31,22,153,0,0,0.17,33,81.8,0.15,3.1,20,25.0,0.18,4.3,30,33.3,0.16,3.8,25,20.0,0.18,3.4,25,20.0,0.16,3.2,20,5.0,0.2,4.4,A2,A2,A1,51.0,50.0,2025,1,2024-05-01,2024-10-31,84,24,3,3,1,1,1,0,0,0,0,0,0,0,0,0,5,4,5,4,2,0,0,0,0,0,0,0,0,2,8,7,3,5,5,0,0,0,0,0,0,0,0,2,3,5,7,4,4,0,0,0,0,0,0,0,0,2,3,5,7,7,1,0,0,0,0,0,0,0,0,1,0,2,9,6,2,0,0,0,0,0,0,0,0,0,0,0,0,広島
4002,古結宏,コゲツ ヒロシ,兵庫,A1,S,521022,1,47,165,55,O,6.44,46.2,45,29,160,3,0,0.13,39,79.4,0.13,3.1,23,52.1,0.16,3.8,28,35.7,0.12,2.7,27,44.4,0.13,2.3,25,28.0,0.12,2.3,18,11.1,0.12,3.0,A1,A1,A1,59.0,55.0,2025,1,2024-05-01,2024-10-31,84,28,3,1,4,1,2,0,0,0,0,0,0,0,0,7,5,4,4,3,0,0,0,0,0,0,0,0,0,4,6,6,4,4,3,1,0,0,0,0,0,0,0,5,7,6,6,1,2,0,0,0,0,0,0,0,0,1,6,5,7,6,0,0,0,0,0,0,0,0,0,0,2,5,4,4,3,0,0,0,0,0,0,0,0,0,0,0,0,兵庫
4003,表憲一,オモテ ケンイチ,福井,A2,S,521115,1,47,159,57,A,5.59,32.4,17,32,151,3,0,0.16,29,62.0,0.13,2.7,23,47.8,0.2,4.5,27,18.5,0.18,4.0,23,30.4,0.16,2.8,26,19.2,0.15,4.3,23,13.0,0.17,3.7,A2,A2,B1,51.0,52.0,2025,1,2024-05-01,2024-10-31,84,11,7,8,3,0,0,0,0,0,0,0,0,0,0,3,8,2,8,1,1,0,0,0,0,0,0,0,0,2,3,9,5,7,1,0,0,0,0,0,0,0,0,0,7,4,3,8,1,0,0,0,0,0,0,0,0,1,4,5,9,4,2,0,0,0,0,0,0,0,1,0,3,7,5,6,2,0,0,0,0,0,0,0,0,0,0,0,0,石川
4004,山本浩輔,ヤマモト コウスケ,長崎,B1,S,530213,1,46,165,54,O,4.8,26.8,10,19,108,0,0,0.16,16,56.2,0.11,2.8,24,29.1,0.15,3.3,14,21.4,0.17,3.5,20,30.0,0.16,3.6,22,18.1,0.17,3.7,12,0.0,0.19,3.9,B1,B1,B1,47.0,48.0,2025,1,2024-05-01,2024-10-31,84,5,4,2,4,0,1,0,0,0,0,0,0,0,0,3,4,6,9,1,1,0,0,0,0,0,0,0,0,0,3,5,1,3,2,0,0,0,0,0,0,0,0,2,4,0,3,6,5,0,0,0,0,0,0,0,0,0,4,5,4,4,5,0,0,0,0,0,0,0,0,0,0,1,3,6,2,0,0,0,0,0,0,0,0,0,0,0,0,長崎
4005,瀬川公則,セガワ マサノリ,山口,B1,S,530322,1,46,167,57,A,3.49,6.7,1,4,74,0,0,0.15,9,33.3,0.13,3.6,12,0.0,0.13,3.3,13,7.6,0.13,3.0,13,7.6,0.16,4.2,16,0.0,0.17,3.6,11,0.0,0.18,5.5,B1,B1,B1,43.0,44.0,2025,1,2024-05-01,2024-10-31,84,0,3,3,1,1,1,0,0,0,0,0,0,0,0,0,0,4,4,3,1,0,0,0,0,0,0,0,0,1,0,4,1,5,2,0,0,0,0,0,0,0,0,0,1,1,5,4,2,0,0,0,0,0,0,0,0,0,0,2,7,4,2,0,0,0,0,0,0,1,0,0,0,1,0,2,8,0,0,0,0,0,0,0,0,0,0,0,0,山口
4006,小野勇作,オノ ユウサク,佐賀,B1,S,530509,1,46,156,50,B,5.35,36.1,12,26,105,1,0,0.17,15,66.6,0.18,4.0,18,38.8,0.17,4.1,18,27.7,0.17,3.4,19,47.3,0.17,3.9,19,36.8,0.17,3.9,16,0.0,0.2,4.7,B1,B1,B1,48.0,50.0,2025,1,2024-05-01,2024-10-31,84,8,2,1,2,2,0,0,0,0,0,0,0,0,0,1,6,5,3,1,2,0,0,0,0,0,0,0,0,0,5,2,3,6,2,0,0,0,0,0,0,0,0,2,7,1,7,2,0,0,0,0,0,0,0,0,0,1,6,3,2,5,2,0,0,0,0,0,0,0,0,0,0,4,5,3,4,0,0,0,0,0,0,0,0,0,0,0,0,佐賀
4007,榮田将彦,サカエダ マサヒコ,山口,B1,S,540207,1,45,156,50,O,4.65,28.3,14,16,106,0,0,0.14,16,75.0,0.17,3.6,18,38.8,0.14,2.6,18,38.8,0.13,2.3,14,7.1,0.13,2.5,24,12.5,0.13,2.6,16,0.0,0.13,2.3,B1,B1,B1,48.0,47.0,2025,1,2024-05-01,2024-10-31,84,7,5,0,1,0,3,0,0,0,0,0,0,0,0,3,4,3,0,2,6,0,0,0,0,0,0,0,0,2,5,2,2,4,3,0,0,0,0,0,0,0,0,0,1,4,5,2,2,0,0,0,0,0,0,0,0,2,1,5,4,6,6,0,0,0,0,0,0,0,0,0,0,2,4,7,3,0,0,0,0,0,0,0,0,0,0,0,0,山口
4009,小林一樹,コバヤシ カズキ,山口,A2,S,540415,1,45,166,58,A,5.6,40.6,16,23,96,2,0,0.14,20,85.0,0.15,2.6,14,28.5,0.14,3.4,18,38.8,0.13,2.7,12,58.3,0.13,2.7,13,15.3,0.11,2.5,19,10.5,0.17,3.8,A2,A2,B1,51.0,50.0,2025,1,2024-05-01,2024-10-31,84,12,5,1,1,0,0,1,0,0,0,0,0,0,0,0,4,2,2,2,4,0,0,0,0,0,0,0,0,0,7,5,5,0,1,0,0,0,0,0,0,0,0,2,5,1,2,1,1,0,0,0,0,0,0,0,0,2,0,2,5,3,1,0,0,0,0,0,0,0,0,0,2,2,5,4,6,0,0,0,0,0,0,0,0,0,0,0,0,山口
4010,越智照浩,オチ アキヒロ,香川,B1,S,540831,1,45,167,57,B,4.22,18.0,3,14,94,0,0,0.17,14,50.0,0.17,3.4,13,15.3,0.16,3.4,17,17.6,0.15,2.6,16,12.5,0.15,3.1,17,11.7,0.17,3.8,17,5.8,0.19,4.6,B1,B1,B1,46.0,47.0,2025,1,2024-05-01,2024-10-31,84,2,5,2,2,2,1,0,0,0,0,0,0,0,0,0,2,2,7,2,0,0,0,0,0,0,0,0,0,0,3,5,4,3,2,0,0,0,0,0,0,0,0,1,1,5,3,3,3,0,0,0,0,0,0,0,0,0,2,1,3,9,1,0,0,0,0,0,0,1,0,0,1,2,5,3,6,0,0,0,0,0,0,0,0,0,0,0,0,愛媛
4011,堀之内紀代子,ホリノウチ キヨコ,岡山,A2,S,540909,2,45,157,46,A,5.55,34.8,18,20,109,2,0,0.18,19,57.8,0.18,3.9,19,68.4,0.21,4.1,16,37.5,0.2,3.4,14,21.4,0.17,3.2,22,13.6,0.18,3.6,19,10.5,0.17,4.0,B1,A2,A1,52.0,53.0,2025,1,2024-05-01,2024-10-31,84,8,3,4,4,0,0,0,0,0,0,0,0,0,0,5,8,3,1,1,1,0,0,0,0,0,1,0,0,1,5,3,2,3,2,0,0,0,0,0,0,0,0,2,1,5,3,1,1,1,0,0,0,0,0,0,0,2,1,4,3,8,4,0,0,0,0,0,0,0,0,0,2,2,4,6,5,0,0,0,0,0,0,0,0,0,0,0,0,岡山
4012,中村有裕,ナカムラ ユウスケ,滋賀,A1,S,540921,1,45,166,57,O,6.21,46.2,35,32,145,4,0,0.14,30,80.0,0.15,2.6,27,44.4,0.12,3.3,20,40.0,0.14,2.4,38,44.7,0.15,3.0,21,23.8,0.15,3.1,9,11.1,0.17,3.9,A2,A2,A2,53.0,53.0,2025,1,2024-05-01,2024-10-31,84,18,6,1,1,2,2,0,0,0,0,0,0,0,0,3,9,6,4,3,2,0,0,0,0,0,0,0,0,5,3,4,3,4,1,0,0,0,0,0,0,0,0,6,11,8,5,3,4,0,0,0,0,0,0,1,0,2,3,4,7,2,3,0,0,0,0,0,0,0,0,1,0,1,1,4,2,0,0,0,0,0,0,0,0,0,0,0,0,滋賀
4013,中島孝平,ナカジマ コウヘイ,福井,A1,S,541108,1,45,160,53,AB,6.68,36.3,32,20,143,3,0,0.12,29,79.3,0.13,3.3,22,40.9,0.13,2.9,23,39.1,0.13,3.2,24,25.0,0.12,2.1,26,7.6,0.12,3.0,18,16.6,0.13,3.1,A1,A1,A1,69.0,67.0,2025,1,2024-05-01,2024-10-31,84,21,2,3,3,0,0,0,0,0,0,0,0,0,0,7,2,3,5,3,2,0,0,0,0,0,0,0,0,2,7,7,0,4,2,0,0,0,0,0,0,1,0,2,4,7,5,2,4,0,0,0,0,0,0,0,0,0,2,10,5,5,4,0,0,0,0,0,0,0,0,0,3,3,7,4,1,0,0,0,0,0,0,0,0,0,0,0,1,福井
4014,片岡恵里,カタオカ エリ,山口,A2,S,541115,2,45,162,49,A,5.86,40.6,20,19,96,1,0,0.18,16,93.7,0.18,3.2,20,50.0,0.16,3.3,15,60.0,0.19,3.1,13,15.3,0.18,3.5,17,17.6,0.18,3.9,15,0.0,0.2,4.2,B1,B1,B1,47.0,51.0,2025,1,2024-05-01,2024-10-31,84,12,3,1,0,0,0,0,0,0,0,0,0,0,0,3,7,5,3,2,0,0,0,0,0,0,0,0,0,2,7,2,0,3,1,0,0,0,0,0,0,0,0,2,0,3,4,2,2,0,0,0,0,0,0,0,0,1,2,7,4,1,2,0,0,0,0,0,0,0,0,0,0,3,2,1,9,0,0,0,0,0,0,0,0,0,0,0,0,岡山
4015,前野竜一,マエノ リョウイチ,山口,A2,S,541202,1,45,169,60,A,5.82,36.9,21,27,130,2,0,0.16,21,71.4,0.15,2.7,21,61.9,0.14,2.8,27,25.9,0.16,3.4,22,31.8,0.15,3.0,21,23.8,0.17,3.3,18,5.5,0.18,3.9,A2,A2,A1,52.0,51.0,2025,1,2024-05-01,2024-10-31,84,12,3,3,2,0,0,0,0,0,0,0,0,0,1,4,9,5,3,0,0,0,0,0,0,0,0,0,0,3,4,7,4,3,6,0,0,0,0,0,0,0,0,1,6,5,6,1,3,0,0,0,0,0,0,0,0,1,4,6,3,4,2,0,0,0,0,0,0,0,1,0,1,7,6,2,2,0,0,0,0,0,0,0,0,0,0,0,0,山口
4016,西川新太郎,ニシカワ シンタロウ,愛知,B1,S,541225,1,45,157,56,AB,5.13,34.9,11,25,103,1,0,0.15,17,70.5,0.15,3.4,18,44.4,0.13,2.8,19,42.1,0.15,3.3,15,20.0,0.17,3.8,18,27.7,0.12,2.6,16,0.0,0.15,3.6,B1,A2,B1,50.0,49.0,2025,1,2024-05-01,2024-10-31,84,4,8,3,0,1,1,0,0,0,0,0,0,0,0,3,5,3,1,5,1,0,0,0,0,0,0,0,0,2,6,4,4,1,2,0,0,0,0,0,0,0,0,2,1,2,2,6,2,0,0,0,0,0,0,0,0,0,5,3,3,4,2,0,0,0,0,0,1,1,0,0,0,1,5,8,2,0,0,0,0,0,0,0,0,0,0,0,0,愛知
4017,向井美鈴,ムカイ ミスズ,山口,A1,S,550102,2,44,152,46,A,6.21,47.5,34,33,141,2,0,0.16,27,92.5,0.16,2.8,27,55.5,0.15,2.9,24,50.0,0.16,3.5,26,30.7,0.17,3.7,20,35.0,0.15,3.6,17,0.0,0.18,4.5,A2,A2,A1,50.0,54.0,2025,1,2024-05-01,2024-10-31,84,20,5,0,2,0,0,0,0,0,0,0,0,0,0,8,7,6,4,2,0,0,0,0,0,0,0,0,0,2,10,4,5,2,1,0,0,0,0,0,0,0,0,4,4,6,5,5,2,0,0,0,0,0,0,0,0,0,7,3,3,4,3,0,0,0,0,0,0,0,0,0,0,1,1,11,4,0,0,0,0,0,0,0,0,0,0,0,0,山口
4019,笠原亮,カサハラ リョウ,静岡,A1,S,550119,1,44,169,52,AB,6.54,44.7,32,23,123,4,1,0.17,23,82.6,0.16,4.0,18,44.4,0.17,4.6,20,50.0,0.17,3.5,19,52.6,0.16,3.6,20,20.0,0.17,4.2,23,17.3,0.2,4.9,A1,A1,A1,61.0,60.0,2025,1,2024-05-01,2024-10-31,84,17,2,2,0,0,1,0,0,0,0,0,0,1,0,3,5,3,3,2,2,0,0,0,0,0,0,0,0,4,6,6,0,3,1,0,0,0,0,0,0,0,0,6,4,6,2,1,0,0,0,0,0,0,1,0,0,2,2,1,6,5,3,1,0,0,0,0,0,0,0,0,4,9,1,4,5,0,0,0,0,0,0,0,0,0,0,0,0,静岡
4020,川上清人,カワカミ キヨト,香川,B1,S,550214,1,44,165,67,A,4.02,19.0,6,13,100,0,0,0.16,14,35.7,0.16,3.2,16,18.7,0.18,4.1,19,31.5,0.12,3.2,13,15.3,0.2,4.5,15,13.3,0.17,3.3,23,4.3,0.16,3.3,B1,B1,B1,43.0,45.0,2025,1,2024-05-01,2024-10-31,84,5,0,2,3,3,1,0,0,0,0,0,0,0,0,1,2,1,2,1,9,0,0,0,0,0,0,0,0,0,6,6,2,2,3,0,0,0,0,0,0,0,0,0,2,2,3,2,4,0,0,0,0,0,0,0,0,0,2,4,2,3,4,0,0,0,0,0,0,0,0,0,1,3,4,8,7,0,0,0,0,0,0,0,0,0,0,1,0,高知
4022,待鳥雄紀,マチドリ ユウキ,福岡,A2,S,550310,1,44,167,59,A,5.46,34.1,23,19,123,1,0,0.15,26,69.2,0.14,2.7,18,44.4,0.17,3.3,20,35.0,0.15,3.2,19,26.3,0.11,2.7,16,12.5,0.15,3.4,24,8.3,0.16,3.7,A2,A2,A2,51.0,50.0,2025,1,2024-05-01,2024-10-31,84,14,4,3,2,2,0,1,0,0,0,0,0,0,0,3,5,2,2,4,2,0,0,0,0,0,0,0,0,3,4,7,4,2,0,0,0,0,0,0,0,0,0,2,3,5,5,3,1,0,0,0,0,0,0,0,0,1,1,6,2,4,2,0,0,0,0,0,0,0,0,0,2,2,5,8,7,0,0,0,0,0,0,0,0,0,0,0,0,福岡
4023,柴田友和,シバタ トモカズ,福岡,B1,S,520818,1,47,157,53,A,4.52,20.3,8,14,108,0,0,0.15,15,46.6,0.18,3.5,23,21.7,0.16,3.7,17,23.5,0.14,3.4,18,22.2,0.15,3.8,21,9.5,0.15,3.1,14,0.0,0.14,3.3,B1,B1,B1,46.0,47.0,2025,1,2024-05-01,2024-10-31,85,4,3,1,2,2,3,0,0,0,0,0,0,0,0,1,4,8,7,1,2,0,0,0,0,0,0,0,0,0,4,8,2,3,0,0,0,0,0,0,0,0,0,1,3,1,4,4,5,0,0,0,0,0,0,0,0,2,0,4,5,2,8,0,0,0,0,0,0,0,0,0,0,1,7,2,4,0,0,0,0,0,0,0,0,0,0,0,0,福岡
4024,井口佳典,イグチ ヨシノリ,三重,A1,S,520822,1,47,166,55,A,6.68,38.4,27,18,117,3,0,0.15,23,78.2,0.17,3.1,22,40.9,0.17,5.0,16,31.2,0.14,3.7,19,36.8,0.14,3.7,20,20.0,0.15,3.5,17,11.7,0.14,3.7,A1,A1,A1,70.0,65.0,2025,1,2024-05-01,2024-10-31,85,14,4,2,0,3,0,0,0,0,0,0,0,0,0,2,7,7,4,2,0,0,0,0,0,0,0,0,0,3,2,4,1,4,1,0,0,0,0,0,0,1,0,4,3,7,2,3,0,0,0,0,0,0,1,0,0,4,0,3,3,6,3,1,0,0,0,0,1,0,0,0,2,4,3,7,1,0,0,0,0,0,0,0,0,0,0,0,0,三重
4025,山本隆幸,ヤマモト タカユキ,兵庫,A2,S,520926,1,47,172,53,A,6.15,44.3,34,29,142,3,2,0.17,32,87.5,0.18,3.6,25,24.0,0.19,4.2,24,45.8,0.14,2.9,21,42.8,0.16,3.3,26,30.7,0.2,3.6,14,7.1,0.16,2.4,A1,A2,A1,55.0,52.0,2025,1,2024-05-01,2024-10-31,85,25,3,2,1,0,1,0,0,0,0,0,0,0,0,2,4,5,9,2,3,0,0,0,0,0,0,0,0,3,8,3,4,4,2,0,0,0,0,0,1,0,0,2,7,6,1,3,2,0,0,0,0,0,0,0,0,1,7,5,9,2,2,0,0,0,0,0,0,0,0,1,0,3,4,4,2,0,0,0,0,0,0,0,0,0,0,0,0,兵庫
4027,松江秀徳,マツエ ヒデノリ,佐賀,A2,S,530129,1,46,164,56,O,5.53,34.9,21,22,123,2,0,0.14,21,71.4,0.14,3.2,24,37.5,0.16,3.8,19,31.5,0.18,3.5,24,20.8,0.12,2.4,16,25.0,0.14,2.8,19,21.0,0.12,2.6,B1,A2,A2,50.0,50.0,2025,1,2024-05-01,2024-10-31,85,6,9,2,2,0,1,1,0,0,0,0,0,0,0,3,6,7,5,2,1,0,0,0,0,0,0,0,0,2,4,2,6,1,3,0,0,0,0,0,0,0,1,5,0,5,7,5,2,0,0,0,0,0,0,0,0,3,1,4,2,5,1,0,0,0,0,0,0,0,0,2,2,3,5,4,3,0,0,0,0,0,0,0,0,0,0,0,0,佐賀
4028,田村隆信,タムラ タカノブ,徳島,A2,S,530315,1,46,170,57,B,6.1,37.8,26,16,111,1,0,0.13,23,86.9,0.1,1.7,15,26.6,0.13,3.7,19,42.1,0.13,2.6,24,25.0,0.13,3.5,14,14.2,0.17,3.4,15,13.3,0.16,3.7,A1,A1,A1,64.0,61.0,2025,1,2024-05-01,2024-10-31,85,19,1,2,1,0,0,0,0,0,0,0,0,0,0,1,3,3,2,4,2,0,0,0,0,0,1,0,0,3,5,2,5,1,2,0,0,0,0,0,1,1,0,2,4,4,6,3,5,0,0,0,0,0,0,0,0,0,2,0,6,2,4,0,0,0,0,0,0,0,0,1,1,0,2,5,6,0,0,0,0,0,0,0,0,0,0,0,1,徳島
4030,森高一真,モリタカ カズマ,香川,A1,S,530603,1,46,169,50,AB,6.45,36.3,20,24,121,4,0,0.13,26,61.5,0.14,3.5,20,35.0,0.13,3.9,19,36.8,0.13,3.3,21,38.1,0.13,3.9,18,22.2,0.13,3.8,17,11.7,0.15,4.2,A1,A1,A1,68.0,67.0,2025,1,2024-05-01,2024-10-31,85,13,3,2,4,1,3,0,0,0,0,0,0,0,0,0,7,5,1,2,5,0,0,0,0,0,0,0,0,4,3,5,3,2,2,0,0,0,0,0,0,0,0,2,6,7,2,3,1,0,0,0,0,0,0,0,0,1,3,7,2,3,2,0,0,0,0,0,0,0,0,0,2,4,1,5,5,0,0,0,0,0,0,0,0,0,0,0,0,香川
4031,飯島誠,イイジマ マコト,埼玉,B1,S,530823,1,46,162,54,O,4.3,20.8,10,14,115,1,0,0.19,16,75.0,0.16,2.9,23,13.0,0.2,4.2,17,17.6,0.2,4.3,19,15.7,0.19,4.4,19,10.5,0.19,3.4,21,4.7,0.2,4.3,B1,B1,B1,44.0,46.0,2025,1,2024-05-01,2024-10-31,85,7,5,1,3,0,0,0,0,0,0,0,0,0,0,0,3,5,8,3,4,0,0,0,0,0,0,0,0,1,2,5,2,1,6,0,0,0,0,0,0,0,0,1,2,3,5,4,4,0,0,0,0,0,0,0,0,1,1,1,7,4,5,0,0,0,0,0,0,0,0,0,1,3,2,7,8,0,0,0,0,0,0,0,0,0,0,0,0,埼玉
4033,伊藤将吉,イトウ マサヨシ,静岡,A1,S,530920,1,46,169,53,O,6.24,48.8,32,30,127,6,0,0.14,23,91.3,0.14,2.9,18,66.6,0.15,2.9,24,50.0,0.14,2.9,22,59.0,0.13,2.2,23,17.3,0.15,3.2,16,0.0,0.15,3.8,A1,A1,A1,54.0,52.0,2025,1,2024-05-01,2024-10-31,85,18,3,1,0,0,1,0,0,0,0,0,0,0,0,4,8,4,2,0,0,0,0,0,0,0,0,0,0,2,10,3,3,3,3,0,0,0,0,0,0,0,0,8,5,3,5,0,1,0,0,0,0,0,0,0,0,0,4,4,5,5,5,0,0,0,0,0,0,0,0,0,0,3,4,2,7,0,0,0,0,0,0,0,0,0,0,0,1,静岡
4034,西原明生,ニシハラ アキオ,香川,B1,S,531105,1,46,170,56,O,3.82,15.2,5,13,118,0,0,0.18,15,60.0,0.15,2.9,20,15.0,0.19,4.5,25,12.0,0.17,3.5,19,15.7,0.18,3.3,26,0.0,0.19,3.9,13,0.0,0.19,4.6,B1,B1,B1,46.0,45.0,2025,1,2024-05-01,2024-10-31,85,5,4,2,1,3,0,0,0,0,0,0,0,0,0,0,3,6,4,4,3,0,0,0,0,0,0,0,0,0,3,4,7,7,4,0,0,0,0,0,0,0,0,0,3,3,3,4,6,0,0,0,0,0,0,0,0,0,0,6,4,6,10,0,0,0,0,0,0,0,0,0,0,0,2,5,6,0,0,0,0,0,0,0,0,0,0,0,0,愛媛
4035,杉江浩明,スギエ ヒロアキ,愛知,B1,S,531108,1,46,165,53,A,3.68,18.4,5,16,114,0,0,0.19,16,31.2,0.2,4.4,19,15.7,0.21,4.4,20,15.0,0.18,4.2,18,22.2,0.18,4.4,17,11.7,0.18,4.1,24,16.6,0.19,4.2,B1,B1,B1,47.0,43.0,2025,1,2024-05-01,2024-10-31,85,3,2,3,1,2,4,1,0,0,0,0,0,0,0,0,3,4,4,4,4,0,0,0,0,0,0,0,0,0,3,6,3,3,5,0,0,0,0,0,0,0,0,1,3,1,4,5,4,0,0,0,0,0,0,0,0,1,1,1,3,6,5,0,0,0,0,0,0,0,0,0,4,0,2,4,14,0,0,0,0,0,0,0,0,0,0,0,0,愛知
4036,金田諭,カネダ サトシ,埼玉,A1,S,531109,1,46,172,52,O,6.88,55.4,41,20,110,4,1,0.16,28,82.1,0.15,3.1,15,60.0,0.17,4.1,19,63.1,0.17,3.1,16,31.2,0.13,2.6,19,52.6,0.16,3.1,13,15.3,0.17,3.9,A1,A1,A1,57.0,53.0,2025,1,2024-05-01,2024-10-31,85,22,1,3,1,0,1,0,0,0,0,0,0,0,0,2,7,3,3,0,0,0,0,0,0,0,0,0,0,7,5,3,2,0,2,0,0,0,0,0,0,0,0,3,2,5,1,4,1,0,0,0,0,0,0,0,0,6,4,2,1,1,4,1,0,0,0,0,0,0,0,1,1,3,3,2,3,0,0,0,0,0,0,0,0,0,0,1,0,埼玉
4037,別府正幸,ベップ マサユキ,埼玉,B1,S,531124,1,46,171,55,A,5.12,34.1,18,23,120,1,0,0.17,25,64.0,0.15,3.3,19,42.1,0.18,3.2,15,40.0,0.17,3.0,18,22.2,0.15,3.2,22,22.7,0.2,4.1,21,9.5,0.19,4.5,B1,A2,B1,46.0,48.0,2025,1,2024-05-01,2024-10-31,85,7,9,4,2,2,1,0,0,0,0,0,0,0,0,7,1,3,5,3,0,0,0,0,0,0,0,0,0,0,6,2,2,2,2,1,0,0,0,0,0,0,0,1,3,4,3,5,2,0,0,0,0,0,0,0,0,3,2,5,1,4,7,0,0,0,0,0,0,0,0,0,2,3,2,5,9,0,0,0,0,0,0,0,0,0,0,2,0,福岡
4039,村上功祐,ムラカミ コウスケ,大阪,B1,S,531226,1,46,166,59,A,5.2,32.0,16,17,103,2,0,0.15,17,64.7,0.14,3.5,18,38.8,0.16,3.1,19,42.1,0.15,2.6,15,20.0,0.11,2.3,17,23.5,0.14,2.9,17,0.0,0.18,3.6,B1,B1,B1,48.0,49.0,2025,1,2024-05-01,2024-10-31,85,7,4,2,3,0,1,0,0,0,0,0,0,0,0,1,6,5,4,1,1,0,0,0,0,0,0,0,0,3,5,0,3,6,2,0,0,0,0,0,0,0,0,3,0,2,3,6,1,0,0,0,0,0,0,0,0,2,2,4,4,1,4,0,0,0,0,0,0,0,0,0,0,4,5,2,6,0,0,0,0,0,0,0,0,0,0,0,0,大阪
4040,廣瀬将亨,ヒロセ マサユキ,兵庫,A2,S,540123,1,45,167,59,A,5.66,41.0,21,25,112,2,0,0.15,19,89.4,0.14,2.3,15,46.6,0.18,4.0,19,52.6,0.13,2.4,21,23.8,0.15,2.9,18,33.3,0.13,2.7,20,5.0,0.16,3.5,B1,A2,A2,48.0,50.0,2025,1,2024-05-01,2024-10-31,85,14,3,1,0,0,0,1,0,0,0,0,0,0,0,1,6,3,2,2,1,0,0,0,0,0,0,0,0,4,6,4,3,0,2,0,0,0,0,0,0,0,0,2,3,6,5,3,2,0,0,0,0,0,0,0,0,0,6,1,3,3,5,0,0,0,0,0,0,0,0,0,1,2,6,7,4,0,0,0,0,0,0,0,0,0,0,0,0,兵庫
4041,小林基樹,コバヤシ モトキ,山口,B1,S,540619,1,45,164,55,A,3.73,20.2,5,11,79,0,0,0.21,12,25.0,0.19,4.2,15,33.3,0.18,4.5,14,21.4,0.22,4.5,16,25.0,0.25,5.1,19,5.2,0.22,5.2,3,0.0,0.23,5.3,B1,B1,B1,45.0,43.0,2025,1,2024-05-01,2024-10-31,85,3,0,0,2,1,6,0,0,0,0,0,0,0,0,1,4,3,3,3,1,0,0,0,0,0,0,0,0,1,2,2,1,2,5,0,0,0,0,0,0,1,0,0,4,2,1,4,5,0,0,0,0,0,0,0,0,0,1,2,4,6,6,0,0,0,0,0,0,0,0,0,0,0,0,1,2,0,0,0,0,0,0,0,0,0,0,0,0,山口
4042,丸岡正典,マルオカ マサノリ,大阪,A2,S,540821,1,45,170,53,O,6.11,42.3,30,25,130,2,0,0.15,27,77.7,0.13,2.6,21,57.1,0.12,3.5,20,40.0,0.16,3.6,25,32.0,0.17,3.3,15,40.0,0.16,3.5,22,0.0,0.18,3.9,A1,A1,A1,63.0,58.0,2025,1,2024-05-01,2024-10-31,85,16,5,2,1,0,2,0,0,0,0,0,0,0,1,4,8,2,4,3,0,0,0,0,0,0,0,0,0,3,5,5,3,2,2,0,0,0,0,0,0,0,0,4,4,4,5,2,5,0,0,0,0,0,1,1,0,3,3,2,3,1,2,0,0,0,0,0,0,1,0,0,0,3,10,5,4,0,0,0,0,0,0,0,0,0,0,1,0,大阪
4043,桐本康臣,キリモト ヤストミ,三重,A1,S,540903,1,45,161,57,O,6.33,43.7,40,23,144,2,0,0.15,32,81.2,0.15,2.8,24,50.0,0.13,2.8,26,34.6,0.14,2.9,22,36.3,0.14,3.2,23,30.4,0.14,2.7,17,5.8,0.21,4.2,A1,A2,A1,52.0,53.0,2025,1,2024-05-01,2024-10-31,85,21,5,2,3,0,1,0,0,0,0,0,0,0,0,9,3,6,3,1,2,0,0,0,0,0,0,0,0,1,8,10,3,2,2,0,0,0,0,0,0,0,0,5,3,5,3,2,4,0,0,0,0,0,0,0,0,3,4,7,4,3,2,0,0,0,0,0,0,0,0,1,0,5,3,4,4,0,0,0,0,0,0,0,0,0,0,2,0,三重
4044,湯川浩司,ユカワ コウジ,大阪,A1,S,540921,1,45,164,53,A,6.76,49.5,27,25,105,6,2,0.14,20,80.0,0.13,3.0,19,47.3,0.15,3.8,15,40.0,0.13,3.2,22,59.0,0.14,3.4,19,36.8,0.13,2.4,10,10.0,0.15,4.3,A1,A1,A1,64.0,58.0,2025,1,2024-05-01,2024-10-31,85,12,4,1,0,2,0,0,0,0,0,0,0,1,0,6,3,1,6,1,2,0,0,0,0,0,0,0,0,0,6,1,5,1,2,0,0,0,0,0,0,0,0,5,8,3,2,4,0,0,0,0,0,0,0,0,0,4,3,1,6,3,1,1,0,0,0,0,0,0,0,0,1,3,2,2,2,0,0,0,0,0,0,0,0,0,0,0,0,大阪
4045,佐々木裕美,ササキ ヒロミ,山口,A2,S,541003,2,45,161,46,O,5.64,37.1,32,13,121,5,1,0.16,27,70.3,0.16,3.5,24,33.3,0.18,3.3,20,60.0,0.15,2.6,20,20.0,0.19,2.3,17,11.7,0.15,2.9,13,0.0,0.12,3.2,A2,B1,A2,51.0,51.0,2025,1,2024-05-01,2024-10-31,85,17,2,3,1,2,2,0,0,0,0,0,0,0,0,4,4,3,3,6,4,0,0,0,0,0,0,0,0,6,6,4,3,1,0,0,0,0,0,0,0,0,0,3,1,7,3,3,3,0,0,0,0,0,0,0,0,2,0,2,3,7,3,0,0,0,0,0,0,0,0,0,0,2,1,0,10,0,0,0,0,0,0,0,0,0,0,0,0,山口
4046,谷村啓司,タニムラ ケイジ,福岡,B1,S,541128,1,45,165,56,A,4.1,17.8,6,12,101,0,0,0.19,13,61.5,0.17,3.7,18,11.1,0.19,4.4,19,15.7,0.19,4.1,20,15.0,0.18,4.2,16,12.5,0.2,4.4,15,0.0,0.2,4.5,B1,B1,B1,46.0,46.0,2025,1,2024-05-01,2024-10-31,85,4,4,1,2,2,0,0,0,0,0,0,0,0,0,1,1,5,6,4,1,0,0,0,0,0,0,0,0,0,3,5,2,3,5,0,0,0,0,0,0,0,1,1,2,3,5,6,3,0,0,0,0,0,0,0,0,0,2,2,5,5,2,0,0,0,0,0,0,0,0,0,0,0,3,7,5,0,0,0,0,0,0,0,0,0,0,0,0,福岡
4047,吉永浩則,ヨシナガ ヒロノリ,大阪,B1,S,550226,1,44,167,55,B,4.3,20.0,9,11,100,0,0,0.15,14,64.2,0.13,2.4,16,12.5,0.15,3.6,22,27.2,0.13,2.5,17,11.7,0.17,4.1,18,5.5,0.16,3.3,13,0.0,0.17,4.2,B1,B1,B1,45.0,47.0,2025,1,2024-05-01,2024-10-31,85,6,3,0,2,3,0,0,0,0,0,0,0,0,0,0,2,4,3,4,3,0,0,0,0,0,0,0,0,2,4,6,4,4,2,0,0,0,0,0,0,0,0,1,1,3,4,5,3,0,0,0,0,0,0,0,0,0,1,3,5,5,4,0,0,0,0,0,0,0,0,0,0,1,3,3,6,0,0,0,0,0,0,0,0,0,0,0,0,大阪
4049,荒川健太,アラカワ ケンタ,三重,A2,S,550911,1,44,167,58,AB,6.1,39.1,42,19,156,4,1,0.16,30,86.6,0.15,2.1,24,41.6,0.14,2.7,30,36.6,0.15,3.0,30,26.6,0.17,3.4,28,17.8,0.18,3.9,14,7.1,0.21,4.7,A1,A2,A2,53.0,53.0,2025,1,2024-05-01,2024-10-31,85,26,0,2,1,1,0,0,0,0,0,0,0,0,0,6,4,6,3,2,3,0,0,0,0,0,0,0,0,6,5,10,6,1,2,0,0,0,0,0,0,0,0,3,5,7,8,4,3,0,0,0,0,0,0,0,0,1,4,6,7,5,5,0,0,0,0,0,0,0,0,0,1,2,2,3,6,0,0,0,0,0,0,0,0,0,0,0,0,三重
4050,田口節子,タグチ セツコ,岡山,A1,S,560114,2,43,162,45,AB,7.35,59.8,46,21,112,5,1,0.15,26,92.3,0.14,3.0,16,68.7,0.18,4.0,21,71.4,0.11,2.4,24,37.5,0.13,2.7,13,53.8,0.16,3.3,12,8.3,0.2,4.8,A1,A1,A1,59.0,58.0,2025,1,2024-05-01,2024-10-31,85,21,3,0,0,2,0,0,0,0,0,0,0,0,0,5,6,0,2,2,1,0,0,0,0,0,0,0,0,12,3,1,4,0,1,0,0,0,0,0,0,0,0,5,4,7,1,4,2,1,0,0,0,0,0,0,0,3,4,2,2,1,1,0,0,0,0,0,0,0,0,0,1,1,5,2,3,0,0,0,0,0,0,0,0,0,0,0,0,岡山
4051,清水敦揮,シミズ アツキ,岡山,A1,S,560219,1,43,170,56,B,7.37,62.7,35,34,110,6,2,0.15,24,91.6,0.13,2.9,22,54.5,0.14,3.0,20,70.0,0.15,3.4,13,69.2,0.15,2.9,18,50.0,0.16,2.8,13,23.0,0.16,3.2,A1,A1,A1,56.0,56.0,2025,1,2024-05-01,2024-10-31,85,17,5,2,0,0,0,0,0,0,0,0,0,0,0,5,7,5,2,0,3,0,0,0,0,0,0,0,0,7,7,3,3,0,0,0,0,0,0,0,0,0,0,4,5,3,0,1,0,0,0,0,0,0,0,0,0,2,7,2,4,1,2,0,0,0,0,0,0,0,0,0,3,5,3,1,1,0,0,0,0,0,0,0,0,0,0,0,0,岡山
4052,興津藍,オキツ アイ,徳島,B1,S,560323,1,43,166,50,AB,5.33,29.8,17,23,134,3,0,0.17,20,70.0,0.15,3.4,21,28.5,0.17,3.2,22,22.7,0.16,3.4,25,40.0,0.17,3.4,18,22.2,0.16,4.0,28,3.5,0.2,4.7,A2,A2,A1,55.0,51.0,2025,1,2024-05-01,2024-10-31,85,12,2,4,0,1,1,0,0,0,0,0,0,0,0,1,5,4,5,2,4,0,0,0,0,0,0,0,0,1,4,9,3,4,1,0,0,0,0,0,0,0,0,2,8,4,4,1,6,0,0,0,0,0,0,0,0,1,3,4,4,5,1,0,0,0,0,0,0,0,0,0,1,7,5,2,12,1,0,0,0,0,0,0,0,0,0,1,0,兵庫
4053,芦澤望,アシザワ ノゾム,東京,A2,S,530125,1,46,167,56,A,5.65,40.8,21,19,98,1,0,0.16,15,93.3,0.16,2.4,17,64.7,0.14,3.1,13,30.7,0.19,3.7,15,40.0,0.12,2.8,20,20.0,0.16,3.3,18,5.5,0.17,4.3,A2,B1,A2,51.0,50.0,2025,1,2024-05-01,2024-10-31,86,11,3,0,1,0,0,0,0,0,0,0,0,0,0,4,7,1,3,2,0,0,0,0,0,0,0,0,0,1,3,1,3,1,4,0,0,0,0,0,0,0,0,1,5,1,3,1,1,2,0,0,0,0,0,0,1,4,0,4,8,3,1,0,0,0,0,0,0,0,0,0,1,5,3,5,4,0,0,0,0,0,0,0,0,0,0,0,0,千葉
4054,福嶋智之,フクシマ トモユキ,岡山,B1,S,530501,1,46,166,55,A,4.39,27.2,16,14,110,0,0,0.16,17,70.5,0.15,3.1,13,23.0,0.15,3.7,17,23.5,0.17,3.6,19,26.3,0.18,3.4,17,11.7,0.17,3.3,27,14.8,0.14,2.9,B1,B1,B1,47.0,45.0,2025,1,2024-05-01,2024-10-31,86,8,4,2,1,0,1,0,0,0,0,0,0,0,1,0,3,0,2,3,5,0,0,0,0,0,0,0,0,2,2,4,0,4,4,0,0,0,0,0,0,1,0,2,3,2,3,6,3,0,0,0,0,0,0,0,0,1,1,1,4,5,4,1,0,0,0,0,0,0,0,3,1,4,5,6,8,0,0,0,0,0,0,0,0,0,0,0,0,岡山
4055,吉田俊彦,ヨシダ トシヒコ,兵庫,A1,S,530628,1,46,167,54,O,6.44,44.6,34,24,130,7,4,0.14,29,93.1,0.14,2.6,20,45.0,0.14,2.5,21,28.5,0.13,3.3,21,42.8,0.14,3.2,19,21.0,0.13,2.8,20,15.0,0.16,4.2,A1,A1,A1,67.0,58.0,2025,1,2024-05-01,2024-10-31,86,22,5,1,0,1,0,0,0,0,0,0,0,0,0,5,4,7,1,2,1,0,0,0,0,0,0,0,0,3,3,4,3,5,3,0,0,0,0,0,0,0,0,3,6,3,3,4,1,1,0,0,0,0,0,0,0,1,3,5,6,1,3,0,0,0,0,0,0,0,0,0,3,0,7,6,4,0,0,0,0,0,0,0,0,0,0,0,0,兵庫
4056,小西英輝,コニシ ヒデキ,福井,B1,S,530920,1,46,165,56,O,4.65,20.3,8,16,118,0,0,0.15,17,52.9,0.15,2.8,25,16.0,0.15,3.2,17,11.7,0.16,2.6,22,18.1,0.19,2.9,19,5.2,0.12,2.5,18,22.2,0.13,3.0,B1,B1,B1,45.0,48.0,2025,1,2024-05-01,2024-10-31,86,6,3,3,3,1,1,0,0,0,0,0,0,0,0,1,3,12,5,2,2,0,0,0,0,0,0,0,0,0,2,1,7,4,3,0,0,0,0,0,0,0,0,0,4,4,6,5,3,0,0,0,0,0,0,0,0,1,0,5,2,8,3,0,0,0,0,0,0,0,0,0,4,4,3,4,3,0,0,0,0,0,0,0,0,0,0,0,0,福井
4057,松井賢治,マツイ ケンジ,兵庫,A2,S,540129,1,45,164,53,A,5.75,41.6,19,41,144,1,0,0.16,26,84.6,0.15,3.4,24,41.6,0.14,3.7,28,32.1,0.16,3.4,28,35.7,0.17,3.5,25,24.0,0.17,3.6,13,23.0,0.23,4.2,A2,A2,A1,51.0,51.0,2025,1,2024-05-01,2024-10-31,86,15,7,2,1,0,1,0,0,0,0,0,0,0,0,1,9,4,4,3,3,0,0,0,0,0,0,0,0,0,9,7,5,2,5,0,0,0,0,0,0,0,0,2,8,8,6,0,4,0,0,0,0,0,0,0,0,1,5,1,11,4,3,0,0,0,0,0,0,0,0,0,3,2,4,2,2,0,0,0,0,0,0,0,0,0,0,0,0,兵庫
4058,野末智一,ノズエ トモカズ,静岡,B1,S,540301,1,45,159,52,O,5.0,25.6,6,23,113,0,0,0.2,14,42.8,0.19,4.4,24,33.3,0.18,4.6,18,27.7,0.19,3.3,14,14.2,0.2,4.8,27,18.5,0.2,4.6,15,20.0,0.23,5.3,B1,A2,B1,50.0,49.0,2025,1,2024-05-01,2024-10-31,86,3,3,5,2,0,0,1,0,0,0,0,0,0,0,2,6,7,5,1,3,0,0,0,0,0,0,0,0,1,4,9,1,3,0,0,0,0,0,0,0,0,0,0,2,3,4,3,2,0,0,0,0,0,0,0,0,0,5,6,7,4,4,0,0,0,0,0,0,1,0,0,3,0,6,4,2,0,0,0,0,0,0,0,0,0,0,0,1,静岡
4059,入澤友治,イリザワ ユウジ,東京,A2,S,540327,1,45,159,55,O,5.57,41.1,27,24,124,2,0,0.15,24,66.6,0.16,3.0,20,60.0,0.14,2.9,21,42.8,0.17,3.0,19,31.5,0.13,2.6,16,31.2,0.14,2.6,24,12.5,0.16,3.2,A2,B1,B1,50.0,49.0,2025,1,2024-05-01,2024-10-31,86,11,5,2,0,2,4,0,0,0,0,0,0,0,0,5,7,3,2,0,2,1,0,0,0,0,0,0,0,4,5,4,2,2,4,0,0,0,0,0,0,0,0,4,2,3,2,3,5,0,0,0,0,0,0,0,0,2,3,3,4,2,2,0,0,0,0,0,0,0,0,1,2,3,6,7,5,0,0,0,0,0,0,0,0,0,0,0,0,東京
4060,島田一生,シマダ イッセイ,福岡,B1,S,540402,1,45,163,58,O,4.09,23.6,12,18,127,0,0,0.16,15,53.3,0.17,3.0,22,31.8,0.16,3.5,19,36.8,0.16,3.7,21,14.2,0.16,3.3,29,10.3,0.14,3.2,21,9.5,0.16,3.0,B1,B1,B1,47.0,45.0,2025,1,2024-05-01,2024-10-31,86,4,4,2,1,2,1,1,0,0,0,0,0,0,0,2,5,5,2,4,4,0,0,0,0,0,0,0,0,2,5,2,2,4,4,0,0,0,0,0,0,0,0,2,1,4,5,3,6,0,0,0,0,0,0,0,0,2,1,2,7,6,11,0,0,0,0,0,0,0,0,0,2,0,4,3,12,0,0,0,0,0,0,0,0,0,0,0,0,福岡
4061,萩原秀人,ハギハラ ヒデト,福井,A1,S,540509,1,45,165,57,B,6.82,46.4,39,26,140,5,3,0.15,33,84.8,0.15,3.1,22,59.0,0.17,3.6,23,43.4,0.15,3.3,21,23.8,0.14,3.7,24,25.0,0.18,3.9,17,17.6,0.13,2.5,A1,A1,A1,68.0,58.0,2025,1,2024-05-01,2024-10-31,86,23,5,3,2,0,0,0,0,0,0,0,0,0,0,5,8,2,2,2,3,0,0,0,0,0,0,0,0,7,3,6,3,4,0,0,0,0,0,0,0,0,0,2,3,10,3,2,1,0,0,0,0,0,0,0,0,2,4,5,5,5,2,1,0,0,0,0,0,0,0,0,3,5,5,2,2,0,0,0,0,0,0,0,0,0,0,1,0,福井
4062,後藤陽介,ゴトウ ヨウスケ,愛知,B1,S,540619,1,45,162,58,O,5.17,36.6,22,15,101,1,0,0.15,16,75.0,0.14,2.8,9,11.1,0.18,4.3,21,33.3,0.16,3.3,22,31.8,0.15,3.2,15,40.0,0.14,2.6,18,22.2,0.15,3.4,B1,B1,B1,49.0,48.0,2025,1,2024-05-01,2024-10-31,86,10,2,1,2,0,1,0,0,0,0,0,0,0,0,0,1,1,2,2,3,0,0,0,0,0,0,0,0,2,5,2,5,4,3,0,0,0,0,0,0,0,0,5,2,6,1,6,2,0,0,0,0,0,0,0,0,3,3,0,2,2,4,1,0,0,0,0,0,0,0,2,2,1,2,6,5,0,0,0,0,0,0,0,0,0,0,0,0,愛知
4063,市橋卓士,イチハシ タカシ,徳島,A1,S,540905,1,45,164,55,A,6.53,47.4,30,26,118,6,2,0.16,22,95.4,0.15,2.0,19,42.1,0.14,3.5,20,45.0,0.16,3.1,18,50.0,0.17,3.5,17,35.2,0.18,3.7,22,13.6,0.17,3.5,A1,A1,A1,59.0,56.0,2025,1,2024-05-01,2024-10-31,86,17,4,1,0,0,0,0,0,0,0,0,0,0,0,2,6,3,3,1,4,0,0,0,0,0,0,0,0,4,5,4,3,4,0,0,0,0,0,0,0,0,0,4,5,5,1,1,1,1,0,0,0,0,0,0,0,2,4,4,2,2,3,0,0,0,0,0,0,0,0,1,2,7,6,2,4,0,0,0,0,0,0,0,0,0,0,0,0,徳島
4064,原田篤志,ハラダ アツシ,山口,A1,S,541031,1,45,160,52,O,6.42,47.4,34,21,116,3,0,0.16,29,86.2,0.14,2.7,19,42.1,0.16,3.6,17,52.9,0.17,3.4,23,39.1,0.18,3.8,17,17.6,0.16,4.2,11,9.0,0.22,4.6,A1,A1,A1,58.0,55.0,2025,1,2024-05-01,2024-10-31,86,23,2,1,1,0,2,0,0,0,0,0,0,0,0,3,5,1,5,5,0,0,0,0,0,0,0,0,0,3,6,3,4,0,1,0,0,0,0,0,0,0,0,4,5,3,4,6,1,0,0,0,0,0,1,0,0,1,2,2,6,6,0,0,0,0,0,0,1,0,0,0,1,3,3,2,2,0,0,0,0,0,0,0,0,0,0,2,0,山口
4065,金田幸子,カナダ ユキコ,岡山,A2,S,541126,2,45,156,44,A,5.74,39.6,28,20,121,2,0,0.17,24,83.3,0.17,3.4,17,47.0,0.18,3.8,25,36.0,0.17,3.2,21,42.8,0.15,3.2,17,5.8,0.17,3.8,17,5.8,0.17,3.5,A2,A2,A2,52.0,51.0,2025,1,2024-05-01,2024-10-31,86,16,4,1,0,2,1,0,0,0,0,0,0,0,0,5,3,3,0,2,4,0,0,0,0,0,0,0,0,3,6,7,3,3,3,0,0,0,0,0,0,0,0,2,7,5,3,1,3,0,0,0,0,0,0,0,0,1,0,5,2,5,4,0,0,0,0,0,0,0,0,1,0,3,4,5,3,0,0,0,0,0,0,1,0,0,0,0,0,岡山
4066,東本勝利,ヒガシモト カツトシ,三重,A1,S,550112,1,44,167,54,O,6.36,46.8,35,32,143,5,0,0.15,28,78.5,0.13,2.5,21,61.9,0.15,3.9,28,50.0,0.16,3.5,21,33.3,0.16,3.6,21,33.3,0.16,3.4,24,16.6,0.15,3.2,A1,A2,A2,53.0,53.0,2025,1,2024-05-01,2024-10-31,86,19,3,4,1,1,0,0,0,0,0,0,0,0,0,5,8,4,2,2,0,0,0,0,0,0,0,0,0,5,9,5,6,1,2,0,0,0,0,0,0,0,0,5,2,5,2,4,2,0,0,0,0,0,0,1,0,0,7,5,3,6,0,0,0,0,0,0,0,0,0,1,3,7,3,4,6,0,0,0,0,0,0,0,0,0,0,0,0,三重
4067,永井源,ナガイ ミナモト,愛知,A1,S,550316,1,44,162,53,O,6.54,48.3,35,23,120,3,0,0.17,28,82.1,0.17,3.4,22,45.4,0.18,3.9,16,31.2,0.18,3.6,22,54.5,0.16,3.5,21,38.1,0.15,3.7,11,0.0,0.21,4.6,A1,A1,A1,54.0,53.0,2025,1,2024-05-01,2024-10-31,86,19,4,1,4,0,0,0,0,0,0,0,0,0,0,6,4,5,3,2,2,0,0,0,0,0,0,0,0,2,3,4,3,2,2,0,0,0,0,0,0,0,0,7,5,4,3,1,2,0,0,0,0,0,0,0,0,1,7,3,5,3,2,0,0,0,0,0,0,0,0,0,0,6,2,1,2,0,0,0,0,0,0,0,0,0,0,0,0,福岡
4068,幸田智裕,コウダ チヒロ,静岡,B1,S,550528,1,44,167,54,O,5.2,31.3,9,17,83,0,0,0.18,14,71.4,0.17,2.5,12,33.3,0.2,4.3,15,33.3,0.18,2.9,13,23.0,0.14,3.6,15,26.6,0.19,3.8,14,0.0,0.2,4.5,B1,B1,B1,50.0,49.0,2025,1,2024-05-01,2024-10-31,86,6,4,2,2,0,0,0,0,0,0,0,0,0,0,1,3,0,1,4,3,0,0,0,0,0,0,0,0,1,4,4,2,3,0,0,0,0,0,0,0,1,0,1,2,5,2,2,1,0,0,0,0,0,0,0,0,0,4,5,4,2,0,0,0,0,0,0,1,0,0,0,0,2,4,5,2,1,0,0,0,0,0,0,0,0,0,1,0,静岡
4069,山本修一,ヤマモト シュウイチ,岡山,A1,S,550723,1,44,162,55,AB,6.25,44.1,37,31,154,4,1,0.16,34,91.1,0.14,2.8,23,39.1,0.16,3.1,28,42.8,0.14,3.0,28,21.4,0.15,3.6,22,31.8,0.17,4.1,19,15.7,0.2,4.2,A1,A1,A1,55.0,52.0,2025,1,2024-05-01,2024-10-31,86,23,8,1,1,0,1,0,0,0,0,0,0,0,0,3,6,4,4,3,3,0,0,0,0,0,1,0,0,8,4,8,4,3,0,0,0,0,0,0,0,0,1,2,4,10,6,3,2,0,0,0,0,0,0,1,0,1,6,5,6,2,2,0,0,0,0,0,0,0,0,0,3,6,2,4,4,0,0,0,0,0,0,0,0,0,0,0,0,岡山
4071,古賀千晶,コガ チアキ,兵庫,B1,S,551205,2,44,156,46,A,4.95,27.5,9,21,109,0,0,0.17,17,47.0,0.18,3.5,22,36.3,0.18,3.7,19,26.3,0.16,3.3,21,23.8,0.16,3.2,19,10.5,0.18,3.8,11,18.1,0.2,4.4,B1,B1,B1,48.0,49.0,2025,1,2024-05-01,2024-10-31,86,5,3,4,3,2,0,0,0,0,0,0,0,0,0,1,7,3,5,3,3,0,0,0,0,0,0,0,0,1,4,4,5,2,3,0,0,0,0,0,0,0,0,2,3,7,4,5,0,0,0,0,0,0,0,0,0,0,2,3,3,5,6,0,0,0,0,0,0,0,0,0,2,2,3,2,2,0,0,0,0,0,0,0,0,0,0,0,0,佐賀
4072,森永淳,モリナガ ジュン,佐賀,A1,S,560101,1,43,158,54,A,6.58,51.5,43,25,132,5,1,0.14,32,100.0,0.13,1.8,18,33.3,0.14,2.7,21,61.9,0.13,2.9,22,45.4,0.14,2.5,20,30.0,0.14,2.8,18,5.5,0.14,2.7,A2,A1,A1,53.0,52.0,2025,1,2024-05-01,2024-10-31,86,28,4,0,0,0,0,0,0,0,0,0,0,0,0,3,3,4,3,2,3,0,0,0,0,0,0,0,0,3,10,2,5,1,0,0,0,0,0,0,0,0,0,8,2,3,4,1,4,0,0,0,0,0,0,0,0,1,5,5,4,2,3,0,0,0,0,0,0,0,0,0,1,6,2,2,7,0,0,0,0,0,0,0,0,0,0,0,1,佐賀
4073,大橋純一郎,オオハシ ジュンイチロウ,静岡,A1,S,560320,1,43,166,53,O,6.26,44.9,31,36,149,3,0,0.15,32,87.5,0.13,2.3,21,52.3,0.13,2.9,25,36.0,0.14,2.7,23,34.7,0.17,3.4,26,23.0,0.16,3.7,22,22.7,0.18,4.0,A2,A1,A2,53.0,53.0,2025,1,2024-05-01,2024-10-31,86,19,9,1,2,1,0,0,0,0,0,0,0,0,0,4,7,3,4,2,1,0,0,0,0,0,0,0,0,2,7,8,5,3,0,0,0,0,0,0,0,0,0,4,4,7,5,2,1,0,0,0,0,0,0,0,0,2,4,7,3,6,4,0,0,0,0,0,0,0,0,0,5,7,3,4,3,0,0,0,0,0,0,0,0,0,0,0,0,静岡
4074,柳沢一,ヤナギサワ ハジメ,愛知,A1,S,560406,1,43,165,53,AB,6.65,48.2,43,38,168,6,3,0.12,34,79.4,0.12,2.2,25,52.0,0.13,2.6,32,46.8,0.11,2.2,31,41.9,0.13,2.9,27,33.3,0.13,2.9,19,21.0,0.1,2.5,A1,A1,A1,64.0,59.0,2025,1,2024-05-01,2024-10-31,86,23,4,5,1,0,1,0,0,0,0,0,0,0,0,6,7,6,3,3,0,0,0,0,0,0,0,0,0,5,10,4,5,4,4,0,0,0,0,0,0,0,0,4,9,7,2,6,3,0,0,0,0,0,0,0,0,3,6,4,7,5,2,0,0,0,0,0,0,0,0,2,2,6,4,3,2,0,0,0,0,0,0,0,0,0,0,0,0,愛知
4075,中野次郎,ナカノ ジロウ,東京,A1,S,560526,1,43,171,56,O,6.52,44.7,32,32,143,5,2,0.14,27,92.5,0.12,2.3,23,39.1,0.14,3.0,24,58.3,0.13,2.5,23,13.0,0.13,3.2,21,47.6,0.15,3.8,25,12.0,0.16,4.2,A1,A1,A1,60.0,61.0,2025,1,2024-05-01,2024-10-31,86,18,7,0,2,0,0,0,0,0,0,0,0,0,0,3,6,5,4,4,1,0,0,0,0,0,0,0,0,6,8,1,5,1,2,0,0,0,0,0,0,1,0,2,1,5,11,2,2,0,0,0,0,0,0,0,0,3,7,1,4,1,5,0,0,0,0,0,0,0,0,0,3,9,6,4,3,0,0,0,0,0,0,0,0,0,0,0,0,東京
4076,杉田篤光,スギタ トクミツ,静岡,B1,S,530808,1,46,165,53,O,5.0,26.8,14,18,119,0,0,0.19,23,47.8,0.18,4.2,16,25.0,0.17,4.1,22,31.8,0.18,3.5,20,30.0,0.19,4.8,20,20.0,0.21,4.7,18,0.0,0.22,4.3,A2,A2,A2,51.0,50.0,2025,1,2024-05-01,2024-10-31,87,8,3,3,5,3,0,1,0,0,0,0,0,0,0,3,1,5,3,2,2,0,0,0,0,0,0,0,0,1,6,2,5,4,4,0,0,0,0,0,0,0,0,0,6,7,4,3,0,0,0,0,0,0,0,0,0,2,2,2,6,6,2,0,0,0,0,0,0,0,0,0,0,3,3,10,2,0,0,0,0,0,1,0,0,0,0,0,0,静岡
4077,品田直樹,シナダ ナオキ,東京,B1,S,531013,1,46,159,51,A,4.65,27.1,15,23,140,1,0,0.18,23,65.2,0.19,3.6,25,20.0,0.17,3.9,20,50.0,0.14,3.1,23,26.0,0.16,4.0,22,9.0,0.19,4.5,27,0.0,0.22,5.0,B1,B1,B1,47.0,48.0,2025,1,2024-05-01,2024-10-31,87,7,8,1,2,2,3,0,0,0,0,0,0,0,0,1,4,7,6,4,3,0,0,0,0,0,0,0,0,5,5,2,3,3,2,0,0,0,0,0,0,0,0,1,5,4,5,5,3,0,0,0,0,0,0,0,0,1,1,3,4,8,5,0,0,0,0,0,0,0,0,0,0,2,9,9,7,0,0,0,0,0,0,0,0,0,0,0,0,神奈川
4078,渡辺史之,ワタナベ フミユキ,群馬,B1,S,531027,1,46,160,53,AB,3.92,18.9,3,15,95,0,0,0.18,14,50.0,0.18,4.2,20,30.0,0.18,3.8,18,22.2,0.18,3.2,15,0.0,0.17,3.3,21,4.7,0.17,4.0,7,0.0,0.25,5.9,B1,B1,B1,44.0,45.0,2025,1,2024-05-01,2024-10-31,87,3,4,2,1,0,4,0,0,0,0,0,0,0,0,0,6,4,2,5,3,0,0,0,0,0,0,0,0,0,4,5,1,6,2,0,0,0,0,0,0,0,0,0,0,4,0,7,4,0,0,0,0,0,0,0,0,0,1,5,3,3,9,0,0,0,0,0,0,0,0,0,0,0,0,3,4,0,0,0,0,0,0,0,0,0,0,0,0,群馬
4079,出畑孝典,デバタ タカノリ,福岡,A1,S,531225,1,46,170,55,B,7.01,58.2,50,35,146,5,3,0.15,37,91.8,0.15,3.2,20,70.0,0.14,2.9,26,69.2,0.14,2.7,19,42.1,0.14,2.7,23,39.1,0.16,3.5,21,9.5,0.16,4.0,A1,A1,A2,54.0,54.0,2025,1,2024-05-01,2024-10-31,87,26,8,1,2,0,0,0,0,0,0,0,0,0,0,6,8,3,2,1,0,0,0,0,0,0,0,0,0,9,9,3,2,2,1,0,0,0,0,0,0,0,0,6,2,7,0,2,2,0,0,0,0,0,0,0,0,3,6,4,3,3,4,0,0,0,0,0,0,0,0,0,2,6,5,6,2,0,0,0,0,0,0,0,0,0,0,0,0,福岡
4080,山崎哲司,ヤマザキ テツジ,愛知,A1,S,540117,1,45,164,51,O,6.67,48.7,38,19,117,4,1,0.12,18,88.8,0.13,2.1,26,57.6,0.11,2.2,18,55.5,0.09,1.4,15,46.6,0.13,2.2,24,25.0,0.11,2.3,16,18.7,0.14,3.7,A2,B1,B2,51.0,54.0,2025,1,2024-05-01,2024-10-31,87,16,0,1,0,0,0,1,0,0,0,0,0,0,0,7,8,5,3,1,2,0,0,0,0,0,0,0,0,8,2,4,2,2,0,0,0,0,0,0,0,0,0,6,1,0,8,0,0,0,0,0,0,0,0,0,0,1,5,6,8,1,3,0,0,0,0,0,0,0,0,0,3,4,4,4,1,0,0,0,0,0,0,0,0,0,0,0,0,愛知
4081,樋口範政,ヒグチ ノリマサ,愛知,B1,S,540129,1,45,170,58,A,4.34,25.2,11,20,123,0,0,0.18,19,78.9,0.14,2.9,23,21.7,0.18,3.8,24,29.1,0.16,3.0,18,16.6,0.19,3.8,16,6.2,0.23,4.9,23,0.0,0.19,4.9,B1,B1,B1,46.0,46.0,2025,1,2024-05-01,2024-10-31,87,7,8,1,1,2,0,0,0,0,0,0,0,0,0,1,4,2,9,4,3,0,0,0,0,0,0,0,0,3,4,4,5,4,4,0,0,0,0,0,0,0,0,0,3,4,3,3,5,0,0,0,0,0,0,0,0,0,1,1,3,5,6,0,0,0,0,0,0,0,0,0,0,1,6,8,8,0,0,0,0,0,0,0,0,0,0,0,0,愛知
4082,濱崎誠,ハマサキ マコト,大阪,B2,S,540810,1,45,165,54,A,4.52,25.0,5,6,44,1,0,0.14,5,60.0,0.13,3.6,6,33.3,0.14,2.7,8,25.0,0.15,2.5,9,33.3,0.12,2.4,10,10.0,0.13,2.7,6,0.0,0.17,4.7,B2,B2,B1,0.0,46.0,2025,1,2024-05-01,2024-10-31,87,3,0,1,1,0,0,0,0,0,0,0,0,0,0,0,2,1,1,1,1,0,0,0,0,0,0,0,0,1,1,1,1,3,1,0,0,0,0,0,0,0,0,1,2,4,0,1,1,0,0,0,0,0,0,0,0,0,1,1,2,3,2,1,0,0,0,0,0,0,0,0,0,0,1,1,4,0,0,0,0,0,0,0,0,0,0,0,0,大阪
4083,福島勇樹,フクシマ ユウキ,東京,A1,S,540820,1,45,165,52,AB,6.56,48.5,43,24,138,4,0,0.13,30,83.3,0.12,2.1,26,38.4,0.14,2.5,22,68.1,0.14,3.0,24,45.8,0.13,2.6,23,21.7,0.13,2.5,13,7.6,0.15,3.5,A1,A2,A1,53.0,53.0,2025,1,2024-05-01,2024-10-31,87,22,3,1,0,3,0,1,0,0,0,0,0,0,0,4,6,8,3,1,4,0,0,0,0,0,0,0,0,9,6,2,2,2,1,0,0,0,0,0,0,0,0,6,5,4,6,2,1,0,0,0,0,0,0,0,0,2,3,8,4,3,3,0,0,0,0,0,0,0,0,0,1,4,1,5,2,0,0,0,0,0,0,0,0,0,0,0,0,東京
4084,杉山正樹,スギヤマ マサキ,愛知,A1,S,540925,1,45,167,57,O,7.02,52.4,52,34,164,9,1,0.15,36,83.3,0.17,3.4,27,62.9,0.15,3.6,23,65.2,0.13,2.7,31,45.1,0.15,3.0,25,32.0,0.14,3.3,22,9.0,0.16,4.0,A1,A1,A1,57.0,57.0,2025,1,2024-05-01,2024-10-31,87,25,5,4,0,0,1,1,0,0,0,0,1,0,0,8,9,4,2,3,1,0,0,0,0,0,0,0,0,5,10,4,2,2,0,0,0,0,0,0,0,0,0,10,4,9,4,2,2,0,0,0,0,0,0,0,0,4,4,8,5,3,1,0,0,0,0,0,0,0,0,0,2,5,6,4,5,0,0,0,0,0,0,0,0,0,0,0,0,愛知
4085,荻野裕介,オギノ ユウスケ,東京,B1,S,541116,1,45,159,58,O,5.14,31.2,9,16,80,0,0,0.2,12,83.3,0.15,2.4,12,41.6,0.19,4.3,13,23.0,0.18,3.5,12,16.6,0.24,5.2,11,27.2,0.25,5.2,20,10.0,0.21,5.1,B1,A2,A2,46.0,49.0,2025,1,2024-05-01,2024-10-31,87,4,6,1,1,0,0,0,0,0,0,0,0,0,0,1,4,3,2,1,1,0,0,0,0,0,0,0,0,1,2,2,3,3,1,0,0,0,0,0,0,1,0,1,1,2,5,1,2,0,0,0,0,0,0,0,0,2,1,2,1,1,4,0,0,0,0,0,0,0,0,0,2,3,10,2,3,0,0,0,0,0,0,0,0,0,0,1,0,東京
4086,寺本重宣,テラモト シゲノブ,東京,A1,S,550511,1,44,162,50,A,6.44,46.6,29,26,118,2,0,0.13,25,96.0,0.11,1.7,17,41.1,0.13,2.7,23,43.4,0.11,2.2,20,45.0,0.11,3.1,15,33.3,0.14,3.2,18,0.0,0.16,3.0,A2,A1,A2,51.0,54.0,2025,1,2024-05-01,2024-10-31,87,18,6,0,0,0,1,0,0,0,0,0,0,0,0,4,3,5,3,2,0,0,0,0,0,0,1,0,0,4,6,3,7,3,0,0,0,0,0,0,1,0,0,2,7,6,3,1,1,0,0,0,0,0,0,0,0,1,4,2,2,6,0,0,0,0,0,0,0,0,0,0,0,6,9,3,0,0,0,0,0,0,0,0,0,0,0,1,0,神奈川
4089,妹尾忠幸,セノオ タダユキ,岡山,A1,S,550827,1,44,168,55,A,6.81,48.2,43,38,168,7,1,0.15,41,85.3,0.15,3.0,30,56.6,0.15,3.3,22,50.0,0.15,3.2,30,30.0,0.13,2.7,23,17.3,0.14,2.9,22,22.7,0.15,3.5,A1,A1,A1,55.0,55.0,2025,1,2024-05-01,2024-10-31,87,29,6,5,0,1,0,0,0,0,0,0,0,0,0,6,11,8,3,0,2,0,0,0,0,0,0,0,0,3,8,8,1,2,0,0,0,0,0,0,0,0,0,4,5,12,6,2,1,0,0,0,0,0,0,0,0,0,4,9,6,4,0,0,0,0,0,0,0,0,0,1,4,6,4,5,2,0,0,0,0,0,0,0,0,0,0,0,0,岡山
4090,中村尊,ナカムラ タケル,埼玉,A1,S,550911,1,44,164,55,O,6.37,46.0,42,27,150,7,1,0.12,31,93.5,0.11,1.8,27,40.7,0.14,2.7,27,44.4,0.1,2.3,23,34.7,0.11,2.8,23,21.7,0.11,2.5,19,21.0,0.14,3.3,A1,A1,A2,53.0,52.0,2025,1,2024-05-01,2024-10-31,87,27,2,2,0,0,0,0,0,0,0,0,0,0,0,6,5,5,3,3,3,0,0,0,0,0,0,2,0,6,6,6,5,2,2,0,0,0,0,0,0,0,0,2,6,8,4,2,1,0,0,0,0,0,0,0,0,1,4,6,2,7,2,0,0,0,0,0,0,1,0,0,4,5,5,2,3,0,0,0,0,0,0,0,0,0,0,0,0,埼玉
4092,岡部大輔,オカベ ダイスケ,佐賀,B1,S,560112,1,43,158,53,A,5.23,35.1,24,21,128,1,0,0.15,22,77.2,0.12,2.4,22,45.4,0.11,2.5,22,40.9,0.15,2.9,21,14.2,0.16,3.4,22,18.1,0.15,3.3,19,10.5,0.22,5.2,B1,A2,A2,49.0,49.0,2025,1,2024-05-01,2024-10-31,87,14,3,0,2,2,1,0,0,0,0,0,0,0,0,5,5,2,2,5,3,0,0,0,0,0,0,0,0,3,6,5,3,2,3,0,0,0,0,0,0,0,0,1,2,7,4,4,3,0,0,0,0,0,0,0,0,0,4,3,3,6,6,0,0,0,0,0,0,0,0,1,1,2,6,2,7,0,0,0,0,0,0,0,0,0,0,0,0,佐賀
4093,吉田宗弘,ヨシダ ムネヒロ,東京,B1,S,560304,1,43,163,51,A,4.76,29.3,11,16,92,0,0,0.2,14,57.1,0.2,4.6,13,30.7,0.21,4.2,21,38.1,0.2,3.4,19,15.7,0.23,4.1,13,30.7,0.17,3.5,12,0.0,0.18,4.1,B1,B1,B1,47.0,47.0,2025,1,2024-05-01,2024-10-31,87,5,3,5,0,0,1,0,0,0,0,0,0,0,0,1,3,1,3,2,3,0,0,0,0,0,0,0,0,4,4,2,2,4,4,0,0,0,0,0,0,0,1,0,3,3,3,7,3,0,0,0,0,0,0,0,0,1,3,2,1,5,1,0,0,0,0,0,0,0,0,0,0,2,4,4,2,0,0,0,0,0,0,0,0,0,0,0,0,東京
4094,中島真二,ナカシマ シンジ,福岡,B1,S,560516,1,43,163,55,O,4.33,16.0,7,7,87,0,0,0.19,9,44.4,0.18,3.9,19,15.7,0.2,3.8,15,13.3,0.19,3.7,20,10.0,0.19,3.9,15,13.3,0.18,3.5,9,11.1,0.23,4.0,B1,B1,B1,47.0,47.0,2025,1,2024-05-01,2024-10-31,87,3,1,2,2,1,0,0,0,0,0,0,0,0,0,1,2,5,6,3,2,0,0,0,0,0,0,0,0,0,2,2,4,5,2,0,0,0,0,0,0,0,0,1,1,4,7,1,6,0,0,0,0,0,0,0,0,2,0,4,2,2,5,0,0,0,0,0,0,0,0,0,1,3,0,3,2,0,0,0,0,0,0,0,0,0,0,0,0,福岡
4095,福来剛,フクライ ツヨシ,東京,A1,S,560613,1,43,166,52,A,6.43,42.5,35,25,141,4,1,0.14,25,76.0,0.13,3.0,20,60.0,0.13,2.4,26,34.6,0.15,2.9,24,29.1,0.14,3.0,24,41.6,0.15,2.8,22,13.6,0.16,4.1,A1,A1,A1,64.0,60.0,2025,1,2024-05-01,2024-10-31,87,15,4,1,3,1,1,0,0,0,0,0,0,0,0,4,8,3,2,1,2,0,0,0,0,0,0,0,0,5,4,6,4,4,3,0,0,0,0,0,0,0,0,5,2,6,3,3,5,0,0,0,0,0,0,0,0,5,5,6,2,2,3,0,0,0,0,0,0,1,0,1,2,4,4,8,3,0,0,0,0,0,0,0,0,0,0,0,0,東京
4096,石橋道友,イシバシ ミチトモ,長崎,A1,S,561118,1,43,163,55,A,7.06,55.6,35,29,115,6,1,0.12,29,89.6,0.12,2.2,23,60.8,0.14,2.5,15,40.0,0.14,2.7,20,35.0,0.12,2.4,17,52.9,0.11,2.3,11,18.1,0.1,2.5,A1,A1,A1,63.0,56.0,2025,1,2024-05-01,2024-10-31,87,19,7,1,1,1,0,0,0,0,0,0,0,0,0,6,8,4,0,2,3,0,0,0,0,0,0,0,0,3,3,5,2,1,1,0,0,0,0,0,0,0,0,4,3,5,4,4,0,0,0,0,0,0,0,0,0,3,6,3,2,3,0,0,0,0,0,0,1,0,0,0,2,4,4,1,0,0,0,0,0,0,0,0,0,0,0,0,0,長崎
4097,貫地谷直人,カンジヤ ナオト,広島,B1,S,570125,1,42,160,57,O,3.83,9.1,2,7,98,0,0,0.21,12,0.0,0.23,4.8,12,25.0,0.18,4.0,25,24.0,0.21,4.3,16,0.0,0.21,4.9,19,0.0,0.2,4.6,14,0.0,0.22,4.6,B1,B1,B1,46.0,46.0,2025,1,2024-05-01,2024-10-31,87,0,0,2,5,3,2,0,0,0,0,0,1,0,0,1,2,3,2,3,1,0,0,0,0,0,0,0,0,1,5,2,8,5,4,0,0,0,0,0,0,0,0,0,0,4,7,1,4,0,0,0,0,0,0,0,0,0,0,6,5,5,3,0,0,0,0,0,0,0,0,0,0,2,4,5,3,0,0,0,0,0,0,0,0,0,0,1,0,広島
4098,赤澤文香,アカザワ フミカ,岡山,B1,S,570330,2,42,158,50,A,4.34,19.1,4,10,73,0,0,0.19,10,50.0,0.19,4.1,13,23.0,0.19,3.8,14,21.4,0.2,4.0,12,8.3,0.16,3.6,13,15.3,0.18,3.6,11,0.0,0.21,4.9,B1,B1,B1,48.0,47.0,2025,1,2024-05-01,2024-10-31,87,3,2,2,1,2,0,0,0,0,0,0,0,0,0,1,2,2,4,4,0,0,0,0,0,0,0,0,0,0,3,3,1,4,3,0,0,0,0,0,0,0,0,0,1,2,4,2,2,1,0,0,0,0,0,0,0,0,2,3,4,3,1,0,0,0,0,0,0,0,0,0,0,2,3,3,3,0,0,0,0,0,0,0,0,0,0,0,0,岡山
4099,吉永則雄,ヨシナガ ノリオ,大阪,A1,S,531125,1,46,162,52,B,6.87,57.4,33,29,108,4,1,0.16,24,79.1,0.19,4.2,16,50.0,0.18,3.9,24,58.3,0.15,3.3,18,55.5,0.16,2.9,20,50.0,0.14,3.0,6,16.6,0.1,2.7,A1,A1,A2,56.0,54.0,2025,1,2024-05-01,2024-10-31,88,16,3,2,3,0,0,0,0,0,0,0,0,0,0,3,5,2,2,2,2,0,0,0,0,0,0,0,0,3,11,4,1,4,1,0,0,0,0,0,0,0,0,4,6,2,3,2,1,0,0,0,0,0,0,0,0,7,3,4,2,3,1,0,0,0,0,0,0,0,0,0,1,2,1,2,0,0,0,0,0,0,0,0,0,0,0,0,0,大阪
4100,松田隆司,マツダ タカシ,福岡,B1,S,540106,1,45,172,56,O,4.99,34.1,19,24,126,0,0,0.17,23,78.2,0.17,3.0,18,38.8,0.16,2.9,24,33.3,0.15,2.5,17,41.1,0.13,2.4,23,4.3,0.16,3.4,21,9.5,0.22,4.7,B1,A2,B1,49.0,48.0,2025,1,2024-05-01,2024-10-31,88,11,7,2,0,2,1,0,0,0,0,0,0,0,0,4,3,5,2,1,3,0,0,0,0,0,0,0,0,1,7,3,4,4,5,0,0,0,0,0,0,0,0,3,4,5,1,4,0,0,0,0,0,0,0,0,0,0,1,2,4,8,7,1,0,0,0,0,0,0,0,0,2,1,5,8,5,0,0,0,0,0,0,0,0,0,0,0,0,福岡
4102,益田啓司,マスダ ケイジ,福岡,A1,S,540429,1,45,163,52,O,6.61,51.4,47,26,142,6,1,0.13,35,91.4,0.13,2.4,17,64.7,0.12,2.4,22,59.0,0.11,2.2,22,40.9,0.14,2.8,26,26.9,0.13,2.5,20,5.0,0.15,3.2,A1,A1,A1,54.0,53.0,2025,1,2024-05-01,2024-10-31,88,26,6,1,0,1,1,0,0,0,0,0,0,0,0,7,4,4,2,0,0,0,0,0,0,0,0,0,0,5,8,6,3,0,0,0,0,0,0,0,0,0,0,5,4,5,3,1,4,0,0,0,0,0,0,0,0,4,3,4,4,5,6,0,0,0,0,0,0,0,0,0,1,5,3,5,6,0,0,0,0,0,0,0,0,0,0,0,0,大分
4103,山崎善庸,ヤマザキ ヨシノブ,埼玉,B1,S,540711,1,45,160,53,A,4.39,22.8,6,20,114,0,0,0.22,17,35.2,0.2,4.1,22,40.9,0.2,4.6,20,25.0,0.22,4.6,19,21.0,0.22,4.7,22,9.0,0.23,4.6,14,0.0,0.29,5.8,B1,B1,B1,47.0,47.0,2025,1,2024-05-01,2024-10-31,88,3,3,5,3,3,0,0,0,0,0,0,0,0,0,2,7,5,4,1,3,0,0,0,0,0,0,0,0,0,5,5,5,3,2,0,0,0,0,0,0,0,0,1,3,1,4,9,1,0,0,0,0,0,0,0,0,0,2,1,8,3,8,0,0,0,0,0,0,0,0,0,0,1,2,6,5,0,0,0,0,0,0,0,0,0,0,0,0,東京
4104,木下陽介,キノシタ ヨウスケ,東京,B1,S,540903,1,45,156,56,A,4.33,26.0,12,12,92,0,0,0.15,15,40.0,0.16,3.8,17,29.4,0.13,2.6,14,21.4,0.19,3.2,17,41.1,0.12,2.6,14,14.2,0.15,2.6,15,6.6,0.15,3.5,B1,B1,B1,47.0,45.0,2025,1,2024-05-01,2024-10-31,88,5,1,0,2,2,5,0,0,0,0,0,0,0,0,1,4,3,3,3,3,0,0,0,0,0,1,0,0,2,1,2,2,3,4,0,0,0,0,0,0,0,0,3,4,3,1,0,5,1,0,0,0,0,0,0,0,1,1,2,5,3,2,0,0,0,0,0,0,0,0,0,1,1,1,7,5,0,0,0,0,0,0,0,0,0,0,2,0,東京
4105,松下直也,マツシタ ナオヤ,兵庫,A2,S,541002,1,45,158,53,AB,5.91,39.2,30,32,158,3,1,0.17,30,76.6,0.18,3.8,30,50.0,0.16,3.7,29,34.4,0.15,2.9,28,35.7,0.17,3.0,21,4.7,0.18,3.6,20,15.0,0.16,3.8,B1,A2,A2,49.0,52.0,2025,1,2024-05-01,2024-10-31,88,18,5,3,1,1,1,1,0,0,0,0,0,0,0,5,10,6,3,5,1,0,0,0,0,0,0,0,0,2,8,8,7,2,1,0,0,0,0,0,0,1,0,4,6,8,4,4,2,0,0,0,0,0,0,0,0,1,0,8,7,1,4,0,0,0,0,0,0,0,0,0,3,2,7,4,4,0,0,0,0,0,0,0,0,0,0,0,0,兵庫
4106,坂井康嗣,サカイ ヤスシ,佐賀,B1,S,541029,1,45,164,51,A,4.29,21.9,5,15,91,1,0,0.21,14,50.0,0.19,4.3,15,40.0,0.21,4.9,18,11.1,0.21,4.2,17,23.5,0.22,4.5,16,6.2,0.22,4.3,11,0.0,0.2,4.5,B1,B1,B1,46.0,46.0,2025,1,2024-05-01,2024-10-31,88,1,6,3,1,3,0,0,0,0,0,0,0,0,0,1,5,0,2,2,5,0,0,0,0,0,0,0,0,0,2,5,3,5,3,0,0,0,0,0,0,0,0,2,2,2,4,3,4,0,0,0,0,0,0,0,0,1,0,3,5,5,2,0,0,0,0,0,0,0,0,0,0,3,1,2,5,0,0,0,0,0,0,0,0,0,0,0,0,佐賀
4108,吉村正明,ヨシムラ マサアキ,山口,A1,S,541225,1,45,160,53,AB,6.26,47.6,29,21,105,3,0,0.12,29,89.6,0.1,2.1,15,46.6,0.15,3.0,15,33.3,0.13,2.8,23,30.4,0.11,2.4,19,21.0,0.14,2.5,4,25.0,0.17,4.0,A1,A2,A1,55.0,54.0,2025,1,2024-05-01,2024-10-31,88,22,4,1,1,1,0,0,0,0,0,0,0,0,0,3,4,1,2,4,1,0,0,0,0,0,0,0,0,1,4,2,4,2,2,0,0,0,0,0,0,0,0,3,4,7,4,1,3,1,0,0,0,0,0,0,0,0,4,2,5,6,2,0,0,0,0,0,0,0,0,0,1,1,0,1,1,0,0,0,0,0,0,0,0,0,0,0,0,山口
4109,谷津幸宏,ヤツ ユキヒロ,埼玉,A2,S,550428,1,44,172,55,A,5.75,38.5,31,23,140,3,0,0.12,29,79.3,0.13,2.3,20,55.0,0.12,2.9,23,26.0,0.11,2.1,27,25.9,0.12,2.1,21,19.0,0.12,3.3,20,15.0,0.14,3.1,A2,A1,A2,52.0,51.0,2025,1,2024-05-01,2024-10-31,88,18,5,1,3,2,0,0,0,0,0,0,0,0,0,5,6,3,3,2,1,0,0,0,0,0,0,0,0,1,5,5,5,0,6,0,0,0,0,0,0,1,0,4,3,10,4,4,2,0,0,0,0,0,0,0,0,3,1,3,5,7,2,0,0,0,0,0,0,0,0,0,3,1,8,6,2,0,0,0,0,0,0,0,0,0,0,0,0,埼玉
4110,小澤和也,オザワ カズヤ,埼玉,B1,S,550517,1,44,169,59,O,4.22,20.4,10,9,93,0,0,0.19,13,61.5,0.17,2.8,17,29.4,0.17,3.7,18,16.6,0.18,3.6,14,7.1,0.19,4.1,14,14.2,0.19,3.7,17,0.0,0.23,5.0,B1,B1,B1,47.0,46.0,2025,1,2024-05-01,2024-10-31,88,5,3,1,0,1,2,1,0,0,0,0,0,0,0,2,3,2,3,4,3,0,0,0,0,0,0,0,0,2,1,1,7,3,4,0,0,0,0,0,0,0,0,0,1,5,4,2,2,0,0,0,0,0,0,0,0,1,1,1,3,5,3,0,0,0,0,0,0,0,0,0,0,4,2,5,6,0,0,0,0,0,0,0,0,0,0,0,0,埼玉
4111,奥田誠,オクダ マコト,広島,B1,S,550625,1,44,166,56,B,5.12,26.5,11,20,117,0,0,0.19,17,58.8,0.16,4.4,23,30.4,0.2,3.7,20,30.0,0.17,3.6,20,15.0,0.2,4.5,24,8.3,0.2,4.6,13,23.0,0.24,5.0,B1,B1,A2,46.0,50.0,2025,1,2024-05-01,2024-10-31,88,7,3,3,3,0,1,0,0,0,0,0,0,0,0,3,4,6,4,4,2,0,0,0,0,0,0,0,0,0,6,4,5,3,2,0,0,0,0,0,0,0,0,1,2,8,5,4,0,0,0,0,0,0,0,0,0,0,2,7,6,4,5,0,0,0,0,0,0,0,0,0,3,1,4,2,3,0,0,0,0,0,0,0,0,0,0,0,0,広島
4112,大久保信一郎,オオクボ シンイチロウ,佐賀,B2,S,550628,1,44,169,52,B,0.0,0.0,0,0,0,0,0,0.0,0,0.0,0.0,0.0,0,0.0,0.0,0.0,0,0.0,0.0,0.0,0,0.0,0.0,0.0,0,0.0,0.0,0.0,0,0.0,0.0,0.0,A2,A2,A2,51.0,0.0,2025,1,2024-05-01,2024-10-31,88,0,0,0,0,0,0,0,0,0,0,0,0,0,0,0,0,0,0,0,0,0,0,0,0,0,0,0,0,0,0,0,0,0,0,0,0,0,0,0,0,0,0,0,0,0,0,0,0,0,0,0,0,0,0,0,0,0,0,0,0,0,0,0,0,0,0,0,0,0,0,0,0,0,0,0,0,0,0,0,0,0,0,0,0,0,0,0,0,佐賀
4113,木村浩士,キムラ ヒロシ,群馬,B1,S,550731,1,44,165,56,AB,4.74,24.0,15,15,125,0,0,0.18,19,73.6,0.19,4.4,26,23.0,0.18,4.4,14,14.2,0.19,4.7,26,11.5,0.18,3.7,28,14.2,0.19,4.0,12,8.3,0.15,3.3,B1,B1,B1,48.0,48.0,2025,1,2024-05-01,2024-10-31,88,13,1,1,1,2,1,0,0,0,0,0,0,0,0,2,4,3,3,8,6,0,0,0,0,0,0,0,0,0,2,5,2,4,1,0,0,0,0,0,0,0,0,0,3,9,5,4,5,0,0,0,0,0,0,0,0,0,4,9,6,8,1,0,0,0,0,0,0,0,0,0,1,1,3,2,5,0,0,0,0,0,0,0,0,0,0,0,0,群馬
4114,深澤達徳,フカサワ タツノリ,東京,A2,S,550927,1,44,164,54,A,5.76,37.0,23,24,127,1,0,0.17,21,80.9,0.15,3.6,21,28.5,0.18,4.4,24,37.5,0.15,3.2,25,44.0,0.18,3.8,23,17.3,0.18,3.4,13,0.0,0.19,4.7,A2,A2,A2,51.0,51.0,2025,1,2024-05-01,2024-10-31,88,13,4,2,1,1,0,0,0,0,0,0,0,0,0,1,5,6,3,2,3,0,0,0,0,0,0,1,0,3,6,8,6,1,0,0,0,0,0,0,0,0,0,6,5,3,4,3,4,0,0,0,0,0,0,0,0,0,4,3,8,6,2,0,0,0,0,0,0,0,0,0,0,4,6,2,1,0,0,0,0,0,0,0,0,0,0,0,0,山梨
4116,川田正人,カワタ マサト,徳島,B1,S,560124,1,43,165,52,A,4.24,19.3,8,10,93,1,0,0.2,13,46.1,0.21,3.9,20,20.0,0.22,4.3,15,20.0,0.18,3.7,10,40.0,0.18,4.3,18,5.5,0.18,4.2,17,0.0,0.21,5.4,B1,A2,B1,49.0,46.0,2025,1,2024-05-01,2024-10-31,88,5,1,0,1,1,5,0,0,0,0,0,0,0,0,1,3,3,7,2,3,0,0,0,0,0,0,1,0,0,3,5,2,4,0,0,0,0,0,0,0,1,0,2,2,2,2,2,0,0,0,0,0,0,0,0,0,0,1,0,8,3,5,1,0,0,0,0,1,0,0,0,0,4,4,6,3,0,0,0,0,0,0,0,0,0,0,1,0,徳島
4117,廣中智紗衣,ヒロナカ チサエ,東京,A2,S,560209,2,43,157,47,O,6.06,40.2,19,22,102,3,0,0.19,22,59.0,0.19,3.8,18,55.5,0.19,3.7,17,23.5,0.16,3.5,17,47.0,0.2,3.9,13,38.4,0.22,3.7,15,6.6,0.19,4.1,A1,A1,A1,55.0,54.0,2025,1,2024-05-01,2024-10-31,88,12,1,4,3,0,2,0,0,0,0,0,0,0,0,1,9,3,1,1,2,0,0,0,0,0,0,0,1,2,2,5,5,3,0,0,0,0,0,0,0,0,0,3,5,0,4,3,2,0,0,0,0,0,0,0,0,1,4,5,2,1,0,0,0,0,0,0,0,0,0,0,1,3,4,6,1,0,0,0,0,0,0,0,0,0,0,0,0,愛知
4118,宇佐見淳,ウサミ ジュン,愛知,A2,S,560303,1,43,168,54,B,6.18,43.8,31,30,139,4,0,0.14,28,85.7,0.13,2.6,23,39.1,0.14,2.8,18,44.4,0.14,2.9,29,44.8,0.14,2.9,22,22.7,0.15,2.9,19,10.5,0.15,3.1,A2,A1,A1,55.0,52.0,2025,1,2024-05-01,2024-10-31,88,19,5,2,1,0,0,1,0,0,0,0,0,0,0,3,6,4,5,3,2,0,0,0,0,0,0,0,0,2,6,1,4,1,4,0,0,0,0,0,1,0,0,5,8,4,9,3,0,0,0,0,0,0,0,0,0,2,3,11,3,1,1,1,0,0,0,0,0,0,0,0,2,6,3,3,5,0,0,0,0,0,0,0,0,0,0,0,0,愛知
4119,泥谷一毅,ヒジヤ カツキ,大阪,A1,S,560619,1,43,171,57,B,6.19,40.7,23,21,108,3,0,0.15,15,80.0,0.16,2.8,19,36.8,0.17,3.4,25,40.0,0.12,2.1,18,33.3,0.13,2.3,18,33.3,0.15,2.8,13,23.0,0.19,4.0,B1,B1,B1,48.0,53.0,2025,1,2024-05-01,2024-10-31,88,12,0,1,1,1,0,0,0,0,0,0,0,0,0,0,7,8,1,3,0,0,0,0,0,0,0,0,0,4,6,11,2,1,1,0,0,0,0,0,0,0,0,5,1,1,9,1,1,0,0,0,0,0,0,0,0,2,4,2,8,1,1,0,0,0,0,0,0,0,0,0,3,1,3,5,0,1,0,0,0,0,0,0,0,0,0,0,0,大阪
4120,柘植政浩,ツゲ マサヒロ,滋賀,A2,S,560711,1,43,171,51,B,6.0,43.4,32,24,129,3,0,0.15,23,86.9,0.16,3.3,28,64.2,0.14,3.2,20,40.0,0.14,2.6,22,31.8,0.15,3.4,23,8.7,0.15,2.8,13,7.6,0.17,3.2,A2,A2,A2,51.0,52.0,2025,1,2024-05-01,2024-10-31,88,18,2,1,0,1,1,0,0,0,0,0,0,0,0,7,11,2,3,3,2,0,0,0,0,0,0,0,0,3,5,8,2,2,0,0,0,0,0,0,0,0,0,3,4,3,5,4,3,0,0,0,0,0,1,0,0,1,1,5,8,4,4,0,0,0,0,0,0,0,0,0,1,1,4,4,3,0,0,0,0,0,0,0,0,0,0,0,0,滋賀
4121,富永修一,トミナガ シュウイチ,福岡,A2,S,561121,1,43,165,52,A,6.06,41.6,24,26,120,2,0,0.14,20,75.0,0.1,1.7,22,50.0,0.13,2.5,17,47.0,0.16,2.9,17,47.0,0.12,2.5,27,18.5,0.16,3.1,17,17.6,0.18,3.9,A2,A2,B1,53.0,52.0,2025,1,2024-05-01,2024-10-31,88,11,4,3,1,0,0,1,0,0,0,0,0,0,0,4,7,3,4,3,1,0,0,0,0,0,0,0,0,3,5,2,3,3,1,0,0,0,0,0,0,0,0,3,5,3,4,2,0,0,0,0,0,0,0,0,0,2,3,9,5,7,1,0,0,0,0,0,0,0,0,1,2,5,4,3,2,0,0,0,0,0,0,0,0,0,0,0,0,福岡
4122,安東幸治,アンドウ コウジ,福岡,A1,S,561123,1,43,168,57,O,6.2,41.1,30,33,153,1,0,0.17,31,83.8,0.16,3.2,25,40.0,0.16,4.0,24,45.8,0.17,4.0,29,37.9,0.16,2.9,23,17.3,0.18,3.6,21,4.7,0.16,3.9,A2,A2,A2,51.0,53.0,2025,1,2024-05-01,2024-10-31,88,18,8,3,0,2,0,0,0,0,0,0,0,0,0,2,8,10,3,1,1,0,0,0,0,0,0,0,0,5,6,4,3,4,2,0,0,0,0,0,0,0,0,4,7,11,4,1,2,0,0,0,0,0,0,0,0,1,3,7,6,4,2,0,0,0,0,0,0,0,0,0,1,8,4,5,3,0,0,0,0,0,0,0,0,0,0,0,0,福岡
4123,細川裕子,ホソカワ ユウコ,愛知,A1,S,561211,2,43,157,47,O,6.98,52.8,34,32,125,6,1,0.19,31,83.8,0.17,3.6,23,52.1,0.19,4.3,19,57.8,0.21,4.2,17,47.0,0.19,3.9,18,38.8,0.17,3.6,17,11.7,0.22,4.7,A1,A1,A1,55.0,56.0,2025,1,2024-05-01,2024-10-31,88,18,8,2,2,1,0,0,0,0,0,0,0,0,0,5,7,5,2,2,1,0,0,0,0,0,0,1,0,5,6,4,1,3,0,0,0,0,0,0,0,0,0,4,4,6,3,0,0,0,0,0,0,0,0,0,0,2,5,5,3,1,2,0,0,0,0,0,0,0,0,0,2,5,5,3,1,1,0,0,0,0,0,0,0,0,0,0,0,愛知
4124,池田雄一,イケダ ユウイチ,静岡,A2,S,570323,1,42,160,53,B,5.8,41.5,27,27,130,2,0,0.15,27,66.6,0.16,3.0,21,61.9,0.16,3.7,18,44.4,0.15,3.2,20,30.0,0.15,3.3,21,38.1,0.15,3.4,23,4.3,0.16,3.9,A2,A1,A1,53.0,50.0,2025,1,2024-05-01,2024-10-31,88,13,5,2,3,1,3,0,0,0,0,0,0,0,0,5,8,3,0,0,5,0,0,0,0,0,0,0,0,5,3,3,4,1,2,0,0,0,0,0,0,0,0,1,5,6,5,2,1,0,0,0,0,0,0,0,0,3,5,5,5,2,1,0,0,0,0,0,0,0,0,0,1,5,3,6,7,1,0,0,0,0,0,0,0,0,0,0,0,静岡
4128,川口貴久,カワグチ タカヒサ,東京,B1,S,550308,1,44,165,58,O,5.2,34.4,7,23,87,1,0,0.14,11,72.7,0.13,2.6,15,40.0,0.12,2.0,16,31.2,0.16,2.9,19,36.8,0.13,2.4,13,15.3,0.14,3.5,13,15.3,0.16,3.3,B1,B1,A2,48.0,49.0,2025,1,2024-05-01,2024-10-31,89,3,5,2,0,0,1,0,0,0,0,0,0,0,0,2,4,1,5,2,1,0,0,0,0,0,0,0,0,0,5,5,1,1,4,0,0,0,0,0,0,0,0,0,7,4,3,2,3,0,0,0,0,0,1,0,0,2,0,2,5,1,3,0,0,0,0,0,0,0,0,0,2,3,1,4,3,0,0,0,0,0,0,0,0,0,0,1,0,東京
4129,宇野博之,ウノ ヒロユキ,愛知,B1,S,550325,1,44,168,57,A,4.66,25.3,14,20,134,1,0,0.15,20,60.0,0.17,3.5,25,36.0,0.11,2.3,21,23.8,0.16,2.3,21,14.2,0.15,3.0,26,15.3,0.15,3.0,21,4.7,0.19,3.4,B1,B1,B1,48.0,48.0,2025,1,2024-05-01,2024-10-31,89,5,7,2,2,2,2,0,0,0,0,0,0,0,0,3,6,4,6,4,2,0,0,0,0,0,0,0,0,3,2,4,5,3,4,0,0,0,0,0,0,0,0,1,2,4,5,6,2,0,0,0,0,0,0,1,0,1,3,5,6,7,4,0,0,0,0,0,0,0,0,1,0,4,3,6,7,0,0,0,0,0,0,0,0,0,0,0,0,愛知
4131,原豊土,ハラ トヨト,静岡,B1,S,550602,1,44,172,59,A,5.26,37.8,23,16,103,1,0,0.17,17,76.4,0.18,3.9,18,55.5,0.17,3.5,18,16.6,0.15,2.6,15,40.0,0.14,2.9,21,33.3,0.19,3.8,14,0.0,0.19,4.9,A2,A2,A2,52.0,48.0,2025,1,2024-05-01,2024-10-31,89,11,2,2,0,1,1,0,0,0,0,0,0,0,0,5,5,0,1,5,2,0,0,0,0,0,0,0,0,1,2,5,2,5,2,1,0,0,0,0,0,0,0,4,2,1,5,2,1,0,0,0,0,0,0,0,0,2,5,2,3,4,5,0,0,0,0,0,0,0,0,0,0,1,3,7,2,0,0,0,0,0,0,1,0,0,0,0,0,愛知
4133,高橋正男,タカハシ マサオ,兵庫,A2,S,550624,1,44,163,54,O,5.82,41.3,25,25,121,1,0,0.16,26,80.7,0.16,2.6,20,60.0,0.15,2.7,16,62.5,0.13,3.0,20,20.0,0.14,2.6,19,15.7,0.17,3.0,20,0.0,0.18,4.1,A1,A2,A2,52.0,51.0,2025,1,2024-05-01,2024-10-31,89,17,4,1,2,1,0,1,0,0,0,0,0,0,0,2,10,1,4,3,0,0,0,0,0,0,0,0,0,3,7,1,1,1,3,0,0,0,0,0,0,0,0,2,2,9,3,4,0,0,0,0,0,0,1,0,0,1,2,4,5,4,3,0,0,0,0,0,0,0,0,0,0,6,4,3,7,0,0,0,0,0,0,0,0,0,0,0,0,兵庫
4134,杉山貴博,スギヤマ タカヒロ,東京,A1,S,550707,1,44,165,54,O,6.72,50.7,35,31,130,6,0,0.15,26,76.9,0.14,2.8,16,50.0,0.16,3.3,22,59.0,0.14,2.2,24,50.0,0.16,3.2,21,42.8,0.16,2.4,21,19.0,0.17,3.7,A2,A1,A2,51.0,54.0,2025,1,2024-05-01,2024-10-31,89,18,2,2,1,1,2,0,0,0,0,0,0,0,0,3,5,5,2,1,0,0,0,0,0,0,0,0,0,4,9,4,3,1,1,0,0,0,0,0,0,0,0,7,5,4,3,2,3,0,0,0,0,0,0,0,0,3,6,7,0,2,3,0,0,0,0,0,0,0,0,0,4,6,8,3,0,0,0,0,0,0,0,0,0,0,0,0,0,千葉
4136,江夏満,コウカ ミツル,福岡,A1,S,550810,1,44,165,55,AB,6.63,51.4,38,35,142,6,1,0.14,35,85.7,0.11,2.0,24,58.3,0.16,3.4,17,52.9,0.12,2.4,21,33.3,0.17,3.1,21,33.3,0.13,3.2,23,26.0,0.15,4.1,A1,A1,A1,56.0,53.0,2025,1,2024-05-01,2024-10-31,89,26,4,4,0,0,0,1,0,0,0,0,0,0,0,5,9,4,2,3,1,0,0,0,0,0,0,0,0,3,6,4,2,1,0,0,0,0,0,0,0,1,0,2,5,8,2,1,3,0,0,0,0,0,0,0,0,2,5,4,4,4,2,0,0,0,0,0,0,0,0,0,6,5,7,1,4,0,0,0,0,0,0,0,0,0,0,0,1,福岡
4137,君島秀三,キミジマ シュウゾウ,滋賀,A1,S,550909,1,44,167,53,O,6.45,47.0,37,26,134,3,0,0.13,32,84.3,0.13,2.5,19,47.3,0.12,3.1,24,50.0,0.14,2.3,23,34.7,0.14,3.0,21,28.5,0.11,2.8,15,6.6,0.13,3.1,A1,A1,A2,56.0,58.0,2025,1,2024-05-01,2024-10-31,89,23,4,3,1,1,0,0,0,0,0,0,0,0,0,4,5,2,3,2,3,0,0,0,0,0,0,0,0,4,8,2,6,1,3,0,0,0,0,0,1,0,0,3,5,3,7,3,2,0,0,0,0,0,0,0,0,3,3,3,7,3,2,0,0,0,0,0,0,0,0,0,1,3,4,5,2,0,0,0,0,0,0,0,0,0,0,2,0,滋賀
4138,中井俊祐,ナカイ シュンスケ,大阪,A2,S,551006,1,44,167,53,O,5.5,36.7,22,18,109,2,0,0.15,13,61.5,0.16,3.2,20,35.0,0.18,3.7,23,56.5,0.16,2.8,21,33.3,0.15,2.5,18,16.6,0.13,2.8,14,14.2,0.14,3.1,B1,B1,B1,48.0,50.0,2025,1,2024-05-01,2024-10-31,89,6,2,1,2,1,1,0,0,0,0,0,0,0,0,3,4,6,2,1,4,0,0,0,0,0,0,0,0,5,8,4,4,0,2,0,0,0,0,0,0,0,0,5,2,4,4,5,1,0,0,0,0,0,0,0,0,2,1,2,2,7,4,0,0,0,0,0,0,0,0,1,1,2,2,5,3,0,0,0,0,0,0,0,0,0,0,0,0,大阪
4139,丹下健,タンゲ タケシ,愛知,B1,S,551027,1,44,169,55,A,4.53,29.4,18,17,119,1,0,0.16,19,73.6,0.17,3.2,18,22.2,0.17,3.4,21,28.5,0.17,3.1,12,0.0,0.13,2.7,28,21.4,0.17,3.5,21,23.8,0.17,3.7,B1,B1,B1,48.0,46.0,2025,1,2024-05-01,2024-10-31,89,12,2,0,1,1,2,1,0,0,0,0,0,0,0,1,3,3,5,4,2,0,0,0,0,0,0,0,0,0,6,3,5,5,2,0,0,0,0,0,0,0,0,0,0,4,0,5,3,0,0,0,0,0,0,0,0,2,4,0,7,3,12,0,0,0,0,0,0,0,0,3,2,0,4,4,8,0,0,0,0,0,0,0,0,0,0,0,0,愛知
4140,梶野学志,カジノ タカシ,東京,A1,S,551108,1,44,166,54,A,6.9,56.2,37,26,112,5,0,0.15,20,95.0,0.13,1.9,19,52.6,0.15,3.4,23,47.8,0.14,2.9,22,63.6,0.16,2.8,15,40.0,0.16,3.4,13,23.0,0.15,3.6,A2,A1,A1,54.0,54.0,2025,1,2024-05-01,2024-10-31,89,18,1,1,0,0,0,0,0,0,0,0,0,0,0,4,6,5,1,3,0,0,0,0,0,0,0,0,0,5,6,7,0,4,1,0,0,0,0,0,0,0,0,8,6,2,3,3,0,0,0,0,0,0,0,0,0,2,4,1,4,2,2,0,0,0,0,0,0,0,0,0,3,3,3,1,3,0,0,0,0,0,0,0,0,0,0,0,0,東京
4142,平野和明,ヒラノ カズアキ,愛知,A2,S,560316,1,43,160,55,A,5.75,36.0,17,32,136,1,1,0.18,25,80.0,0.16,3.4,25,56.0,0.16,4.2,27,22.2,0.18,3.7,20,20.0,0.18,4.3,19,10.5,0.19,4.4,20,15.0,0.21,4.7,A2,A2,A2,51.0,52.0,2025,1,2024-05-01,2024-10-31,89,13,7,3,2,0,0,0,0,0,0,0,0,0,0,2,12,3,6,1,1,0,0,0,0,0,0,0,0,2,4,8,7,5,1,0,0,0,0,0,0,0,0,0,4,10,4,1,1,0,0,0,0,0,0,0,0,0,2,5,5,3,4,0,0,0,0,0,1,0,0,0,3,3,7,5,2,0,0,0,0,0,0,0,0,0,0,0,0,愛知
4143,浦田晃嗣,ウラタ コウジ,佐賀,B1,S,560709,1,43,167,58,AB,4.03,18.1,12,9,116,0,0,0.14,14,50.0,0.14,2.7,18,0.0,0.15,2.9,20,15.0,0.14,2.8,23,30.4,0.12,2.2,20,10.0,0.15,3.0,21,9.5,0.14,3.3,B1,B1,B1,46.0,45.0,2025,1,2024-05-01,2024-10-31,89,4,3,2,1,3,0,1,0,0,0,0,0,0,0,0,0,6,3,5,4,0,0,0,0,0,0,0,0,2,1,3,5,7,2,0,0,0,0,0,0,0,0,5,2,1,8,3,4,0,0,0,0,0,0,0,0,1,1,3,4,4,7,0,0,0,0,0,0,0,0,0,2,1,4,5,9,0,0,0,0,0,0,0,0,0,0,0,0,佐賀
4144,石塚久也,イシヅカ ヒサヤ,埼玉,A1,S,560825,1,43,160,55,O,6.61,53.7,35,37,134,6,0,0.16,29,86.2,0.17,2.7,22,59.0,0.16,3.3,14,64.2,0.14,2.4,24,50.0,0.15,2.7,24,20.8,0.16,3.4,21,38.1,0.17,3.7,A1,A2,B1,54.0,53.0,2025,1,2024-05-01,2024-10-31,89,21,4,0,1,2,1,0,0,0,0,0,0,0,0,6,7,7,0,0,2,0,0,0,0,0,0,0,0,3,6,2,2,1,0,0,0,0,0,0,0,0,0,3,9,5,5,0,2,0,0,0,0,0,0,0,0,1,4,4,5,7,3,0,0,0,0,0,0,0,0,1,7,4,2,4,3,0,0,0,0,0,0,0,0,0,0,1,0,埼玉
4145,小澤学,オザワ マナブ,東京,B1,S,561028,1,43,170,55,B,3.37,13.3,1,13,105,0,0,0.25,14,28.5,0.28,5.5,21,14.2,0.24,5.4,18,16.6,0.24,5.6,17,5.8,0.25,5.4,20,10.0,0.23,5.3,14,7.1,0.27,5.7,B1,B1,B1,45.0,43.0,2025,1,2024-05-01,2024-10-31,89,1,3,1,2,5,2,0,0,0,0,0,0,0,0,0,3,2,6,6,4,0,0,0,0,0,0,0,0,0,3,0,3,8,4,0,0,0,0,0,0,0,0,0,1,4,3,6,3,0,0,0,0,0,1,0,0,0,2,3,7,4,4,0,0,0,0,0,0,0,0,0,1,1,0,3,9,0,0,0,0,0,0,0,0,0,0,0,1,千葉
4146,柳橋宏紀,ヤナギバシ ヒロキ,滋賀,B1,S,561121,1,43,169,53,O,4.72,22.8,6,20,114,0,0,0.15,18,50.0,0.14,2.9,18,22.2,0.14,3.3,21,23.8,0.15,2.9,22,18.1,0.14,2.5,17,17.6,0.13,2.8,18,5.5,0.18,4.1,B1,B1,B1,48.0,49.0,2025,1,2024-05-01,2024-10-31,89,4,5,3,2,0,4,0,0,0,0,0,0,0,0,1,3,5,4,3,2,0,0,0,0,0,0,0,0,1,4,2,11,1,2,0,0,0,0,0,1,0,0,0,4,7,7,3,1,0,0,0,0,0,0,0,0,0,3,4,7,1,2,0,0,0,0,0,0,0,0,0,1,1,4,7,5,0,0,0,0,0,0,0,0,0,0,0,0,京都
4148,枝尾賢,エダオ マサル,福岡,A1,S,570102,1,42,163,53,A,7.08,53.7,35,29,119,6,2,0.11,28,89.2,0.1,2.0,16,62.5,0.12,3.0,18,55.5,0.1,2.5,20,30.0,0.12,3.0,18,38.8,0.11,2.6,19,31.5,0.13,2.8,A1,A1,A1,67.0,62.0,2025,1,2024-05-01,2024-10-31,89,21,4,1,1,0,1,0,0,0,0,0,0,0,0,3,7,3,1,1,1,0,0,0,0,0,0,0,0,6,4,1,4,1,1,1,0,0,0,0,0,0,0,3,3,5,2,2,5,0,0,0,0,0,0,0,0,0,7,3,3,5,0,0,0,0,0,0,0,0,0,2,4,5,3,5,0,0,0,0,0,0,0,0,0,0,0,0,0,福岡
4150,山田雄太,ヤマダ ユウタ,静岡,A1,S,570317,1,42,172,56,B,6.55,49.6,32,37,139,5,0,0.13,30,90.0,0.12,2.0,20,65.0,0.13,2.9,25,28.0,0.12,2.6,19,31.5,0.14,2.4,20,40.0,0.12,2.2,24,33.3,0.15,2.9,A1,A2,A2,53.0,53.0,2025,1,2024-05-01,2024-10-31,89,21,6,2,1,0,0,0,0,0,0,0,0,0,0,5,8,4,1,0,2,0,0,0,0,0,0,0,0,1,6,5,6,2,4,0,0,0,0,0,0,1,0,1,5,10,1,1,1,0,0,0,0,0,0,0,0,3,5,7,4,0,0,0,0,0,0,0,0,1,0,1,7,4,4,5,3,0,0,0,0,0,0,0,0,0,0,0,1,静岡
4151,下河誉史,シモガワ タカフミ,福岡,A2,S,570801,1,42,170,53,A,5.55,36.1,21,26,130,2,1,0.19,21,61.9,0.2,3.9,30,50.0,0.17,4.1,23,34.7,0.15,3.6,32,28.1,0.19,4.0,13,7.6,0.18,3.4,11,9.0,0.24,5.4,A2,B1,B1,52.0,51.0,2025,1,2024-05-01,2024-10-31,89,11,2,3,2,2,1,0,0,0,0,0,0,0,0,7,8,4,3,4,4,0,0,0,0,0,0,0,0,1,7,6,3,4,2,0,0,0,0,0,0,0,0,2,7,7,5,4,7,0,0,0,0,0,1,0,0,0,1,2,5,2,3,0,0,0,0,0,0,0,0,0,1,4,1,2,3,0,0,0,0,0,0,0,0,0,0,0,0,福岡
4152,深水慎一郎,フカミズ シンイチロウ,東京,A2,S,550528,1,44,167,55,AB,5.54,35.5,12,20,90,1,0,0.17,13,61.5,0.17,3.0,12,50.0,0.18,3.8,22,36.3,0.14,3.0,13,46.1,0.18,3.6,19,21.0,0.16,3.4,11,0.0,0.19,4.5,B1,B1,A2,49.0,51.0,2025,1,2024-05-01,2024-10-31,90,4,4,2,1,1,1,0,0,0,0,0,0,0,0,4,2,4,2,0,0,0,0,0,0,0,0,0,0,3,5,2,6,4,2,0,0,0,0,0,0,0,0,1,5,2,4,1,0,0,0,0,0,0,0,0,0,0,4,5,4,3,2,0,0,0,0,0,0,1,0,0,0,3,2,4,2,0,0,0,0,0,0,0,0,0,0,0,0,神奈川
4154,森安弘雅,モリヤス ヒロマサ,香川,B1,S,550614,1,44,164,56,B,5.09,30.2,15,18,109,1,0,0.18,15,60.0,0.15,3.3,21,47.6,0.17,3.6,17,29.4,0.17,3.6,17,35.2,0.18,3.7,21,9.5,0.2,4.0,18,5.5,0.23,5.1,B1,B1,A2,49.0,49.0,2025,1,2024-05-01,2024-10-31,90,8,1,3,1,0,2,0,0,0,0,0,0,0,0,4,6,5,3,2,1,0,0,0,0,0,0,0,0,2,3,4,3,3,1,1,0,0,0,0,0,0,0,1,5,2,3,4,2,0,0,0,0,0,0,0,0,0,2,5,6,4,4,0,0,0,0,0,0,0,0,0,1,2,4,6,5,0,0,0,0,0,0,0,0,0,0,0,0,香川
4155,長野壮志郎,ナガノ ソウシロウ,福岡,A1,S,551221,1,44,164,56,B,6.57,51.3,37,22,115,2,1,0.14,29,86.2,0.13,3.0,17,52.9,0.16,3.5,19,42.1,0.15,3.0,18,50.0,0.12,2.6,14,35.7,0.15,4.0,18,16.6,0.16,4.0,A1,A1,A1,56.0,52.0,2025,1,2024-05-01,2024-10-31,90,21,4,1,2,1,0,0,0,0,0,0,0,0,0,4,5,3,4,0,1,0,0,0,0,0,0,0,0,8,0,4,2,3,2,0,0,0,0,0,0,0,0,2,7,3,1,4,1,0,0,0,0,0,0,0,0,1,4,3,2,2,1,0,0,0,0,0,0,1,0,1,2,5,4,2,3,1,0,0,0,0,0,0,0,0,0,1,0,福岡
4156,浜野孝志,ハマノ タカシ,三重,B1,S,560214,1,43,165,59,B,5.35,35.5,18,24,118,0,0,0.15,19,89.4,0.14,2.4,20,35.0,0.17,3.4,19,52.6,0.12,2.7,19,15.7,0.15,3.6,23,17.3,0.15,3.1,18,5.5,0.19,4.4,A2,A2,A2,51.0,50.0,2025,1,2024-05-01,2024-10-31,90,13,4,0,1,1,0,0,0,0,0,0,0,0,0,1,6,3,3,3,4,0,0,0,0,0,0,0,0,3,7,4,2,2,0,1,0,0,0,0,1,0,0,0,3,5,5,3,2,1,0,0,0,0,0,0,0,1,3,4,6,6,3,0,0,0,0,0,0,0,0,0,1,3,5,6,3,0,0,0,0,0,0,0,0,0,0,0,0,三重
4158,木場雄二郎,コバ ユウジロウ,山口,B1,S,560604,1,43,161,56,AB,4.55,23.5,16,12,119,0,0,0.16,14,57.1,0.18,3.3,17,11.7,0.17,3.8,25,36.0,0.16,3.2,21,23.8,0.14,3.2,20,15.0,0.16,3.1,22,4.5,0.17,4.1,B1,B1,B1,47.0,47.0,2025,1,2024-05-01,2024-10-31,90,7,1,1,2,0,3,0,0,0,0,0,0,0,0,1,1,5,3,2,5,0,0,0,0,0,0,0,0,3,6,2,5,6,3,0,0,0,0,0,0,0,0,3,2,3,1,6,6,0,0,0,0,0,0,0,0,1,2,5,6,2,4,0,0,0,0,0,0,0,0,1,0,6,3,8,4,0,0,0,0,0,0,0,0,0,0,0,0,山口
4159,向後龍一,コウゴ リュウイチ,埼玉,A1,S,560621,1,43,168,52,B,6.23,42.8,32,25,133,3,0,0.15,28,78.5,0.15,2.9,16,68.7,0.16,3.1,27,48.1,0.14,2.6,24,29.1,0.14,3.1,22,9.0,0.16,3.9,16,12.5,0.19,4.5,A2,A2,A2,52.0,53.0,2025,1,2024-05-01,2024-10-31,90,19,3,3,1,1,1,0,0,0,0,0,0,0,0,5,6,1,1,1,2,0,0,0,0,0,0,0,0,5,8,4,7,2,1,0,0,0,0,0,0,0,0,3,4,10,3,2,2,0,0,0,0,0,0,0,0,0,2,3,9,5,3,0,0,0,0,0,0,0,0,0,2,5,4,4,1,0,0,0,0,0,0,0,0,0,0,0,0,茨城
4161,黒柳浩孝,クロヤナギ ヒロタカ,愛知,A1,S,561121,1,43,171,55,B,6.33,44.2,37,21,131,1,0,0.15,27,74.0,0.13,3.1,22,50.0,0.17,3.6,18,44.4,0.15,2.8,25,36.0,0.16,3.0,20,30.0,0.15,3.6,19,21.0,0.17,4.1,A2,A2,A2,52.0,53.0,2025,1,2024-05-01,2024-10-31,90,19,1,3,4,0,0,0,0,0,0,0,0,0,0,4,7,6,2,3,0,0,0,0,0,0,0,0,0,4,4,5,1,3,1,0,0,0,0,0,0,0,0,5,4,6,2,2,5,1,0,0,0,0,0,0,0,4,2,4,4,4,2,0,0,0,0,0,0,0,0,1,3,3,6,4,2,0,0,0,0,0,0,0,0,0,0,0,0,愛知
4162,竹本太樹,タケモト タイジュ,大阪,B2,S,561229,1,43,166,54,O,4.86,28.5,1,1,7,0,0,0.19,2,100.0,0.22,4.5,1,0.0,0.05,2.0,1,0.0,0.22,4.0,1,0.0,0.22,5.0,1,0.0,0.17,4.0,1,0.0,0.22,3.0,B2,,,0.0,48.0,2025,1,2024-05-01,2024-10-31,90,1,1,0,0,0,0,0,0,0,0,0,0,0,0,0,0,0,1,0,0,0,0,0,0,0,0,0,0,0,0,1,0,0,0,0,0,0,0,0,0,0,0,0,0,0,1,0,0,0,0,0,0,0,0,0,0,0,0,0,0,0,1,0,0,0,0,0,0,0,0,0,0,0,0,0,1,0,0,0,0,0,0,0,0,0,0,0,0,大阪
4163,山崎裕司,ヤマサキ ユウジ,広島,B1,S,570118,1,42,169,52,A,5.12,29.8,22,18,134,0,0,0.17,23,86.9,0.14,3.3,29,24.1,0.17,3.5,25,32.0,0.18,3.8,20,10.0,0.17,3.7,25,12.0,0.17,4.0,12,0.0,0.18,4.3,A2,A2,A2,51.0,49.0,2025,1,2024-05-01,2024-10-31,90,14,6,0,1,2,0,0,0,0,0,0,0,0,0,4,3,5,6,4,6,1,0,0,0,0,0,0,0,3,5,3,6,5,3,0,0,0,0,0,0,0,0,0,2,4,9,4,1,0,0,0,0,0,0,0,0,1,2,7,6,7,2,0,0,0,0,0,0,0,0,0,0,3,2,3,4,0,0,0,0,0,0,0,0,0,0,0,0,広島
4164,岩永節也,イワナガ セツヤ,長崎,B1,S,570203,1,42,162,55,O,4.12,23.5,6,6,51,0,0,0.17,6,83.3,0.13,2.0,10,30.0,0.16,3.3,7,42.8,0.15,3.0,10,10.0,0.17,4.0,12,0.0,0.19,4.9,6,0.0,0.16,4.8,B2,B1,B2,44.0,45.0,2025,1,2024-05-01,2024-10-31,90,3,2,1,0,0,0,0,0,0,0,0,0,0,0,2,1,1,1,3,2,0,0,0,0,0,1,0,0,1,2,1,1,1,1,0,0,0,0,0,0,0,0,0,1,1,1,1,6,0,0,0,0,0,0,0,0,0,0,1,5,3,3,0,0,0,0,0,0,0,0,0,0,0,1,3,2,0,0,0,0,0,0,0,0,0,0,0,0,長崎
4166,吉田拡郎,ヨシダ カクロウ,岡山,A1,S,570418,1,42,169,54,B,7.63,59.7,50,33,139,7,4,0.11,36,97.2,0.12,2.3,20,50.0,0.11,2.7,19,73.6,0.13,2.7,22,40.9,0.1,2.0,23,47.8,0.12,2.4,19,21.0,0.11,3.0,A1,A1,A1,67.0,65.0,2025,1,2024-05-01,2024-10-31,90,30,5,1,0,0,0,0,0,0,0,0,0,0,0,5,5,5,2,3,0,0,0,0,0,0,0,0,0,5,9,0,1,0,4,0,0,0,0,0,0,0,0,6,3,8,2,3,0,0,0,0,0,0,0,0,0,4,7,3,2,2,5,0,0,0,0,0,1,0,0,0,4,5,1,4,5,0,0,0,0,0,0,0,0,0,0,0,0,岡山
4167,片岡秀樹,カタオカ ヒデキ,徳島,B1,S,570526,1,42,167,57,B,4.55,23.1,12,13,108,1,1,0.15,14,50.0,0.17,3.3,19,15.7,0.14,3.2,17,41.1,0.14,3.8,19,15.7,0.15,3.4,20,20.0,0.13,3.0,19,5.2,0.15,3.8,B1,B1,B1,46.0,47.0,2025,1,2024-05-01,2024-10-31,90,6,1,2,1,3,0,1,0,0,0,0,0,0,0,1,2,4,4,5,3,0,0,0,0,0,0,0,0,2,5,1,3,4,2,0,0,0,0,0,0,0,0,2,1,7,1,5,3,0,0,0,0,0,0,0,0,1,3,4,4,2,6,0,0,0,0,0,0,0,0,0,1,2,8,2,6,0,0,0,0,0,0,0,0,0,0,0,0,徳島
4168,石野貴之,イシノ タカユキ,大阪,A1,S,570603,1,42,166,52,O,6.36,39.0,24,15,100,1,0,0.15,18,88.8,0.14,3.2,16,50.0,0.17,3.6,18,38.8,0.11,2.5,19,15.7,0.14,3.5,17,23.5,0.15,3.9,12,8.3,0.17,3.8,A1,A1,A1,70.0,67.0,2025,1,2024-05-01,2024-10-31,90,13,3,0,0,0,2,0,0,0,0,0,0,0,0,4,4,3,0,3,2,0,0,0,0,0,0,0,0,3,4,4,2,2,3,0,0,0,0,0,0,0,0,1,2,3,0,3,9,0,0,0,0,0,0,1,0,3,1,3,2,3,5,0,0,0,0,0,0,0,0,0,1,2,0,5,4,0,0,0,0,0,0,0,0,0,0,0,0,大阪
4169,多田有佑,タダ ユウスケ,東京,B1,S,570722,1,42,173,55,O,3.91,20.9,13,9,105,1,0,0.15,16,68.7,0.15,3.3,19,26.3,0.15,3.7,17,11.7,0.14,2.8,18,16.6,0.16,2.8,18,5.5,0.15,3.7,17,0.0,0.18,4.7,B1,B1,B1,46.0,45.0,2025,1,2024-05-01,2024-10-31,90,8,3,1,1,1,2,0,0,0,0,0,0,0,0,3,2,2,1,4,7,0,0,0,0,0,0,0,0,0,2,1,5,5,3,0,0,0,0,0,0,1,0,2,1,2,3,6,4,0,0,0,0,0,0,0,0,0,1,0,3,6,8,0,0,0,0,0,0,0,0,0,0,1,5,6,5,0,0,0,0,0,1,0,0,0,0,0,0,山形
4171,榎幸司,エノキ コウジ,長崎,A2,S,570913,1,42,165,53,O,5.76,35.9,23,27,139,0,0,0.17,30,73.3,0.14,3.8,22,36.3,0.16,4.1,21,42.8,0.18,4.1,21,23.8,0.17,4.0,22,18.1,0.17,4.3,23,8.7,0.2,5.0,A2,A1,A2,52.0,54.0,2025,1,2024-05-01,2024-10-31,90,16,6,4,2,1,1,0,0,0,0,0,0,0,0,3,5,8,1,2,3,0,0,0,0,0,0,0,0,2,7,5,2,1,4,0,0,0,0,0,0,0,0,2,3,6,3,3,4,0,0,0,0,0,0,0,0,0,4,7,5,5,1,0,0,0,0,0,0,0,0,0,2,3,5,7,6,0,0,0,0,0,0,0,0,0,0,0,0,長崎
4172,森定晃史,モリサダ コウジ,岡山,A1,S,571002,1,42,167,52,O,6.5,44.3,38,29,151,3,0,0.15,36,94.4,0.13,2.3,24,50.0,0.14,2.6,21,38.1,0.15,3.3,24,29.1,0.14,3.3,24,20.8,0.17,3.3,22,4.5,0.2,4.2,A1,A2,A1,54.0,55.0,2025,1,2024-05-01,2024-10-31,90,24,10,1,0,0,1,0,0,0,0,0,0,0,0,6,6,7,2,1,2,0,0,0,0,0,0,0,0,4,4,5,8,0,0,0,0,0,0,0,0,0,0,2,5,9,4,3,1,0,0,0,0,0,0,0,0,1,4,12,4,0,3,0,0,0,0,0,0,0,0,1,0,3,5,7,5,0,0,0,0,0,0,1,0,0,0,1,0,岡山
4173,岡谷健吾,オカタニ ケンゴ,広島,B1,S,571006,1,42,172,57,A,4.99,32.1,10,25,109,1,0,0.18,17,64.7,0.17,3.6,19,47.3,0.21,4.9,18,38.8,0.19,4.2,21,19.0,0.18,4.6,20,10.0,0.18,4.3,14,14.2,0.18,4.4,B1,A2,B1,50.0,48.0,2025,1,2024-05-01,2024-10-31,90,6,5,1,0,1,3,1,0,0,0,0,0,0,0,3,6,3,1,2,4,0,0,0,0,0,0,0,0,1,6,5,2,2,1,0,0,0,0,0,0,1,0,0,4,7,4,2,4,0,0,0,0,0,0,0,0,0,2,6,4,6,2,0,0,0,0,0,0,0,0,0,2,0,4,2,6,0,0,0,0,0,0,0,0,0,0,0,0,広島
4174,赤坂俊輔,アカサカ シュンスケ,長崎,A1,S,571009,1,42,165,51,O,6.21,40.5,38,22,148,6,0,0.15,32,84.3,0.13,2.4,27,48.1,0.15,2.9,25,36.0,0.15,3.2,36,19.4,0.16,3.2,20,15.0,0.14,3.3,8,12.5,0.16,3.3,A1,A1,A1,60.0,58.0,2025,1,2024-05-01,2024-10-31,90,24,3,1,3,0,0,0,0,0,0,0,0,0,1,5,8,4,7,2,1,0,0,0,0,0,0,0,0,3,6,8,3,4,1,0,0,0,0,0,0,0,0,5,2,8,7,7,7,0,0,0,0,0,0,0,0,1,2,4,6,3,4,0,0,0,0,0,0,0,0,0,1,0,2,4,1,0,0,0,0,0,0,0,0,0,0,0,0,長崎
4175,川尻泰輔,カワシリ タイスケ,埼玉,A2,S,571022,1,42,166,56,O,5.8,37.3,15,13,75,2,0,0.14,15,60.0,0.13,3.3,8,50.0,0.14,3.9,12,75.0,0.15,2.5,14,28.5,0.13,2.8,16,12.5,0.15,4.1,10,0.0,0.16,3.5,A2,B1,B1,49.0,51.0,2025,1,2024-05-01,2024-10-31,90,8,1,4,1,1,0,0,0,0,0,0,0,0,0,2,2,1,0,2,0,1,0,0,0,0,0,0,0,2,7,1,1,0,1,0,0,0,0,0,0,0,0,3,1,7,0,1,2,0,0,0,0,0,1,0,0,0,2,4,4,4,2,0,0,0,0,0,0,0,0,0,0,1,4,3,2,0,0,0,0,0,0,0,0,0,0,0,0,埼玉
4176,樋口喜彦,ヒグチ ヨシヒコ,兵庫,B1,S,571025,1,42,157,56,A,4.19,22.7,6,12,79,0,0,0.16,9,55.5,0.17,3.3,15,33.3,0.16,3.6,17,29.4,0.16,2.6,14,7.1,0.17,3.8,15,0.0,0.16,3.2,9,22.2,0.13,2.3,B2,B1,B2,46.0,46.0,2025,1,2024-05-01,2024-10-31,90,3,2,2,1,1,0,0,0,0,0,0,0,0,0,0,5,1,4,3,2,0,0,0,0,0,0,0,0,3,2,2,1,2,7,0,0,0,0,0,0,0,0,0,1,3,5,3,2,0,0,0,0,0,0,0,0,0,0,2,3,4,6,0,0,0,0,0,0,0,0,0,2,0,2,3,2,0,0,0,0,0,0,0,0,0,0,0,0,大阪
4177,萬正嗣,ヨロヅ マサツグ,群馬,A2,S,571119,1,42,166,55,A,5.51,37.8,23,8,82,4,0,0.14,16,68.7,0.15,1.9,10,40.0,0.15,3.8,15,40.0,0.12,2.5,15,40.0,0.11,1.7,13,30.7,0.11,2.4,13,0.0,0.19,4.8,B1,B1,B1,48.0,50.0,2025,1,2024-05-01,2024-10-31,90,11,0,0,1,3,0,1,0,0,0,0,0,0,0,3,1,1,0,4,1,0,0,0,0,0,0,0,0,2,4,3,2,3,1,0,0,0,0,0,0,0,0,4,2,3,2,4,0,0,0,0,0,0,0,0,0,3,1,2,2,4,1,0,0,0,0,0,0,0,0,0,0,0,4,5,4,0,0,0,0,0,0,0,0,0,0,0,0,宮城
4179,広次修,ヒロツグ オサム,山口,B1,S,580223,1,41,169,52,O,5.03,29.6,13,19,108,1,0,0.15,16,75.0,0.15,2.6,19,36.8,0.15,2.9,21,28.5,0.14,2.0,18,22.2,0.15,2.8,23,13.0,0.15,2.7,11,0.0,0.2,3.9,B1,B1,A2,49.0,49.0,2025,1,2024-05-01,2024-10-31,90,7,5,2,1,0,1,0,0,0,0,0,0,0,0,2,5,4,6,1,1,0,0,0,0,0,0,0,0,1,5,6,4,2,3,0,0,0,0,0,0,0,0,1,3,1,6,3,4,0,0,0,0,0,0,0,0,2,1,5,2,9,4,0,0,0,0,0,0,0,0,0,0,2,3,4,1,0,0,0,0,0,0,1,0,0,0,0,0,山口
4180,上野秀和,ウエノ ヒデカズ,福岡,B1,S,580316,1,41,168,60,A,4.39,25.2,4,24,111,1,0,0.17,16,68.7,0.18,3.6,18,27.7,0.17,3.9,18,33.3,0.15,3.1,19,21.0,0.18,4.1,20,0.0,0.18,3.3,20,10.0,0.17,4.2,B1,B1,B1,46.0,47.0,2025,1,2024-05-01,2024-10-31,90,3,8,1,2,1,1,0,0,0,0,0,0,0,0,0,5,2,6,1,4,0,0,0,0,0,0,0,0,1,5,5,2,2,3,0,0,0,0,0,0,0,0,0,4,3,5,2,5,0,0,0,0,0,0,0,0,0,0,4,4,6,6,0,0,0,0,0,0,0,0,0,2,2,2,10,4,0,0,0,0,0,0,0,0,0,0,0,0,福岡
4181,花本夏樹,ハナモト ナツキ,三重,B1,S,580727,1,41,172,55,B,4.6,24.2,13,12,103,1,0,0.17,18,77.7,0.13,2.7,16,25.0,0.19,4.3,20,30.0,0.14,3.1,17,0.0,0.18,4.5,19,5.2,0.18,4.5,13,0.0,0.23,5.2,B1,B1,B1,46.0,48.0,2025,1,2024-05-01,2024-10-31,90,13,1,0,1,3,0,0,0,0,0,0,0,0,0,0,4,3,4,3,2,0,0,0,0,0,0,0,0,0,6,4,5,3,2,0,0,0,0,0,0,0,0,0,0,3,3,7,4,0,0,0,0,0,0,0,0,0,1,2,7,5,4,0,0,0,0,0,0,0,0,0,0,3,3,3,4,0,0,0,0,0,0,0,0,0,0,0,0,三重
4182,吉田和仁,ヨシダ カズヒト,滋賀,B1,S,580916,1,41,167,58,A,4.74,28.4,16,19,123,0,0,0.16,18,55.5,0.14,2.7,22,36.3,0.16,3.2,24,25.0,0.15,2.9,22,22.7,0.17,3.4,20,15.0,0.16,3.4,17,17.6,0.16,3.1,B1,B1,B1,48.0,47.0,2025,1,2024-05-01,2024-10-31,90,8,2,2,1,3,2,0,0,0,0,0,0,0,0,2,6,3,3,5,3,0,0,0,0,0,0,0,0,2,4,6,7,1,3,1,0,0,0,0,0,0,0,3,2,3,5,7,2,0,0,0,0,0,0,0,0,0,3,1,8,5,3,0,0,0,0,0,0,0,0,1,2,2,1,3,8,0,0,0,0,0,0,0,0,0,0,0,0,京都
4183,宇野弥生,ウノ ヤヨイ,愛知,A2,S,610307,2,38,158,48,B,5.94,46.4,43,23,142,3,2,0.13,30,76.6,0.14,2.4,26,65.3,0.14,2.0,21,47.6,0.13,2.2,24,45.8,0.1,1.8,22,18.1,0.13,2.8,19,5.2,0.14,2.7,A2,A2,A1,51.0,52.0,2025,1,2024-05-01,2024-10-31,90,20,3,0,2,1,4,0,0,0,0,0,0,0,0,11,6,3,0,4,2,0,0,0,0,0,0,0,0,5,5,2,4,1,3,0,0,0,0,0,0,1,0,5,6,4,2,3,4,0,0,0,0,0,0,0,0,1,3,3,4,5,6,0,0,0,0,0,0,0,0,1,0,2,3,6,7,0,1,0,0,0,0,0,0,0,0,0,0,埼玉
4184,渡邊雄一郎,ワタナベ ユウイチロウ,大阪,A1,S,610331,1,38,159,51,A,6.75,53.9,33,29,115,6,1,0.16,23,73.9,0.17,3.1,22,63.6,0.16,3.6,14,64.2,0.15,2.8,20,55.0,0.12,2.7,19,47.3,0.18,3.4,16,12.5,0.17,3.4,A2,A1,A1,55.0,54.0,2025,1,2024-05-01,2024-10-31,90,12,5,4,0,1,1,0,0,0,0,0,0,0,0,5,9,4,1,3,0,0,0,0,0,0,0,0,0,5,4,1,1,1,2,0,0,0,0,0,0,0,0,6,5,2,4,2,1,0,0,0,0,0,0,0,0,5,4,4,0,3,3,0,0,0,0,0,0,0,0,0,2,5,5,2,2,0,0,0,0,0,0,0,0,0,0,0,1,大阪
4186,小川時光,オガワ トキミツ,埼玉,B1,S,551225,1,44,166,54,A,3.94,20.7,9,8,82,0,0,0.17,12,50.0,0.18,3.4,15,13.3,0.17,3.7,15,33.3,0.15,2.4,12,16.6,0.2,4.5,19,10.5,0.15,3.1,9,0.0,0.19,5.0,B2,B1,B2,44.0,45.0,2025,1,2024-05-01,2024-10-31,91,5,1,2,1,2,1,0,0,0,0,0,0,0,0,0,2,3,3,3,4,0,0,0,0,0,0,0,0,2,3,1,5,1,3,0,0,0,0,0,0,0,0,1,1,1,1,4,4,0,0,0,0,0,0,0,0,1,1,0,3,8,6,0,0,0,0,0,0,0,0,0,0,0,3,3,3,0,0,0,0,0,0,0,0,0,0,1,0,埼玉
4188,久田敏之,ヒサダ トシユキ,群馬,A1,S,560428,1,43,168,54,AB,7.35,61.9,49,39,142,8,2,0.14,34,91.1,0.13,2.5,25,72.0,0.15,3.5,28,57.1,0.15,2.9,28,53.5,0.13,2.9,18,33.3,0.15,3.0,9,22.2,0.15,2.3,A1,A1,A1,59.0,58.0,2025,1,2024-05-01,2024-10-31,91,27,4,2,0,0,1,0,0,0,0,0,0,0,0,9,9,2,0,4,0,0,0,0,0,0,0,0,1,4,12,5,4,1,1,0,0,0,0,0,0,0,1,8,7,3,9,1,0,0,0,0,0,0,0,0,0,1,5,6,3,2,1,0,0,0,0,0,0,0,0,0,2,2,1,2,2,0,0,0,0,0,0,0,0,0,0,0,0,群馬
4189,川上剛,カワカミ タケシ,福岡,A2,S,560502,1,43,167,58,O,5.73,41.2,31,35,160,1,0,0.15,34,79.4,0.13,2.8,26,38.4,0.16,3.2,31,35.4,0.17,3.6,28,39.2,0.13,2.8,28,25.0,0.16,3.5,13,0.0,0.19,4.2,A1,A1,A2,54.0,52.0,2025,1,2024-05-01,2024-10-31,91,19,8,1,2,3,0,1,0,0,0,0,0,0,0,2,8,3,6,4,3,0,0,0,0,0,0,0,0,3,8,6,7,6,1,0,0,0,0,0,0,0,0,4,7,4,7,4,2,0,0,0,0,0,0,0,0,3,4,5,4,6,6,0,0,0,0,0,0,0,0,0,0,2,5,3,3,0,0,0,0,0,0,0,0,0,0,0,0,福岡
4190,長嶋万記,ナガシマ マキ,静岡,A1,S,560528,2,43,165,51,AB,6.59,43.1,33,24,132,4,0,0.15,28,82.1,0.15,2.9,21,52.3,0.15,3.3,23,34.7,0.14,2.9,25,32.0,0.15,3.6,18,22.2,0.13,2.7,17,17.6,0.16,3.7,A2,A1,A1,62.0,57.0,2025,1,2024-05-01,2024-10-31,91,18,5,4,0,1,0,0,0,0,0,0,0,0,0,7,4,5,3,0,2,0,0,0,0,0,0,0,0,2,6,5,5,3,1,0,0,0,0,0,0,1,0,3,5,7,4,3,2,0,0,0,0,0,0,0,1,1,3,5,4,2,3,0,0,0,0,0,0,0,0,2,1,4,3,2,4,0,0,0,0,0,0,1,0,0,0,0,0,静岡
4191,赤羽克也,アカバ カツヤ,埼玉,A2,S,560720,1,43,167,54,A,5.6,37.2,16,25,110,2,0,0.16,21,76.1,0.15,2.7,20,35.0,0.2,4.3,16,56.2,0.16,2.8,21,33.3,0.15,3.8,16,6.2,0.17,3.8,16,6.2,0.14,3.9,A1,A1,A1,55.0,51.0,2025,1,2024-05-01,2024-10-31,91,13,3,1,3,0,1,0,0,0,0,0,0,0,0,2,5,3,5,1,4,0,0,0,0,0,0,0,0,1,8,5,0,1,1,0,0,0,0,0,0,0,0,0,7,3,4,3,4,0,0,0,0,0,0,0,0,0,1,4,6,5,0,0,0,0,0,0,0,0,0,0,1,4,6,3,1,1,0,0,0,0,0,0,0,0,0,0,0,埼玉
4193,郷原章平,ゴウハラ ショウヘイ,福岡,A2,S,560831,1,43,165,56,O,5.8,42.5,35,25,141,3,0,0.16,28,92.8,0.14,2.6,25,68.0,0.14,3.0,23,30.4,0.15,2.7,26,23.0,0.16,3.5,18,22.2,0.18,3.7,21,0.0,0.18,4.3,A1,A2,A2,53.0,51.0,2025,1,2024-05-01,2024-10-31,91,23,3,1,1,0,0,0,0,0,0,0,0,0,0,7,10,1,2,4,0,0,0,0,0,0,0,1,0,3,4,4,4,3,4,0,0,0,0,0,0,1,0,1,5,11,1,4,4,0,0,0,0,0,0,0,0,1,3,2,5,3,4,0,0,0,0,0,0,0,0,0,0,3,2,8,7,0,0,0,0,0,0,1,0,0,0,3,0,福岡
4195,前川守嗣,マエカワ モリツグ,福岡,B1,S,570129,1,42,165,62,A,5.3,31.0,14,23,119,0,0,0.14,20,70.0,0.15,2.6,24,41.6,0.15,3.3,16,18.7,0.13,2.6,19,21.0,0.14,2.9,23,21.7,0.14,2.5,17,5.8,0.13,2.8,A2,B1,A2,49.0,50.0,2025,1,2024-05-01,2024-10-31,91,9,5,4,1,1,0,0,0,0,0,0,0,0,0,2,8,3,3,5,3,0,0,0,0,0,0,0,0,1,2,2,7,1,2,0,0,0,0,0,0,0,1,1,3,3,7,4,1,0,0,0,0,0,0,0,0,0,5,7,7,1,3,0,0,0,0,0,0,0,0,1,0,4,4,4,4,0,0,0,0,0,0,0,0,0,0,0,0,沖縄
4196,田中太一郎,タナカ タイチロウ,佐賀,B1,S,570221,1,42,165,54,B,4.2,25.0,9,17,104,0,0,0.18,15,66.6,0.16,2.7,18,22.2,0.19,4.2,23,21.7,0.17,3.3,15,13.3,0.19,3.4,20,25.0,0.18,3.6,13,0.0,0.21,4.5,B1,B1,B1,46.0,45.0,2025,1,2024-05-01,2024-10-31,91,6,4,2,0,2,1,0,0,0,0,0,0,0,0,2,2,2,3,3,6,0,0,0,0,0,0,0,0,1,4,6,1,5,6,0,0,0,0,0,0,0,0,0,2,2,4,2,5,0,0,0,0,0,0,0,0,0,5,1,2,6,6,0,0,0,0,0,0,0,0,0,0,2,1,7,3,0,0,0,0,0,0,0,0,0,0,1,0,佐賀
4197,渥美卓郎,アツミ タクロウ,静岡,B1,S,570510,1,42,170,56,A,4.0,19.2,11,13,125,0,0,0.19,19,42.1,0.18,3.6,23,17.3,0.2,4.1,24,20.8,0.17,4.0,18,11.1,0.21,3.9,23,17.3,0.17,3.8,18,5.5,0.22,4.8,B1,B1,B1,47.0,45.0,2025,1,2024-05-01,2024-10-31,91,4,4,3,2,3,3,0,0,0,0,0,0,0,0,2,2,5,8,3,3,0,0,0,0,0,0,0,0,3,2,1,7,7,4,0,0,0,0,0,0,0,0,2,0,3,2,8,3,0,0,0,0,0,0,0,0,0,4,4,4,6,5,0,0,0,0,0,0,0,0,0,1,0,0,9,8,0,0,0,0,0,0,0,0,0,0,0,0,静岡
4199,北川潤二,キタガワ ジュンジ,愛知,A1,S,570621,1,42,170,58,A,6.42,47.1,36,39,159,4,1,0.14,36,88.8,0.13,2.2,42,30.9,0.16,3.6,37,43.2,0.13,2.8,36,30.5,0.13,2.6,8,37.5,0.16,2.6,0,0.0,0.0,0.0,A2,A1,A1,53.0,54.0,2025,1,2024-05-01,2024-10-31,91,26,6,2,1,0,1,0,0,0,0,0,0,0,0,3,10,11,6,11,1,0,0,0,0,0,1,0,0,4,12,5,7,7,2,0,0,0,0,0,0,0,0,2,9,12,7,2,4,0,0,0,0,0,0,0,0,1,2,2,2,0,1,0,0,0,0,0,0,0,0,0,0,0,0,0,0,0,0,0,0,0,0,0,0,0,0,0,0,愛知
4200,早川尚人,ハヤカワ ヒサト,大阪,B1,S,570719,1,42,165,56,A,4.27,18.8,9,13,117,0,0,0.17,14,50.0,0.19,3.9,24,8.3,0.17,3.2,18,27.7,0.15,3.2,19,21.0,0.19,3.4,25,12.0,0.17,3.0,17,5.8,0.17,3.6,B1,B1,B1,48.0,47.0,2025,1,2024-05-01,2024-10-31,91,5,2,3,0,1,3,0,0,0,0,0,0,0,0,1,1,3,12,5,2,0,0,0,0,0,0,0,0,3,2,2,2,5,4,0,0,0,0,0,1,0,0,0,4,0,9,3,3,0,0,0,0,0,0,0,0,0,3,4,10,3,4,0,0,0,0,0,0,1,0,0,1,4,4,4,4,0,0,0,0,0,0,0,0,0,0,0,0,大阪
4201,佐竹友樹,サタケ ユウキ,埼玉,B1,S,570727,1,42,158,53,B,4.79,23.6,7,11,76,0,0,0.16,10,60.0,0.16,3.1,15,33.3,0.17,3.5,13,23.0,0.14,2.6,12,25.0,0.15,3.0,13,0.0,0.18,3.7,13,7.6,0.15,2.9,B1,B1,B1,48.0,49.0,2025,1,2024-05-01,2024-10-31,91,3,3,1,3,0,0,0,0,0,0,0,0,0,0,1,4,4,1,4,1,0,0,0,0,0,0,0,0,0,3,4,2,2,2,0,0,0,0,0,0,0,0,2,1,0,5,1,3,0,0,0,0,0,0,0,0,0,0,3,3,5,1,1,0,0,0,0,0,0,0,1,0,4,0,7,1,0,0,0,0,0,0,0,0,0,0,0,0,宮城
4202,浮田圭浩,ウキタ ヨシヒロ,岡山,B1,S,570806,1,42,166,55,B,4.95,28.1,17,19,128,0,0,0.2,18,83.3,0.17,2.6,22,31.8,0.19,3.8,22,31.8,0.2,3.2,19,10.5,0.2,4.2,29,13.7,0.21,4.1,18,5.5,0.23,4.8,B1,B1,B1,46.0,49.0,2025,1,2024-05-01,2024-10-31,91,10,5,0,2,1,0,0,0,0,0,0,0,0,0,3,4,7,4,3,1,0,0,0,0,0,0,0,0,0,7,7,4,3,1,0,0,0,0,0,0,0,0,1,1,5,6,4,2,0,0,0,0,0,0,0,0,3,1,5,7,6,7,0,0,0,0,0,0,0,0,0,1,0,3,4,10,0,0,0,0,0,0,0,0,0,0,0,0,岡山
4203,小倉康典,オグラ ヤスノリ,群馬,B1,S,570806,1,42,163,53,AB,4.33,24.2,8,9,70,0,0,0.16,13,76.9,0.1,2.4,13,15.3,0.22,4.0,11,0.0,0.15,3.1,9,22.2,0.14,3.2,12,25.0,0.17,3.5,12,0.0,0.17,3.5,B1,B1,B1,45.0,46.0,2025,1,2024-05-01,2024-10-31,91,8,2,0,1,2,0,0,0,0,0,0,0,0,0,0,2,2,1,4,4,0,0,0,0,0,0,0,0,0,0,1,5,4,1,0,0,0,0,0,0,0,0,0,2,2,2,1,2,0,0,0,0,0,0,0,0,0,3,3,2,0,4,0,0,0,0,0,0,0,0,0,0,1,2,3,6,0,0,0,0,0,0,0,0,0,0,0,0,群馬
4204,柴田大輔,シバタ ダイスケ,福岡,B1,S,570812,1,42,162,53,A,4.46,26.7,15,16,116,1,0,0.19,16,50.0,0.17,3.3,20,35.0,0.18,3.8,19,26.3,0.23,4.2,18,22.2,0.18,4.2,21,9.5,0.18,3.4,20,25.0,0.21,4.2,B1,B1,B1,44.0,45.0,2025,1,2024-05-01,2024-10-31,91,5,3,4,0,2,1,0,0,0,0,0,0,1,0,3,4,3,3,3,4,0,0,0,0,0,0,0,0,2,3,4,5,3,2,0,0,0,0,0,0,0,0,3,1,2,3,6,3,0,0,0,0,0,0,0,0,1,1,5,1,4,9,0,0,0,0,0,0,0,0,1,4,1,0,7,7,0,0,0,0,0,0,0,0,0,0,0,2,福岡
4205,山口剛,ヤマグチ ツヨシ,広島,A1,S,570823,1,42,161,54,A,7.47,53.5,35,33,127,3,0,0.12,27,92.5,0.1,2.1,28,57.1,0.14,3.6,19,63.1,0.13,2.6,26,38.4,0.1,2.4,19,21.0,0.13,3.6,8,12.5,0.12,3.0,A1,A1,A1,70.0,68.0,2025,1,2024-05-01,2024-10-31,91,22,3,1,1,0,0,0,0,0,0,0,0,0,0,7,9,6,0,2,3,0,0,0,0,0,0,0,1,2,10,0,5,0,2,0,0,0,0,0,1,0,0,3,7,6,2,4,2,0,0,0,0,0,0,1,1,1,3,5,3,3,3,1,0,0,0,0,1,0,0,0,1,1,3,2,1,0,0,0,0,0,0,0,0,0,0,0,0,広島
4207,松下一也,マツシタ カズヤ,静岡,A2,S,580124,1,41,167,57,A,5.93,46.7,35,22,122,2,1,0.13,21,90.4,0.12,1.6,21,61.9,0.1,1.8,22,45.4,0.16,3.6,18,50.0,0.14,2.2,19,10.5,0.1,1.9,21,19.0,0.14,2.7,A1,B1,A1,51.0,50.0,2025,1,2024-05-01,2024-10-31,91,16,3,0,1,0,0,1,0,0,0,0,0,0,0,6,7,4,1,2,1,0,0,0,0,0,0,0,0,4,6,2,4,2,4,0,0,0,0,0,0,0,0,4,5,3,1,2,3,0,0,0,0,0,0,0,0,2,0,2,5,5,5,0,0,0,0,0,0,0,0,3,1,2,4,7,4,0,0,0,0,0,0,0,0,0,0,0,0,静岡
4208,三浦永理,ミウラ エリ,静岡,A1,S,580202,2,41,157,47,B,7.65,59.8,58,30,147,11,3,0.16,36,88.8,0.15,3.1,22,63.6,0.19,3.8,20,60.0,0.18,3.0,31,48.3,0.14,2.7,20,45.0,0.15,2.8,18,33.3,0.16,3.4,A1,A1,A1,58.0,59.0,2025,1,2024-05-01,2024-10-31,91,28,4,1,1,1,1,0,0,0,0,0,0,0,0,8,6,2,4,2,0,0,0,0,0,0,0,0,0,5,7,4,3,0,1,0,0,0,0,0,0,0,0,9,6,8,4,4,0,0,0,0,0,0,0,0,0,6,3,5,4,1,1,0,0,0,0,0,0,0,0,2,4,6,3,3,0,0,0,0,0,0,0,0,0,0,0,0,0,静岡
4209,藤田竜弘,フジタ タツヒロ,静岡,B1,S,580213,1,41,173,59,O,5.42,30.4,14,25,128,0,0,0.16,23,60.8,0.17,3.4,23,21.7,0.16,3.3,23,52.1,0.14,3.0,22,22.7,0.16,3.2,18,11.1,0.16,3.0,19,5.2,0.19,4.2,B1,A2,B1,50.0,51.0,2025,1,2024-05-01,2024-10-31,91,9,5,5,2,1,1,0,0,0,0,0,0,0,0,1,4,11,4,3,0,0,0,0,0,0,0,0,0,2,10,4,3,2,2,0,0,0,0,0,0,0,0,1,4,5,4,4,4,0,0,0,0,0,1,0,0,1,1,4,6,3,3,0,0,0,0,0,0,0,0,0,1,5,8,1,4,0,0,0,0,0,0,0,0,0,0,1,0,静岡
4210,松村康太,マツムラ コウタ,福井,A2,S,580406,1,41,152,54,O,5.89,38.5,28,31,153,3,0,0.17,30,86.6,0.15,2.8,22,45.4,0.17,3.9,25,28.0,0.17,3.6,29,41.3,0.16,3.4,30,13.3,0.17,3.6,17,0.0,0.18,4.1,A2,A2,A2,53.0,52.0,2025,1,2024-05-01,2024-10-31,91,20,6,3,0,1,0,0,0,0,0,0,0,0,0,4,6,4,3,4,1,0,0,0,0,0,0,0,0,2,5,7,5,5,1,0,0,0,0,0,0,0,0,2,10,3,5,8,1,0,0,0,0,0,0,0,0,0,4,5,15,6,0,0,0,0,0,0,0,0,0,0,0,6,6,4,1,0,0,0,0,0,0,0,0,0,0,0,0,福井
4211,村田敦,ムラタ アツシ,東京,B1,S,580528,1,41,163,60,O,3.46,14.0,1,6,50,0,0,0.17,7,57.1,0.18,3.0,9,11.1,0.18,3.7,9,22.2,0.15,3.2,9,0.0,0.16,3.9,7,0.0,0.15,3.3,9,0.0,0.18,4.5,B1,B1,B1,45.0,42.0,2025,1,2024-05-01,2024-10-31,91,1,3,2,0,0,0,1,0,0,0,0,0,0,0,0,1,3,0,1,4,0,0,0,0,0,0,0,0,0,2,1,1,3,2,0,0,0,0,0,0,0,0,0,0,1,3,2,3,0,0,0,0,0,0,0,0,0,0,1,0,3,3,0,0,0,0,0,0,0,0,0,0,1,2,1,5,0,0,0,0,0,1,0,0,0,0,0,0,神奈川
4213,重富伸也,シゲトミ シンヤ,長崎,B1,S,590629,1,40,172,55,A,4.4,26.5,9,17,98,0,0,0.2,12,91.6,0.22,5.1,12,16.6,0.23,4.8,12,33.3,0.18,4.0,11,36.3,0.21,4.2,17,11.7,0.19,4.3,34,8.8,0.19,4.6,B1,B1,B1,47.0,46.0,2025,1,2024-05-01,2024-10-31,91,8,3,0,1,0,0,0,0,0,0,0,0,0,0,1,1,1,3,2,4,0,0,0,0,0,0,0,0,0,4,0,4,2,2,0,0,0,0,0,0,0,0,0,4,2,1,4,0,0,0,0,0,0,0,0,0,0,2,2,4,5,3,1,0,0,0,0,0,0,0,0,3,5,8,8,10,0,0,0,0,0,0,0,0,0,0,0,0,長崎
4214,林祐介,ハヤシ ユウスケ,岡山,A2,S,590808,1,40,165,56,A,5.82,41.1,26,30,136,2,0,0.15,25,64.0,0.14,2.9,23,56.5,0.15,3.6,20,45.0,0.14,3.4,29,41.3,0.14,3.0,22,13.6,0.14,3.0,17,17.6,0.17,4.2,A2,A2,A2,51.0,51.0,2025,1,2024-05-01,2024-10-31,91,12,4,2,1,4,2,0,0,0,0,0,0,0,0,4,9,3,1,5,1,0,0,0,0,0,0,0,0,3,6,5,2,4,0,0,0,0,0,0,0,0,0,5,7,7,2,6,2,0,0,0,0,0,0,0,0,1,2,7,6,3,3,0,0,0,0,0,0,0,0,1,2,4,1,6,3,0,0,0,0,0,0,0,0,0,0,0,0,岡山
4215,吉島祥之,ヨシジマ ヨシユキ,愛知,A2,S,590822,1,40,169,56,O,5.97,40.0,30,30,150,3,0,0.17,29,75.8,0.15,3.4,23,56.5,0.19,4.0,25,32.0,0.15,2.8,29,37.9,0.18,3.3,24,20.8,0.18,4.0,20,5.0,0.21,3.8,A2,A2,A2,51.0,52.0,2025,1,2024-05-01,2024-10-31,91,16,6,4,0,3,0,0,0,0,0,0,0,0,0,4,9,6,2,2,0,0,0,0,0,0,0,0,0,4,4,7,3,6,1,0,0,0,0,0,0,0,0,3,8,9,4,3,2,0,0,0,0,0,0,0,0,3,2,6,5,6,2,0,0,0,0,0,0,0,0,0,1,3,6,6,4,0,0,0,0,0,0,0,0,0,0,0,0,愛知
4216,星栄爾,ホシ エイジ,静岡,A2,S,600428,1,39,154,54,A,5.56,35.7,15,25,112,0,0,0.15,16,87.5,0.15,2.4,20,50.0,0.14,2.8,20,35.0,0.14,2.9,22,18.1,0.16,3.4,18,22.2,0.17,3.6,16,6.2,0.16,3.9,B1,B1,B1,48.0,51.0,2025,1,2024-05-01,2024-10-31,91,10,4,1,0,1,0,0,0,0,0,0,0,0,0,1,9,6,2,1,1,0,0,0,0,0,0,0,0,2,5,8,4,1,0,0,0,0,0,0,0,0,0,0,4,3,10,5,0,0,0,0,0,0,0,0,0,2,2,2,5,5,2,0,0,0,0,0,0,0,0,0,1,4,1,2,8,0,0,0,0,0,0,0,0,0,0,0,0,福島
4218,吉川喜継,ヨシカワ ヨシツグ,滋賀,A1,S,560824,1,43,172,52,A,6.64,50.0,43,37,160,8,2,0.15,37,86.4,0.15,2.9,31,41.9,0.15,3.3,37,40.5,0.15,3.1,27,37.0,0.15,3.5,24,37.5,0.17,3.9,4,25.0,0.17,3.3,A1,A1,A1,53.0,55.0,2025,1,2024-05-01,2024-10-31,92,28,4,3,1,1,0,0,0,0,0,0,0,0,0,3,10,9,4,3,2,0,0,0,0,0,0,0,0,4,11,11,7,2,2,0,0,0,0,0,0,0,0,3,7,5,4,2,6,0,0,0,0,0,0,0,0,4,5,4,3,6,2,0,0,0,0,0,0,0,0,1,0,1,0,1,1,0,0,0,0,0,0,0,0,0,0,0,0,滋賀
4219,本岡勝利,モトオカ カツトシ,広島,B1,S,561010,1,43,166,56,B,4.38,19.0,7,14,110,0,0,0.19,16,56.2,0.19,3.9,16,18.7,0.17,3.8,26,11.5,0.17,3.3,17,29.4,0.19,3.9,17,0.0,0.2,4.1,18,5.5,0.21,4.3,B1,B1,B1,47.0,47.0,2025,1,2024-05-01,2024-10-31,92,4,5,2,2,1,2,0,0,0,0,0,0,0,0,0,3,8,1,3,1,0,0,0,0,0,0,0,0,1,2,8,8,3,3,0,0,0,0,0,0,1,0,2,3,3,2,3,4,0,0,0,0,0,1,0,0,0,0,3,3,8,2,0,0,0,0,0,1,1,0,0,1,2,4,5,6,0,0,0,0,0,0,0,0,0,0,1,0,広島
4220,深川和仁,フカガワ カズヒト,香川,B1,S,561016,1,43,163,56,A,4.46,24.7,12,9,85,0,0,0.17,10,70.0,0.15,2.8,13,7.6,0.16,4.1,22,36.3,0.18,3.9,15,20.0,0.16,3.8,17,11.7,0.18,3.7,8,0.0,0.15,3.0,B1,A2,A2,45.0,46.0,2025,1,2024-05-01,2024-10-31,92,6,1,1,0,1,1,0,0,0,0,0,0,0,0,1,0,1,1,5,5,0,0,0,0,0,0,0,0,2,6,1,5,3,4,0,0,0,0,0,0,1,0,2,1,4,2,3,3,0,0,0,0,0,0,0,0,1,1,5,2,5,3,0,0,0,0,0,0,0,0,0,0,3,0,2,3,0,0,0,0,0,0,0,0,0,0,0,0,香川
4224,大橋栄里佳,オオハシ エリカ,福岡,B1,S,570223,2,42,157,50,O,4.69,31.8,13,15,88,2,0,0.2,13,84.6,0.16,2.8,16,25.0,0.2,3.9,16,37.5,0.2,4.0,15,20.0,0.21,4.3,19,10.5,0.19,4.1,9,22.2,0.24,5.0,B1,B1,B1,47.0,47.0,2025,1,2024-05-01,2024-10-31,92,10,1,0,1,0,1,0,0,0,0,0,0,0,0,0,4,2,8,1,1,0,0,0,0,0,0,0,0,2,4,1,3,4,2,0,0,0,0,0,0,0,0,0,3,3,1,2,6,0,0,0,0,0,0,0,0,1,1,2,3,4,8,0,0,0,0,0,0,0,0,0,2,0,0,2,5,0,0,0,0,0,0,0,0,0,0,0,0,福岡
4225,土屋千明,ツチヤ チアキ,群馬,A1,S,570629,2,42,156,47,O,6.94,52.2,19,28,90,4,0,0.16,16,75.0,0.19,2.7,16,62.5,0.17,3.3,17,52.9,0.16,3.0,15,60.0,0.14,2.5,15,26.6,0.14,2.5,11,27.2,0.15,3.5,B1,A2,B1,49.0,57.0,2025,1,2024-05-01,2024-10-31,92,8,4,2,2,0,0,0,0,0,0,0,0,0,0,4,6,3,1,2,0,0,0,0,0,0,0,0,0,4,5,3,4,1,0,0,0,0,0,0,0,0,0,3,6,3,2,1,0,0,0,0,0,0,0,0,0,0,4,5,5,1,0,0,0,0,0,0,0,0,0,0,3,5,0,2,1,0,0,0,0,0,0,0,0,0,0,0,0,群馬
4226,村田浩司,ムラタ コウジ,山口,B1,S,570902,1,42,164,55,A,3.91,13.5,4,7,81,0,0,0.16,11,36.3,0.21,3.9,17,5.8,0.16,3.3,13,7.6,0.12,2.9,12,25.0,0.19,3.1,13,7.6,0.14,2.2,15,6.6,0.13,2.5,B1,B1,B1,43.0,45.0,2025,1,2024-05-01,2024-10-31,92,3,1,3,3,0,1,0,0,0,0,0,0,0,0,0,1,4,7,4,1,0,0,0,0,0,0,0,0,1,0,3,5,1,3,0,0,0,0,0,0,0,0,0,3,1,3,3,2,0,0,0,0,0,0,0,0,0,1,3,1,4,4,0,0,0,0,0,0,0,0,0,1,1,1,4,8,0,0,0,0,0,0,0,0,0,0,0,0,山口
4227,安達裕樹,アダチ ユウキ,三重,A2,S,580212,1,41,165,54,O,6.05,41.5,16,16,77,2,0,0.16,13,69.2,0.17,3.5,15,53.3,0.15,3.5,10,70.0,0.14,3.3,11,27.2,0.16,3.6,11,27.2,0.17,3.5,17,11.7,0.19,4.9,A1,A1,A1,58.0,55.0,2025,1,2024-05-01,2024-10-31,92,9,0,2,0,1,0,1,0,0,0,0,0,0,0,2,6,3,2,1,1,0,0,0,0,0,0,0,0,2,5,1,0,2,0,0,0,0,0,0,0,0,0,0,3,2,2,2,1,0,0,0,0,0,0,1,0,1,2,5,1,1,1,0,0,0,0,0,0,0,0,2,0,1,8,4,1,1,0,0,0,0,0,0,0,0,0,0,0,三重
4228,吉田慎二郎,ヨシダ シンジロウ,愛知,A2,S,580402,1,41,170,58,B,5.54,38.7,24,21,116,2,0,0.18,23,82.6,0.19,3.5,17,41.1,0.17,3.7,14,35.7,0.19,4.4,21,33.3,0.17,3.7,23,26.0,0.17,3.3,18,5.5,0.2,4.5,A2,A2,A1,52.0,50.0,2025,1,2024-05-01,2024-10-31,92,15,4,0,2,1,0,1,0,0,0,0,0,0,0,2,5,2,5,0,3,0,0,0,0,0,0,0,0,2,3,3,4,0,2,0,0,0,0,0,0,0,0,3,4,3,5,1,5,0,0,0,0,0,1,0,0,2,4,3,4,7,3,0,0,0,0,0,0,0,0,0,1,4,4,7,2,0,0,0,0,0,0,0,0,0,0,0,0,岐阜
4229,市川美宏,イチカワ ヨシヒロ,静岡,B1,S,580430,1,41,169,53,O,4.12,22.3,5,14,85,0,0,0.18,13,61.5,0.14,2.8,14,21.4,0.2,3.9,17,23.5,0.18,4.6,11,18.1,0.17,3.9,13,15.3,0.18,3.9,17,0.0,0.2,5.0,B1,B1,B1,47.0,45.0,2025,1,2024-05-01,2024-10-31,92,4,4,1,1,0,2,1,0,0,0,0,0,0,0,0,3,4,3,4,0,0,0,0,0,0,0,0,0,0,4,4,2,6,1,0,0,0,0,0,0,0,0,0,2,0,2,3,4,0,0,0,0,0,0,0,0,1,1,3,2,3,3,0,0,0,0,0,0,0,0,0,0,1,3,3,10,0,0,0,0,0,0,0,0,0,0,0,0,静岡
4230,濱崎直矢,ハマサキ ナオヤ,埼玉,A1,S,580506,1,41,166,56,B,6.19,49.1,33,23,114,2,0,0.14,25,84.0,0.15,2.5,16,43.7,0.15,3.8,20,45.0,0.14,2.3,17,35.2,0.12,2.4,18,50.0,0.16,2.8,18,22.2,0.15,3.2,A1,A2,A1,55.0,52.0,2025,1,2024-05-01,2024-10-31,92,19,2,1,0,2,0,1,0,0,0,0,1,0,0,3,4,3,2,3,1,0,0,0,0,0,0,0,0,3,6,3,4,2,2,0,0,0,0,0,0,0,0,4,2,2,4,3,2,0,0,0,0,0,0,0,0,2,7,3,2,3,1,0,0,0,0,0,0,0,0,2,2,2,1,10,0,0,0,0,0,0,0,1,0,0,0,1,0,埼玉
4231,鈴木裕隆,スズキ ヒロタカ,愛知,A2,S,580625,1,41,170,61,A,5.8,40.1,27,32,147,1,0,0.16,22,77.2,0.15,3.0,25,60.0,0.17,4.0,29,31.0,0.16,3.8,27,18.5,0.17,3.6,25,28.0,0.17,3.8,19,31.5,0.15,2.9,B1,B1,B1,50.0,51.0,2025,1,2024-05-01,2024-10-31,92,11,6,2,2,0,0,0,0,0,0,0,0,1,0,5,10,2,3,2,3,0,0,0,0,0,0,0,0,4,5,9,4,3,4,0,0,0,0,0,0,0,0,3,2,6,10,6,0,0,0,0,0,0,0,0,0,4,3,5,6,5,2,0,0,0,0,0,0,0,0,0,6,2,5,2,4,0,0,0,0,0,0,0,0,0,0,0,0,愛知
4232,笠雅雄,リュウ マサオ,福岡,B2,S,580707,1,41,165,61,B,3.38,15.0,2,4,40,0,0,0.21,5,60.0,0.2,3.4,6,16.6,0.2,2.5,7,14.2,0.22,4.7,5,0.0,0.23,4.6,6,16.6,0.15,2.2,10,0.0,0.22,4.1,B1,B1,B1,45.0,41.0,2025,1,2024-05-01,2024-10-31,92,2,1,0,0,0,2,0,0,0,0,0,0,0,0,0,1,0,2,2,1,0,0,0,0,0,0,0,0,0,1,0,2,1,3,0,0,0,0,0,0,0,0,0,0,1,1,1,2,0,0,0,0,0,0,0,0,0,1,1,1,1,1,1,0,0,0,0,0,0,0,0,0,1,4,2,2,1,0,0,0,0,0,0,0,0,0,0,1,福岡
4233,亀山雅幸,カメヤマ マサユキ,群馬,A2,S,580722,1,41,165,52,O,5.77,41.5,27,32,142,2,0,0.16,30,83.3,0.14,2.3,25,56.0,0.13,2.2,23,39.1,0.14,2.7,20,25.0,0.15,3.2,25,16.0,0.18,4.0,19,10.5,0.2,4.9,A2,A2,A2,50.0,51.0,2025,1,2024-05-01,2024-10-31,92,19,6,1,1,1,2,0,0,0,0,0,0,0,0,3,11,5,2,3,1,0,0,0,0,0,0,0,0,4,5,6,3,4,1,0,0,0,0,0,0,0,0,0,5,4,2,6,3,0,0,0,0,0,0,0,0,1,3,10,2,5,4,0,0,0,0,0,0,0,0,0,2,2,4,5,6,0,0,0,0,0,0,0,0,0,0,0,0,群馬
4234,野相弘司,ノアイ ヒロシ,福岡,B1,S,580909,1,41,169,58,A,4.63,26.4,9,19,106,0,0,0.17,16,75.0,0.15,2.9,18,38.8,0.18,3.9,17,23.5,0.18,3.6,17,17.6,0.18,3.7,17,5.8,0.16,4.1,21,4.7,0.2,4.6,B1,B1,B1,49.0,47.0,2025,1,2024-05-01,2024-10-31,92,7,5,0,1,2,1,0,0,0,0,0,0,0,0,1,6,1,1,4,5,0,0,0,0,0,0,0,0,1,3,3,5,3,2,0,0,0,0,0,0,0,0,0,3,3,3,4,4,0,0,0,0,0,0,0,0,0,1,8,3,2,3,0,0,0,0,0,0,0,0,0,1,3,8,3,6,0,0,0,0,0,0,0,0,0,0,0,0,福岡
4236,松村敏,マツムラ サトシ,福岡,A1,S,580917,1,41,170,54,O,7.82,63.8,58,25,130,12,3,0.12,38,94.7,0.12,2.5,17,70.5,0.12,2.7,16,75.0,0.13,2.5,24,50.0,0.1,2.4,18,44.4,0.09,2.4,17,17.6,0.13,2.7,A1,A1,A1,55.0,60.0,2025,1,2024-05-01,2024-10-31,92,33,3,2,0,0,0,0,0,0,0,0,0,0,0,5,7,2,0,1,2,0,0,0,0,0,0,0,0,5,7,1,2,1,0,0,0,0,0,0,0,0,0,9,3,4,7,1,0,0,0,0,0,0,0,0,0,3,5,4,3,1,2,0,0,0,0,0,0,0,0,3,0,5,5,2,2,0,0,0,0,0,0,0,0,0,0,0,0,熊本
4237,大峯豊,オオミネ ユタカ,山口,A1,S,581014,1,41,170,53,AB,6.87,49.5,38,23,123,8,1,0.16,28,92.8,0.17,3.9,18,50.0,0.17,4.6,20,40.0,0.18,3.7,21,42.8,0.16,3.5,21,33.3,0.14,3.1,15,13.3,0.14,3.2,A1,A1,A1,54.0,60.0,2025,1,2024-05-01,2024-10-31,92,22,4,1,0,0,1,0,0,0,0,0,0,0,0,4,5,3,1,3,2,0,0,0,0,0,0,0,0,3,5,2,5,1,4,0,0,0,0,0,0,0,0,5,4,4,0,3,5,0,0,0,0,0,0,0,0,3,4,6,4,3,1,0,0,0,0,0,0,0,0,1,1,5,2,3,3,0,0,0,0,0,0,0,0,0,0,0,0,山口
4238,毒島誠,ブスジマ マコト,群馬,A1,S,590108,1,40,162,53,B,7.96,52.9,39,24,119,6,2,0.12,27,96.3,0.11,2.3,22,45.4,0.12,3.5,22,54.5,0.13,2.9,21,28.5,0.12,2.8,20,35.0,0.12,3.6,7,28.5,0.09,2.9,A1,A1,A1,73.0,74.0,2025,1,2024-05-01,2024-10-31,92,23,3,0,1,0,0,0,0,0,0,0,0,0,0,3,7,4,5,1,2,0,0,0,0,0,0,0,0,7,5,4,3,0,3,0,0,0,0,0,0,0,0,3,3,6,5,2,2,0,0,0,0,0,0,0,0,2,5,2,5,2,4,0,0,0,0,0,0,0,0,1,1,2,3,0,0,0,0,0,0,0,0,0,0,0,0,0,0,群馬
4239,竹田辰也,タケダ タツヤ,山口,A2,S,590215,1,40,160,55,A,6.02,42.5,35,19,127,4,0,0.14,26,88.4,0.12,2.2,25,56.0,0.13,2.7,20,40.0,0.12,2.3,17,29.4,0.13,3.1,22,18.1,0.15,3.3,17,0.0,0.19,4.4,A1,A1,A1,61.0,56.0,2025,1,2024-05-01,2024-10-31,92,20,3,2,0,0,1,0,0,0,0,0,0,0,0,7,7,2,2,4,3,0,0,0,0,0,0,0,0,2,6,4,3,2,3,0,0,0,0,0,0,0,0,3,2,3,3,1,5,0,0,0,0,0,0,0,0,3,1,5,4,5,4,0,0,0,0,0,0,0,0,0,0,3,3,5,6,0,0,0,0,0,0,0,0,0,0,0,0,山口
4240,今井裕梨,イマイ ユリ,群馬,A2,S,590228,2,40,151,46,O,5.99,41.4,25,16,99,2,1,0.17,21,85.7,0.17,2.3,18,22.2,0.19,3.6,16,37.5,0.16,2.6,16,50.0,0.17,3.1,13,23.0,0.16,3.5,15,13.3,0.2,3.9,A2,A2,A2,51.0,53.0,2025,1,2024-05-01,2024-10-31,92,14,4,1,1,1,0,0,0,0,0,0,0,0,0,2,2,6,6,0,1,1,0,0,0,0,0,0,0,2,4,2,3,1,4,0,0,0,0,0,0,0,0,4,4,2,4,0,2,0,0,0,0,0,0,0,0,2,1,2,3,4,1,0,0,0,0,0,0,0,0,1,1,3,2,4,4,0,0,0,0,0,0,0,0,0,0,0,0,群馬
4241,大串重幸,オオグシ シゲユキ,長崎,A2,S,600104,1,39,165,54,AB,5.52,39.4,13,28,104,1,0,0.15,16,81.2,0.14,3.0,17,17.6,0.17,3.9,19,68.4,0.14,2.9,15,33.3,0.12,2.8,20,10.0,0.17,4.1,17,29.4,0.17,4.4,B1,B1,B1,48.0,50.0,2025,1,2024-05-01,2024-10-31,92,9,4,1,0,1,1,0,0,0,0,0,0,0,0,2,1,2,6,4,2,0,0,0,0,0,0,0,0,1,12,3,1,0,2,0,0,0,0,0,0,0,0,1,4,4,3,2,1,0,0,0,0,0,0,0,0,0,2,5,2,6,5,0,0,0,0,0,0,0,0,0,5,4,3,2,3,0,0,0,0,0,0,0,0,0,0,0,0,長崎
4243,西村歩,ニシムラ アユミ,大阪,B1,S,601220,2,39,166,47,AB,5.18,32.6,10,21,95,0,0,0.17,19,68.4,0.18,3.9,12,41.6,0.18,3.0,15,26.6,0.15,3.4,19,26.3,0.16,3.0,16,25.0,0.14,2.9,14,0.0,0.2,3.8,A2,A2,B1,51.0,51.0,2025,1,2024-05-01,2024-10-31,92,7,6,0,3,3,0,0,0,0,0,0,0,0,0,0,5,3,2,2,0,0,0,0,0,0,0,0,0,1,3,2,2,3,3,1,0,0,0,0,0,0,0,1,4,4,5,3,2,0,0,0,0,0,0,0,0,1,3,4,3,4,1,0,0,0,0,0,0,0,0,0,0,3,3,4,4,0,0,0,0,0,0,0,0,0,0,0,0,大阪
4244,鈴木成美,スズキ ナルミ,静岡,B1,S,611015,2,38,151,46,AB,4.4,23.6,8,13,89,0,0,0.13,13,61.5,0.14,2.8,17,11.7,0.14,2.6,18,33.3,0.09,2.2,14,14.2,0.11,2.4,16,18.7,0.12,2.5,11,0.0,0.15,3.9,B1,B1,B1,46.0,47.0,2025,1,2024-05-01,2024-10-31,92,5,3,1,2,1,1,0,0,0,0,0,0,0,0,0,2,4,4,6,1,0,0,0,0,0,0,0,0,0,6,4,3,4,1,0,0,0,0,0,0,0,0,1,1,2,2,5,2,1,0,0,0,0,0,0,0,2,1,2,3,4,4,0,0,0,0,0,0,0,0,0,0,1,1,6,3,0,0,0,0,0,0,0,0,0,0,0,0,静岡
4245,高橋直哉,タカハシ ナオヤ,東京,B1,S,561206,1,43,167,54,A,4.65,22.4,11,15,116,0,0,0.17,18,61.1,0.14,2.8,19,21.0,0.17,3.9,20,20.0,0.17,3.5,20,25.0,0.19,4.0,20,10.0,0.2,4.2,19,0.0,0.17,3.2,B1,B1,B1,48.0,48.0,2025,1,2024-05-01,2024-10-31,93,7,4,1,3,2,1,0,0,0,0,0,0,0,0,1,3,5,4,2,4,0,0,0,0,0,0,0,0,2,2,2,4,5,5,0,0,0,0,0,0,0,0,0,5,8,1,1,5,0,0,0,0,0,0,0,0,1,1,8,5,3,2,0,0,0,0,0,0,0,0,0,0,3,2,6,8,0,0,0,0,0,0,0,0,0,0,1,0,秋田
4246,喜多那由夏,キタ ナユカ,静岡,B1,S,570419,2,42,155,50,A,4.91,31.3,9,23,102,0,0,0.17,17,76.4,0.18,3.6,21,38.1,0.17,3.8,17,23.5,0.19,2.9,15,13.3,0.17,3.9,17,23.5,0.17,3.6,15,6.6,0.16,2.9,B1,B1,B1,47.0,49.0,2025,1,2024-05-01,2024-10-31,93,6,7,1,2,1,0,0,0,0,0,0,0,0,0,2,6,4,6,2,1,0,0,0,0,0,0,0,0,0,4,3,2,6,2,0,0,0,0,0,0,0,0,0,2,2,4,3,4,0,0,0,0,0,0,0,0,1,3,2,5,5,1,0,0,0,0,0,0,0,0,0,1,3,2,2,7,0,0,0,0,0,0,0,0,0,0,0,0,静岡
4247,齊藤優,サイトウ ユウ,徳島,B1,S,570501,1,42,164,54,B,5.28,30.9,8,26,110,1,0,0.16,16,62.5,0.2,4.8,20,45.0,0.15,3.8,19,31.5,0.13,3.2,19,21.0,0.14,2.7,20,20.0,0.15,3.4,16,6.2,0.18,3.6,B1,B1,B1,48.0,51.0,2025,1,2024-05-01,2024-10-31,93,4,6,1,0,5,0,0,0,0,0,0,0,0,0,4,5,4,5,1,1,0,0,0,0,0,0,0,0,0,6,6,3,3,1,0,0,0,0,0,0,0,0,0,4,5,6,3,1,0,0,0,0,0,0,0,0,0,4,2,9,5,0,0,0,0,0,0,0,0,0,0,1,3,7,3,2,0,0,0,0,0,0,0,0,0,0,0,0,徳島
4248,岡本大,オカモト フトシ,長崎,B1,S,570512,1,42,169,55,O,4.23,20.7,5,11,77,1,0,0.16,9,55.5,0.13,3.2,14,28.5,0.16,3.4,16,18.7,0.11,2.9,14,21.4,0.18,3.9,15,6.6,0.18,4.1,9,0.0,0.19,4.9,B1,B1,B1,45.0,46.0,2025,1,2024-05-01,2024-10-31,93,4,1,1,2,1,0,0,0,0,0,0,0,0,0,0,4,3,1,4,2,0,0,0,0,0,0,0,0,1,2,4,1,5,3,0,0,0,0,0,0,0,0,0,3,3,2,4,2,0,0,0,0,0,0,0,0,0,1,3,5,1,5,0,0,0,0,0,0,0,0,0,0,0,1,4,4,0,0,0,0,0,0,0,0,0,0,0,0,長崎
4251,川崎誠志,カワサキ セイジ,山口,B1,S,580118,1,41,169,53,O,4.39,23.5,13,16,123,0,0,0.2,19,68.4,0.18,4.2,19,36.8,0.21,4.6,25,24.0,0.21,4.0,18,16.6,0.19,4.6,20,0.0,0.22,5.0,22,0.0,0.2,4.5,B1,B1,B1,47.0,46.0,2025,1,2024-05-01,2024-10-31,93,7,6,2,2,1,1,0,0,0,0,0,0,0,0,2,5,3,5,3,1,0,0,0,0,0,0,0,0,2,4,2,6,5,5,0,0,0,0,0,0,1,0,2,1,1,4,4,6,0,0,0,0,0,0,0,0,0,0,5,5,6,4,0,0,0,0,0,0,0,0,0,0,5,2,8,7,0,0,0,0,0,0,0,0,0,0,0,0,山口
4252,松下哲也,マツシタ テツヤ,福岡,B1,S,580505,1,41,170,51,A,5.2,33.9,17,19,106,0,0,0.16,16,56.2,0.15,2.3,17,35.2,0.18,3.6,18,38.8,0.16,2.5,16,25.0,0.18,3.3,21,28.5,0.15,2.7,18,22.2,0.17,3.5,B1,B1,B1,45.0,49.0,2025,1,2024-05-01,2024-10-31,93,8,1,3,2,2,0,0,0,0,0,0,0,0,0,1,5,1,5,2,3,0,0,0,0,0,0,0,0,3,4,4,3,3,1,0,0,0,0,0,0,0,0,2,2,2,4,3,3,0,0,0,0,0,0,0,0,3,3,4,5,5,1,0,0,0,0,0,0,0,0,0,4,1,3,4,5,1,0,0,0,0,0,0,0,0,0,0,0,福岡
4253,西川真人,ニシカワ マサト,滋賀,B1,S,580523,1,41,171,57,AB,4.91,28.5,13,23,126,0,0,0.18,17,64.7,0.16,3.6,22,40.9,0.2,3.6,21,42.8,0.17,3.2,27,14.8,0.19,3.4,25,4.0,0.2,3.9,14,14.2,0.19,4.2,B1,B1,B1,45.0,49.0,2025,1,2024-05-01,2024-10-31,93,7,4,2,4,0,0,0,0,0,0,0,0,0,0,0,9,4,5,3,1,0,0,0,0,0,0,0,0,4,5,3,3,5,1,0,0,0,0,0,0,0,0,2,2,4,12,4,3,0,0,0,0,0,0,0,0,0,1,7,4,10,3,0,0,0,0,0,0,0,0,0,2,0,1,6,5,0,0,0,0,0,0,0,0,0,0,0,0,滋賀
4254,川島圭司,カワシマ ケイジ,滋賀,A2,S,580703,1,41,167,51,A,5.75,40.3,28,26,134,2,0,0.13,24,95.8,0.1,1.5,21,52.3,0.13,2.1,23,26.0,0.14,2.4,22,54.5,0.13,3.0,23,4.3,0.14,3.0,21,4.7,0.16,3.7,A2,B1,A2,51.0,51.0,2025,1,2024-05-01,2024-10-31,93,18,5,0,0,1,0,0,0,0,0,0,0,0,0,5,6,5,3,2,0,0,0,0,0,0,0,0,0,0,6,5,8,2,2,0,0,0,0,0,0,0,0,5,7,2,4,1,3,0,0,0,0,0,0,0,0,0,1,4,9,5,3,0,0,0,0,0,0,1,0,0,1,2,3,9,6,0,0,0,0,0,0,0,0,0,0,1,0,滋賀
4256,渡辺浩司,ワタナベ コウジ,福岡,A1,S,581113,1,41,167,54,A,7.49,66.6,49,47,144,9,1,0.12,37,91.8,0.11,1.8,21,71.4,0.14,3.0,27,74.0,0.11,2.0,23,65.2,0.12,2.2,22,36.3,0.13,2.5,14,28.5,0.11,3.0,A1,A1,A1,61.0,56.0,2025,1,2024-05-01,2024-10-31,93,28,6,1,0,1,1,0,0,0,0,0,0,0,0,2,13,2,1,0,3,0,0,0,0,0,0,0,0,5,15,3,3,1,0,0,0,0,0,0,0,0,0,8,7,3,3,1,0,0,0,0,0,0,0,0,1,5,3,9,1,4,0,0,0,0,0,0,0,0,0,1,3,4,4,2,0,0,0,0,0,0,1,0,0,0,0,0,0,大分
4257,古川健,フルカワ ケン,広島,B1,S,581115,1,41,168,53,A,4.58,22.0,6,13,86,2,0,0.15,13,53.8,0.15,2.7,15,33.3,0.14,2.7,11,36.3,0.15,3.5,11,18.1,0.16,3.2,18,5.5,0.14,2.8,18,0.0,0.16,3.6,B1,B1,A2,48.0,47.0,2025,1,2024-05-01,2024-10-31,93,3,4,3,3,0,0,0,0,0,0,0,0,0,0,2,3,3,5,1,1,0,0,0,0,0,0,0,0,1,3,0,2,2,3,0,0,0,0,0,0,0,0,0,2,1,3,3,1,1,0,0,0,0,0,0,0,0,1,7,3,4,3,0,0,0,0,0,0,0,0,0,0,3,4,5,6,0,0,0,0,0,0,0,0,0,0,0,0,広島
4258,関根彰人,セキネ アキヒト,埼玉,A2,S,581126,1,41,168,51,A,5.86,38.2,15,29,115,3,0,0.18,19,73.6,0.16,3.3,21,52.3,0.18,3.9,20,45.0,0.17,3.3,19,21.0,0.19,4.4,21,19.0,0.18,4.6,15,13.3,0.18,4.7,B1,B1,B1,47.0,52.0,2025,1,2024-05-01,2024-10-31,93,9,5,5,0,0,0,0,0,0,0,0,0,0,0,3,8,5,2,1,2,0,0,0,0,0,0,0,0,2,7,4,3,3,1,0,0,0,0,0,0,0,0,0,4,8,2,3,2,0,0,0,0,0,0,0,0,0,4,4,6,5,2,0,0,0,0,0,0,0,0,1,1,4,5,1,3,0,0,0,0,0,0,0,0,0,0,0,0,埼玉
4259,真庭明志,マニワ ヒロシ,長崎,A2,S,590206,1,40,161,54,AB,5.8,35.5,26,22,135,4,0,0.14,27,88.8,0.13,2.9,21,42.8,0.12,2.3,26,19.2,0.13,2.7,23,17.3,0.15,3.6,17,17.6,0.17,4.0,21,14.2,0.15,3.8,A2,A2,A2,51.0,51.0,2025,1,2024-05-01,2024-10-31,93,17,7,1,1,1,0,0,0,0,0,0,0,0,0,7,2,5,2,2,2,0,0,0,0,0,0,1,0,0,5,11,5,4,1,0,0,0,0,0,0,0,0,0,4,9,4,1,5,0,0,0,0,0,0,0,0,1,2,4,6,3,1,0,0,0,0,0,0,0,0,1,2,5,4,2,7,0,0,0,0,0,0,0,0,0,0,0,0,長崎
4260,中越博紀,ナカゴシ ヒロキ,香川,A2,S,590307,1,40,167,54,AB,5.64,37.0,32,21,143,3,1,0.15,29,65.5,0.12,3.1,21,28.5,0.18,3.8,19,36.8,0.15,3.2,30,46.6,0.15,3.1,21,19.0,0.14,3.0,23,13.0,0.18,3.6,A2,A2,A2,53.0,50.0,2025,1,2024-05-01,2024-10-31,93,17,2,6,2,0,2,0,0,0,0,0,0,0,0,1,5,3,6,1,5,0,0,0,0,0,0,0,0,1,6,4,3,2,3,0,0,0,0,0,0,0,0,9,5,6,2,3,5,0,0,0,0,0,0,0,0,3,1,5,7,2,3,0,0,0,0,0,0,0,0,1,2,5,1,8,6,0,0,0,0,0,0,0,0,0,0,0,0,愛媛
4261,岡祐臣,オカ ユウシン,三重,A1,S,590317,1,40,167,58,A,6.7,50.7,46,24,138,3,0,0.14,32,84.3,0.13,2.6,19,47.3,0.15,3.8,19,68.4,0.12,2.5,25,44.0,0.14,2.7,25,28.0,0.14,3.2,18,16.6,0.15,2.8,A1,A1,A2,54.0,54.0,2025,1,2024-05-01,2024-10-31,93,23,4,2,1,0,2,0,0,0,0,0,0,0,0,4,5,7,1,1,1,0,0,0,0,0,1,0,0,6,7,2,0,1,3,0,0,0,0,0,0,0,0,8,3,3,4,3,4,0,0,0,0,0,0,0,0,4,3,8,5,4,1,0,0,0,0,0,0,0,0,1,2,4,5,4,2,0,0,0,0,0,0,0,0,0,0,0,0,三重
4262,馬場貴也,ババ ヨシヤ,滋賀,A1,S,590326,1,40,167,55,A,7.62,49.6,41,25,133,6,2,0.12,28,92.8,0.1,2.3,21,42.8,0.11,3.0,25,52.0,0.1,2.8,19,47.3,0.15,2.9,17,17.6,0.13,3.8,23,26.0,0.14,3.6,A1,A1,A1,71.0,72.0,2025,1,2024-05-01,2024-10-31,93,25,1,0,0,1,1,0,0,0,0,0,0,0,0,4,5,5,3,1,2,0,0,0,0,0,0,0,1,7,6,5,4,2,1,0,0,0,0,0,0,0,0,3,6,3,2,2,3,0,0,0,0,0,1,0,0,1,2,6,2,5,1,0,0,0,0,0,0,0,0,1,5,5,4,1,7,0,0,0,0,0,0,0,0,0,0,0,0,京都
4263,武重雄介,タケシゲ ユウスケ,山口,A2,S,590611,1,40,172,56,O,5.83,42.5,28,23,120,2,0,0.16,24,87.5,0.14,2.5,18,66.6,0.15,2.9,20,40.0,0.17,3.0,19,42.1,0.14,2.9,18,0.0,0.14,3.3,21,9.5,0.2,5.0,A2,A2,B1,50.0,51.0,2025,1,2024-05-01,2024-10-31,93,17,4,1,1,0,1,0,0,0,0,0,0,0,0,4,8,4,0,2,0,0,0,0,0,0,0,0,0,2,6,6,2,2,2,0,0,0,0,0,0,0,0,5,3,1,4,2,4,0,0,0,0,0,0,0,0,0,0,5,4,5,4,0,0,0,0,0,0,0,0,0,2,3,5,4,7,0,0,0,0,0,0,0,0,0,0,3,0,山口
4264,長尾章平,ナガオ ショウヘイ,山口,A1,S,591224,1,40,166,56,O,6.53,45.8,40,27,146,4,0,0.16,30,86.6,0.15,2.9,26,50.0,0.16,3.7,26,57.6,0.16,2.9,27,29.6,0.15,3.3,19,21.0,0.15,3.1,18,5.5,0.21,4.7,A1,A2,A2,55.0,54.0,2025,1,2024-05-01,2024-10-31,93,21,5,1,2,1,0,0,0,0,0,0,0,0,0,6,7,7,5,0,1,0,0,0,0,0,0,0,0,9,6,5,1,1,4,0,0,0,0,0,0,0,0,1,7,12,3,3,1,0,0,0,0,0,0,0,0,3,1,6,3,4,2,0,0,0,0,0,0,0,0,0,1,5,3,3,6,0,0,0,0,0,0,0,0,0,0,0,0,山口
4266,長田頼宗,オサダ ヨリムネ,東京,A1,S,600624,1,39,168,56,A,6.7,43.2,27,31,134,1,1,0.14,25,80.0,0.12,2.3,20,35.0,0.12,3.2,27,40.7,0.13,2.9,20,55.0,0.16,3.9,24,25.0,0.15,3.5,18,16.6,0.16,4.1,A1,A1,A1,69.0,66.0,2025,1,2024-05-01,2024-10-31,93,15,5,1,2,0,2,0,0,0,0,0,0,0,0,4,3,6,2,4,1,0,0,0,0,0,0,0,0,2,9,6,2,5,3,0,0,0,0,0,0,0,0,3,8,3,1,2,3,0,0,0,0,0,0,0,0,3,3,6,2,5,5,0,0,0,0,0,0,0,0,0,3,3,3,5,4,0,0,0,0,0,0,0,0,0,0,0,0,神奈川
4268,和合俊介,ワゴウ シュンスケ,福岡,B1,S,600913,1,39,167,63,O,3.64,14.6,6,7,89,0,0,0.16,12,66.6,0.13,2.8,16,0.0,0.17,3.4,14,14.2,0.13,2.2,15,13.3,0.16,3.5,14,7.1,0.16,3.5,18,0.0,0.21,4.5,B1,B1,B1,47.0,43.0,2025,1,2024-05-01,2024-10-31,93,5,3,0,2,0,2,0,0,0,0,0,0,0,0,0,0,4,3,4,4,0,0,0,0,0,0,1,0,1,1,1,3,2,6,0,0,0,0,0,0,0,0,0,2,2,4,4,3,0,0,0,0,0,0,0,0,0,1,2,2,5,3,1,0,0,0,0,0,0,0,0,0,3,4,5,6,0,0,0,0,0,0,0,0,0,0,0,0,宮崎
4269,杉山裕也,スギヤマ ヒロナリ,愛知,A1,S,600919,1,39,167,54,O,6.83,52.0,53,25,150,7,0,0.14,38,94.7,0.13,2.6,20,35.0,0.13,2.7,30,53.3,0.14,3.0,20,50.0,0.14,2.7,23,26.0,0.15,3.3,19,15.7,0.14,2.9,A1,A1,A1,60.0,55.0,2025,1,2024-05-01,2024-10-31,93,32,4,0,0,0,1,1,0,0,0,0,0,0,0,3,4,5,2,4,2,0,0,0,0,0,0,0,0,6,10,5,6,1,1,0,0,0,0,0,0,1,0,9,1,6,2,0,2,0,0,0,0,0,0,0,0,3,3,4,5,6,2,0,0,0,0,0,0,0,0,0,3,6,6,1,3,0,0,0,0,0,0,0,0,0,0,0,0,愛知
4270,岸本雄貴,キシモト ユウキ,三重,B1,S,570406,1,42,160,66,O,4.38,22.3,14,11,112,0,0,0.17,16,68.7,0.17,3.2,20,20.0,0.16,3.6,18,33.3,0.16,3.1,25,8.0,0.21,4.3,14,7.1,0.18,3.6,19,5.2,0.14,2.8,B1,B1,B1,45.0,47.0,2025,1,2024-05-01,2024-10-31,94,9,2,1,0,0,4,0,0,0,0,0,0,0,0,2,2,5,3,6,2,0,0,0,0,0,0,0,0,2,4,3,2,5,2,0,0,0,0,0,0,0,0,0,2,7,3,9,4,0,0,0,0,0,0,0,0,1,0,3,5,2,3,0,0,0,0,0,1,0,0,0,1,0,3,11,4,0,0,0,0,0,0,0,0,0,0,0,0,三重
4271,川崎公靖,カワサキ キミヤス,広島,B1,S,570416,1,42,165,51,B,4.34,22.9,13,15,122,0,0,0.15,18,66.6,0.14,3.2,23,39.1,0.14,2.9,22,22.7,0.14,2.3,19,5.2,0.14,2.6,22,0.0,0.17,3.3,18,5.5,0.18,3.8,B1,B1,B1,49.0,46.0,2025,1,2024-05-01,2024-10-31,94,9,3,1,1,2,1,0,0,0,0,0,0,1,0,1,8,7,2,3,2,0,0,0,0,0,0,0,0,2,3,7,4,2,4,0,0,0,0,0,0,0,0,1,0,4,3,7,4,0,0,0,0,0,0,0,0,0,0,1,5,12,4,0,0,0,0,0,0,0,0,0,1,0,3,7,7,0,0,0,0,0,0,0,0,0,0,1,0,広島
4272,大場広孝,オオバ ヒロタカ,福岡,B1,S,570420,1,42,171,60,A,5.07,29.0,16,22,131,0,0,0.15,17,64.7,0.12,1.9,23,39.1,0.15,2.8,24,41.6,0.15,3.0,17,5.8,0.15,3.4,27,14.8,0.17,3.4,23,13.0,0.14,3.7,B1,B1,B1,48.0,49.0,2025,1,2024-05-01,2024-10-31,94,9,2,0,1,5,0,0,0,0,0,0,0,0,0,2,7,9,2,1,2,0,0,0,0,0,0,0,0,3,7,2,4,3,5,0,0,0,0,0,0,0,0,0,1,5,6,5,0,0,0,0,0,0,0,0,0,0,4,5,8,9,1,0,0,0,0,0,0,0,0,2,1,4,7,3,6,0,0,0,0,0,0,0,0,0,0,0,0,福岡
4273,佐藤旭,サトウ アキラ,静岡,B1,S,570710,1,42,161,53,A,5.02,27.6,18,18,130,1,0,0.18,22,72.7,0.15,3.5,22,31.8,0.21,4.0,22,27.2,0.17,3.6,21,9.5,0.19,3.9,21,9.5,0.2,4.9,22,13.6,0.17,4.0,A2,B1,B1,50.0,49.0,2025,1,2024-05-01,2024-10-31,94,11,5,1,1,2,2,0,0,0,0,0,1,0,0,3,4,8,3,2,2,0,0,0,0,0,0,0,0,3,3,10,2,3,1,0,0,0,0,0,0,0,0,0,2,5,7,3,4,0,0,0,0,0,0,0,0,0,2,2,3,7,7,0,0,0,0,0,0,0,0,1,2,2,7,6,4,0,0,0,0,0,0,0,0,0,0,1,0,静岡
4274,長畑友輔,ナガハタ ユウスケ,東京,B1,S,570809,1,42,168,52,A,4.7,24.3,14,12,107,0,0,0.14,15,80.0,0.15,2.5,18,27.7,0.14,2.4,17,0.0,0.14,3.1,22,18.1,0.12,2.5,17,17.6,0.15,3.3,17,11.7,0.16,3.8,B1,B1,B1,45.0,48.0,2025,1,2024-05-01,2024-10-31,94,10,2,1,1,1,0,0,0,0,0,0,0,0,0,1,4,3,4,5,1,0,0,0,0,0,1,0,0,0,0,3,5,5,4,0,0,0,0,0,0,0,0,2,2,7,3,4,4,0,0,0,0,0,0,0,0,1,2,5,4,2,3,0,0,0,0,0,0,0,0,0,2,1,5,4,5,0,0,0,0,0,0,0,0,0,0,0,1,東京
4275,菅野はやか,カンノ ハヤカ,広島,B2,S,570908,2,42,159,50,B,3.31,10.2,0,5,49,0,0,0.21,8,25.0,0.22,5.0,7,14.2,0.19,3.9,9,11.1,0.23,4.8,10,10.0,0.18,2.9,5,0.0,0.18,4.0,10,0.0,0.25,4.6,B1,B1,B1,44.0,42.0,2025,1,2024-05-01,2024-10-31,94,0,2,1,1,2,1,0,0,0,0,0,0,1,0,0,1,3,0,3,0,0,0,0,0,0,0,0,0,0,1,2,2,1,3,0,0,0,0,0,0,0,0,0,1,2,3,1,3,0,0,0,0,0,0,0,0,0,0,1,1,1,2,0,0,0,0,0,0,0,0,0,0,0,1,2,7,0,0,0,0,0,0,0,0,0,0,0,0,広島
4276,鈴木勝博,スズキ カツヒロ,愛知,A2,S,580209,1,41,168,53,O,6.0,48.0,23,14,77,3,0,0.13,19,84.2,0.13,2.3,11,63.6,0.13,3.1,13,46.1,0.16,2.8,17,29.4,0.11,2.8,11,27.2,0.12,2.3,6,0.0,0.15,2.8,A1,A1,A1,55.0,53.0,2025,1,2024-05-01,2024-10-31,94,15,1,1,0,1,0,1,0,0,0,0,0,0,0,3,4,1,0,1,1,1,0,0,0,0,0,0,0,2,4,1,0,3,3,0,0,0,0,0,0,0,0,3,2,1,5,4,2,0,0,0,0,0,0,0,0,0,3,2,1,3,2,0,0,0,0,0,0,0,0,0,0,0,3,0,3,0,0,0,0,0,0,0,0,0,0,0,0,愛知
4277,金田大輔,カネダ ダイスケ,岡山,B1,S,580704,1,41,167,50,B,4.32,25.0,18,7,100,0,0,0.16,14,64.2,0.13,3.0,19,21.0,0.22,3.8,17,29.4,0.16,2.5,20,25.0,0.15,2.1,14,14.2,0.14,2.5,16,0.0,0.13,2.1,B1,B1,B1,48.0,45.0,2025,1,2024-05-01,2024-10-31,94,8,1,3,1,0,1,0,0,0,0,0,0,0,0,2,2,3,2,3,7,0,0,0,0,0,0,0,0,3,2,1,3,3,4,1,0,0,0,0,0,0,0,4,1,1,5,3,6,0,0,0,0,0,0,0,0,1,1,2,1,4,5,0,0,0,0,0,0,0,0,0,0,3,1,5,7,0,0,0,0,0,0,0,0,0,0,0,0,岡山
4278,藤岡俊介,フジオカ シュンスケ,兵庫,A1,S,580708,1,41,166,51,A,7.16,56.8,56,31,153,8,3,0.12,40,90.0,0.11,1.8,19,42.1,0.13,2.6,30,63.3,0.11,2.0,24,58.3,0.13,2.0,25,28.0,0.13,3.0,15,20.0,0.14,3.5,A1,A1,A1,61.0,55.0,2025,1,2024-05-01,2024-10-31,94,32,4,0,2,1,1,0,0,0,0,0,0,0,0,4,4,7,4,0,0,0,0,0,0,0,0,0,0,8,11,4,5,1,1,0,0,0,0,0,0,0,0,9,5,3,5,2,0,0,0,0,0,0,0,0,0,2,5,3,6,6,3,0,0,0,0,0,1,0,0,1,2,5,5,0,2,0,0,0,0,0,0,0,0,0,0,0,0,兵庫
4281,大澤大夢,オオサワ ヒロム,埼玉,B1,S,581113,1,41,164,53,A,4.63,27.6,11,26,134,0,0,0.15,17,76.4,0.12,2.7,25,16.0,0.14,3.2,23,34.7,0.15,3.1,25,32.0,0.17,3.6,20,15.0,0.14,3.0,24,4.1,0.18,4.8,B1,B1,B1,50.0,47.0,2025,1,2024-05-01,2024-10-31,94,7,6,3,1,0,0,0,0,0,0,0,0,0,0,0,4,6,9,5,1,0,0,0,0,0,0,0,0,1,7,5,4,3,3,0,0,0,0,0,0,0,0,2,6,3,3,3,8,0,0,0,0,0,0,0,0,1,2,3,1,7,6,0,0,0,0,0,0,0,0,0,1,2,5,8,8,0,0,0,0,0,0,0,0,0,0,0,0,埼玉
4283,石井裕美,イシイ ヒロミ,東京,B1,S,590115,2,40,153,52,AB,3.98,18.9,4,7,58,0,0,0.18,9,22.2,0.17,3.5,10,50.0,0.14,2.6,12,8.3,0.18,3.1,10,20.0,0.19,3.4,8,12.5,0.2,4.0,9,0.0,0.19,3.9,B2,B1,B2,45.0,45.0,2025,1,2024-05-01,2024-10-31,94,1,1,2,0,2,2,1,0,0,0,0,0,0,0,2,3,0,2,1,1,0,0,0,0,0,0,1,0,1,0,3,3,4,1,0,0,0,0,0,0,0,0,0,2,3,1,2,2,0,0,0,0,0,0,0,0,0,1,0,3,4,0,0,0,0,0,0,0,0,0,0,0,0,2,4,3,0,0,0,0,0,0,0,0,0,0,0,0,千葉
4286,平田さやか,ヒラタ サヤカ,東京,A2,S,590626,2,40,167,48,A,6.03,39.6,27,36,159,4,0,0.15,31,74.1,0.16,2.7,28,21.4,0.15,3.0,30,56.6,0.15,2.4,24,29.1,0.13,2.1,27,22.2,0.13,2.4,19,21.0,0.15,3.4,A2,A2,A2,51.0,53.0,2025,1,2024-05-01,2024-10-31,94,16,7,3,2,1,1,0,0,0,0,0,0,0,1,3,3,12,7,3,0,0,0,0,0,0,0,0,0,3,14,6,3,2,2,0,0,0,0,0,0,0,0,4,3,11,3,1,2,0,0,0,0,0,0,0,0,0,6,4,6,8,3,0,0,0,0,0,0,0,0,1,3,3,3,6,3,0,0,0,0,0,0,0,0,0,0,0,0,東京
4287,今井貴士,イマイ タカシ,福岡,A1,S,590726,1,40,163,58,O,6.7,51.9,42,37,152,6,1,0.14,33,93.9,0.13,2.7,20,60.0,0.14,2.8,24,25.0,0.15,3.1,36,41.6,0.13,2.6,18,50.0,0.15,2.5,21,28.5,0.13,2.3,A1,A1,A1,58.0,56.0,2025,1,2024-05-01,2024-10-31,94,25,6,1,0,1,0,0,0,0,0,0,0,0,0,5,7,2,4,1,1,0,0,0,0,0,0,0,0,2,4,5,3,4,6,0,0,0,0,0,0,0,0,5,10,10,7,3,1,0,0,0,0,0,0,0,0,5,4,2,3,3,1,0,0,0,0,0,0,0,0,0,6,5,4,4,2,0,0,0,0,0,0,0,0,0,0,0,0,福岡
4288,永田啓二,ナガタ ケイジ,福岡,A1,S,590926,1,40,170,53,B,7.54,61.4,56,30,140,10,4,0.13,39,87.1,0.11,2.5,19,63.1,0.12,2.4,22,54.5,0.14,2.5,20,65.0,0.13,2.5,17,47.0,0.12,2.2,23,30.4,0.13,2.5,A1,A1,A1,56.0,57.0,2025,1,2024-05-01,2024-10-31,94,30,4,2,2,0,1,0,0,0,0,0,1,0,0,6,6,5,1,0,1,0,0,0,0,0,0,0,0,8,4,5,2,3,0,0,0,0,0,0,0,0,0,5,8,5,0,0,2,0,0,0,0,0,0,0,0,4,4,5,1,2,1,0,0,0,0,0,0,0,0,3,4,6,2,4,4,0,0,0,0,0,0,0,0,0,0,0,0,福岡
4289,落合直子,オチアイ ナオコ,大阪,A2,S,591102,2,40,151,45,O,6.1,46.0,29,30,128,1,0,0.14,29,86.2,0.14,2.8,17,47.0,0.13,2.6,27,44.4,0.13,2.4,21,33.3,0.14,3.0,20,25.0,0.15,2.6,14,14.2,0.13,2.9,A2,A1,A2,54.0,53.0,2025,1,2024-05-01,2024-10-31,94,17,8,2,0,0,1,1,0,0,0,0,0,0,0,5,3,2,2,3,2,0,0,0,0,0,0,0,0,4,8,9,1,2,3,0,0,0,0,0,0,0,0,3,4,5,6,2,1,0,0,0,0,0,0,0,0,0,5,1,4,5,5,0,0,0,0,0,0,0,0,0,2,2,2,2,6,0,0,0,0,0,0,0,0,0,0,0,0,大阪
4290,稲田浩二,イナダ コウジ,兵庫,A1,S,591208,1,40,169,52,A,7.26,54.9,53,30,151,4,1,0.12,39,87.1,0.12,2.3,21,57.1,0.12,2.7,19,36.8,0.15,3.1,32,56.2,0.09,1.8,17,52.9,0.11,2.5,23,13.0,0.14,2.7,A1,A1,A1,63.0,61.0,2025,1,2024-05-01,2024-10-31,94,29,5,1,3,1,0,0,0,0,0,0,0,0,0,7,5,4,3,1,1,0,0,0,0,0,0,0,0,4,3,4,1,4,3,0,0,0,0,0,0,0,0,9,9,8,2,4,0,0,0,0,0,0,0,0,0,4,5,1,4,2,1,0,0,0,0,0,0,0,0,0,3,5,6,8,1,0,0,0,0,0,0,0,0,0,0,2,0,兵庫
4292,麻生慎介,アソウ シンスケ,広島,A1,S,600326,1,39,165,51,A,6.48,48.7,35,21,115,3,0,0.13,26,84.6,0.13,2.6,18,38.8,0.16,3.4,16,56.2,0.13,2.5,21,47.6,0.12,2.2,15,26.6,0.1,2.1,19,21.0,0.15,3.6,A1,A1,A1,55.0,54.0,2025,1,2024-05-01,2024-10-31,94,21,1,0,2,1,1,0,0,0,0,0,0,0,0,5,2,3,3,2,2,1,0,0,0,0,0,0,0,2,7,2,2,2,1,0,0,0,0,0,0,0,0,5,5,6,2,1,1,0,0,0,0,0,0,1,0,2,2,5,4,2,0,0,0,0,0,0,0,0,0,0,4,4,2,3,5,0,0,0,0,0,1,1,0,0,0,0,0,広島
4293,鈴木智啓,スズキ トモヒロ,愛知,A2,S,600803,1,39,169,55,A,5.47,37.9,16,25,108,0,0,0.17,18,77.7,0.17,3.2,16,43.7,0.17,4.3,19,57.8,0.15,3.2,17,5.8,0.17,3.9,18,33.3,0.16,3.6,20,10.0,0.18,3.8,B1,B1,B1,49.0,50.0,2025,1,2024-05-01,2024-10-31,94,9,5,0,1,1,1,1,0,0,0,0,0,0,0,1,6,2,3,3,1,0,0,0,0,0,0,0,0,5,6,2,3,2,1,0,0,0,0,0,0,0,0,1,0,6,4,6,0,0,0,0,0,0,0,0,0,0,6,5,2,5,0,0,0,0,0,0,0,0,0,0,2,2,6,6,4,0,0,0,0,0,0,0,0,0,0,0,0,愛知
4294,古賀繁輝,コガ シゲキ,佐賀,A1,S,610719,1,38,164,57,B,7.04,52.9,41,31,136,7,2,0.14,28,89.2,0.14,2.8,23,60.8,0.16,3.4,22,45.4,0.14,2.7,25,56.0,0.12,2.5,23,21.7,0.15,3.1,15,26.6,0.13,3.0,A1,A1,A1,61.0,61.0,2025,1,2024-05-01,2024-10-31,94,16,9,2,0,1,0,0,0,0,0,0,0,0,0,5,9,4,3,1,0,0,0,0,0,0,0,1,0,5,5,4,3,3,2,0,0,0,0,0,1,0,0,9,5,4,2,3,2,0,0,0,0,0,0,0,0,4,1,5,5,6,2,0,0,0,0,0,0,0,0,2,2,5,3,0,3,0,0,0,0,0,0,0,0,0,0,1,0,佐賀
4295,小坂尚哉,コサカ ナオヤ,兵庫,A1,S,610912,1,38,169,54,AB,6.98,57.5,45,47,160,7,0,0.14,38,92.1,0.13,2.1,21,52.3,0.14,3.1,28,53.5,0.13,2.4,22,63.6,0.15,2.7,32,40.6,0.15,2.6,19,21.0,0.13,3.3,A1,A1,A1,60.0,55.0,2025,1,2024-05-01,2024-10-31,94,29,6,2,1,0,0,0,0,0,0,0,0,0,0,2,9,5,4,0,1,0,0,0,0,0,0,0,0,7,8,8,2,2,1,0,0,0,0,0,0,0,0,5,9,3,3,1,1,0,0,0,0,0,0,0,0,2,11,6,4,6,3,0,0,0,0,0,0,0,0,0,4,6,3,3,3,0,0,0,0,0,0,0,0,0,0,0,0,大阪
4296,岡崎恭裕,オカザキ ヤスヒロ,福岡,A1,S,620110,1,37,172,52,O,6.57,44.3,37,14,115,1,0,0.13,26,84.6,0.11,1.9,17,29.4,0.14,3.4,19,42.1,0.13,2.5,20,55.0,0.15,2.7,19,21.0,0.11,2.8,14,7.1,0.16,4.4,A1,A1,A1,63.0,61.0,2025,1,2024-05-01,2024-10-31,94,20,2,2,1,0,0,1,0,0,0,0,0,0,0,3,2,3,4,1,4,0,0,0,0,0,0,0,0,5,3,3,3,1,4,0,0,0,0,0,0,0,0,6,5,1,4,1,3,0,0,0,0,0,0,0,0,3,1,2,3,6,4,0,0,0,0,0,0,0,0,0,1,3,6,3,1,0,0,0,0,0,0,0,0,0,0,0,0,福岡
4297,山田哲也,ヤマダ テツヤ,東京,A1,S,571014,1,42,170,53,A,6.64,47.6,45,16,128,5,1,0.1,30,86.6,0.12,1.8,21,42.8,0.09,1.7,26,50.0,0.11,2.1,15,46.6,0.1,2.0,21,14.2,0.1,2.0,15,20.0,0.07,1.7,A1,A2,A1,54.0,57.0,2025,1,2024-05-01,2024-10-31,95,26,0,1,0,0,3,0,0,0,0,0,0,0,0,4,5,6,3,1,2,0,0,0,0,0,0,0,0,6,7,3,5,4,1,0,0,0,0,0,0,0,0,7,0,1,1,3,3,0,0,0,0,0,0,0,0,2,1,6,4,4,3,1,0,0,0,0,0,0,0,0,3,4,4,4,0,0,0,0,0,0,0,0,0,0,0,0,0,千葉
4298,宮下元胤,ミヤシタ モトツグ,愛知,A2,S,571111,1,42,170,53,B,5.77,36.0,20,28,133,3,0,0.14,27,70.3,0.13,3.0,19,52.6,0.13,2.4,23,34.7,0.14,3.4,30,33.3,0.16,3.7,19,0.0,0.14,3.4,15,6.6,0.16,4.7,A2,A2,A2,50.0,52.0,2025,1,2024-05-01,2024-10-31,95,13,6,3,3,2,0,0,0,0,0,0,0,0,0,1,9,5,2,2,0,0,0,0,0,0,0,0,0,5,3,7,5,2,1,0,0,0,0,0,0,0,0,1,9,6,5,8,1,0,0,0,0,0,0,0,0,0,0,5,7,5,2,0,0,0,0,0,1,0,0,0,1,4,4,6,0,0,0,0,0,0,0,0,0,0,0,0,0,愛知
4299,中島浩哉,ナカシマ ヒロヤ,長崎,B1,S,571203,1,42,167,57,A,4.13,21.1,10,9,90,0,0,0.17,12,75.0,0.14,2.3,11,36.3,0.19,3.3,19,15.7,0.15,3.4,16,6.2,0.17,3.2,13,15.3,0.18,3.4,19,0.0,0.19,3.8,B1,B1,B1,44.0,45.0,2025,1,2024-05-01,2024-10-31,95,7,2,0,2,0,1,0,0,0,0,0,0,0,0,2,2,3,1,0,3,0,0,0,0,0,0,0,0,0,3,2,6,6,2,0,0,0,0,0,0,0,0,0,1,3,3,4,4,1,0,0,0,0,0,0,0,1,1,1,2,6,2,0,0,0,0,0,0,0,0,0,0,2,4,5,8,0,0,0,0,0,0,0,0,0,0,0,0,長崎
4300,加藤綾,カトウ アヤ,三重,B1,S,580304,2,41,160,50,A,5.13,28.5,14,10,84,0,0,0.17,13,84.6,0.12,2.4,17,29.4,0.17,3.8,16,18.7,0.18,3.7,12,16.6,0.18,2.9,14,14.2,0.17,3.5,12,8.3,0.22,4.3,B1,B1,B1,47.0,49.0,2025,1,2024-05-01,2024-10-31,95,10,1,1,1,0,0,0,0,0,0,0,0,0,0,2,3,5,5,0,2,0,0,0,0,0,0,0,0,2,1,6,3,3,1,0,0,0,0,0,0,0,0,0,2,1,3,4,2,0,0,0,0,0,0,0,0,0,2,2,2,6,2,0,0,0,0,0,0,0,0,0,1,3,1,3,4,0,0,0,0,0,0,0,0,0,0,0,0,三重
4301,関裕也,セキ ユウヤ,福岡,B1,S,580306,1,41,168,58,B,4.93,31.8,12,10,69,0,0,0.17,12,83.3,0.17,3.3,13,15.3,0.17,4.1,14,50.0,0.17,3.7,19,15.7,0.16,3.9,9,0.0,0.2,3.4,1,0.0,0.16,6.0,B1,B1,B1,46.0,47.0,2025,1,2024-05-01,2024-10-31,95,8,2,1,0,0,1,0,0,0,0,0,0,0,0,0,2,5,1,3,2,0,0,0,0,0,0,0,0,2,5,0,1,3,3,0,0,0,0,0,0,0,0,2,1,3,3,6,4,0,0,0,0,0,0,0,0,0,0,2,1,5,0,0,0,0,0,0,0,0,1,0,0,1,0,0,0,0,0,0,0,0,0,0,0,0,0,0,1,福岡
4302,西野翔太,ニシノ ショウタ,広島,A2,S,580407,1,41,165,53,A,6.06,43.7,30,33,144,4,0,0.14,34,85.2,0.16,2.4,27,44.4,0.14,2.9,30,36.6,0.13,2.8,23,26.0,0.14,3.0,27,14.8,0.14,3.1,3,33.3,0.15,2.7,A1,A1,A1,53.0,53.0,2025,1,2024-05-01,2024-10-31,95,20,9,2,2,0,1,0,0,0,0,0,0,0,0,6,6,7,4,2,2,0,0,0,0,0,0,0,0,2,9,8,4,2,5,0,0,0,0,0,0,0,0,1,5,5,6,1,5,0,0,0,0,0,0,0,0,1,3,4,6,7,6,0,0,0,0,0,0,0,0,0,1,0,1,0,1,0,0,0,0,0,0,0,0,0,0,0,0,広島
4303,牧原崇,マキハラ タカシ,愛知,B1,S,580430,1,41,165,52,O,4.98,28.0,14,16,107,1,0,0.17,17,58.8,0.15,2.9,18,33.3,0.18,4.1,20,35.0,0.15,2.7,16,25.0,0.16,3.8,23,8.7,0.19,3.9,13,7.6,0.21,5.2,A2,B1,B1,51.0,49.0,2025,1,2024-05-01,2024-10-31,95,9,1,3,2,2,0,0,0,0,0,0,0,0,0,2,4,5,2,2,3,0,0,0,0,0,0,0,0,2,5,4,6,1,2,0,0,0,0,0,0,0,0,0,4,5,2,3,1,0,0,0,0,0,0,1,0,1,1,2,10,6,3,0,0,0,0,0,0,0,0,0,1,0,2,6,4,0,0,0,0,0,0,0,0,0,0,0,0,愛知
4304,藤崎小百合,フジサキ サユリ,福岡,B2,S,580704,2,41,159,48,A,6.89,56.5,12,14,46,1,0,0.14,8,75.0,0.18,3.3,10,70.0,0.12,2.5,6,66.6,0.14,2.3,9,44.4,0.13,2.2,8,62.5,0.12,2.0,5,0.0,0.15,3.6,B2,B2,B2,0.0,55.0,2025,1,2024-05-01,2024-10-31,95,6,0,1,1,0,0,0,0,0,0,0,0,0,0,3,4,1,1,1,0,0,0,0,0,0,1,0,0,1,3,1,1,0,0,0,0,0,0,0,0,0,0,1,3,3,2,0,0,0,0,0,0,0,0,0,0,1,4,0,2,0,1,0,0,0,0,0,0,0,0,0,0,0,4,0,1,0,0,0,0,0,0,0,0,0,0,0,0,鹿児島
4305,金子拓矢,カネコ タクヤ,群馬,A1,S,581002,1,41,169,55,AB,6.85,52.5,32,30,118,6,2,0.13,28,85.7,0.12,2.2,21,61.9,0.15,3.2,22,50.0,0.13,3.0,19,31.5,0.14,3.2,13,23.0,0.15,3.4,15,33.3,0.1,2.0,A1,A1,A1,57.0,58.0,2025,1,2024-05-01,2024-10-31,95,20,4,2,1,0,1,0,0,0,0,0,0,0,0,6,7,3,2,2,1,0,0,0,0,0,0,0,0,2,9,4,1,3,3,0,0,0,0,0,0,0,0,2,4,6,3,3,1,0,0,0,0,0,0,0,0,1,2,4,5,0,1,0,0,0,0,0,0,0,0,1,4,3,3,2,2,0,0,0,0,0,0,0,0,0,0,0,0,栃木
4306,畔柳俊吾,クロヤナギ シュンゴ,愛知,B1,S,581024,1,41,170,49,A,5.33,30.6,19,19,124,0,0,0.18,22,59.0,0.2,4.0,18,50.0,0.19,4.2,22,22.7,0.16,3.5,28,25.0,0.17,3.5,20,15.0,0.19,3.6,14,7.1,0.19,4.4,B1,A2,A2,46.0,50.0,2025,1,2024-05-01,2024-10-31,95,11,2,1,5,1,2,0,0,0,0,0,0,0,0,2,7,3,3,0,3,0,0,0,0,0,0,0,0,2,3,9,3,3,2,0,0,0,0,0,0,0,0,3,4,6,7,4,4,0,0,0,0,0,0,0,0,1,2,5,6,4,1,0,0,0,0,0,0,0,1,0,1,3,4,3,3,0,0,0,0,0,0,0,0,0,0,0,0,愛知
4308,河村了,カワムラ リョウ,愛知,A1,S,581220,1,41,167,52,O,6.76,48.6,36,34,144,10,0,0.15,33,84.8,0.16,3.3,24,50.0,0.15,3.5,23,39.1,0.13,2.0,17,41.1,0.14,3.1,31,29.0,0.16,3.3,16,31.2,0.16,3.0,A1,A1,A1,58.0,56.0,2025,1,2024-05-01,2024-10-31,95,25,3,2,2,0,0,0,0,0,0,0,0,1,0,3,9,6,4,1,1,0,0,0,0,0,0,0,0,2,7,8,5,0,1,0,0,0,0,0,0,0,0,2,5,6,1,2,1,0,0,0,0,0,0,0,0,3,6,6,9,4,3,0,0,0,0,0,0,0,0,1,4,4,4,3,0,0,0,0,0,0,0,0,0,0,0,0,0,愛知
4311,岡村仁,オカムラ マサシ,大阪,A1,S,590219,1,40,167,55,O,7.13,59.0,38,34,122,5,1,0.14,28,78.5,0.16,3.1,18,66.6,0.13,2.8,23,65.2,0.14,2.5,23,43.4,0.13,2.7,17,41.1,0.13,3.5,13,46.1,0.16,3.4,A1,A1,A1,59.0,59.0,2025,1,2024-05-01,2024-10-31,95,19,3,3,1,1,0,1,0,0,0,0,0,0,0,4,8,3,1,1,1,0,0,0,0,0,0,0,0,6,9,4,0,3,0,0,0,0,0,0,0,1,0,6,4,5,4,1,3,0,0,0,0,0,0,0,0,2,5,3,2,1,4,0,0,0,0,0,0,0,0,1,5,2,3,1,1,0,0,0,0,0,0,0,0,0,0,0,0,大阪
4313,西村美智子,ニシムラ ミチコ,香川,B2,S,590412,2,40,157,52,B,5.58,26.9,4,3,26,0,0,0.15,5,60.0,0.14,3.0,4,0.0,0.16,4.5,3,0.0,0.14,3.7,5,40.0,0.12,2.2,4,25.0,0.14,1.8,5,20.0,0.21,3.0,A2,A2,A2,53.0,52.0,2025,1,2024-05-01,2024-10-31,95,3,0,0,1,0,0,1,0,0,0,0,0,0,0,0,0,1,1,1,1,0,0,0,0,0,0,0,0,0,0,2,0,1,0,0,0,0,0,0,0,0,0,1,1,3,0,0,0,0,0,0,0,0,0,0,0,0,1,0,2,0,1,0,0,0,0,0,0,0,0,0,1,2,0,0,2,0,0,0,0,0,0,0,0,0,0,0,0,香川
4314,青木幸太郎,アオキ コウタロウ,福岡,B1,S,590508,1,40,168,52,B,5.32,34.5,17,20,107,0,0,0.14,16,62.5,0.14,2.9,19,31.5,0.15,2.6,16,43.7,0.17,2.7,20,40.0,0.12,2.7,20,25.0,0.14,2.5,16,6.2,0.15,3.4,B1,B1,A2,49.0,50.0,2025,1,2024-05-01,2024-10-31,95,8,2,3,2,1,0,0,0,0,0,0,0,0,0,3,3,3,2,4,4,0,0,0,0,0,0,0,0,3,4,3,3,2,1,0,0,0,0,0,0,0,0,1,7,2,4,5,1,0,0,0,0,0,0,0,0,1,4,6,3,4,2,0,0,0,0,0,0,0,0,1,0,3,2,5,5,0,0,0,0,0,1,0,0,0,0,0,0,福岡
4315,山崎昂介,ヤマサキ コウスケ,長崎,A2,S,590602,1,40,167,54,B,5.49,35.6,18,23,115,0,0,0.16,16,56.2,0.16,3.2,20,50.0,0.16,3.5,24,29.1,0.15,3.2,22,31.8,0.15,2.7,20,35.0,0.14,3.1,13,7.6,0.18,4.2,B1,B1,B1,48.0,50.0,2025,1,2024-05-01,2024-10-31,95,9,0,0,3,1,2,0,0,0,0,0,0,1,0,3,7,4,1,3,2,0,0,0,0,0,0,0,0,1,6,6,4,5,2,0,0,0,0,0,0,0,0,1,6,6,4,2,3,0,0,0,0,0,0,0,0,4,3,3,6,3,1,0,0,0,0,0,0,0,0,0,1,4,2,5,1,0,0,0,0,0,0,0,0,0,0,0,0,長崎
4317,木村紗友希,キムラ サユキ,静岡,B1,S,590714,2,40,154,47,B,4.89,27.5,11,16,98,0,0,0.17,15,60.0,0.13,2.4,20,35.0,0.21,3.7,15,40.0,0.16,2.2,15,26.6,0.18,2.1,19,5.2,0.15,2.7,14,0.0,0.16,3.4,B1,B1,B1,47.0,48.0,2025,1,2024-05-01,2024-10-31,95,5,4,1,3,0,1,1,0,0,0,0,0,0,0,3,4,6,4,2,1,0,0,0,0,0,0,0,0,2,4,1,2,2,4,0,0,0,0,0,0,0,0,1,3,6,2,1,1,0,0,0,0,0,0,1,0,0,1,3,8,3,3,1,0,0,0,0,0,0,0,0,0,2,2,7,3,0,0,0,0,0,0,0,0,0,0,0,0,静岡
4318,桑原将光,クワバラ マサミツ,東京,A2,S,590731,1,40,164,51,O,5.66,34.2,24,25,143,1,0,0.16,25,72.0,0.16,2.8,21,38.1,0.15,2.7,32,18.7,0.16,3.3,26,34.6,0.18,3.4,18,27.7,0.15,3.2,21,14.2,0.14,3.3,A2,A2,A2,51.0,52.0,2025,1,2024-05-01,2024-10-31,95,14,4,2,3,1,1,0,0,0,0,0,0,0,0,4,4,5,3,4,1,0,0,0,0,0,0,0,0,1,5,12,5,4,5,0,0,0,0,0,0,0,0,2,7,4,7,5,1,0,0,0,0,0,1,0,0,2,3,3,4,4,1,0,0,0,0,0,0,1,0,1,2,5,8,3,2,0,0,0,0,0,0,0,0,0,0,0,0,東京
4319,三宅潤,ミヤケ ジュン,大阪,A2,S,600309,1,39,164,54,A,5.75,35.3,26,20,130,3,0,0.17,20,90.0,0.15,2.9,23,43.4,0.15,3.6,23,30.4,0.15,3.3,20,30.0,0.16,3.4,24,12.5,0.19,4.1,20,10.0,0.21,4.9,A2,B1,B1,50.0,51.0,2025,1,2024-05-01,2024-10-31,95,17,1,0,1,1,0,0,0,0,0,0,0,0,0,4,6,5,3,3,2,0,0,0,0,0,0,0,0,2,5,7,5,0,4,0,0,0,0,0,0,0,0,1,5,6,5,2,1,0,0,0,0,0,0,0,0,0,3,3,9,5,4,0,0,0,0,0,0,0,0,2,0,5,8,3,2,0,0,0,0,0,0,0,0,0,0,0,0,大阪
4320,峰竜太,ミネ リュウタ,佐賀,A1,S,600330,1,39,173,51,B,8.7,63.1,46,31,122,7,1,0.12,31,93.5,0.11,2.9,24,50.0,0.12,3.3,18,66.6,0.12,2.2,24,62.5,0.12,2.5,14,50.0,0.09,3.1,11,18.1,0.13,2.8,A1,A1,A1,75.0,75.0,2025,1,2024-05-01,2024-10-31,95,26,3,1,1,0,0,0,0,0,0,0,0,0,0,4,8,8,1,1,2,0,0,0,0,0,0,0,0,7,5,0,5,1,0,0,0,0,0,0,0,0,0,4,11,4,3,1,1,0,0,0,0,0,0,0,0,3,4,4,2,1,0,0,0,0,0,0,0,0,0,2,0,4,1,4,0,0,0,0,0,0,0,0,0,0,0,0,0,佐賀
4323,山田佑樹,ヤマダ ユウキ,岡山,A2,S,611014,1,38,169,56,B,5.73,43.9,17,30,107,4,0,0.16,18,77.7,0.16,3.7,20,30.0,0.17,4.2,13,53.8,0.13,2.6,20,60.0,0.15,3.3,20,40.0,0.15,2.7,16,0.0,0.16,4.1,B1,A2,B1,50.0,51.0,2025,1,2024-05-01,2024-10-31,95,8,6,0,2,1,1,0,0,0,0,0,0,0,0,0,6,5,3,3,3,0,0,0,0,0,0,0,0,4,3,2,2,1,1,0,0,0,0,0,0,0,0,4,8,3,3,0,2,0,0,0,0,0,0,0,0,1,7,1,5,1,5,0,0,0,0,0,0,0,0,0,0,2,5,5,4,0,0,0,0,0,1,0,0,0,0,1,0,岡山
4324,海野康志郎,ウンノ コウシロウ,山口,A1,S,621215,1,37,173,60,A,7.48,61.2,48,39,142,12,3,0.14,36,97.2,0.12,2.4,28,71.4,0.13,3.1,31,54.8,0.15,3.0,23,34.7,0.15,3.3,20,35.0,0.17,3.4,4,0.0,0.11,2.5,A1,A1,A1,62.0,58.0,2025,1,2024-05-01,2024-10-31,95,27,8,0,0,1,0,0,0,0,0,0,0,0,0,5,15,5,1,1,1,0,0,0,0,0,0,0,0,9,8,7,0,5,2,0,0,0,0,0,0,0,0,5,3,6,4,4,1,0,0,0,0,0,0,0,0,2,5,6,2,5,0,0,0,0,0,0,0,0,0,0,0,2,1,1,0,0,0,0,0,0,0,0,0,0,0,0,0,山口
4325,新出浩司,シンデ コウジ,大阪,B1,S,580415,1,41,168,52,A,5.15,31.3,17,20,118,2,0,0.14,20,55.0,0.13,2.4,17,47.0,0.16,2.6,22,27.2,0.14,3.0,16,25.0,0.13,2.1,20,25.0,0.13,2.3,23,13.0,0.12,2.3,A2,B1,B1,51.0,50.0,2025,1,2024-05-01,2024-10-31,96,10,1,4,2,3,0,0,0,0,0,0,0,0,0,2,6,3,1,4,1,0,0,0,0,0,1,0,0,0,6,2,5,6,3,0,0,0,0,0,0,0,0,1,3,3,5,4,0,0,0,0,0,0,0,0,0,3,2,4,7,4,0,0,0,0,0,0,0,0,0,1,2,3,4,6,7,0,0,0,0,0,0,0,0,0,0,1,0,大阪
4327,加藤翔,カトウ ショウ,静岡,B1,S,580609,1,41,159,53,A,4.18,16.1,4,15,118,0,0,0.2,18,33.3,0.23,4.4,21,23.8,0.2,4.0,23,4.3,0.18,3.6,23,26.0,0.19,3.8,14,7.1,0.18,3.4,19,0.0,0.24,4.4,B1,B1,B1,45.0,47.0,2025,1,2024-05-01,2024-10-31,96,2,4,5,3,2,2,0,0,0,0,0,0,0,0,2,3,6,3,5,2,0,0,0,0,0,0,0,0,0,1,7,8,6,1,0,0,0,0,0,0,0,0,0,6,4,4,6,2,0,0,0,0,0,0,0,1,0,1,4,2,2,5,0,0,0,0,0,0,0,0,0,0,0,5,9,5,0,0,0,0,0,0,0,0,0,0,0,0,静岡
4329,小松卓司,コマツ タクジ,福岡,B1,S,580712,1,41,161,51,O,5.3,31.5,14,21,111,1,0,0.16,18,50.0,0.12,3.2,17,41.1,0.15,3.1,19,21.0,0.14,3.2,22,27.2,0.16,3.5,17,41.1,0.17,3.5,18,11.1,0.22,5.3,B1,B1,B1,50.0,50.0,2025,1,2024-05-01,2024-10-31,96,5,4,4,2,2,1,0,0,0,0,0,0,0,0,1,6,3,5,2,0,0,0,0,0,0,0,0,0,0,4,4,3,5,3,0,0,0,0,0,0,0,0,2,4,8,5,3,0,0,0,0,0,0,0,0,0,5,2,4,1,4,1,0,0,0,0,0,0,0,0,1,1,3,1,5,7,0,0,0,0,0,0,0,0,0,0,0,0,福岡
4330,奈須啓太,ナス ケイタ,福岡,B2,S,580817,1,41,159,51,A,7.65,61.2,16,3,31,3,2,0.1,10,90.0,0.1,1.4,4,100.0,0.11,1.5,3,100.0,0.08,1.7,3,33.3,0.12,2.0,5,20.0,0.11,2.8,5,20.0,0.1,2.6,A2,A2,A1,54.0,55.0,2025,1,2024-05-01,2024-10-31,96,9,0,0,0,0,0,0,0,0,0,0,0,0,1,3,1,0,0,0,0,0,0,0,0,0,0,0,0,2,1,0,0,0,0,0,0,0,0,0,0,0,0,1,0,1,1,0,0,0,0,0,0,0,0,0,0,1,0,2,1,1,0,0,0,0,0,0,0,0,0,0,1,1,1,1,1,0,0,0,0,0,0,0,0,0,0,0,1,福岡
4331,三好勇人,ミヨシ ハヤト,香川,A2,S,580903,1,41,171,56,A,6.14,45.6,27,30,125,2,0,0.14,23,86.9,0.12,1.8,19,36.8,0.11,1.9,22,50.0,0.13,2.6,29,34.4,0.15,3.2,15,33.3,0.16,2.6,17,23.5,0.19,4.5,A2,A2,B1,53.0,52.0,2025,1,2024-05-01,2024-10-31,96,15,5,0,1,0,0,1,0,0,0,0,0,1,0,3,4,5,6,1,0,0,0,0,0,0,0,0,0,4,7,2,7,1,1,0,0,0,0,0,0,0,0,4,6,7,7,3,2,0,0,0,0,0,0,0,0,1,4,3,3,1,3,0,0,0,0,0,0,0,0,0,4,3,3,3,4,0,0,0,0,0,0,0,0,0,0,0,0,愛媛
4332,村上彰一,ムラカミ ショウイチ,福岡,B1,S,580924,1,41,168,57,A,4.9,27.1,7,18,92,0,0,0.15,16,37.5,0.16,3.4,14,57.1,0.16,2.9,17,41.1,0.15,2.7,12,0.0,0.17,2.8,21,19.0,0.14,3.4,12,0.0,0.17,3.2,B1,B1,B1,44.0,49.0,2025,1,2024-05-01,2024-10-31,96,2,4,5,1,2,2,0,0,0,0,0,0,0,0,3,5,0,3,3,0,0,0,0,0,0,0,0,0,2,5,5,1,2,2,0,0,0,0,0,0,0,0,0,0,7,2,2,1,0,0,0,0,0,0,0,0,0,4,2,5,6,4,0,0,0,0,0,0,0,0,0,0,4,0,4,4,0,0,0,0,0,0,0,0,0,0,1,0,福岡
4335,若林将,ワカバヤシ ショウ,東京,A1,S,590108,1,40,170,56,O,7.12,53.7,47,24,132,7,3,0.12,36,86.1,0.11,2.7,16,56.2,0.12,2.4,24,33.3,0.13,2.8,22,50.0,0.1,2.2,18,55.5,0.12,2.1,16,12.5,0.14,2.6,A1,A1,A1,59.0,55.0,2025,1,2024-05-01,2024-10-31,96,29,2,4,0,1,0,0,0,0,0,0,0,0,0,5,4,4,0,2,0,0,0,0,0,0,0,1,0,3,5,6,7,2,1,0,0,0,0,0,0,0,0,6,5,5,5,0,1,0,0,0,0,0,0,0,0,4,6,3,3,2,0,0,0,0,0,0,0,0,0,0,2,4,4,5,1,0,0,0,0,0,0,0,0,0,0,0,0,千葉
4336,松田竜馬,マツダ タツマ,福岡,A2,S,590122,1,40,166,54,A,5.88,36.7,27,23,136,2,0,0.14,28,78.5,0.15,2.9,19,36.8,0.14,2.9,25,36.0,0.11,2.2,22,31.8,0.13,2.6,19,21.0,0.15,3.3,23,4.3,0.14,2.7,A2,B1,B1,51.0,52.0,2025,1,2024-05-01,2024-10-31,96,18,4,2,2,2,0,0,0,0,0,0,0,0,0,4,3,7,1,1,3,0,0,0,0,0,0,0,0,1,8,10,2,2,2,0,0,0,0,0,1,0,0,3,4,8,4,2,1,0,0,0,0,0,0,0,0,1,3,3,7,2,3,0,0,0,0,0,0,0,0,0,1,4,7,7,4,0,0,0,0,0,0,0,0,0,0,0,0,鹿児島
4337,平本真之,ヒラモト マサユキ,愛知,A1,S,590505,1,40,159,55,A,6.87,41.3,24,31,133,5,0,0.13,26,80.7,0.14,2.7,18,50.0,0.13,3.1,26,38.4,0.12,3.0,25,16.0,0.13,3.2,18,50.0,0.12,3.3,19,10.5,0.12,3.2,A1,A1,A1,72.0,68.0,2025,1,2024-05-01,2024-10-31,96,14,7,2,1,1,1,0,0,0,0,0,0,0,0,4,5,3,3,1,2,0,0,0,0,0,0,0,0,5,5,8,3,3,1,0,0,0,0,0,0,1,0,0,4,6,7,4,4,0,0,0,0,0,0,0,0,1,8,2,1,3,3,0,0,0,0,0,0,0,0,0,2,5,9,3,0,0,0,0,0,0,0,0,0,0,0,0,1,愛知
4339,平瀬城啓,ヒラセ クニヒロ,福井,B1,S,590616,1,40,164,53,AB,4.12,21.2,8,13,99,0,0,0.17,13,53.8,0.13,2.5,15,40.0,0.17,4.0,20,15.0,0.16,3.5,16,18.7,0.17,3.9,20,0.0,0.19,3.9,15,13.3,0.22,4.6,B1,B1,B1,45.0,46.0,2025,1,2024-05-01,2024-10-31,96,6,1,3,0,0,3,0,0,0,0,0,0,0,0,1,5,4,2,3,0,0,0,0,0,0,0,0,0,1,2,2,3,9,3,0,0,0,0,0,0,0,0,0,3,3,3,2,5,0,0,0,0,0,0,0,0,0,0,2,9,5,4,0,0,0,0,0,0,0,0,0,2,0,0,6,7,0,0,0,0,0,0,0,0,0,0,0,0,富山
4340,土性雅也,ドショウ マサヤ,三重,B1,S,590806,1,40,162,57,A,4.75,27.0,13,20,122,0,0,0.18,19,78.9,0.18,3.9,19,26.3,0.2,4.2,18,27.7,0.18,4.1,25,16.0,0.18,3.2,19,10.5,0.16,3.4,22,9.0,0.19,5.0,B1,B1,A2,49.0,48.0,2025,1,2024-05-01,2024-10-31,96,11,4,2,2,0,0,0,0,0,0,0,0,0,0,1,4,2,7,4,1,0,0,0,0,0,0,0,0,0,5,4,2,4,3,0,0,0,0,0,0,0,0,0,4,3,8,6,3,0,0,0,0,0,0,1,0,1,1,4,5,7,1,0,0,0,0,0,0,0,0,0,2,4,1,10,5,0,0,0,0,0,0,0,0,0,0,0,0,三重
4342,谷野錬志,ヤノ レンシ,静岡,A1,S,590911,1,40,167,52,A,6.64,51.6,42,36,151,7,2,0.13,30,80.0,0.14,2.8,26,34.6,0.13,2.7,20,60.0,0.14,2.8,24,50.0,0.1,2.2,29,58.6,0.13,2.7,22,18.1,0.14,3.3,A1,A1,A1,62.0,57.0,2025,1,2024-05-01,2024-10-31,96,20,4,2,1,2,1,0,0,0,0,0,0,0,0,2,7,4,4,3,5,0,0,0,0,0,0,1,0,6,6,2,4,1,1,0,0,0,0,0,0,0,0,7,5,6,3,2,1,0,0,0,0,0,0,0,0,7,10,3,3,1,5,0,0,0,0,0,0,0,0,0,4,6,5,4,3,0,0,0,0,0,0,0,0,0,0,0,0,静岡
4343,村岡賢,ムラオカ ケン,広島,B1,S,590915,1,40,164,54,A,3.99,17.9,7,12,106,0,0,0.17,13,38.4,0.16,2.9,20,15.0,0.18,4.4,20,10.0,0.17,3.5,19,21.0,0.17,3.5,23,21.7,0.17,3.7,11,0.0,0.2,5.2,B1,B1,B1,47.0,45.0,2025,1,2024-05-01,2024-10-31,96,2,3,2,3,2,1,0,0,0,0,0,0,0,0,1,2,4,5,4,4,0,0,0,0,0,0,0,0,0,2,3,4,9,1,0,0,0,0,0,0,0,1,2,2,3,4,5,3,0,0,0,0,0,0,0,0,2,3,2,5,5,5,0,0,0,0,0,0,1,0,0,0,1,2,3,5,0,0,0,0,0,0,0,0,0,0,0,0,広島
4344,新田雄史,ニッタ ユウシ,三重,A1,S,600219,1,39,169,56,B,7.15,52.9,37,26,119,4,2,0.14,26,96.1,0.12,2.8,22,40.9,0.14,3.3,19,47.3,0.11,2.8,22,54.5,0.14,3.3,21,33.3,0.18,3.6,9,11.1,0.19,4.7,A1,A1,A1,69.0,62.0,2025,1,2024-05-01,2024-10-31,96,22,3,0,0,0,1,0,0,0,0,0,0,0,0,3,6,4,4,3,2,0,0,0,0,0,0,0,0,5,4,2,2,3,3,0,0,0,0,0,0,0,0,5,7,4,2,2,2,0,0,0,0,0,0,0,0,2,5,3,7,1,2,1,0,0,0,0,0,0,0,0,1,2,3,2,1,0,0,0,0,0,0,0,0,0,0,0,0,三重
4345,西舘健,ニシダテ ケン,東京,A2,S,600228,1,39,169,56,AB,5.48,37.0,20,17,100,2,0,0.16,15,53.3,0.17,4.2,19,52.6,0.15,3.7,21,42.8,0.15,3.5,17,29.4,0.16,3.0,18,27.7,0.14,2.7,10,0.0,0.18,3.9,B1,B1,B1,45.0,50.0,2025,1,2024-05-01,2024-10-31,96,7,1,3,2,0,1,0,0,0,0,0,0,1,0,6,4,4,1,1,3,0,0,0,0,0,0,0,0,3,6,1,4,4,3,0,0,0,0,0,1,0,0,3,2,3,3,3,3,0,0,0,0,0,0,0,0,1,4,4,3,2,4,0,0,0,0,0,0,0,0,0,0,1,5,2,2,0,0,0,0,0,0,0,0,0,0,0,0,神奈川
4346,前田健太郎,マエダ ケンタロウ,福岡,B1,S,600420,1,39,166,57,A,4.32,27.6,21,15,130,2,0,0.15,16,56.2,0.13,2.4,23,26.0,0.19,4.0,23,39.1,0.14,2.8,17,29.4,0.15,2.6,26,15.3,0.16,3.1,25,12.0,0.13,3.1,B1,B1,B1,47.0,45.0,2025,1,2024-05-01,2024-10-31,96,9,0,2,2,1,2,0,0,0,0,0,0,0,0,2,4,3,2,3,9,0,0,0,0,0,0,0,0,4,5,1,3,5,5,0,0,0,0,0,0,0,0,2,3,4,3,1,4,0,0,0,0,0,0,0,0,2,2,3,3,3,13,0,0,0,0,0,0,0,0,2,1,0,4,5,12,1,0,0,0,0,0,0,0,0,0,0,0,福岡
4347,魚谷香織,ウオタニ カオリ,福岡,A2,S,600426,2,39,155,46,AB,6.13,42.7,22,19,96,1,0,0.15,26,69.2,0.14,2.7,12,50.0,0.16,2.7,17,52.9,0.16,3.1,15,26.6,0.13,2.3,13,15.3,0.16,3.9,13,15.3,0.13,3.2,A1,A1,A2,56.0,55.0,2025,1,2024-05-01,2024-10-31,96,13,5,2,3,2,1,0,0,0,0,0,0,0,0,3,3,3,1,2,0,0,0,0,0,0,0,0,0,5,4,3,2,2,1,0,0,0,0,0,0,0,0,1,3,3,6,1,1,0,0,0,0,0,0,0,0,0,2,3,2,2,4,0,0,0,0,0,0,0,0,0,2,1,3,6,1,0,0,0,0,0,0,0,0,0,0,0,0,山口
4348,宮崎奨,ミヤザキ ススム,香川,A1,S,600821,1,39,171,55,AB,6.73,54.1,35,37,133,4,1,0.16,28,85.7,0.16,2.6,26,65.3,0.15,3.6,19,73.6,0.15,3.3,29,34.4,0.18,3.9,12,33.3,0.15,3.3,19,15.7,0.17,3.9,A1,A2,A2,55.0,53.0,2025,1,2024-05-01,2024-10-31,96,21,3,3,1,0,0,0,0,0,0,0,0,0,0,4,13,5,3,1,0,0,0,0,0,0,1,0,0,5,9,3,1,1,0,0,0,0,0,0,0,0,0,1,9,10,3,2,3,0,0,0,0,0,0,0,1,3,1,4,3,1,0,0,0,0,0,0,0,0,0,1,2,2,1,9,3,0,0,0,0,0,1,1,0,0,0,0,0,香川
4349,犬童千秋,インドウ チアキ,福岡,B1,S,600913,2,39,158,51,A,5.28,32.6,10,20,92,1,0,0.15,17,58.8,0.18,3.2,16,68.7,0.13,2.0,13,38.4,0.16,3.2,13,15.3,0.16,3.0,17,11.7,0.13,1.9,16,0.0,0.13,3.3,A2,B1,B1,52.0,50.0,2025,1,2024-05-01,2024-10-31,96,4,6,4,2,0,1,0,0,0,0,0,0,0,0,2,9,2,1,2,0,0,0,0,0,0,0,0,0,1,4,5,2,1,0,0,0,0,0,0,0,0,0,2,0,5,3,3,0,0,0,0,0,0,0,0,0,1,1,3,2,4,6,0,0,0,0,0,0,0,0,0,0,2,4,5,5,0,0,0,0,0,0,0,0,0,0,0,0,宮崎
4350,篠崎元志,シノザキ モトシ,福岡,A1,S,610228,1,38,170,53,A,7.45,47.7,40,25,136,6,3,0.13,35,80.0,0.12,2.8,15,40.0,0.13,3.1,25,56.0,0.13,3.6,23,39.1,0.13,2.9,22,27.2,0.13,2.5,16,12.5,0.14,3.0,A1,A1,A1,66.0,70.0,2025,1,2024-05-01,2024-10-31,96,26,2,3,1,0,3,0,0,0,0,0,0,0,0,3,3,5,3,0,1,0,0,0,0,0,0,0,0,4,10,5,3,0,2,0,0,0,0,0,0,0,1,4,5,7,4,3,0,0,0,0,0,0,0,0,0,3,3,2,4,8,2,0,0,0,0,0,0,0,0,0,2,3,6,4,1,0,0,0,0,0,0,0,0,0,0,0,0,福岡
4351,里岡右貴,サトオカ ユウキ,福岡,A1,S,610315,1,38,161,56,B,6.76,51.7,34,25,114,3,2,0.14,22,100.0,0.12,2.2,16,68.7,0.14,2.5,20,35.0,0.16,3.5,23,52.1,0.12,2.3,17,29.4,0.15,3.3,16,12.5,0.16,3.3,A1,A1,A1,56.0,55.0,2025,1,2024-05-01,2024-10-31,96,18,4,0,0,0,0,0,0,0,0,0,0,0,0,5,6,3,1,1,0,0,0,0,0,0,0,0,0,2,5,6,3,1,2,0,0,0,0,0,0,1,0,4,8,5,1,3,1,1,0,0,0,0,0,0,0,3,2,2,6,1,2,1,0,0,0,0,0,0,0,2,0,7,3,3,1,0,0,0,0,0,0,0,0,0,0,2,0,福岡
4352,下條雄太郎,シモジョウ ユウタロウ,長崎,A1,S,610401,1,38,167,53,AB,7.06,52.5,42,31,139,7,1,0.11,29,93.1,0.12,2.5,19,57.8,0.11,2.1,18,61.1,0.12,2.3,30,40.0,0.11,2.5,20,35.0,0.12,2.9,23,21.7,0.12,3.0,A1,A2,A1,55.0,61.0,2025,1,2024-05-01,2024-10-31,96,24,3,0,1,0,0,1,0,0,0,0,0,0,0,5,6,5,1,1,1,0,0,0,0,0,0,0,0,2,9,2,0,4,1,0,0,0,0,0,0,0,0,7,5,7,5,4,2,0,0,0,0,0,0,0,0,2,5,4,4,5,0,0,0,0,0,0,0,0,0,2,3,4,4,5,5,0,0,0,0,0,0,0,0,0,0,0,0,長崎
4355,小川広大,オガワ コウダイ,福岡,B1,S,581223,1,41,172,60,A,3.96,19.4,9,13,113,0,0,0.18,16,50.0,0.12,2.4,19,21.0,0.17,4.1,18,22.2,0.17,4.1,22,13.6,0.2,4.1,17,17.6,0.18,3.9,21,0.0,0.23,5.0,B1,B1,B1,44.0,45.0,2025,1,2024-05-01,2024-10-31,97,6,2,3,1,2,2,0,0,0,0,0,0,0,0,2,2,3,3,7,2,0,0,0,0,0,0,0,0,0,4,1,5,4,4,0,0,0,0,0,0,0,0,0,3,2,7,7,3,0,0,0,0,0,0,0,0,1,2,0,3,7,4,0,0,0,0,0,0,0,0,0,0,4,2,7,8,0,0,0,0,0,0,0,0,0,0,0,0,福岡
4356,長岡良也,ナガオカ リョウヤ,兵庫,A2,S,590318,1,40,168,51,O,6.13,39.5,28,21,124,1,0,0.15,27,81.4,0.14,2.6,20,50.0,0.17,3.3,21,23.8,0.16,3.0,25,36.0,0.14,3.4,20,10.0,0.14,3.3,11,9.0,0.15,2.8,A1,A1,A1,53.0,52.0,2025,1,2024-05-01,2024-10-31,97,20,2,2,1,1,0,0,0,0,0,0,0,1,0,3,7,4,4,1,1,0,0,0,0,0,0,0,0,1,4,8,4,3,1,0,0,0,0,0,1,0,0,2,7,9,3,3,0,1,0,0,0,0,1,0,0,2,0,5,5,6,2,0,0,0,0,0,0,0,0,0,1,5,2,2,1,0,0,0,0,0,0,0,0,0,0,0,0,兵庫
4357,田中和也,タナカ カズヤ,大阪,A1,S,590629,1,40,165,53,A,6.24,49.5,26,27,107,2,1,0.18,26,84.6,0.17,3.5,17,47.0,0.22,4.2,22,40.9,0.15,2.9,16,37.5,0.21,3.8,17,35.2,0.15,3.5,9,22.2,0.18,4.4,A1,A1,A1,56.0,52.0,2025,1,2024-05-01,2024-10-31,97,17,5,1,1,1,1,0,0,0,0,0,0,0,0,2,6,3,1,1,4,0,0,0,0,0,0,0,0,3,6,4,2,4,2,1,0,0,0,0,0,0,0,2,4,5,1,2,2,0,0,0,0,0,0,0,0,2,4,3,1,5,2,0,0,0,0,0,0,0,0,0,2,4,2,0,1,0,0,0,0,0,0,0,0,0,0,0,0,大阪
4358,松本庸平,マツモト ヨウヘイ,三重,B1,S,590824,1,40,165,51,O,4.3,27.4,10,21,113,1,0,0.21,14,64.2,0.19,4.1,21,42.8,0.19,4.5,24,29.1,0.21,4.2,19,21.0,0.23,5.3,19,5.2,0.21,4.8,16,6.2,0.2,4.9,B1,B1,B1,46.0,45.0,2025,1,2024-05-01,2024-10-31,97,4,5,2,0,2,1,0,0,0,0,0,0,0,0,4,5,1,2,5,4,0,0,0,0,0,0,0,0,2,5,8,1,3,5,0,0,0,0,0,0,0,0,0,4,4,2,3,6,0,0,0,0,0,0,0,0,0,1,0,5,5,7,0,0,0,0,0,0,0,1,0,1,1,1,4,9,0,0,0,0,0,0,0,0,0,0,0,0,三重
4359,横川聖志,ヨコガワ サトシ,徳島,B1,S,590830,1,40,168,58,O,5.04,30.5,13,20,108,0,0,0.14,14,92.8,0.14,2.1,21,33.3,0.14,2.7,16,6.2,0.13,2.5,22,27.2,0.14,2.5,18,27.7,0.13,1.8,17,5.8,0.15,3.6,B1,B1,B1,50.0,48.0,2025,1,2024-05-01,2024-10-31,97,8,5,1,0,0,0,0,0,0,0,0,0,0,0,1,6,4,3,3,4,0,0,0,0,0,0,0,0,0,1,3,7,2,2,1,0,0,0,0,0,0,0,3,3,6,2,4,4,0,0,0,0,0,0,0,0,1,4,5,4,2,2,0,0,0,0,0,0,0,0,0,1,3,2,5,6,0,0,0,0,0,0,0,0,0,0,0,0,徳島
4360,庄司孝輔,ショウジ コウスケ,静岡,B1,S,591003,1,40,167,56,O,4.79,20.8,8,7,72,0,0,0.19,12,66.6,0.17,3.3,14,28.5,0.18,3.9,8,12.5,0.2,3.6,14,7.1,0.21,3.9,11,0.0,0.21,4.2,13,7.6,0.18,4.0,B1,A2,B1,48.0,48.0,2025,1,2024-05-01,2024-10-31,97,4,4,3,0,0,1,0,0,0,0,0,0,0,0,2,2,5,4,0,1,0,0,0,0,0,0,0,0,1,0,5,0,1,1,0,0,0,0,0,0,0,0,1,0,3,5,2,3,0,0,0,0,0,0,0,0,0,0,1,6,1,3,0,0,0,0,0,0,0,0,0,1,0,5,4,2,1,0,0,0,0,0,0,0,0,0,0,0,静岡
4361,柳生泰二,ヤギュウ タイジ,山口,A1,S,591030,1,40,165,53,B,6.9,46.4,43,22,140,5,1,0.14,34,88.2,0.14,3.1,19,52.6,0.14,3.1,25,36.0,0.13,2.9,23,39.1,0.13,2.7,22,22.7,0.14,3.0,17,11.7,0.13,3.7,A1,A1,A1,62.0,62.0,2025,1,2024-05-01,2024-10-31,97,28,2,0,2,1,1,0,0,0,0,0,0,0,0,1,9,3,3,2,1,0,0,0,0,0,0,0,0,4,5,7,4,3,2,0,0,0,0,0,0,0,0,5,4,6,3,5,0,0,0,0,0,0,0,0,0,4,1,5,8,3,1,0,0,0,0,0,0,0,0,1,1,7,1,2,5,0,0,0,0,0,0,0,0,0,0,1,0,山口
4362,土屋智則,ツチヤ トモノリ,群馬,A1,S,600206,1,39,164,54,B,7.21,49.5,35,20,111,7,2,0.13,31,70.9,0.11,2.6,16,50.0,0.14,3.3,17,17.6,0.16,3.6,21,42.8,0.14,2.7,21,61.9,0.13,3.2,5,0.0,0.16,4.4,A1,A1,A1,69.0,64.0,2025,1,2024-05-01,2024-10-31,97,20,2,4,2,0,2,0,0,0,0,0,0,1,0,4,4,6,2,0,0,0,0,0,0,0,0,0,0,2,1,6,5,0,2,0,0,0,0,0,0,0,1,3,6,2,4,3,3,0,0,0,0,0,0,0,0,6,7,2,2,0,4,0,0,0,0,0,1,0,0,0,0,0,3,1,1,0,0,0,0,0,0,0,0,0,0,1,0,群馬
4363,大野芳顕,オオノ ヨシアキ,福岡,A2,S,600217,1,39,169,53,A,5.53,32.6,22,23,138,1,0,0.16,26,76.9,0.14,2.3,23,34.7,0.16,3.3,22,40.9,0.16,2.8,20,25.0,0.15,2.9,26,11.5,0.17,3.2,21,0.0,0.17,3.7,A2,A2,B1,51.0,51.0,2025,1,2024-05-01,2024-10-31,97,15,5,5,1,0,0,0,0,0,0,0,0,0,0,2,6,7,4,4,0,0,0,0,0,0,1,0,0,4,5,3,3,5,2,0,0,0,0,0,0,0,0,1,4,6,6,2,1,0,0,0,0,0,0,0,0,0,3,10,3,5,5,0,0,0,0,0,1,0,0,0,0,2,8,8,3,0,0,0,0,0,0,0,0,0,0,0,0,福岡
4364,池永太,イケナガ フトシ,福岡,A1,S,600319,1,39,169,57,A,7.09,49.3,46,28,150,9,2,0.14,34,88.2,0.14,2.8,24,54.1,0.12,2.4,28,35.7,0.13,2.8,22,45.4,0.14,2.9,25,28.0,0.14,3.0,17,23.5,0.15,3.7,A1,A1,A1,62.0,62.0,2025,1,2024-05-01,2024-10-31,97,26,4,0,3,1,0,0,0,0,0,0,0,0,0,4,9,5,5,0,1,0,0,0,0,0,0,0,0,5,5,10,5,3,0,0,0,0,0,0,0,0,0,6,4,4,4,3,1,0,0,0,0,0,0,0,0,5,2,7,6,4,1,0,0,0,0,0,0,0,0,0,4,2,2,3,6,0,0,0,0,0,0,0,0,0,0,0,0,宮崎
4365,盛本真輔,モリモト シンスケ,兵庫,A2,S,600925,1,39,169,51,B,5.49,33.9,22,18,118,2,0,0.19,18,83.3,0.14,2.5,25,36.0,0.18,3.7,17,47.0,0.17,4.1,20,30.0,0.2,4.2,22,9.0,0.2,4.1,16,0.0,0.22,5.1,B1,B1,B1,49.0,50.0,2025,1,2024-05-01,2024-10-31,97,12,3,2,0,0,1,0,0,0,0,0,0,0,0,5,4,6,5,2,2,0,0,0,0,0,0,1,0,1,7,3,4,1,1,0,0,0,0,0,0,0,0,2,4,9,1,3,1,0,0,0,0,0,0,0,0,2,0,6,4,5,5,0,0,0,0,0,0,0,0,0,0,2,1,7,6,0,0,0,0,0,0,0,0,0,0,0,0,兵庫
4366,前沢丈史,マエザワ タケシ,東京,A1,S,601009,1,39,169,56,AB,6.21,47.2,27,33,127,6,0,0.16,23,95.6,0.17,3.3,17,35.2,0.16,2.9,26,53.8,0.16,3.3,25,40.0,0.14,2.8,16,31.2,0.15,3.0,19,15.7,0.17,3.6,A2,A1,A1,57.0,52.0,2025,1,2024-05-01,2024-10-31,97,17,5,0,0,1,0,0,0,0,0,0,0,0,0,3,3,7,3,1,0,0,0,0,0,0,0,0,0,2,12,2,2,5,1,1,0,0,0,0,0,1,0,3,7,6,5,3,1,0,0,0,0,0,0,0,0,2,3,1,7,2,1,0,0,0,0,0,0,0,0,0,3,5,4,4,3,0,0,0,0,0,0,0,0,0,0,0,1,茨城
4367,山口修路,ヤマグチ シュウジ,福岡,B1,S,601025,1,39,164,53,A,4.78,25.0,9,14,92,0,0,0.22,13,76.9,0.17,3.5,18,16.6,0.22,4.5,15,33.3,0.2,4.0,13,7.6,0.24,5.4,18,16.6,0.24,4.7,15,6.6,0.24,5.4,B1,B1,B1,49.0,48.0,2025,1,2024-05-01,2024-10-31,97,8,2,0,1,0,2,0,0,0,0,0,0,0,0,1,2,6,6,2,1,0,0,0,0,0,0,0,0,0,5,3,3,3,1,0,0,0,0,0,0,0,0,0,1,4,1,3,4,0,0,0,0,0,0,0,0,0,3,6,3,1,5,0,0,0,0,0,0,0,0,0,1,2,3,5,3,1,0,0,0,0,0,0,0,0,0,0,0,福岡
4368,山口隆史,ヤマグチ タカフミ,福岡,B1,S,601025,1,39,165,53,A,4.85,30.0,16,20,120,0,0,0.17,14,85.7,0.17,3.5,24,29.1,0.17,3.8,21,38.1,0.15,3.1,17,17.6,0.18,3.0,27,18.5,0.17,3.5,17,5.8,0.18,4.0,B1,B1,B1,48.0,48.0,2025,1,2024-05-01,2024-10-31,97,7,5,1,1,0,0,0,0,0,0,0,1,0,0,1,6,5,5,6,1,0,0,0,0,0,0,0,0,2,6,2,4,3,4,0,0,0,0,0,0,0,0,2,1,6,1,5,2,0,0,0,0,0,0,0,0,4,1,3,7,6,6,0,0,0,0,0,0,0,0,0,1,2,1,6,7,0,0,0,0,0,0,0,0,0,0,1,0,福岡
4369,丹下将,タンゲ タモツ,愛知,A2,S,601029,1,39,170,60,A,5.91,39.7,32,24,141,3,0,0.15,24,91.6,0.12,2.3,23,47.8,0.19,3.7,27,37.0,0.16,3.0,22,22.7,0.14,3.4,25,28.0,0.17,3.6,20,5.0,0.15,3.5,A2,A2,A1,52.0,51.0,2025,1,2024-05-01,2024-10-31,97,18,4,1,1,0,0,0,0,0,0,0,0,0,0,5,6,5,2,2,2,1,0,0,0,0,0,0,0,4,6,6,4,4,3,0,0,0,0,0,0,0,0,3,2,7,5,4,1,0,0,0,0,0,0,0,0,2,5,6,5,3,4,0,0,0,0,0,0,0,0,0,1,5,4,5,5,0,0,0,0,0,0,0,0,0,0,0,0,愛知
4370,山口達也,ヤマグチ タツヤ,岡山,A1,S,611001,1,38,168,52,AB,6.48,47.7,44,31,157,8,0,0.15,33,90.9,0.14,2.8,34,47.0,0.16,3.6,32,43.7,0.15,3.3,24,25.0,0.15,3.5,16,37.5,0.14,2.9,18,16.6,0.18,4.2,A1,A2,A1,58.0,57.0,2025,1,2024-05-01,2024-10-31,97,26,4,1,1,0,1,0,0,0,0,0,0,0,0,5,11,4,6,4,4,0,0,0,0,0,0,0,0,8,6,7,4,2,5,0,0,0,0,0,0,0,0,4,2,4,5,5,4,0,0,0,0,0,0,0,0,1,5,5,0,3,2,0,0,0,0,0,0,0,0,0,3,2,2,5,5,1,0,0,0,0,0,0,0,0,0,1,0,岡山
4371,西山貴浩,ニシヤマ タカヒロ,福岡,A1,S,620515,1,37,168,54,A,7.64,53.8,40,30,130,4,3,0.13,34,91.1,0.12,2.1,23,52.1,0.13,3.4,20,50.0,0.14,2.6,20,45.0,0.1,2.7,20,35.0,0.14,3.1,13,7.6,0.16,4.8,A1,A1,A1,71.0,71.0,2025,1,2024-05-01,2024-10-31,97,26,5,1,1,0,1,0,0,0,0,0,0,0,0,4,8,3,2,5,1,0,0,0,0,0,0,0,0,5,5,5,2,1,1,1,0,0,0,0,0,0,0,3,6,3,4,2,2,0,0,0,0,0,0,0,0,2,5,5,4,3,1,0,0,0,0,0,0,0,0,0,1,1,3,5,3,0,0,0,0,0,1,0,0,0,0,0,0,福岡
4372,原田佑実,ハラダ ユミ,大阪,A2,S,620806,2,37,161,47,B,5.7,41.5,18,24,101,1,0,0.17,20,90.0,0.15,2.8,15,60.0,0.2,3.9,19,31.5,0.18,2.9,18,38.8,0.16,2.8,15,6.6,0.16,2.6,14,7.1,0.16,2.9,B1,A2,A2,49.0,52.0,2025,1,2024-05-01,2024-10-31,97,15,3,2,0,0,0,0,0,0,0,0,0,0,0,2,7,1,1,4,0,0,0,0,0,0,0,0,0,0,6,4,1,6,2,0,0,0,0,0,0,0,0,1,6,4,1,5,1,0,0,0,0,0,0,0,0,0,1,6,3,5,0,0,0,0,0,0,0,0,0,0,1,1,1,4,7,0,0,0,0,0,0,0,0,0,0,0,0,愛知
4373,若狭奈美子,ワカサ ナミコ,岡山,A2,S,630622,2,36,158,47,B,5.79,42.0,12,33,107,2,0,0.17,19,68.4,0.2,3.6,18,66.6,0.18,2.8,19,36.8,0.15,3.0,18,44.4,0.16,3.2,20,15.0,0.16,3.2,13,15.3,0.2,4.1,B1,B1,A2,48.0,52.0,2025,1,2024-05-01,2024-10-31,97,4,9,3,2,1,0,0,0,0,0,0,0,0,0,4,8,3,2,1,0,0,0,0,0,0,0,0,0,2,5,5,1,5,1,0,0,0,0,0,0,0,0,0,8,3,1,5,1,0,0,0,0,0,0,0,0,2,1,9,2,4,2,0,0,0,0,0,0,0,0,0,2,1,3,3,4,0,0,0,0,0,0,0,0,0,0,0,0,岡山
4374,永田義紘,ナガタ ヨシヒロ,広島,B1,S,590427,1,40,168,52,A,4.83,21.5,17,6,107,2,0,0.15,15,60.0,0.13,2.7,19,31.5,0.14,2.6,20,15.0,0.15,2.5,17,23.5,0.15,2.1,18,5.5,0.15,2.9,18,0.0,0.16,4.2,B1,B1,B1,47.0,48.0,2025,1,2024-05-01,2024-10-31,98,9,0,1,3,1,1,0,0,0,0,0,0,0,0,2,4,7,1,3,2,0,0,0,0,0,0,0,0,2,1,6,6,3,2,0,0,0,0,0,0,0,0,3,1,6,2,3,2,0,0,0,0,0,0,0,0,1,0,3,7,4,3,0,0,0,0,0,0,0,0,0,0,1,4,8,5,0,0,0,0,0,0,0,0,0,0,0,0,広島
4375,照屋厚仁,テルヤ アツヒト,兵庫,A2,S,590506,1,40,160,52,B,5.57,36.2,22,24,127,0,0,0.16,28,75.0,0.17,3.6,16,43.7,0.18,4.2,21,38.1,0.17,3.3,21,19.0,0.12,2.3,16,25.0,0.16,3.6,25,8.0,0.18,4.0,A1,A2,A2,52.0,50.0,2025,1,2024-05-01,2024-10-31,98,16,5,2,2,1,2,0,0,0,0,0,0,0,0,1,6,4,2,3,0,0,0,0,0,0,0,0,0,1,7,6,6,1,0,0,0,0,0,0,0,0,0,2,2,5,5,2,5,0,0,0,0,0,0,0,0,2,2,4,3,1,4,0,0,0,0,0,0,0,0,0,2,5,7,3,7,1,0,0,0,0,0,0,0,0,0,0,0,大阪
4376,藤田靖弘,フジタ ヤスヒロ,静岡,B1,S,590524,1,40,165,53,O,5.4,33.3,18,29,141,0,0,0.16,25,76.0,0.15,2.6,24,41.6,0.14,2.7,21,28.5,0.16,3.0,25,28.0,0.16,2.7,22,18.1,0.15,3.1,24,4.1,0.19,3.7,A2,A2,A1,52.0,50.0,2025,1,2024-05-01,2024-10-31,98,15,4,4,0,1,1,0,0,0,0,0,0,0,0,1,9,8,4,2,0,0,0,0,0,0,0,0,0,0,6,3,7,1,4,0,0,0,0,0,0,0,0,1,6,7,5,4,2,0,0,0,0,0,0,0,0,1,3,8,3,2,5,0,0,0,0,0,0,0,0,0,1,2,7,8,6,0,0,0,0,0,0,0,0,0,0,0,0,静岡
4377,濱本優一,ハマモト ユウイチ,大阪,A2,S,590621,1,40,170,50,AB,5.76,38.8,23,26,126,0,0,0.18,25,92.0,0.16,2.9,17,64.7,0.18,3.5,19,26.3,0.17,3.5,25,16.0,0.19,3.9,21,14.2,0.17,3.9,19,15.7,0.2,4.3,A2,A2,A1,50.0,50.0,2025,1,2024-05-01,2024-10-31,98,17,6,2,0,0,0,0,0,0,0,0,0,0,0,4,7,2,2,0,2,0,0,0,0,0,0,0,0,0,5,7,0,2,5,0,0,0,0,0,0,0,0,1,3,7,7,3,3,1,0,0,0,0,0,0,0,0,3,8,5,3,2,0,0,0,0,0,0,0,0,1,2,4,3,4,4,0,0,0,0,0,0,1,0,0,0,0,0,大阪
4379,桑島和宏,クワジマ カズヒロ,東京,A2,S,590808,1,40,163,58,O,5.92,39.8,22,17,98,1,1,0.17,20,80.0,0.14,3.5,14,42.8,0.22,3.6,19,47.3,0.17,3.2,14,14.2,0.13,3.6,14,28.5,0.18,4.1,17,11.7,0.17,3.9,A2,A2,A2,53.0,52.0,2025,1,2024-05-01,2024-10-31,98,13,3,1,2,0,1,0,0,0,0,0,0,0,0,2,4,2,2,3,0,1,0,0,0,0,0,0,0,5,4,3,5,2,0,0,0,0,0,0,0,0,0,0,2,5,2,3,1,0,0,0,0,0,0,1,0,0,4,3,1,2,4,0,0,0,0,0,0,0,0,2,0,4,3,3,5,0,0,0,0,0,0,0,0,0,0,0,0,千葉
4380,鈴木峻佑,スズキ シュンスケ,静岡,B1,S,590819,1,40,169,54,O,4.59,24.4,10,11,86,0,0,0.16,11,54.5,0.15,2.5,18,38.8,0.16,3.3,17,29.4,0.16,2.8,15,13.3,0.15,3.1,16,6.2,0.18,3.8,9,0.0,0.16,3.7,B1,B1,B1,44.0,47.0,2025,1,2024-05-01,2024-10-31,98,6,0,3,1,0,1,0,0,0,0,0,0,0,0,2,5,2,4,2,2,0,0,0,0,0,0,0,1,1,4,2,4,3,3,0,0,0,0,0,0,0,0,1,1,3,4,1,5,0,0,0,0,0,0,0,0,0,1,2,2,8,3,0,0,0,0,0,0,0,0,0,0,4,1,1,3,0,0,0,0,0,0,0,0,0,0,0,0,静岡
4381,田路朋史,トウジ トモヒト,兵庫,A2,S,590914,1,40,164,52,A,5.79,43.5,15,32,108,3,0,0.16,18,72.2,0.16,3.4,16,50.0,0.15,2.4,22,45.4,0.17,3.6,13,53.8,0.13,1.8,25,24.0,0.15,3.4,14,21.4,0.16,4.1,B1,B1,A2,49.0,51.0,2025,1,2024-05-01,2024-10-31,98,10,3,2,1,0,2,0,0,0,0,0,0,0,0,1,7,2,4,2,0,0,0,0,0,0,0,0,0,1,9,6,2,4,0,0,0,0,0,0,0,0,0,0,7,5,0,1,0,0,0,0,0,0,0,0,0,2,4,3,4,4,8,0,0,0,0,0,0,0,0,1,2,2,1,5,3,0,0,0,0,0,0,0,0,0,0,0,0,兵庫
4382,高山智至,タカヤマ サトシ,滋賀,B1,S,591013,1,40,170,58,A,4.17,17.5,6,14,114,0,0,0.15,16,62.5,0.15,3.0,18,16.6,0.15,3.1,24,16.6,0.15,2.9,24,4.1,0.14,2.8,22,4.5,0.16,3.8,10,10.0,0.15,3.4,B1,B1,B1,48.0,46.0,2025,1,2024-05-01,2024-10-31,98,6,4,2,1,2,1,0,0,0,0,0,0,0,0,0,3,2,5,4,4,0,0,0,0,0,0,0,0,0,4,5,10,2,3,0,0,0,0,0,0,0,0,0,1,5,8,4,6,0,0,0,0,0,0,0,0,0,1,4,4,7,6,0,0,0,0,0,0,0,0,0,1,1,3,2,3,0,0,0,0,0,0,0,0,0,0,0,0,京都
4383,竹田吉行,タケダ ヨシユキ,徳島,A2,S,600404,1,39,168,53,A,5.66,37.9,22,25,124,1,0,0.15,21,85.7,0.14,2.6,19,47.3,0.15,3.7,23,47.8,0.14,2.8,27,22.2,0.14,3.6,19,10.5,0.18,3.5,15,6.6,0.18,3.4,A2,B1,B1,51.0,51.0,2025,1,2024-05-01,2024-10-31,98,15,3,2,0,0,1,0,0,0,0,0,0,0,0,3,6,2,5,3,0,0,0,0,0,0,0,0,0,3,8,2,3,4,3,0,0,0,0,0,0,0,0,0,6,9,7,1,4,0,0,0,0,0,0,0,0,1,1,6,4,4,3,0,0,0,0,0,0,0,0,0,1,5,0,6,2,0,0,0,0,0,0,1,0,0,0,0,0,徳島
4384,鶴本崇文,ツルモト タカフミ,大阪,A2,S,600520,1,39,165,54,A,5.69,39.8,22,25,118,2,0,0.18,23,91.3,0.14,2.7,20,55.0,0.19,4.7,20,40.0,0.19,3.9,25,12.0,0.21,4.0,20,20.0,0.18,4.0,10,0.0,0.23,5.6,A2,A1,A1,53.0,50.0,2025,1,2024-05-01,2024-10-31,98,12,9,0,0,1,1,0,0,0,0,0,0,0,0,2,9,3,1,2,3,0,0,0,0,0,0,0,0,5,3,4,3,4,1,0,0,0,0,0,0,0,0,1,2,13,2,5,2,0,0,0,0,0,0,0,0,2,2,6,3,4,2,0,0,0,0,0,0,0,1,0,0,0,1,4,5,0,0,0,0,0,0,0,0,0,0,0,0,大阪
4385,鈴木祐美子,スズキ ユミコ,三重,B1,S,600709,2,39,153,49,A,4.52,27.4,9,8,62,0,0,0.2,9,44.4,0.18,3.1,11,54.5,0.18,4.2,11,27.2,0.19,3.9,6,33.3,0.2,4.7,14,14.2,0.2,3.6,11,0.0,0.24,4.7,B1,B1,B1,45.0,47.0,2025,1,2024-05-01,2024-10-31,98,4,0,1,2,1,1,0,0,0,0,0,0,0,0,3,3,3,1,0,1,0,0,0,0,0,0,0,0,0,3,2,0,4,2,0,0,0,0,0,0,0,0,0,2,0,1,3,0,0,0,0,0,0,0,0,0,2,0,1,2,7,2,0,0,0,0,0,0,0,0,0,0,1,2,2,6,0,0,0,0,0,0,0,0,0,0,0,0,三重
4387,平山智加,ヒラヤマ チカ,香川,A1,S,600713,2,39,156,47,O,6.31,42.1,25,26,121,3,0,0.15,29,75.8,0.15,3.4,20,50.0,0.17,3.6,17,23.5,0.15,2.4,20,55.0,0.12,2.6,18,16.6,0.16,3.2,17,5.8,0.16,3.9,A1,A1,A1,58.0,56.0,2025,1,2024-05-01,2024-10-31,98,16,6,4,1,1,1,0,0,0,0,0,0,0,0,3,7,4,4,1,1,0,0,0,0,0,0,0,0,0,4,4,2,4,1,1,0,0,0,0,1,1,0,5,6,3,3,2,1,0,0,0,0,0,0,0,0,1,2,6,6,2,1,0,0,0,0,0,0,0,0,0,1,4,4,5,3,0,0,0,0,0,0,0,0,0,0,0,0,香川
4388,是澤孝宏,コレサワ タカヒロ,滋賀,A2,S,600715,1,39,169,52,A,6.18,43.9,37,17,123,3,2,0.15,28,75.0,0.13,2.6,19,52.6,0.18,3.1,21,38.1,0.17,2.7,19,47.3,0.15,3.2,20,30.0,0.14,2.5,16,0.0,0.16,3.7,A1,A1,A2,57.0,54.0,2025,1,2024-05-01,2024-10-31,98,19,2,1,1,4,1,0,0,0,0,0,0,0,0,5,5,3,1,2,3,0,0,0,0,0,0,0,0,6,2,8,2,1,2,0,0,0,0,0,0,0,0,3,6,2,3,3,2,0,0,0,0,0,0,0,0,4,2,5,5,1,3,0,0,0,0,0,0,0,0,0,0,2,3,7,4,0,0,0,0,0,0,0,0,0,0,0,0,京都
4389,伊藤喜智,イトウ ヨシトモ,大阪,B1,S,600920,1,39,162,53,A,5.13,33.0,10,30,121,2,0,0.17,20,75.0,0.2,4.1,21,38.1,0.18,4.8,22,27.2,0.16,4.1,23,30.4,0.16,3.3,19,15.7,0.18,3.4,16,6.2,0.18,3.9,A2,B1,B1,51.0,49.0,2025,1,2024-05-01,2024-10-31,98,6,9,0,2,3,0,0,0,0,0,0,0,0,0,1,7,2,6,5,0,0,0,0,0,0,0,0,0,1,5,5,4,3,3,0,0,0,0,0,1,1,0,0,7,4,6,2,4,0,0,0,0,0,0,0,0,1,2,5,5,5,1,0,0,0,0,0,0,0,0,1,0,4,3,3,5,0,0,0,0,0,0,0,0,0,0,0,0,大阪
4390,松本弓雄,マツモト ユミオ,徳島,B1,S,610327,1,38,169,54,O,4.24,24.3,4,15,78,0,0,0.16,11,45.4,0.2,4.7,13,23.0,0.19,3.8,13,7.6,0.14,2.7,16,37.5,0.14,2.4,16,18.7,0.16,3.9,9,11.1,0.15,3.9,B1,B1,B1,46.0,46.0,2025,1,2024-05-01,2024-10-31,98,3,2,0,1,1,4,0,0,0,0,0,0,0,0,1,2,2,3,3,2,0,0,0,0,0,0,0,0,0,1,4,3,2,3,0,0,0,0,0,0,0,0,0,6,2,4,3,1,0,0,0,0,0,0,0,0,0,3,2,2,4,5,0,0,0,0,0,1,0,0,0,1,1,1,2,4,0,0,0,0,0,0,0,0,0,0,0,0,高知
4391,松田祐季,マツダ ユウキ,福井,A1,S,610425,1,38,164,55,O,6.63,47.2,35,33,144,5,1,0.15,31,87.1,0.15,3.3,25,64.0,0.16,3.4,27,37.0,0.12,2.8,20,20.0,0.15,3.0,24,25.0,0.16,3.1,17,29.4,0.18,4.1,A1,A1,A1,56.0,60.0,2025,1,2024-05-01,2024-10-31,98,19,8,1,3,0,0,0,0,0,0,0,0,0,0,9,7,5,1,1,2,0,0,0,0,0,0,0,0,3,7,7,3,2,5,0,0,0,0,0,0,0,0,1,3,7,3,2,4,0,0,0,0,0,0,0,0,1,5,6,4,2,5,0,0,0,0,0,0,1,0,2,3,4,3,1,4,0,0,0,0,0,0,0,0,0,0,0,0,福井
4393,田中孝明,タナカ タカアキ,福岡,B1,S,610507,1,38,165,61,A,4.2,15.7,4,8,76,0,0,0.18,10,50.0,0.15,3.1,12,33.3,0.17,4.3,14,14.2,0.21,4.1,12,0.0,0.17,4.3,14,0.0,0.17,4.0,14,7.1,0.2,4.7,B1,B2,B1,47.0,47.0,2025,1,2024-05-01,2024-10-31,98,3,2,4,1,0,0,0,0,0,0,0,0,0,0,0,4,4,1,2,1,0,0,0,0,0,0,0,0,1,1,4,5,3,0,0,0,0,0,0,0,0,0,0,0,2,2,4,4,0,0,0,0,0,0,0,0,0,0,3,3,4,4,0,0,0,0,0,0,0,0,0,1,1,2,6,4,0,0,0,0,0,0,0,0,0,0,0,0,福岡
4394,永嶋裕一,ナガシマ ユウイチ,福岡,B1,S,610509,1,38,165,56,A,5.14,28.4,11,18,102,0,0,0.15,13,61.5,0.13,2.3,21,28.5,0.15,2.7,18,27.7,0.15,2.6,15,33.3,0.15,3.0,21,19.0,0.16,3.3,14,7.1,0.18,4.1,B1,B1,B1,47.0,50.0,2025,1,2024-05-01,2024-10-31,98,5,3,0,1,2,1,1,0,0,0,0,0,0,0,2,4,2,6,3,4,0,0,0,0,0,0,0,0,2,3,7,5,1,0,0,0,0,0,0,0,0,0,1,4,3,6,1,0,0,0,0,0,0,2,0,0,1,3,7,3,5,2,0,0,0,0,0,1,0,0,0,1,1,6,5,1,0,0,0,0,0,0,0,0,0,0,0,0,福岡
4395,下河雅史,シモガワ マサフミ,福岡,A2,S,610515,1,38,171,58,O,5.55,36.0,21,24,125,1,0,0.16,21,61.9,0.14,3.0,18,44.4,0.15,2.9,23,43.4,0.16,3.2,21,33.3,0.14,2.6,22,31.8,0.15,3.0,20,0.0,0.2,4.9,B1,B1,B1,49.0,51.0,2025,1,2024-05-01,2024-10-31,98,7,6,2,4,1,1,0,0,0,0,0,0,0,0,2,6,5,3,2,0,0,0,0,0,0,0,0,0,4,6,6,2,1,4,0,0,0,0,0,0,0,0,6,1,0,7,4,3,0,0,0,0,0,0,0,0,2,5,1,8,5,1,0,0,0,0,0,0,0,0,0,0,8,4,4,3,0,0,0,0,0,0,0,1,0,0,0,0,福岡
4396,大田直弥,オオタ ナオヤ,山口,B1,S,610703,1,38,161,55,B,5.43,33.3,14,26,120,0,0,0.19,19,63.1,0.18,3.7,20,35.0,0.18,4.0,24,45.8,0.18,3.5,18,27.7,0.21,4.4,20,15.0,0.18,4.1,19,10.5,0.2,4.8,B1,B1,A2,49.0,50.0,2025,1,2024-05-01,2024-10-31,98,7,5,4,1,1,1,0,0,0,0,0,0,0,0,2,5,6,2,4,1,0,0,0,0,0,0,0,0,5,6,6,1,4,2,0,0,0,0,0,0,0,0,0,5,5,4,3,1,0,0,0,0,0,0,0,0,0,3,5,4,5,3,0,0,0,0,0,0,0,0,0,2,4,6,3,4,0,0,0,0,0,0,0,0,0,0,0,0,山口
4397,西村拓也,ニシムラ タクヤ,大阪,A1,S,611201,1,38,165,53,A,7.16,53.7,47,39,160,9,2,0.13,37,89.1,0.14,2.5,27,70.3,0.12,2.8,29,51.7,0.14,3.1,27,33.3,0.13,2.7,26,30.7,0.12,3.3,14,14.2,0.14,4.0,A1,A1,A1,64.0,62.0,2025,1,2024-05-01,2024-10-31,98,31,2,3,0,1,0,0,0,0,0,0,0,0,0,6,13,3,1,2,2,0,0,0,0,0,0,0,0,5,10,7,2,4,1,0,0,0,0,0,0,0,0,2,7,7,5,5,1,0,0,0,0,0,0,0,0,2,6,10,1,1,6,0,0,0,0,0,0,0,0,1,1,5,2,1,4,0,0,0,0,0,0,0,0,0,0,0,0,大阪
4398,船岡洋一郎,フナオカ ヨウイチロウ,広島,A1,S,620220,1,37,168,53,A,7.03,51.0,51,25,149,7,5,0.13,34,85.2,0.11,2.4,23,52.1,0.13,3.2,22,40.9,0.12,2.2,28,39.2,0.12,2.3,24,54.1,0.14,2.3,18,11.1,0.16,3.2,A1,A1,A1,60.0,60.0,2025,1,2024-05-01,2024-10-31,98,26,3,4,0,0,1,0,0,0,0,0,0,0,0,5,7,5,4,1,1,0,0,0,0,0,0,0,0,5,4,4,3,2,4,0,0,0,0,0,0,0,0,8,3,6,6,4,1,0,0,0,0,0,0,0,0,7,6,2,2,4,3,0,0,0,0,0,0,0,0,0,2,8,3,2,3,0,0,0,0,0,0,0,0,0,0,0,0,広島
4399,松本晶恵,マツモト アキエ,群馬,A2,S,620603,2,37,154,44,A,6.01,41.8,15,21,86,1,0,0.17,16,75.0,0.2,3.6,12,33.3,0.17,3.8,16,37.5,0.15,2.9,14,42.8,0.15,3.7,17,35.2,0.15,3.1,11,18.1,0.19,3.7,A2,B1,A1,52.0,55.0,2025,1,2024-05-01,2024-10-31,98,8,4,2,2,0,0,0,0,0,0,0,0,0,0,1,3,4,2,1,1,0,0,0,0,0,1,0,0,1,5,2,2,3,3,0,0,0,0,0,0,0,0,2,4,4,1,2,1,0,0,0,0,0,0,0,0,3,3,1,2,4,4,0,0,0,0,0,0,0,0,0,2,4,3,0,2,0,0,0,0,0,0,0,0,0,0,0,0,群馬
4400,加藤奈月,カトウ ナツキ,福井,B1,S,630728,2,36,157,55,O,4.09,20.5,5,16,102,0,0,0.19,16,37.5,0.18,4.0,17,23.5,0.2,3.8,19,26.3,0.19,3.3,19,21.0,0.19,3.5,16,6.2,0.17,3.9,15,6.6,0.19,4.3,B1,B1,B1,47.0,46.0,2025,1,2024-05-01,2024-10-31,98,1,5,3,1,3,3,0,0,0,0,0,0,0,0,1,3,3,4,4,2,0,0,0,0,0,0,0,0,2,3,2,4,5,3,0,0,0,0,0,0,0,0,1,3,4,3,4,4,0,0,0,0,0,0,0,0,0,1,3,1,8,3,0,0,0,0,0,0,0,0,0,1,2,1,7,4,0,0,0,0,0,0,0,0,0,0,0,0,福井
4401,小林泰,コバヤシ ヤスシ,東京,A1,S,591109,1,40,168,54,O,6.36,45.6,29,23,114,3,1,0.15,19,84.2,0.14,2.3,21,57.1,0.15,3.8,20,35.0,0.16,3.7,17,35.2,0.14,2.8,20,45.0,0.15,3.2,17,11.7,0.14,3.3,A2,A2,A1,50.0,54.0,2025,1,2024-05-01,2024-10-31,99,15,1,0,2,1,0,0,0,0,0,0,0,0,0,4,8,3,3,1,2,0,0,0,0,0,0,0,0,4,3,7,4,1,1,0,0,0,0,0,0,0,0,2,4,4,3,3,1,0,0,0,0,0,1,0,0,4,5,2,3,5,1,0,0,0,0,0,0,0,0,0,2,3,8,2,2,0,0,0,0,0,0,0,0,0,0,0,0,山梨
4402,乙藤智史,オトフジ サトシ,福岡,A2,S,600204,1,39,169,55,O,6.01,45.2,21,31,115,1,0,0.17,22,72.7,0.17,3.8,18,72.2,0.17,3.7,21,61.9,0.15,3.6,19,31.5,0.16,3.2,18,22.2,0.17,4.0,17,0.0,0.2,4.6,A2,A2,A2,51.0,52.0,2025,1,2024-05-01,2024-10-31,99,13,3,2,1,1,1,1,0,0,0,0,0,0,0,4,9,2,2,1,0,0,0,0,0,0,0,0,0,2,11,3,2,2,1,0,0,0,0,0,0,0,0,2,4,5,2,3,3,0,0,0,0,0,0,0,0,0,4,5,4,4,1,0,0,0,0,0,0,0,0,0,0,4,5,5,3,0,0,0,0,0,0,0,0,0,0,0,0,福岡
4403,木下大將,キノシタ ダイスケ,福岡,B1,S,600320,1,39,166,53,O,5.43,34.4,24,18,122,2,1,0.14,23,69.5,0.12,2.0,21,38.1,0.14,3.2,21,42.8,0.14,3.2,18,33.3,0.15,3.3,21,9.5,0.15,3.5,18,5.5,0.16,3.6,A2,A1,A2,53.0,50.0,2025,1,2024-05-01,2024-10-31,99,15,1,1,3,0,2,1,0,0,0,0,0,0,0,6,2,5,3,1,4,0,0,0,0,0,0,0,0,3,6,2,3,5,2,0,0,0,0,0,0,0,0,0,6,7,2,2,1,0,0,0,0,0,0,0,0,0,2,4,9,5,1,0,0,0,0,0,0,0,0,0,1,4,1,5,7,0,0,0,0,0,0,0,0,0,0,0,0,福岡
4404,岸蔭亮,キシカゲ アキラ,兵庫,B1,S,600501,1,39,166,54,B,3.73,20.3,7,6,64,0,0,0.22,8,50.0,0.23,5.8,10,20.0,0.19,4.6,12,33.3,0.22,4.9,11,18.1,0.2,4.6,12,8.3,0.22,4.6,11,0.0,0.26,5.5,B1,B1,B1,43.0,42.0,2025,1,2024-05-01,2024-10-31,99,3,1,0,0,1,3,0,0,0,0,0,0,0,0,2,0,1,1,3,2,1,0,0,0,0,0,0,0,1,3,1,2,2,3,0,0,0,0,0,0,0,0,0,2,2,2,1,4,0,0,0,0,0,1,0,0,1,0,4,1,3,3,0,0,0,0,0,0,0,0,0,0,0,0,3,8,0,0,0,0,0,0,0,0,0,0,0,0,兵庫
4405,南野利騰,ミナミノ トシタカ,福井,B2,S,600507,1,39,162,57,A,3.8,21.7,3,7,46,0,0,0.17,7,14.2,0.16,4.0,6,16.6,0.17,3.3,8,12.5,0.23,4.5,10,20.0,0.18,3.2,7,57.1,0.14,2.1,7,14.2,0.16,4.4,B1,B1,B1,50.0,42.0,2025,1,2024-05-01,2024-10-31,99,1,0,1,1,3,1,0,0,0,0,0,0,0,0,0,1,1,0,4,0,0,0,0,0,0,0,0,0,0,1,1,1,2,1,0,0,0,0,0,0,1,1,1,1,3,1,1,2,0,0,0,0,0,0,1,0,1,3,0,1,0,2,0,0,0,0,0,0,0,0,0,1,0,1,2,3,0,0,0,0,0,0,0,0,0,0,0,1,石川
4406,幸野史明,コウノ フミアキ,福岡,B1,S,600621,1,39,164,52,AB,4.12,19.8,6,16,111,0,0,0.17,14,42.8,0.15,3.3,26,34.6,0.18,3.8,19,15.7,0.15,3.5,23,13.0,0.18,3.7,19,5.2,0.14,3.3,10,0.0,0.2,3.7,B1,B1,B1,46.0,46.0,2025,1,2024-05-01,2024-10-31,99,4,2,2,1,2,3,0,0,0,0,0,0,0,0,0,9,3,8,5,1,0,0,0,0,0,0,0,0,2,1,3,3,9,1,0,0,0,0,0,0,0,0,0,3,4,1,4,11,0,0,0,0,0,0,0,0,0,1,7,0,6,5,0,0,0,0,0,0,0,0,0,0,3,0,5,2,0,0,0,0,0,0,0,0,0,0,0,0,福岡
4407,鹿島敏弘,カシマ トシヒロ,群馬,B1,S,610109,1,38,172,60,A,4.33,21.3,6,17,108,0,0,0.17,15,53.3,0.13,2.6,22,27.2,0.17,3.7,18,11.1,0.15,4.1,18,16.6,0.16,3.9,22,4.5,0.2,4.2,13,23.0,0.18,4.7,B1,B1,B1,48.0,47.0,2025,1,2024-05-01,2024-10-31,99,6,2,3,3,1,0,0,0,0,0,0,0,0,0,0,6,1,4,6,5,0,0,0,0,0,1,0,0,0,2,2,2,6,6,0,0,0,0,0,0,0,0,0,3,5,6,4,0,0,0,0,0,0,0,0,0,0,1,7,1,7,6,0,0,0,0,0,0,0,0,0,3,2,2,1,5,0,0,0,0,0,0,0,0,0,0,0,0,青森
4408,仁科さやか,ニシナ サヤカ,長崎,B2,S,610110,2,38,161,50,B,0.0,0.0,0,0,0,0,0,0.0,0,0.0,0.0,0.0,0,0.0,0.0,0.0,0,0.0,0.0,0.0,0,0.0,0.0,0.0,0,0.0,0.0,0.0,0,0.0,0.0,0.0,B2,B2,B1,0.0,0.0,2025,1,2024-05-01,2024-10-31,99,0,0,0,0,0,0,0,0,0,0,0,0,0,0,0,0,0,0,0,0,0,0,0,0,0,0,0,0,0,0,0,0,0,0,0,0,0,0,0,0,0,0,0,0,0,0,0,0,0,0,0,0,0,0,0,0,0,0,0,0,0,0,0,0,0,0,0,0,0,0,0,0,0,0,0,0,0,0,0,0,0,0,0,0,0,0,0,0,長崎
4409,坂元浩仁,サカモト ヒロヒト,愛知,A1,S,610216,1,38,169,56,A,6.36,46.6,39,30,148,5,1,0.15,31,87.1,0.15,3.6,26,76.9,0.14,2.5,23,47.8,0.13,2.7,22,31.8,0.15,3.4,24,12.5,0.15,3.5,22,4.5,0.17,3.4,A1,A1,A1,57.0,55.0,2025,1,2024-05-01,2024-10-31,99,23,4,1,2,0,1,0,0,0,0,0,0,0,0,8,12,5,0,0,1,0,0,0,0,0,0,0,0,5,6,5,4,2,1,0,0,0,0,0,0,0,0,2,5,5,6,2,2,0,0,0,0,0,0,0,0,0,3,7,8,2,4,0,0,0,0,0,0,0,0,1,0,1,5,9,6,0,0,0,0,0,0,0,0,0,0,0,0,愛知
4410,井上大輔,イノウエ ダイスケ,岡山,B1,S,610305,1,38,161,52,A,5.16,34.0,25,25,147,2,0,0.16,24,83.3,0.13,2.1,24,20.8,0.19,3.5,26,30.7,0.16,3.2,30,33.3,0.15,3.1,23,21.7,0.17,3.3,20,10.0,0.16,3.5,A2,B1,B1,50.0,48.0,2025,1,2024-05-01,2024-10-31,99,14,6,1,2,0,1,0,0,0,0,0,0,0,0,1,4,7,5,1,6,0,0,0,0,0,0,0,0,4,4,7,3,5,2,0,0,0,0,0,0,1,0,4,6,5,3,4,8,0,0,0,0,0,0,0,0,1,4,4,6,4,4,0,0,0,0,0,0,0,0,1,1,0,5,4,9,0,0,0,0,0,0,0,0,0,0,0,0,岡山
4411,沢田昭宏,サワダ アキヒロ,大阪,B1,S,610315,1,38,171,58,AB,4.81,27.4,19,12,113,2,0,0.19,17,58.8,0.2,4.2,16,31.2,0.2,4.8,18,27.7,0.19,4.4,21,23.8,0.21,4.4,22,18.1,0.16,3.1,19,10.5,0.19,4.1,B1,A2,B1,50.0,48.0,2025,1,2024-05-01,2024-10-31,99,6,4,0,2,3,2,0,0,0,0,0,0,0,0,3,2,2,5,3,0,0,0,0,0,0,0,1,0,2,3,4,5,3,1,0,0,0,0,0,0,0,0,4,1,4,2,5,4,1,0,0,0,0,0,0,0,3,1,3,7,5,3,0,0,0,0,0,0,0,0,1,1,3,2,7,5,0,0,0,0,0,1,0,0,0,0,0,0,大阪
4413,水摩敦,ミズマ アツシ,福岡,A2,S,610605,1,38,160,50,B,5.49,35.0,14,13,77,0,0,0.17,17,76.4,0.15,3.4,11,27.2,0.17,4.6,15,26.6,0.17,3.6,11,27.2,0.23,4.8,10,20.0,0.16,3.5,13,15.3,0.14,4.0,A1,A2,A1,52.0,50.0,2025,1,2024-05-01,2024-10-31,99,11,2,2,1,0,1,0,0,0,0,0,0,0,0,0,3,5,2,0,1,0,0,0,0,0,0,0,0,1,3,4,2,3,2,0,0,0,0,0,0,0,0,1,2,2,3,3,0,0,0,0,0,0,0,0,0,1,1,0,3,3,2,0,0,0,0,0,1,0,0,0,2,1,4,5,1,0,0,0,0,0,0,0,0,0,0,0,0,福岡
4414,大澤真菜,オオサワ マナ,東京,B1,S,610913,2,38,151,44,O,4.09,29.2,6,13,65,0,0,0.18,10,60.0,0.14,2.6,10,40.0,0.16,3.4,10,40.0,0.16,3.6,15,26.6,0.18,3.6,8,12.5,0.21,3.6,12,0.0,0.22,5.1,B1,B1,B1,45.0,43.0,2025,1,2024-05-01,2024-10-31,99,1,5,0,2,0,2,0,0,0,0,0,0,0,0,1,3,1,0,4,1,0,0,0,0,0,0,0,0,1,3,1,0,2,3,0,0,0,0,0,0,0,0,2,2,2,1,3,3,1,0,0,0,0,0,1,0,1,0,0,4,0,2,0,0,0,0,0,0,1,0,0,0,0,2,3,7,0,0,0,0,0,0,0,0,0,0,0,0,埼玉
4415,下出卓矢,シモデ タクヤ,福井,A1,S,611111,1,38,168,56,B,6.32,44.3,48,19,151,3,1,0.14,30,90.0,0.13,2.4,26,23.0,0.13,3.2,29,51.7,0.14,3.0,20,45.0,0.15,2.8,17,29.4,0.15,3.1,29,17.2,0.15,3.6,A1,A2,A1,56.0,56.0,2025,1,2024-05-01,2024-10-31,99,22,5,3,0,0,0,0,0,0,0,0,0,0,0,4,2,7,4,6,3,0,0,0,0,0,0,0,0,8,7,7,3,0,3,0,0,0,0,0,0,1,0,6,3,2,3,2,4,0,0,0,0,0,0,0,0,4,1,4,2,2,4,0,0,0,0,0,0,0,0,4,1,5,1,9,9,0,0,0,0,0,0,0,0,0,0,2,0,石川
4416,三宅健太,ミヤケ ケンタ,広島,B1,S,611123,1,38,168,55,A,5.1,26.9,9,22,115,0,0,0.18,16,50.0,0.18,3.8,20,25.0,0.21,4.3,24,37.5,0.18,3.6,22,13.6,0.18,3.9,17,17.6,0.18,3.8,16,18.7,0.15,3.6,B1,B2,B1,46.0,50.0,2025,1,2024-05-01,2024-10-31,99,4,4,3,3,2,0,0,0,0,0,0,0,0,0,0,5,8,3,0,4,0,0,0,0,0,0,0,0,3,6,5,5,4,1,0,0,0,0,0,0,0,0,2,1,7,4,4,4,0,0,0,0,0,0,0,0,0,3,4,2,6,2,0,0,0,0,0,0,0,0,0,3,3,5,5,0,0,0,0,0,0,0,0,0,0,0,0,0,広島
4417,服部剛,ハットリ ツヨシ,静岡,B1,S,620119,1,37,164,55,A,5.13,28.4,10,15,88,1,0,0.2,15,80.0,0.19,4.1,13,30.7,0.2,4.5,15,26.6,0.18,4.1,14,21.4,0.2,4.8,12,16.6,0.2,4.7,19,0.0,0.22,4.8,B1,B1,B1,45.0,49.0,2025,1,2024-05-01,2024-10-31,99,9,3,1,2,0,0,0,0,0,0,0,0,0,0,0,4,4,2,3,0,0,0,0,0,0,0,0,0,1,3,6,3,1,1,0,0,0,0,0,0,0,0,0,3,4,1,4,2,0,0,0,0,0,0,0,0,0,2,3,3,3,1,0,0,0,0,0,0,0,0,0,0,3,5,4,5,1,0,0,0,0,0,1,0,0,0,0,0,静岡
4418,茅原悠紀,カヤハラ ユウキ,岡山,A1,S,620711,1,37,171,56,A,7.46,47.3,29,24,112,6,3,0.12,22,77.2,0.13,3.2,17,41.1,0.13,4.1,17,64.7,0.11,2.7,15,46.6,0.09,2.4,25,36.0,0.12,2.9,16,12.5,0.15,4.1,A1,A1,A1,74.0,66.0,2025,1,2024-05-01,2024-10-31,99,14,3,1,2,2,0,0,0,0,0,0,0,0,0,3,4,5,2,2,1,0,0,0,0,0,0,0,0,6,5,1,1,1,2,1,0,0,0,0,0,0,0,2,5,5,1,1,0,1,0,0,0,0,0,0,0,4,5,9,3,1,2,0,0,0,0,0,0,1,0,0,2,5,5,2,2,0,0,0,0,0,0,0,0,0,0,0,0,岡山
4419,原加央理,ハラ カオリ,埼玉,B1,S,620727,2,37,156,46,AB,5.35,37.8,10,21,82,0,0,0.15,14,57.1,0.17,3.4,15,53.3,0.16,2.7,15,40.0,0.13,2.3,17,41.1,0.15,3.2,12,16.6,0.12,2.3,9,0.0,0.21,3.8,B1,B1,B1,49.0,49.0,2025,1,2024-05-01,2024-10-31,99,4,4,3,1,2,0,0,0,0,0,0,0,0,0,3,5,4,0,2,1,0,0,0,0,0,0,0,0,2,4,4,2,2,1,0,0,0,0,0,0,0,0,1,6,2,4,0,3,1,0,0,0,0,0,0,0,0,2,1,3,3,3,0,0,0,0,0,0,0,0,0,0,1,1,4,3,0,0,0,0,0,0,0,0,0,0,0,0,埼玉
4420,津久井拓也,ツクイ タクヤ,群馬,A2,S,621022,1,37,168,55,AB,5.59,39.0,21,27,123,0,0,0.16,24,75.0,0.16,2.7,19,26.3,0.15,2.9,20,35.0,0.14,2.6,20,35.0,0.13,3.3,19,42.1,0.18,3.7,21,14.2,0.19,4.4,A2,A2,A2,52.0,50.0,2025,1,2024-05-01,2024-10-31,99,13,5,2,2,1,0,1,0,0,0,0,0,0,0,2,3,5,4,1,3,0,0,0,0,0,0,1,0,2,5,3,6,3,1,0,0,0,0,0,0,0,0,2,5,1,6,4,2,0,0,0,0,0,0,0,0,2,6,3,3,5,0,0,0,0,0,0,0,0,0,0,3,5,3,7,3,0,0,0,0,0,0,0,0,0,0,0,0,栃木
4421,森作広大,モリサク コウタ,東京,B1,S,630705,1,36,166,56,A,4.2,14.2,1,9,70,0,0,0.19,8,37.5,0.15,3.0,15,20.0,0.17,3.8,9,11.1,0.18,3.3,13,0.0,0.16,3.5,13,7.6,0.2,4.4,12,16.6,0.26,5.4,B2,B1,B1,42.0,48.0,2025,1,2024-05-01,2024-10-31,99,0,3,3,1,1,0,0,0,0,0,0,0,0,0,1,2,2,4,5,1,0,0,0,0,0,0,0,0,0,1,2,2,3,1,0,0,0,0,0,0,0,0,0,0,3,6,3,1,0,0,0,0,0,0,0,0,0,1,2,5,3,2,0,0,0,0,0,0,0,0,0,2,2,4,1,3,0,0,0,0,0,0,0,0,0,0,0,0,茨城
4422,永井亮次,ナガイ リョウジ,大阪,B1,S,630824,1,36,172,53,A,5.1,35.3,18,23,116,0,0,0.19,20,75.0,0.17,2.9,18,44.4,0.17,3.4,17,35.2,0.17,3.6,21,19.0,0.18,4.0,26,26.9,0.21,4.3,14,7.1,0.24,5.3,B1,B1,B1,46.0,48.0,2025,1,2024-05-01,2024-10-31,99,9,6,2,0,0,2,0,0,0,0,0,0,1,0,4,4,3,3,2,2,0,0,0,0,0,0,0,0,2,4,3,5,1,2,0,0,0,0,0,0,0,0,0,4,5,6,3,3,0,0,0,0,0,0,0,0,3,4,3,2,5,9,0,0,0,0,0,0,0,0,0,1,0,4,3,6,0,0,0,0,0,0,0,0,0,0,0,0,大阪
4423,坂口貴彦,サカグチ タカヒコ,岡山,B1,H,010419,1,35,165,56,B,5.13,33.9,19,19,112,0,0,0.16,17,94.1,0.15,2.9,20,35.0,0.18,3.5,15,46.6,0.17,3.1,21,28.5,0.14,3.1,20,5.0,0.16,3.2,19,5.2,0.18,3.7,B1,B1,B1,48.0,48.0,2025,1,2024-05-01,2024-10-31,99,12,4,1,0,0,0,0,0,0,0,0,0,0,0,2,5,6,3,1,3,0,0,0,0,0,0,0,0,1,6,2,3,0,3,0,0,0,0,0,0,0,0,3,3,3,5,3,3,1,0,0,0,0,0,0,0,1,0,3,5,7,4,0,0,0,0,0,0,0,0,0,1,1,5,5,7,0,0,0,0,0,0,0,0,0,0,0,0,岡山
4424,松尾昂明,マツオ タカアキ,福岡,A2,S,600524,1,39,165,52,O,6.17,47.4,40,33,154,4,0,0.15,33,93.9,0.15,2.8,23,43.4,0.17,3.0,24,58.3,0.14,2.5,28,42.8,0.15,3.0,21,19.0,0.15,3.0,25,8.0,0.16,3.4,A2,A2,A2,53.0,53.0,2025,1,2024-05-01,2024-10-31,100,22,9,1,1,0,0,0,0,0,0,0,0,0,0,4,6,1,5,3,4,0,0,0,0,0,0,0,0,5,9,3,2,4,1,0,0,0,0,0,0,0,0,6,6,2,5,6,3,0,0,0,0,0,0,0,0,2,2,5,4,1,7,0,0,0,0,0,0,0,0,1,1,5,9,4,4,0,0,0,0,0,0,1,0,0,0,0,0,福岡
4425,大井清貴,オオイ キヨキ,山口,B1,S,600829,1,39,165,56,A,3.65,16.0,6,7,81,0,0,0.18,11,54.5,0.16,3.1,16,31.2,0.16,4.3,11,0.0,0.2,3.8,18,5.5,0.18,3.9,10,10.0,0.16,3.6,15,0.0,0.21,4.8,B1,B1,B1,48.0,44.0,2025,1,2024-05-01,2024-10-31,100,4,2,0,4,1,0,0,0,0,0,0,0,0,0,1,4,1,3,3,4,0,0,0,0,0,0,0,0,0,0,3,2,3,3,0,0,0,0,0,0,0,0,0,1,4,3,7,3,0,0,0,0,0,0,0,0,1,0,0,1,5,3,0,0,0,0,0,0,0,0,0,0,1,1,6,7,0,0,0,0,0,0,0,0,0,0,0,0,山口
4427,秦英悟,ハタ エイゴ,大阪,A2,S,600916,1,39,165,51,A,6.3,44.0,25,12,84,2,1,0.17,19,73.6,0.18,3.2,11,45.4,0.19,4.6,16,50.0,0.16,3.6,11,36.3,0.17,4.1,14,28.5,0.15,4.0,13,15.3,0.2,4.5,A1,A1,A1,64.0,58.0,2025,1,2024-05-01,2024-10-31,100,11,3,0,0,2,3,0,0,0,0,0,0,0,0,3,2,4,1,1,0,0,0,0,0,0,0,0,0,6,2,0,4,2,2,0,0,0,0,0,0,0,0,1,3,2,4,1,0,0,0,0,0,0,0,0,0,3,1,1,4,3,2,0,0,0,0,0,0,0,0,1,1,4,1,1,4,0,0,0,0,0,0,0,1,0,0,0,0,大阪
4428,有賀達也,アルガ タツヤ,埼玉,A1,S,600926,1,39,167,54,O,6.58,50.0,36,29,130,6,1,0.13,23,78.2,0.13,2.4,26,38.4,0.14,2.7,23,65.2,0.12,2.1,20,50.0,0.13,2.0,24,33.3,0.13,2.7,14,28.5,0.17,2.9,A1,A1,A1,57.0,53.0,2025,1,2024-05-01,2024-10-31,100,13,5,1,1,1,2,0,0,0,0,0,0,0,0,4,6,6,5,3,2,0,0,0,0,0,0,0,0,8,7,5,2,1,0,0,0,0,0,0,0,0,0,4,6,4,1,3,2,0,0,0,0,0,0,0,0,5,3,6,4,5,1,0,0,0,0,0,0,0,0,2,2,3,3,3,1,0,0,0,0,0,0,0,0,0,0,0,0,埼玉
4429,豊田泰洋,トヨタ ヤスヒロ,広島,B1,S,600930,1,39,169,62,A,4.22,18.5,10,11,113,1,0,0.16,14,50.0,0.14,3.1,22,22.7,0.14,2.6,19,21.0,0.16,3.1,19,21.0,0.17,3.4,21,4.7,0.17,3.9,18,0.0,0.19,4.1,B1,B1,B1,46.0,47.0,2025,1,2024-05-01,2024-10-31,100,6,1,1,3,3,0,0,0,0,0,0,0,0,0,1,4,3,8,4,2,0,0,0,0,0,0,0,0,1,3,1,5,7,1,0,0,0,0,0,0,0,1,2,2,5,4,5,1,0,0,0,0,0,0,0,0,0,1,3,5,9,3,0,0,0,0,0,0,0,0,0,0,1,6,5,6,0,0,0,0,0,0,0,0,0,0,0,0,広島
4430,永田秀二,ナガタ シュウジ,東京,A1,S,601018,1,39,165,57,A,6.2,47.2,26,34,127,4,0,0.17,24,83.3,0.15,2.9,24,41.6,0.17,4.3,23,43.4,0.19,3.3,16,50.0,0.14,2.9,25,36.0,0.17,3.7,15,20.0,0.18,3.7,A1,A1,A2,55.0,53.0,2025,1,2024-05-01,2024-10-31,100,12,8,2,1,0,1,0,0,0,0,0,0,0,0,1,9,4,5,2,3,0,0,0,0,0,0,0,0,3,7,4,3,5,1,0,0,0,0,0,0,0,0,8,0,3,1,3,1,0,0,0,0,0,0,0,0,1,8,3,4,7,2,0,0,0,0,0,0,0,0,1,2,4,4,1,3,0,0,0,0,0,1,0,0,0,0,0,0,東京
4431,石塚裕介,イシヅカ ユウスケ,三重,B1,S,610304,1,38,170,54,B,5.14,32.0,14,20,106,2,0,0.15,19,68.4,0.13,2.7,15,46.6,0.14,2.7,21,28.5,0.14,3.0,15,20.0,0.15,3.0,13,23.0,0.15,3.6,23,8.7,0.19,4.8,A2,B1,B1,51.0,49.0,2025,1,2024-05-01,2024-10-31,100,9,4,1,2,1,2,0,0,0,0,0,0,0,0,2,5,3,2,0,3,0,0,0,0,0,0,0,0,2,4,5,3,2,5,0,0,0,0,0,0,0,0,1,2,5,1,3,2,1,0,0,0,0,0,0,0,0,3,3,3,2,2,0,0,0,0,0,0,0,0,0,2,5,5,5,6,0,0,0,0,0,0,0,0,0,0,0,0,三重
4432,黄金井力良,コガネイ リキラ,埼玉,A2,S,610304,1,38,172,57,A,5.55,30.9,17,17,110,0,0,0.15,21,76.1,0.13,2.5,15,26.6,0.15,3.0,22,27.2,0.15,2.5,18,33.3,0.15,3.2,13,15.3,0.16,2.7,19,0.0,0.19,3.9,A2,B1,B1,51.0,51.0,2025,1,2024-05-01,2024-10-31,100,11,5,1,2,2,0,0,0,0,0,0,0,0,0,1,3,5,4,2,0,0,0,0,0,0,0,0,0,0,6,8,5,1,2,0,0,0,0,0,0,0,0,5,1,4,3,2,3,0,0,0,0,0,0,0,0,0,2,5,4,0,2,0,0,0,0,0,0,0,0,0,0,5,6,2,6,0,0,0,0,0,0,0,0,0,0,0,2,埼玉
4433,川野芽唯,カワノ メイ,福岡,A1,S,610325,2,38,163,48,AB,6.72,47.4,35,30,137,4,1,0.19,35,74.2,0.17,3.7,20,40.0,0.21,4.3,21,57.1,0.18,3.8,23,39.1,0.19,3.7,17,17.6,0.22,4.6,21,33.3,0.21,4.5,A1,A1,A1,59.0,56.0,2025,1,2024-05-01,2024-10-31,100,21,5,4,2,1,2,0,0,0,0,0,0,0,0,5,3,5,3,3,1,0,0,0,0,0,0,0,0,5,7,4,1,3,1,0,0,0,0,0,0,0,0,2,7,6,6,1,1,0,0,0,0,0,0,0,0,1,2,6,3,4,1,0,0,0,0,0,0,0,0,1,6,8,2,4,0,0,0,0,0,0,0,0,0,0,0,0,0,福岡
4434,田中辰彦,タナカ タツヒコ,広島,A2,S,610405,1,38,168,57,B,6.06,40.9,27,23,122,4,0,0.15,24,83.3,0.12,2.2,17,58.8,0.15,3.4,18,27.7,0.15,3.2,19,47.3,0.13,2.8,23,8.7,0.16,3.3,21,19.0,0.17,4.5,A2,A1,A2,54.0,54.0,2025,1,2024-05-01,2024-10-31,100,14,6,4,0,0,0,0,0,0,0,0,0,0,0,2,8,3,2,2,0,0,0,0,0,0,1,0,0,4,1,4,5,1,3,0,0,0,0,0,0,0,0,4,5,5,2,1,2,0,0,0,0,0,0,0,0,0,2,7,5,5,4,0,0,0,0,0,0,0,0,3,1,0,9,5,3,0,0,0,0,0,0,0,0,0,0,0,0,広島
4435,服部達哉,ハットリ タツヤ,愛知,A2,S,610417,1,38,164,55,A,5.55,33.8,20,21,121,1,0,0.16,20,65.0,0.14,2.6,23,52.1,0.16,3.1,20,30.0,0.15,2.8,16,18.7,0.18,3.7,25,28.0,0.15,3.2,17,0.0,0.17,4.4,B1,A2,B1,49.0,51.0,2025,1,2024-05-01,2024-10-31,100,13,0,4,3,0,0,0,0,0,0,0,0,0,0,5,7,1,4,2,4,0,0,0,0,0,0,0,0,0,6,6,1,6,1,0,0,0,0,0,0,0,0,1,2,7,3,3,0,0,0,0,0,0,0,0,0,1,6,7,3,7,1,0,0,0,0,0,0,0,0,0,0,4,5,2,6,0,0,0,0,0,0,0,0,0,0,0,0,愛知
4436,渋谷明憲,シブヤ アキノリ,大阪,A1,S,610509,1,38,160,52,O,6.45,49.5,28,29,115,3,0,0.15,21,95.2,0.13,2.6,15,73.3,0.15,3.0,21,52.3,0.14,3.0,21,47.6,0.16,3.5,19,15.7,0.14,3.1,18,11.1,0.17,3.2,A2,A2,A2,51.0,53.0,2025,1,2024-05-01,2024-10-31,100,17,3,1,0,0,0,0,0,0,0,0,0,0,0,6,5,0,2,2,0,0,0,0,0,0,0,0,0,2,9,6,1,2,1,0,0,0,0,0,0,0,0,2,8,5,4,1,0,1,0,0,0,0,0,0,0,0,3,7,3,3,3,0,0,0,0,0,0,0,0,1,1,4,2,6,4,0,0,0,0,0,0,0,0,0,0,0,0,大阪
4437,中田元泰,ナカタ ゲンタ,香川,A1,S,610607,1,38,171,57,A,6.84,52.2,42,38,153,5,1,0.15,38,84.2,0.14,2.8,22,36.3,0.15,3.1,26,57.6,0.16,2.7,27,48.1,0.14,3.3,18,38.8,0.15,3.1,22,22.7,0.17,4.0,A1,A1,A1,59.0,54.0,2025,1,2024-05-01,2024-10-31,100,28,4,4,1,1,0,0,0,0,0,0,0,0,0,4,4,9,2,2,1,0,0,0,0,0,0,0,0,5,10,6,1,2,2,0,0,0,0,0,0,0,0,4,9,9,2,2,1,0,0,0,0,0,0,0,0,0,7,3,5,2,1,0,0,0,0,0,1,0,0,1,4,6,4,3,4,0,0,0,0,0,0,0,0,0,0,0,0,香川
4438,森作雄大,モリサク ユウタ,東京,A2,S,610708,1,38,164,55,O,5.53,40.2,21,20,102,1,0,0.13,17,70.5,0.13,2.7,18,72.2,0.12,1.8,16,37.5,0.13,2.1,16,43.7,0.12,1.7,18,16.6,0.13,2.7,17,0.0,0.15,2.9,B1,A2,A2,50.0,50.0,2025,1,2024-05-01,2024-10-31,100,10,2,1,2,1,1,0,0,0,0,0,0,0,0,3,10,2,0,2,1,0,0,0,0,0,0,0,0,3,3,3,3,2,2,0,0,0,0,0,0,0,0,4,3,4,2,2,1,0,0,0,0,0,0,0,0,1,2,1,5,4,4,1,0,0,0,0,0,0,0,0,0,3,3,6,5,0,0,0,0,0,0,0,0,0,0,0,0,茨城
4439,近藤友宝,コンドウ トモタカ,埼玉,B1,S,610724,1,38,171,56,A,4.14,20.8,8,12,96,0,0,0.16,15,46.6,0.15,2.7,17,35.2,0.18,4.1,15,6.6,0.16,2.9,13,23.0,0.15,2.8,13,7.6,0.15,3.2,23,8.7,0.15,3.0,B1,B1,B1,48.0,45.0,2025,1,2024-05-01,2024-10-31,100,4,3,5,0,1,2,0,0,0,0,0,0,0,0,2,4,1,4,3,2,0,0,0,0,0,0,1,0,0,1,4,5,1,4,0,0,0,0,0,0,0,0,2,1,2,3,3,1,1,0,0,0,0,0,0,0,0,1,0,2,5,5,0,0,0,0,0,0,0,0,0,2,1,7,6,7,0,0,0,0,0,0,0,0,0,0,0,0,埼玉
4440,萩原知哉,ハギワラ トモヤ,東京,B1,S,610828,1,38,163,55,O,4.14,20.3,8,13,103,0,0,0.17,12,50.0,0.2,3.5,22,27.2,0.17,3.4,21,4.7,0.15,3.3,17,29.4,0.15,3.1,18,11.1,0.19,3.7,13,7.6,0.18,4.1,B1,B1,B1,46.0,46.0,2025,1,2024-05-01,2024-10-31,100,3,3,0,0,2,4,0,0,0,0,0,0,0,0,2,4,3,8,5,0,0,0,0,0,0,0,0,0,1,0,6,1,8,5,0,0,0,0,0,0,0,0,2,3,3,2,5,2,0,0,0,0,0,0,0,0,0,2,3,3,3,7,0,0,0,0,0,0,0,0,0,1,1,4,3,4,0,0,0,0,0,0,0,0,0,0,0,0,茨城
4441,末永由楽,スエナガ ユラク,岡山,A1,S,610831,1,38,163,54,O,6.5,48.8,34,31,133,2,1,0.13,25,76.0,0.12,2.1,24,54.1,0.13,3.1,23,30.4,0.13,2.6,22,54.5,0.15,3.3,22,40.9,0.14,2.9,17,29.4,0.14,2.9,A1,A1,A1,57.0,55.0,2025,1,2024-05-01,2024-10-31,100,15,4,3,1,1,0,0,0,0,0,0,0,1,0,5,8,4,5,1,1,0,0,0,0,0,0,0,0,6,1,7,0,6,3,0,0,0,0,0,0,0,0,4,8,4,4,1,1,0,0,0,0,0,0,0,0,4,5,3,5,4,1,0,0,0,0,0,0,0,0,0,5,3,3,3,2,0,0,0,0,0,1,1,0,0,0,0,0,岡山
4442,松竹大輔,マツタケ ダイスケ,愛知,A2,S,610906,1,38,168,52,A,5.72,37.7,32,22,143,1,0,0.15,26,76.9,0.16,3.2,26,53.8,0.12,2.5,26,38.4,0.16,2.2,20,20.0,0.15,2.9,27,14.8,0.17,3.5,18,11.1,0.17,3.9,A2,A2,B1,51.0,52.0,2025,1,2024-05-01,2024-10-31,100,14,6,2,1,1,2,0,0,0,0,0,0,0,0,9,5,7,2,3,0,0,0,0,0,0,1,0,0,5,5,4,6,5,1,0,0,0,0,0,0,0,0,3,1,3,6,6,1,0,0,0,0,0,0,0,0,1,3,5,5,9,4,0,0,0,0,0,0,0,0,0,2,3,4,6,3,0,0,0,0,0,0,0,0,0,0,0,0,愛知
4443,津田裕絵,ツダ ヒロエ,山口,A2,S,610909,2,38,156,49,AB,5.74,33.0,17,23,121,2,0,0.19,19,42.1,0.2,4.3,20,65.0,0.19,3.9,25,36.0,0.15,3.8,21,19.0,0.18,4.1,17,23.5,0.19,4.5,19,10.5,0.21,5.1,B1,A2,A2,50.0,53.0,2025,1,2024-05-01,2024-10-31,100,5,3,5,4,1,1,0,0,0,0,0,0,0,0,7,6,2,4,1,0,0,0,0,0,0,0,0,0,2,7,7,4,4,0,1,0,0,0,0,0,0,0,1,3,9,3,3,2,0,0,0,0,0,0,0,0,2,2,4,4,4,1,0,0,0,0,0,0,0,0,0,2,3,6,4,4,0,0,0,0,0,0,0,0,0,0,0,0,山口
4444,桐生順平,キリュウ ジュンペイ,埼玉,A1,S,611007,1,38,162,52,AB,7.94,53.9,39,16,102,7,3,0.15,25,88.0,0.14,3.8,16,43.7,0.15,4.1,15,60.0,0.14,3.9,13,46.1,0.16,3.6,18,44.4,0.13,3.5,15,20.0,0.15,4.2,A1,A1,A1,76.0,67.0,2025,1,2024-05-01,2024-10-31,100,20,2,1,0,0,1,1,0,0,0,0,0,0,0,3,4,4,4,1,0,0,0,0,0,0,0,0,0,7,2,0,3,3,0,0,0,0,0,0,0,0,0,3,3,2,0,4,1,0,0,0,0,0,0,0,0,6,2,6,2,2,0,0,0,0,0,0,0,0,0,0,3,8,1,3,0,0,0,0,0,0,0,0,0,0,0,0,0,福島
4445,宮地元輝,ミヤチ モトキ,佐賀,A1,S,611109,1,38,169,57,A,7.42,51.7,43,30,141,8,3,0.12,36,91.6,0.13,2.9,22,50.0,0.12,2.7,20,60.0,0.1,2.2,22,27.2,0.11,2.2,20,45.0,0.11,2.4,21,9.5,0.12,2.9,A1,A1,A1,69.0,68.0,2025,1,2024-05-01,2024-10-31,100,28,5,1,1,0,1,0,0,0,0,0,0,0,0,3,8,3,3,4,1,0,0,0,0,0,0,0,0,6,6,3,3,1,1,0,0,0,0,0,0,0,0,2,4,5,3,5,2,0,0,0,0,0,0,0,1,4,5,4,1,5,1,0,0,0,0,0,0,0,0,0,2,5,7,3,4,0,0,0,0,0,0,0,0,0,0,0,0,佐賀
4446,和田兼輔,ワダ ケンスケ,兵庫,A1,S,611228,1,38,164,53,A,6.83,52.0,41,37,150,5,3,0.14,32,84.3,0.14,2.9,23,69.5,0.14,2.8,28,50.0,0.14,2.5,28,42.8,0.13,2.5,24,33.3,0.13,3.0,15,6.6,0.14,3.4,A1,A2,A1,53.0,57.0,2025,1,2024-05-01,2024-10-31,100,22,5,3,2,0,0,0,0,0,0,0,0,0,0,4,12,2,2,2,1,0,0,0,0,0,0,0,0,5,9,6,5,1,2,0,0,0,0,0,0,0,0,6,6,7,6,2,0,0,0,0,0,0,0,1,0,4,4,8,2,1,4,0,0,0,0,0,0,1,0,0,1,3,3,5,3,0,0,0,0,0,1,0,0,0,0,0,0,兵庫
4447,深川麻奈美,フカガワ マナミ,福岡,A2,S,620121,2,37,160,50,A,5.85,43.8,23,34,130,4,1,0.15,29,68.9,0.13,2.3,15,46.6,0.17,3.4,28,60.7,0.15,2.8,20,35.0,0.15,2.4,18,16.6,0.15,2.7,20,15.0,0.15,3.0,A2,A2,A2,51.0,52.0,2025,1,2024-05-01,2024-10-31,100,13,7,1,4,2,1,0,0,0,0,0,0,1,0,2,5,4,1,1,2,0,0,0,0,0,0,0,0,7,10,5,3,2,1,0,0,0,0,0,0,0,0,1,6,2,6,3,2,0,0,0,0,0,0,0,0,0,3,2,6,2,4,0,0,0,0,0,0,1,0,0,3,4,3,5,5,0,0,0,0,0,0,0,0,0,0,0,0,熊本
4448,青木玄太,アオキ ゲンタ,滋賀,B2,S,620222,1,37,156,52,A,0.0,0.0,0,0,0,0,0,0.0,0,0.0,0.0,0.0,0,0.0,0.0,0.0,0,0.0,0.0,0.0,0,0.0,0.0,0.0,0,0.0,0.0,0.0,0,0.0,0.0,0.0,A1,A1,A1,63.0,0.0,2025,1,2024-05-01,2024-10-31,100,0,0,0,0,0,0,0,0,0,0,0,0,0,0,0,0,0,0,0,0,0,0,0,0,0,0,0,0,0,0,0,0,0,0,0,0,0,0,0,0,0,0,0,0,0,0,0,0,0,0,0,0,0,0,0,0,0,0,0,0,0,0,0,0,0,0,0,0,0,0,0,0,0,0,0,0,0,0,0,0,0,0,0,0,0,0,0,0,滋賀
4449,中嶋達也,ナカジマ タツヤ,兵庫,B1,S,620612,1,37,165,56,O,4.01,14.5,8,8,110,0,0,0.17,15,53.3,0.17,3.4,16,6.2,0.19,3.8,20,15.0,0.17,3.2,18,11.1,0.14,3.4,22,9.0,0.19,2.8,18,0.0,0.15,2.8,B1,B1,B1,45.0,45.0,2025,1,2024-05-01,2024-10-31,100,5,3,4,1,1,1,0,0,0,0,0,1,0,0,1,0,3,3,3,6,0,0,0,0,0,0,0,0,0,3,9,4,4,0,0,0,0,0,0,0,0,0,1,1,1,4,6,4,0,0,0,0,0,0,1,0,1,1,2,7,4,7,0,0,0,0,0,0,0,0,0,0,2,7,4,5,0,0,0,0,0,0,0,0,0,0,1,1,兵庫
4450,平高奈菜,ヒラタカ ナナ,香川,A1,S,620707,2,37,160,47,B,6.71,47.7,37,36,153,7,0,0.15,31,83.8,0.15,2.6,24,66.6,0.15,2.8,27,51.8,0.17,2.7,26,38.4,0.15,3.6,27,22.2,0.14,3.4,18,5.5,0.17,4.7,A2,A2,A1,55.0,56.0,2025,1,2024-05-01,2024-10-31,100,21,5,2,1,2,0,0,0,0,0,0,0,0,0,7,9,3,4,1,0,0,0,0,0,0,0,0,0,3,11,10,1,1,1,0,0,0,0,0,0,0,0,3,7,7,2,5,2,0,0,0,0,0,0,0,0,3,3,12,2,4,3,0,0,0,0,0,0,0,0,0,1,4,4,3,6,0,0,0,0,0,0,0,0,0,0,0,0,愛媛
4451,松崎祐太郎,マツザキ ユウタロウ,福岡,A1,S,621105,1,37,168,52,A,6.35,43.2,37,27,148,1,0,0.16,36,86.1,0.13,2.8,24,41.6,0.18,3.5,24,50.0,0.15,2.8,30,20.0,0.14,3.4,19,21.0,0.18,3.4,15,6.6,0.19,5.0,A1,A1,A1,54.0,53.0,2025,1,2024-05-01,2024-10-31,100,24,7,3,2,0,0,0,0,0,0,0,0,0,0,4,6,8,5,0,1,0,0,0,0,0,0,0,0,6,6,7,2,1,2,0,0,0,0,0,0,0,0,2,4,10,5,5,4,0,0,0,0,0,0,0,0,1,3,3,10,1,1,0,0,0,0,0,0,0,0,0,1,4,4,3,3,0,0,0,0,0,0,0,0,0,0,0,0,宮崎
4452,松尾祭,マツオ マツリ,香川,A2,S,621118,1,37,163,55,A,5.73,40.7,20,26,113,3,0,0.16,23,69.5,0.16,2.8,17,64.7,0.16,3.5,23,30.4,0.13,3.0,16,43.7,0.17,3.2,18,16.6,0.19,4.3,16,12.5,0.19,4.6,A1,A1,A2,55.0,50.0,2025,1,2024-05-01,2024-10-31,100,12,4,1,1,1,4,0,0,0,0,0,0,0,0,2,9,4,0,1,0,0,0,0,0,0,1,1,0,1,6,7,3,2,3,1,0,0,0,0,0,0,0,3,4,3,2,2,2,0,0,0,0,0,1,0,0,1,2,5,3,4,3,0,0,0,0,0,0,0,0,1,1,2,7,1,4,0,0,0,0,0,1,0,0,0,0,3,0,愛媛
4456,鎌倉涼,カマクラ リョウ,大阪,A1,H,010430,2,35,158,44,A,6.66,54.3,26,24,92,5,0,0.17,19,84.2,0.15,3.4,17,64.7,0.17,4.1,15,66.6,0.16,3.4,12,33.3,0.17,3.9,14,35.7,0.18,4.1,15,26.6,0.18,4.1,B1,A2,A2,47.0,54.0,2025,1,2024-05-01,2024-10-31,100,15,1,0,1,1,1,0,0,0,0,0,0,0,0,4,7,1,3,2,0,0,0,0,0,0,0,0,0,4,6,2,1,2,0,0,0,0,0,0,0,0,0,2,2,3,2,1,2,0,0,0,0,0,0,0,0,0,5,3,2,1,3,0,0,0,0,0,0,0,0,1,3,4,3,2,2,0,0,0,0,0,0,0,0,0,0,0,0,大阪
4457,神田達也,カンダ タツヤ,愛知,B1,S,601220,1,39,168,54,A,4.35,25.8,8,21,112,0,0,0.17,18,38.8,0.17,2.9,17,35.2,0.15,3.2,20,25.0,0.16,3.4,20,30.0,0.18,3.5,18,27.7,0.18,4.1,19,0.0,0.17,3.7,B1,B1,B1,49.0,46.0,2025,1,2024-05-01,2024-10-31,101,5,2,5,3,2,1,0,0,0,0,0,0,0,0,1,5,2,3,4,2,0,0,0,0,0,0,0,0,1,4,4,2,4,5,0,0,0,0,0,0,0,0,0,6,3,3,3,5,0,0,0,0,0,0,0,0,1,4,2,1,3,7,0,0,0,0,0,0,0,0,0,0,1,4,7,7,0,0,0,0,0,0,0,0,0,0,0,0,愛知
4458,抹香雄三,マッコウ ユウゾウ,広島,B1,S,610201,1,38,168,54,B,4.62,27.3,18,17,128,0,0,0.15,21,76.1,0.13,2.2,18,27.7,0.14,3.2,24,25.0,0.14,3.4,22,18.1,0.16,3.5,22,9.0,0.16,2.9,21,9.5,0.17,3.8,A2,B1,B1,52.0,47.0,2025,1,2024-05-01,2024-10-31,101,12,4,2,2,1,0,0,0,0,0,0,0,0,0,1,4,3,0,6,3,0,0,0,0,0,0,0,1,2,4,4,4,5,5,0,0,0,0,0,0,0,0,1,3,2,4,4,8,0,0,0,0,0,0,0,0,2,0,6,3,2,9,0,0,0,0,0,0,0,0,0,2,3,5,3,7,0,0,0,0,0,0,0,1,0,0,0,0,広島
4459,片岡雅裕,カタオカ マサヒロ,香川,A1,S,610211,1,38,155,52,AB,7.04,40.5,31,16,116,4,1,0.12,27,74.0,0.13,3.4,17,41.1,0.12,3.1,18,33.3,0.13,3.5,16,43.7,0.11,2.4,18,27.7,0.11,2.7,20,10.0,0.14,3.7,A1,A1,A1,70.0,71.0,2025,1,2024-05-01,2024-10-31,101,18,2,3,2,2,0,0,0,0,0,0,0,0,0,5,2,3,2,3,2,0,0,0,0,0,0,0,0,2,4,2,4,5,1,0,0,0,0,0,0,0,0,3,4,3,1,4,1,0,0,0,0,0,0,0,0,2,3,4,5,3,1,0,0,0,0,0,0,0,0,1,1,4,5,5,4,0,0,0,0,0,0,0,0,0,0,0,0,高知
4460,後藤翔之,ゴトウ ショウシ,東京,A2,S,610309,1,38,168,54,O,5.75,45.2,13,20,73,3,0,0.14,10,80.0,0.14,2.5,11,63.6,0.1,2.4,15,53.3,0.14,3.0,14,35.7,0.15,3.1,11,36.3,0.13,3.4,12,8.3,0.17,4.4,A2,A1,A2,53.0,50.0,2025,1,2024-05-01,2024-10-31,101,6,2,0,0,2,0,0,0,0,0,0,1,0,0,2,5,2,2,0,0,0,0,0,0,0,0,0,0,3,5,2,1,1,3,0,0,0,0,0,0,0,0,1,4,2,3,3,1,0,0,0,0,0,0,0,0,1,3,1,3,1,1,1,0,0,0,0,0,0,0,0,1,2,2,1,6,0,0,0,0,0,0,0,0,0,0,0,0,東京
4461,安田吉宏,ヤスダ ヨシヒロ,三重,B1,S,610414,1,38,164,58,O,4.05,20.3,4,17,103,0,0,0.16,14,35.7,0.14,2.6,16,37.5,0.17,3.6,20,20.0,0.11,2.2,18,16.6,0.16,3.2,19,15.7,0.15,3.8,16,0.0,0.2,4.1,B1,B1,B1,40.0,46.0,2025,1,2024-05-01,2024-10-31,101,3,2,3,5,1,0,0,0,0,0,0,0,0,0,1,5,1,3,4,2,0,0,0,0,0,0,0,0,0,4,3,2,5,6,0,0,0,0,0,0,0,0,0,3,3,7,4,1,0,0,0,0,0,0,0,0,0,3,1,5,4,6,0,0,0,0,0,0,0,0,0,0,1,3,6,6,0,0,0,0,0,0,0,0,0,0,0,0,岐阜
4462,夏山亮平,ナツヤマ リョウヘイ,大阪,B1,S,610519,1,38,170,58,O,5.44,37.5,15,18,88,0,0,0.15,15,80.0,0.14,3.2,12,41.6,0.13,2.3,19,47.3,0.15,3.0,15,33.3,0.13,2.6,18,11.1,0.14,3.8,9,0.0,0.2,4.3,B1,A2,A2,46.0,50.0,2025,1,2024-05-01,2024-10-31,101,10,2,1,1,1,0,0,0,0,0,0,0,0,0,2,3,1,1,3,2,0,0,0,0,0,0,0,0,2,7,2,3,2,3,0,0,0,0,0,0,0,0,1,4,3,4,1,2,0,0,0,0,0,0,0,0,0,2,4,4,4,4,0,0,0,0,0,0,0,0,0,0,5,0,0,4,0,0,0,0,0,0,0,0,0,0,0,0,大阪
4463,三苫晃幸,ミトマ テルユキ,福岡,A2,S,610526,1,38,166,55,B,5.81,38.8,27,22,126,3,0,0.14,27,77.7,0.14,2.8,20,45.0,0.13,3.1,18,33.3,0.13,2.7,25,24.0,0.14,2.8,20,20.0,0.13,2.4,16,18.7,0.15,3.2,A2,A1,A2,52.0,52.0,2025,1,2024-05-01,2024-10-31,101,17,4,2,2,1,1,0,0,0,0,0,0,0,0,5,4,4,3,4,0,0,0,0,0,0,0,0,0,3,3,7,0,4,1,0,0,0,0,0,0,0,0,0,6,5,4,6,4,0,0,0,0,0,0,0,0,2,2,2,8,4,2,0,0,0,0,0,0,0,0,0,3,4,3,4,2,0,0,0,0,0,0,0,0,0,0,0,0,福岡
4464,山下友貴,ヤマシタ ユウキ,静岡,B1,S,610605,2,38,153,44,A,5.26,31.9,9,14,72,1,1,0.18,10,70.0,0.18,3.0,15,26.6,0.17,3.3,13,38.4,0.18,3.7,14,21.4,0.2,4.3,10,20.0,0.19,4.3,10,20.0,0.16,3.8,B1,A2,B1,48.0,50.0,2025,1,2024-05-01,2024-10-31,101,4,3,1,0,2,0,0,0,0,0,0,0,0,0,0,4,4,2,3,2,0,0,0,0,0,0,0,0,1,4,4,2,1,1,0,0,0,0,0,0,0,0,1,2,1,3,4,3,0,0,0,0,0,0,0,0,2,0,3,2,1,2,0,0,0,0,0,0,0,0,1,1,4,1,1,2,0,0,0,0,0,0,0,0,0,0,0,0,静岡
4465,大西賢,オオニシ ケン,東京,B1,S,610810,1,38,162,53,O,4.39,19.5,9,9,92,0,0,0.17,14,50.0,0.17,3.4,14,35.7,0.17,4.1,16,12.5,0.15,3.3,19,10.5,0.17,3.4,16,6.2,0.17,3.6,13,7.6,0.2,4.2,B1,B1,B1,44.0,47.0,2025,1,2024-05-01,2024-10-31,101,5,2,3,2,0,2,0,0,0,0,0,0,0,0,3,2,1,3,3,2,0,0,0,0,0,0,0,0,0,2,5,5,2,2,0,0,0,0,0,0,0,0,1,1,4,4,6,3,0,0,0,0,0,1,0,0,0,1,3,4,5,3,0,0,0,0,0,0,0,0,0,1,0,5,3,4,0,0,0,0,0,0,0,0,0,0,1,0,茨城
4466,南佑典,ミナミ ユウスケ,三重,A2,S,610811,1,38,158,52,A,5.53,30.0,15,19,113,0,0,0.17,16,93.7,0.14,3.1,18,38.8,0.14,3.1,26,15.3,0.16,3.4,19,15.7,0.18,3.5,19,21.0,0.19,4.0,15,6.6,0.22,4.9,A2,B1,B1,51.0,53.0,2025,1,2024-05-01,2024-10-31,101,11,4,0,1,0,0,0,0,0,0,0,1,0,0,1,6,3,4,3,1,0,0,0,0,0,0,0,0,1,3,9,8,5,0,0,0,0,0,0,0,0,0,1,2,8,5,2,1,0,0,0,0,0,0,0,0,1,3,3,3,6,3,0,0,0,0,0,1,0,0,0,1,3,4,4,3,0,0,0,0,0,0,0,0,0,0,1,0,三重
4467,渡邉俊介,ワタナベ シュンスケ,愛知,B1,S,610904,1,38,158,52,A,5.11,36.0,10,25,97,1,0,0.13,14,92.8,0.13,2.4,17,23.5,0.12,2.7,14,50.0,0.13,2.1,17,41.1,0.13,2.7,21,9.5,0.13,2.5,14,14.2,0.16,3.9,B1,B1,A2,47.0,49.0,2025,1,2024-05-01,2024-10-31,101,8,5,0,0,1,0,0,0,0,0,0,0,0,0,1,3,5,1,5,2,0,0,0,0,0,0,0,0,0,7,3,1,2,1,0,0,0,0,0,0,0,0,0,7,1,2,6,1,0,0,0,0,0,0,0,0,1,1,3,7,3,6,0,0,0,0,0,0,0,0,0,2,1,5,3,3,0,0,0,0,0,0,0,0,0,0,0,0,岐阜
4468,大池佑来,オオイケ ユウキ,東京,A1,S,611223,1,38,159,52,A,6.76,44.0,20,24,100,3,1,0.14,20,85.0,0.13,3.0,14,57.1,0.16,3.4,14,42.8,0.11,2.5,16,43.7,0.12,3.1,17,17.6,0.13,2.2,19,15.7,0.16,3.8,A1,A1,A1,63.0,61.0,2025,1,2024-05-01,2024-10-31,101,12,5,0,1,1,0,1,0,0,0,0,0,0,0,1,7,3,1,2,0,0,0,0,0,0,0,0,0,1,5,5,1,1,1,0,0,0,0,0,0,0,0,4,3,3,3,2,1,0,0,0,0,0,1,0,0,1,2,7,4,2,1,0,0,0,0,0,0,0,0,1,2,5,6,2,3,0,0,0,0,0,0,0,0,0,0,0,0,神奈川
4469,土山卓也,ツチヤマ タクヤ,福井,B1,S,620108,1,37,168,56,A,5.12,28.0,18,10,100,0,0,0.17,18,66.6,0.17,3.9,17,35.2,0.18,3.6,16,31.2,0.18,3.5,17,11.7,0.16,3.8,17,11.7,0.17,3.0,15,6.6,0.18,4.3,B1,A2,A2,49.0,49.0,2025,1,2024-05-01,2024-10-31,101,10,2,4,0,1,1,0,0,0,0,0,0,0,0,5,1,2,4,2,3,0,0,0,0,0,0,0,0,1,4,3,3,3,2,0,0,0,0,0,0,0,0,1,1,8,2,3,2,0,0,0,0,0,0,0,0,1,1,3,5,5,1,0,0,0,0,0,0,1,0,0,1,2,4,3,5,0,0,0,0,0,0,0,0,0,0,0,0,福井
4470,平田健之佑,ヒラタ ケンノスケ,三重,A1,S,620302,1,37,165,53,O,6.45,49.6,28,37,131,5,0,0.15,22,90.9,0.12,2.2,21,52.3,0.15,2.9,23,52.1,0.14,2.4,25,40.0,0.15,2.6,27,40.7,0.17,3.2,13,7.6,0.15,3.2,A2,A2,B1,50.0,53.0,2025,1,2024-05-01,2024-10-31,101,15,5,0,1,1,0,0,0,0,0,0,0,0,0,3,8,4,2,2,2,0,0,0,0,0,0,0,0,5,7,5,4,2,0,0,0,0,0,0,0,0,0,2,8,5,6,2,2,0,0,0,0,0,0,0,0,3,8,6,5,3,2,0,0,0,0,0,0,0,0,0,1,3,4,4,1,0,0,0,0,0,0,0,0,0,0,0,0,三重
4471,新田泰章,ニッタ ヤスアキ,広島,A2,S,620430,1,37,159,52,B,5.89,39.6,23,29,131,4,0,0.15,24,75.0,0.13,3.1,21,61.9,0.15,3.4,25,24.0,0.15,3.3,21,33.3,0.15,3.5,24,25.0,0.15,3.7,16,12.5,0.2,4.3,A1,A2,A1,53.0,54.0,2025,1,2024-05-01,2024-10-31,101,14,4,1,2,2,1,0,0,0,0,0,0,0,0,3,10,2,4,0,2,0,0,0,0,0,0,0,0,3,3,10,6,1,2,0,0,0,0,0,0,0,0,1,6,7,1,1,5,0,0,0,0,0,0,0,0,2,4,2,8,4,4,0,0,0,0,0,1,0,0,0,2,2,4,4,3,1,0,0,0,0,0,0,0,0,0,0,0,広島
4472,尾嶋一広,オジマ カズヒロ,兵庫,A1,S,620515,1,37,166,57,O,6.67,47.2,34,18,110,6,0,0.14,25,96.0,0.15,2.8,17,35.2,0.14,3.2,14,64.2,0.15,3.1,18,55.5,0.16,3.4,20,15.0,0.13,2.8,16,0.0,0.14,2.7,A1,A1,A1,56.0,54.0,2025,1,2024-05-01,2024-10-31,101,20,4,1,0,0,0,0,0,0,0,0,0,0,0,2,4,4,4,2,1,0,0,0,0,0,0,0,0,8,1,1,2,1,1,0,0,0,0,0,0,0,0,4,6,4,1,3,0,0,0,0,0,0,0,0,0,0,3,6,7,3,1,0,0,0,0,0,0,0,0,0,0,8,2,4,2,0,0,0,0,0,0,0,0,0,0,0,0,兵庫
4473,藤堂里香,トウドウ リカ,福井,A2,S,620729,2,37,152,45,AB,5.77,39.0,17,17,87,1,0,0.15,18,83.3,0.19,2.9,16,43.7,0.12,2.6,14,28.5,0.18,2.9,11,27.2,0.15,2.6,16,25.0,0.13,2.7,12,8.3,0.14,2.8,A2,B1,B1,50.0,52.0,2025,1,2024-05-01,2024-10-31,101,9,6,1,0,2,0,0,0,0,0,0,0,0,0,2,5,4,3,1,1,0,0,0,0,0,0,0,0,2,2,4,1,5,0,0,0,0,0,0,0,0,0,2,1,2,3,2,1,0,0,0,0,0,0,0,0,2,2,3,2,6,1,0,0,0,0,0,0,0,0,0,1,3,3,4,1,0,0,0,0,0,0,0,0,0,0,0,0,福井
4474,渡辺崇,ワタナベ タカシ,福岡,B1,S,620906,1,37,169,58,B,5.0,27.3,9,17,95,0,0,0.17,14,35.7,0.16,3.4,18,33.3,0.15,3.5,20,45.0,0.13,2.9,13,7.6,0.19,4.5,14,28.5,0.17,4.2,16,6.2,0.23,4.9,B1,B1,B1,49.0,49.0,2025,1,2024-05-01,2024-10-31,101,2,3,4,2,2,1,0,0,0,0,0,0,0,0,3,3,6,3,3,0,0,0,0,0,0,0,0,0,3,6,5,2,2,2,0,0,0,0,0,0,0,0,0,1,3,5,4,0,0,0,0,0,0,0,0,0,1,3,1,4,4,1,0,0,0,0,0,0,0,0,0,1,1,4,5,5,0,0,0,0,0,0,0,0,0,0,0,0,大分
4475,末永祐輝,スエナガ ユウキ,山口,A2,S,620929,1,37,161,53,B,5.46,34.7,17,25,121,2,0,0.16,23,69.5,0.15,2.8,19,52.6,0.16,3.1,21,33.3,0.18,3.3,19,26.3,0.14,3.7,15,26.6,0.16,3.7,24,0.0,0.17,4.0,A2,A2,A1,55.0,51.0,2025,1,2024-05-01,2024-10-31,101,11,5,2,3,2,0,0,0,0,0,0,0,0,0,2,8,3,5,0,1,0,0,0,0,0,0,0,0,1,6,4,4,3,3,0,0,0,0,0,0,0,0,1,4,4,5,2,3,0,0,0,0,0,0,0,0,2,2,2,1,8,0,0,0,0,0,0,0,0,0,0,0,7,6,2,9,0,0,0,0,0,0,0,0,0,0,1,0,山口
4477,篠崎仁志,シノザキ ヒトシ,福岡,A1,S,621203,1,37,166,59,A,6.39,40.3,22,22,109,4,2,0.14,23,69.5,0.13,2.9,17,29.4,0.15,4.1,17,64.7,0.14,3.1,18,38.8,0.14,3.2,19,15.7,0.14,3.2,15,13.3,0.15,3.9,A1,A1,A1,64.0,65.0,2025,1,2024-05-01,2024-10-31,101,15,1,2,1,0,3,1,0,0,0,0,0,0,0,2,3,3,4,2,3,0,0,0,0,0,0,0,0,2,9,2,0,2,2,0,0,0,0,0,0,0,0,1,6,3,4,3,1,0,0,0,0,0,0,0,0,2,1,4,6,4,2,0,0,0,0,0,0,0,0,0,2,2,3,3,4,0,0,0,0,0,0,1,0,0,0,0,0,福岡
4478,櫻本あゆみ,サクラモト アユミ,群馬,A2,S,630210,2,36,155,49,AB,6.04,44.8,23,25,107,3,0,0.15,21,80.9,0.16,3.0,19,78.9,0.16,3.4,22,27.2,0.15,2.9,16,25.0,0.14,2.9,14,21.4,0.16,3.2,15,20.0,0.16,3.1,A2,A1,A2,53.0,54.0,2025,1,2024-05-01,2024-10-31,101,11,6,2,1,0,0,1,0,0,0,0,0,0,0,8,7,1,1,1,1,0,0,0,0,0,0,0,0,2,4,3,7,2,4,0,0,0,0,0,0,0,0,1,3,4,4,3,1,0,0,0,0,0,0,0,0,0,3,1,4,3,3,0,0,0,0,0,0,0,0,1,2,2,4,1,5,0,0,0,0,0,0,0,0,0,0,0,0,栃木
4479,矢野真梨菜,ヤノ マリナ,山口,B2,S,630403,2,36,155,49,O,3.74,19.3,4,2,31,0,0,0.19,5,60.0,0.17,2.0,6,0.0,0.2,3.3,7,14.2,0.18,2.9,3,0.0,0.18,3.0,5,20.0,0.23,3.8,5,20.0,0.21,2.8,B2,B2,B2,0.0,43.0,2025,1,2024-05-01,2024-10-31,101,2,1,0,1,0,1,0,0,0,0,0,0,0,0,0,0,1,2,2,1,0,0,0,0,0,0,0,0,1,0,1,0,3,2,0,0,0,0,0,0,0,0,0,0,1,0,1,1,0,0,0,0,0,0,0,0,1,0,0,1,1,2,0,0,0,0,0,0,0,0,0,1,0,0,1,3,0,0,0,0,0,0,0,0,0,0,0,0,福岡
4482,守屋美穂,モリヤ ミホ,岡山,A1,H,010120,2,35,154,45,B,7.05,53.1,33,17,94,5,1,0.16,24,91.6,0.12,2.7,15,66.6,0.17,3.1,14,57.1,0.22,4.4,17,47.0,0.14,2.6,9,11.1,0.16,3.7,15,6.6,0.18,4.5,A1,A1,A1,65.0,58.0,2025,1,2024-05-01,2024-10-31,101,17,5,1,1,0,0,0,0,0,0,0,2,0,0,7,3,2,0,2,0,1,0,0,0,0,0,0,0,4,4,1,1,2,2,0,0,0,0,0,0,0,0,3,5,3,3,1,2,0,0,0,0,0,0,0,0,1,0,4,2,0,2,0,0,0,0,0,0,0,0,1,0,4,5,1,4,0,0,0,0,0,0,0,0,0,0,0,0,岡山
4483,北野輝季,キタノ テルキ,愛知,A1,H,010228,1,35,172,54,AB,6.74,53.9,52,30,152,8,2,0.14,37,86.4,0.15,2.9,23,56.5,0.17,3.5,24,54.1,0.14,2.9,25,40.0,0.14,2.5,21,42.8,0.11,2.5,22,22.7,0.14,3.5,A1,A1,A1,61.0,55.0,2025,1,2024-05-01,2024-10-31,101,31,1,1,1,1,1,1,0,0,0,0,0,0,0,7,6,0,6,2,2,0,0,0,0,0,0,0,0,8,5,3,3,5,0,0,0,0,0,0,0,0,0,3,7,6,4,3,2,0,0,0,0,0,0,0,0,2,7,4,1,4,2,1,0,0,0,0,0,0,0,1,4,6,3,2,6,0,0,0,0,0,0,0,0,0,0,0,0,愛知
4484,稲生夏季,イノウ ナツキ,東京,B1,H,020721,2,34,153,49,AB,4.27,15.8,4,6,63,0,0,0.21,8,25.0,0.22,4.3,12,33.3,0.21,4.5,15,6.6,0.21,4.7,10,20.0,0.18,3.9,10,10.0,0.22,5.2,8,0.0,0.23,5.6,B1,B1,B1,47.0,46.0,2025,1,2024-05-01,2024-10-31,101,1,1,2,1,1,0,2,0,0,0,0,0,0,0,2,2,7,0,1,0,0,0,0,0,0,0,0,0,1,0,3,1,5,5,0,0,0,0,0,0,0,0,0,2,1,3,2,2,0,0,0,0,0,0,0,0,0,1,2,5,1,1,0,0,0,0,0,0,0,0,0,0,1,3,1,3,0,0,0,0,0,0,0,0,0,0,0,0,東京
4485,楠原正剛,クスハラ マサタカ,福岡,A2,S,610416,1,38,170,56,B,5.57,39.1,28,28,143,1,1,0.15,25,76.0,0.13,2.3,20,45.0,0.14,2.6,25,44.0,0.15,2.8,27,37.0,0.15,3.3,24,12.5,0.17,3.3,22,18.1,0.16,3.5,B1,A2,A2,50.0,50.0,2025,1,2024-05-01,2024-10-31,102,14,5,2,0,4,0,0,0,0,0,0,0,0,0,4,5,4,2,3,1,0,0,0,0,0,0,1,0,6,5,4,3,4,3,0,0,0,0,0,0,0,0,1,9,3,8,4,2,0,0,0,0,0,0,0,0,1,2,7,3,6,5,0,0,0,0,0,0,0,0,2,2,4,4,5,4,1,0,0,0,0,0,0,0,0,0,0,0,福岡
4486,野村誠,ノムラ マコト,群馬,A2,S,610508,1,38,163,52,A,5.86,40.0,19,25,110,2,0,0.16,22,68.1,0.17,3.1,16,43.7,0.15,3.4,22,40.9,0.16,3.5,18,33.3,0.15,2.8,17,29.4,0.14,2.6,15,13.3,0.17,4.3,A2,A1,A2,52.0,51.0,2025,1,2024-05-01,2024-10-31,102,10,5,4,1,2,0,0,0,0,0,0,0,0,0,2,5,3,3,2,1,0,0,0,0,0,1,0,0,1,8,6,4,1,2,0,0,0,0,0,0,0,0,4,2,4,4,2,2,0,0,0,0,0,0,0,0,2,3,5,2,1,3,1,0,0,0,0,0,0,0,0,2,2,4,4,3,0,0,0,0,0,0,0,0,0,0,0,0,群馬
4487,三原司,ミハラ ツカサ,福岡,B1,S,610512,1,38,162,53,O,4.51,22.0,15,11,118,0,0,0.18,16,56.2,0.17,3.1,18,16.6,0.18,4.2,25,40.0,0.18,3.9,18,11.1,0.19,4.3,25,8.0,0.18,3.9,16,0.0,0.18,4.4,B1,B1,B1,49.0,47.0,2025,1,2024-05-01,2024-10-31,102,7,2,7,0,0,0,0,0,0,0,0,0,0,0,2,1,3,4,6,1,0,0,0,0,0,0,0,1,3,7,3,4,4,4,0,0,0,0,0,0,0,0,2,0,1,7,4,4,0,0,0,0,0,0,0,0,1,1,3,8,4,8,0,0,0,0,0,0,0,0,0,0,3,3,7,3,0,0,0,0,0,0,0,0,0,0,0,0,福岡
4488,小山勉,コヤマ ツトム,埼玉,A1,S,610603,1,38,165,52,A,6.38,46.2,29,26,119,4,2,0.16,22,81.8,0.16,3.4,20,55.0,0.17,2.8,22,50.0,0.16,2.8,18,38.8,0.14,3.2,16,18.7,0.15,3.5,20,25.0,0.19,4.7,A1,A2,A1,53.0,53.0,2025,1,2024-05-01,2024-10-31,102,15,3,3,0,1,0,0,0,0,0,0,0,0,0,4,7,4,4,1,0,0,0,0,0,0,0,0,0,6,5,5,4,1,1,0,0,0,0,0,0,0,0,2,5,4,2,3,2,0,0,0,0,0,0,0,0,0,3,7,3,3,0,0,0,0,0,0,0,0,0,2,3,0,8,5,2,0,0,0,0,0,0,0,0,0,1,0,0,埼玉
4489,岩川仁士,イワカワ ヒトシ,大阪,B1,S,610923,1,38,165,55,A,5.17,28.7,15,18,115,0,0,0.16,19,57.8,0.13,2.4,15,26.6,0.13,2.5,17,17.6,0.13,2.4,28,28.5,0.15,2.5,15,26.6,0.17,3.4,21,14.2,0.21,5.6,B1,A2,B1,48.0,49.0,2025,1,2024-05-01,2024-10-31,102,11,0,5,1,0,1,1,0,0,0,0,0,0,0,1,3,6,4,0,1,0,0,0,0,0,0,0,0,0,3,7,3,2,2,0,0,0,0,0,0,0,0,3,5,5,6,5,3,0,0,0,0,0,0,1,0,0,4,3,3,5,0,0,0,0,0,0,0,0,0,0,3,2,3,9,4,0,0,0,0,0,0,0,0,0,0,0,0,大阪
4491,田中堅,タナカ ケン,群馬,B1,S,620203,1,37,160,53,A,4.97,29.5,18,26,149,1,0,0.17,30,53.3,0.16,3.6,20,25.0,0.18,3.9,29,44.8,0.18,4.1,18,22.2,0.17,3.6,27,14.8,0.15,3.8,25,8.0,0.18,3.6,B1,A2,B1,47.0,48.0,2025,1,2024-05-01,2024-10-31,102,9,7,6,3,3,1,0,0,0,0,0,0,1,0,3,2,8,3,3,1,0,0,0,0,0,0,0,0,3,10,2,4,2,8,0,0,0,0,0,0,0,0,1,3,4,4,4,2,0,0,0,0,0,0,0,0,1,3,5,6,6,6,0,0,0,0,0,0,0,0,1,1,4,6,6,7,0,0,0,0,0,0,0,0,0,0,0,0,群馬
4492,本多宏和,ホンダ ヒロカズ,愛知,A1,S,620215,1,37,167,51,B,6.19,44.5,26,23,110,3,0,0.16,20,65.0,0.15,3.1,21,52.3,0.15,3.3,22,54.5,0.19,3.5,21,38.1,0.15,3.5,19,15.7,0.17,3.4,7,28.5,0.16,3.4,B1,A1,A1,46.0,52.0,2025,1,2024-05-01,2024-10-31,102,11,2,2,2,2,1,0,0,0,0,0,0,0,0,6,5,5,3,1,1,0,0,0,0,0,0,0,0,4,8,5,1,3,1,0,0,0,0,0,0,0,0,3,5,5,4,3,1,0,0,0,0,0,0,0,0,0,3,2,5,6,3,0,0,0,0,0,0,0,0,2,0,2,2,0,1,0,0,0,0,0,0,0,0,0,0,0,0,愛知
4494,河合佑樹,カワイ ユウキ,静岡,A1,S,620314,1,37,164,52,A,7.01,51.3,45,32,150,6,1,0.13,32,90.6,0.12,2.1,22,50.0,0.14,2.9,25,56.0,0.09,2.2,33,36.3,0.14,3.1,24,37.5,0.13,2.6,14,14.2,0.17,4.8,A1,A1,A1,64.0,60.0,2025,1,2024-05-01,2024-10-31,102,27,2,2,1,0,0,0,0,0,0,0,0,0,0,4,7,5,0,2,4,0,0,0,0,0,0,0,0,4,10,6,1,2,2,0,0,0,0,0,0,0,0,5,7,9,5,1,5,0,0,0,0,0,0,1,0,4,5,4,5,3,3,0,0,0,0,0,0,0,0,1,1,2,3,2,5,0,0,0,0,0,0,0,0,0,0,0,0,静岡
4495,森晋太郎,モリ シンタロウ,福岡,B1,S,620423,1,37,165,54,O,4.71,28.2,10,14,85,2,0,0.16,10,60.0,0.18,3.1,11,27.2,0.15,3.5,16,43.7,0.16,2.9,17,35.2,0.14,2.4,16,12.5,0.14,3.3,15,0.0,0.18,4.7,B1,B1,B1,48.0,47.0,2025,1,2024-05-01,2024-10-31,102,4,2,0,0,1,3,0,0,0,0,0,0,0,0,0,3,1,2,1,4,0,0,0,0,0,0,0,0,3,4,4,3,1,1,0,0,0,0,0,1,0,0,2,4,3,2,2,4,0,0,0,0,0,0,0,0,1,1,3,5,5,1,0,0,0,0,0,0,0,0,0,0,1,5,4,3,1,0,0,0,0,0,1,0,0,0,0,0,福岡
4496,内堀学,ウチボリ マナブ,東京,A2,S,620519,1,37,167,54,A,5.72,42.4,28,20,113,0,0,0.16,26,73.0,0.18,3.8,14,14.2,0.19,4.5,20,50.0,0.12,2.5,19,57.8,0.16,2.9,12,8.3,0.16,3.3,22,22.7,0.13,2.5,A2,B1,A1,49.0,50.0,2025,1,2024-05-01,2024-10-31,102,13,6,1,1,4,0,0,0,0,0,0,0,0,1,1,1,6,2,3,1,0,0,0,0,0,0,0,0,6,4,4,1,3,2,0,0,0,0,0,0,0,0,5,6,2,2,0,4,0,0,0,0,0,0,0,0,1,0,3,3,4,1,0,0,0,0,0,0,0,0,2,3,2,2,5,8,0,0,0,0,0,0,0,0,0,0,0,0,東京
4497,桑原悠,クワハラ ユウ,長崎,A1,S,620527,1,37,166,52,A,6.93,54.0,44,36,148,6,3,0.13,34,88.2,0.12,2.3,26,53.8,0.13,2.2,23,65.2,0.1,2.1,23,52.1,0.14,3.0,21,23.8,0.14,3.0,21,19.0,0.13,3.1,A1,A1,A1,65.0,61.0,2025,1,2024-05-01,2024-10-31,102,27,3,0,0,2,2,0,0,0,0,0,0,0,0,6,8,3,5,3,0,1,0,0,0,0,0,0,0,8,7,5,2,0,1,0,0,0,0,0,0,0,0,2,10,4,1,2,4,0,0,0,0,0,0,0,0,1,4,1,7,5,3,0,0,0,0,0,0,0,0,0,4,4,3,4,6,0,0,0,0,0,0,0,0,0,0,0,0,長崎
4498,宮本夏樹,ミヤモト ナツキ,長崎,B1,S,620721,1,37,173,56,A,4.91,30.1,14,18,106,1,0,0.15,16,68.7,0.15,3.3,14,35.7,0.16,3.2,20,40.0,0.15,2.9,14,21.4,0.13,3.0,20,20.0,0.14,3.2,22,4.5,0.17,4.2,A2,B1,A1,50.0,48.0,2025,1,2024-05-01,2024-10-31,102,8,3,2,0,1,1,0,0,0,0,0,0,1,0,0,5,1,4,0,4,0,0,0,0,0,0,0,0,2,6,3,3,2,4,0,0,0,0,0,0,0,0,1,2,2,6,1,2,0,0,0,0,0,0,0,0,3,1,3,4,5,2,1,0,0,0,0,0,1,0,0,1,5,3,5,8,0,0,0,0,0,0,0,0,0,0,0,0,長崎
4499,滝川真由子,タキカワ マユコ,長崎,A2,S,620930,2,37,158,45,A,6.14,46.9,26,20,98,1,0,0.15,24,83.3,0.13,2.3,16,62.5,0.16,3.3,13,46.1,0.13,2.6,18,27.7,0.16,3.1,12,33.3,0.16,3.0,15,6.6,0.2,4.5,A2,A2,A2,53.0,54.0,2025,1,2024-05-01,2024-10-31,102,16,4,2,1,1,0,0,0,0,0,0,0,0,0,2,8,0,3,1,2,0,0,0,0,0,0,0,0,3,3,1,2,2,2,0,0,0,0,0,1,0,0,1,4,5,4,2,2,0,0,0,0,0,0,0,0,4,0,3,2,2,1,0,0,0,0,0,0,0,0,0,1,1,4,3,6,0,0,0,0,0,0,0,0,0,0,0,0,愛知
4500,山田康二,ヤマダ コウジ,佐賀,A1,S,621226,1,37,167,54,O,7.7,60.7,56,29,140,7,3,0.14,41,90.2,0.13,2.5,19,73.6,0.13,3.2,25,48.0,0.13,2.4,20,45.0,0.14,3.1,24,45.8,0.16,3.5,11,18.1,0.14,3.3,A1,A1,A1,68.0,62.0,2025,1,2024-05-01,2024-10-31,102,34,3,2,1,1,0,0,0,0,0,0,1,0,0,5,9,3,0,0,1,0,0,0,0,0,0,1,0,5,7,5,3,2,3,0,0,0,0,0,0,0,0,4,5,3,2,4,2,0,0,0,0,0,1,0,0,7,4,2,6,3,2,0,0,0,0,0,0,0,0,1,1,3,4,2,0,0,0,0,0,0,0,0,0,0,0,0,0,佐賀
4501,樋口由加里,ヒグチ ユカリ,岡山,B1,S,630119,2,36,144,45,B,5.15,36.2,19,23,116,0,0,0.14,26,65.3,0.14,2.4,18,44.4,0.16,2.7,18,44.4,0.17,3.3,21,23.8,0.14,3.0,17,23.5,0.14,2.6,16,0.0,0.12,2.8,A2,A2,B1,50.0,50.0,2025,1,2024-05-01,2024-10-31,102,12,5,3,2,1,3,0,0,0,0,0,0,0,0,4,4,5,0,1,4,0,1,0,0,0,0,0,0,0,8,2,3,3,2,0,0,0,0,0,0,0,0,3,2,4,1,5,5,0,0,0,0,0,0,1,0,0,4,3,4,4,2,0,0,0,0,0,0,0,0,0,0,1,1,5,9,0,0,0,0,0,0,0,0,0,0,0,0,岡山
4502,遠藤エミ,エンドウ エミ,滋賀,A1,S,630219,2,36,154,47,A,7.29,49.2,38,24,126,7,4,0.13,32,84.3,0.11,2.0,18,61.1,0.14,3.3,15,33.3,0.13,3.1,19,52.6,0.13,2.6,20,20.0,0.14,3.2,22,22.7,0.16,4.1,A1,A1,A1,63.0,64.0,2025,1,2024-05-01,2024-10-31,102,25,2,2,1,1,1,0,0,0,0,0,0,0,0,6,5,4,1,0,2,0,0,0,0,0,0,0,0,2,3,4,0,4,2,0,0,0,0,0,0,0,0,3,7,2,3,3,1,0,0,0,0,0,0,0,0,1,3,7,3,4,2,0,0,0,0,0,0,0,0,1,4,6,4,5,2,0,0,0,0,0,0,0,0,0,0,0,0,滋賀
4503,上野真之介,ウエノ シンノスケ,佐賀,A1,S,630225,1,36,167,52,A,7.48,56.3,41,39,142,7,1,0.11,35,97.1,0.09,2.1,24,45.8,0.11,2.5,19,68.4,0.11,2.2,21,57.1,0.09,2.2,21,33.3,0.14,3.1,22,13.6,0.11,2.6,A1,A1,A1,61.0,63.0,2025,1,2024-05-01,2024-10-31,102,24,10,1,0,0,0,0,0,0,0,0,0,0,0,4,7,4,6,1,2,0,0,0,0,0,0,0,0,6,7,3,2,1,0,0,0,0,0,0,1,0,0,5,7,5,1,1,2,0,0,0,0,0,0,0,0,2,5,5,4,3,2,0,0,0,0,0,0,0,0,0,3,7,7,4,1,0,0,0,0,0,0,0,0,0,0,0,0,佐賀
4504,前田将太,マエダ ショウタ,福岡,A1,S,630323,1,36,168,54,A,7.33,51.8,42,28,135,6,0,0.11,30,93.3,0.11,2.8,18,61.1,0.13,3.3,23,52.1,0.12,3.0,21,38.1,0.1,2.5,26,26.9,0.11,2.5,17,23.5,0.1,2.6,A1,A1,A1,67.0,67.0,2025,1,2024-05-01,2024-10-31,102,24,4,1,1,0,0,0,0,0,0,0,0,0,0,4,7,4,0,2,1,0,0,0,0,0,0,0,0,5,7,1,2,5,3,0,0,0,0,0,0,0,0,3,5,4,5,3,1,0,0,0,0,0,0,0,0,4,3,5,8,4,2,0,0,0,0,0,0,0,0,2,2,2,4,2,4,0,0,0,0,0,0,1,0,0,0,0,0,福岡
4505,島田賢人,シマダ ケント,埼玉,A1,S,630406,1,36,161,55,A,6.47,47.6,35,25,126,4,2,0.14,27,81.4,0.13,2.5,20,30.0,0.14,3.5,21,52.3,0.15,2.9,21,42.8,0.15,2.6,21,38.1,0.14,2.3,15,26.6,0.17,4.0,A1,A1,A1,57.0,56.0,2025,1,2024-05-01,2024-10-31,102,20,2,3,2,0,0,0,0,0,0,0,0,0,0,2,4,5,4,3,1,1,0,0,0,0,0,0,0,4,7,3,5,1,1,0,0,0,0,0,0,0,0,6,3,3,2,6,1,0,0,0,0,0,1,0,0,2,6,6,4,3,0,0,0,0,0,0,0,0,0,1,3,2,1,1,7,0,0,0,0,0,0,0,0,0,0,1,1,埼玉
4506,稗田聖也,ヒエダ セイヤ,福岡,B1,S,630412,1,36,162,53,B,5.28,40.0,30,22,130,2,0,0.13,25,84.0,0.13,2.2,19,47.3,0.16,3.2,24,41.6,0.14,2.3,22,27.2,0.14,2.3,23,17.3,0.11,2.2,17,11.7,0.1,2.2,A2,B1,A2,50.0,48.0,2025,1,2024-05-01,2024-10-31,102,18,3,2,1,1,0,0,0,0,0,0,0,0,0,2,7,1,3,2,4,0,0,0,0,0,0,0,0,5,5,2,1,5,6,0,0,0,0,0,0,0,0,4,2,1,4,4,7,0,0,0,0,0,0,0,0,1,3,4,3,6,6,0,0,0,0,0,0,0,0,0,2,2,4,3,6,0,0,0,0,0,0,0,0,0,0,0,0,福岡
4508,野間大樹,ノマ ダイキ,大阪,B1,S,630924,1,36,171,50,B,4.75,36.4,15,20,96,1,0,0.2,15,66.6,0.14,2.0,14,64.2,0.2,3.9,12,50.0,0.19,3.5,12,33.3,0.18,4.0,15,26.6,0.24,4.8,28,7.1,0.22,4.5,A2,B1,B1,49.0,46.0,2025,1,2024-05-01,2024-10-31,102,7,3,0,0,2,0,2,0,0,0,0,0,1,0,4,5,0,2,2,1,0,0,0,0,0,0,0,0,0,6,3,0,2,1,0,0,0,0,0,0,0,0,2,2,2,0,3,2,0,0,0,0,0,0,1,0,1,3,2,1,3,5,0,0,0,0,0,0,0,0,1,1,1,6,8,11,0,0,0,0,0,0,0,0,0,0,0,0,大阪
4509,平見真彦,ヒラミ マサヒコ,愛知,A2,S,631229,1,36,167,53,B,5.89,36.3,25,27,143,1,0,0.17,24,75.0,0.14,3.0,24,54.1,0.14,3.0,24,33.3,0.17,3.4,24,45.8,0.21,3.8,26,7.6,0.15,3.7,21,0.0,0.18,4.2,A2,A2,A2,53.0,52.0,2025,1,2024-05-01,2024-10-31,102,12,6,3,3,0,0,0,0,0,0,0,0,0,0,4,9,5,3,2,1,0,0,0,0,0,0,0,0,2,6,6,3,6,1,0,0,0,0,0,0,0,0,7,4,4,4,1,4,0,0,0,0,0,0,0,0,0,2,9,12,3,0,0,0,0,0,0,0,0,0,0,0,7,5,7,2,0,0,0,0,0,0,0,0,0,0,0,0,愛知
4510,坂本奈央,サカモト ナオ,福岡,B2,S,640104,2,35,157,53,B,0.0,0.0,0,0,0,0,0,0.0,0,0.0,0.0,0.0,0,0.0,0.0,0.0,0,0.0,0.0,0.0,0,0.0,0.0,0.0,0,0.0,0.0,0.0,0,0.0,0.0,0.0,B2,B2,B2,0.0,0.0,2025,1,2024-05-01,2024-10-31,102,0,0,0,0,0,0,0,0,0,0,0,0,0,0,0,0,0,0,0,0,0,0,0,0,0,0,0,0,0,0,0,0,0,0,0,0,0,0,0,0,0,0,0,0,0,0,0,0,0,0,0,0,0,0,0,0,0,0,0,0,0,0,0,0,0,0,0,0,0,0,0,0,0,0,0,0,0,0,0,0,0,0,0,0,0,0,0,0,熊本
4511,中岡健人,ナカオカ ケント,香川,B1,H,010320,1,35,161,58,O,4.33,22.4,8,18,116,0,0,0.15,16,50.0,0.14,2.4,21,42.8,0.15,3.0,17,29.4,0.13,2.4,24,8.3,0.13,3.3,23,8.7,0.14,3.2,14,0.0,0.22,4.5,B1,B1,B1,49.0,46.0,2025,1,2024-05-01,2024-10-31,102,2,6,4,3,0,0,0,0,0,0,0,0,0,1,2,7,7,3,0,2,0,0,0,0,0,0,0,0,3,2,1,6,3,2,0,0,0,0,0,0,0,0,0,2,3,6,9,3,0,0,0,0,0,0,1,0,1,1,3,4,4,10,0,0,0,0,0,0,0,0,0,0,2,1,6,5,0,0,0,0,0,0,0,0,0,0,0,1,高知
4512,高野哲史,コウノ サトシ,兵庫,A1,H,010410,1,35,169,53,A,7.1,55.2,41,28,125,8,3,0.15,30,86.6,0.15,3.1,17,64.7,0.17,3.5,20,70.0,0.15,3.0,18,38.8,0.13,3.1,21,38.1,0.13,2.9,19,15.7,0.15,3.4,A1,A1,A2,53.0,57.0,2025,1,2024-05-01,2024-10-31,102,23,3,1,1,2,0,0,0,0,0,0,0,0,0,6,5,2,2,2,0,0,0,0,0,0,0,0,0,7,7,2,2,2,0,0,0,0,0,0,0,0,0,1,6,5,4,1,1,0,0,0,0,0,0,0,0,3,5,6,4,2,1,0,0,0,0,0,0,0,0,1,2,7,4,4,0,1,0,0,0,0,0,0,0,0,0,0,0,兵庫
4513,河野真也,カワノ シンヤ,福岡,A2,H,010505,1,35,169,55,AB,5.47,35.4,21,18,110,1,0,0.17,22,77.2,0.17,3.5,21,42.8,0.17,3.0,22,27.2,0.14,2.9,17,23.5,0.18,4.1,16,18.7,0.18,4.1,12,0.0,0.15,3.8,A2,A2,A2,52.0,50.0,2025,1,2024-05-01,2024-10-31,102,13,4,2,0,1,1,1,0,0,0,0,0,0,0,3,6,3,4,2,3,0,0,0,0,0,0,0,0,4,2,9,4,2,1,0,0,0,0,0,0,0,0,1,3,3,5,4,1,0,0,0,0,0,0,0,0,0,3,1,6,6,0,0,0,0,0,0,0,0,0,0,0,1,2,3,6,0,0,0,0,0,0,0,0,0,0,2,0,宮崎
4514,上條嘉嗣,カミジョウ ヨシツグ,大阪,A1,H,011212,1,35,167,52,O,7.19,60.0,47,43,150,13,1,0.18,34,97.0,0.17,3.7,29,79.3,0.17,3.1,24,50.0,0.17,4.1,26,42.3,0.2,4.3,21,33.3,0.18,3.9,16,25.0,0.24,4.9,A1,A1,A1,53.0,55.0,2025,1,2024-05-01,2024-10-31,102,27,6,1,0,0,0,0,0,0,0,0,1,0,0,10,13,5,0,1,0,0,0,0,0,0,0,0,0,3,9,8,2,2,0,0,0,0,0,0,0,0,0,6,5,5,6,1,3,0,0,0,0,0,0,0,0,0,7,3,6,3,2,0,0,0,0,0,0,0,0,1,3,4,2,3,3,0,0,0,0,0,0,0,0,0,0,0,0,大阪
4515,藤田浩人,フジタ ヒロヒト,佐賀,A2,S,610531,1,38,158,53,B,5.94,39.5,21,36,144,3,0,0.16,27,70.3,0.15,2.9,24,58.3,0.15,2.9,19,42.1,0.16,3.4,26,23.0,0.15,2.5,29,27.5,0.16,3.5,19,10.5,0.18,4.2,A2,A2,A2,52.0,53.0,2025,1,2024-05-01,2024-10-31,102,11,8,3,5,0,0,0,0,0,0,0,0,0,0,3,11,3,5,1,1,0,0,0,0,0,0,0,0,2,6,5,4,2,0,0,0,0,0,0,1,0,0,3,3,5,8,7,0,0,0,0,0,0,0,0,0,2,6,7,4,7,3,0,0,0,0,0,0,0,0,0,2,6,4,4,3,0,0,0,0,0,0,0,0,0,0,0,0,佐賀
4516,野口勝弘,ノグチ カツヒロ,愛知,A1,S,611203,1,38,163,49,B,6.3,49.2,33,33,134,2,0,0.15,30,76.6,0.14,3.0,27,55.5,0.16,3.4,19,47.3,0.14,3.1,18,44.4,0.12,2.4,26,34.6,0.15,3.4,14,14.2,0.15,4.0,A1,A1,A1,55.0,53.0,2025,1,2024-05-01,2024-10-31,103,20,3,5,0,1,0,1,0,0,0,0,0,0,0,3,12,4,2,5,0,0,0,0,0,0,0,0,1,4,5,2,2,5,1,0,0,0,0,0,0,0,0,3,5,3,6,0,1,0,0,0,0,0,0,0,0,3,6,6,4,3,4,0,0,0,0,0,0,0,0,0,2,2,1,4,5,0,0,0,0,0,1,0,0,0,0,0,0,愛知
4518,大須賀友,オオスカ ユウ,愛知,A1,S,620131,1,37,165,51,O,6.23,47.6,23,28,107,3,0,0.15,22,86.3,0.15,3.1,13,53.8,0.16,3.6,22,59.0,0.14,2.8,21,28.5,0.15,3.5,19,31.5,0.14,3.0,10,0.0,0.13,2.6,A1,A1,A2,52.0,52.0,2025,1,2024-05-01,2024-10-31,103,14,5,2,1,0,0,0,0,0,0,0,0,0,0,1,6,1,2,1,2,0,0,0,0,0,1,0,0,4,9,3,2,1,3,0,0,0,0,0,0,0,0,1,5,6,3,6,0,0,0,0,0,0,0,0,0,3,3,4,3,3,3,0,0,0,0,0,0,0,0,0,0,3,4,2,1,0,0,0,0,0,0,0,0,0,0,2,0,愛知
4519,清水沙樹,シミズ サキ,東京,B1,S,620221,2,37,154,49,O,4.96,32.1,15,21,112,1,0,0.15,20,60.0,0.17,2.8,19,36.8,0.16,3.1,22,27.2,0.13,3.1,22,27.2,0.16,3.1,13,23.0,0.14,2.2,16,12.5,0.13,3.4,B1,A1,B1,50.0,48.0,2025,1,2024-05-01,2024-10-31,103,8,4,1,4,0,3,0,0,0,0,0,0,0,0,2,5,5,2,2,3,0,0,0,0,0,0,0,0,1,5,2,5,7,2,0,0,0,0,0,0,0,0,4,2,4,3,4,5,0,0,0,0,0,0,0,0,0,3,2,4,4,0,0,0,0,0,0,0,0,0,0,2,1,3,4,6,0,0,0,0,0,0,0,0,0,0,0,0,千葉
4520,高倉孝太,タカクラ コウタ,福井,B1,S,620321,1,37,164,49,O,5.44,38.9,23,28,131,2,1,0.15,22,81.8,0.13,2.2,27,40.7,0.14,2.7,18,27.7,0.13,2.6,31,38.7,0.16,3.1,15,26.6,0.16,3.3,18,5.5,0.17,3.7,B1,B1,B1,48.0,49.0,2025,1,2024-05-01,2024-10-31,103,12,6,0,1,0,3,0,0,0,0,0,0,0,0,1,10,4,6,1,5,0,0,0,0,0,0,0,0,3,2,1,7,2,3,0,0,0,0,0,0,0,0,7,5,7,3,6,3,0,0,0,0,0,0,0,0,0,4,1,3,2,5,0,0,0,0,0,0,0,0,0,1,6,3,2,6,0,0,0,0,0,0,0,0,0,0,0,0,石川
4521,小池公生,コイケ キミオ,福岡,B1,S,620402,1,37,161,53,A,5.27,27.8,13,14,97,2,0,0.19,15,53.3,0.18,3.9,17,23.5,0.19,3.6,17,29.4,0.2,4.0,19,21.0,0.19,3.7,19,31.5,0.17,3.5,10,0.0,0.26,5.3,B2,A1,A2,48.0,50.0,2025,1,2024-05-01,2024-10-31,103,8,0,1,4,1,1,0,0,0,0,0,0,0,0,2,2,6,7,0,0,0,0,0,0,0,0,0,0,0,5,4,2,4,2,0,0,0,0,0,0,0,0,0,4,8,3,2,2,0,0,0,0,0,0,0,0,3,3,4,4,4,0,0,0,0,0,0,0,1,0,0,0,0,2,4,4,0,0,0,0,0,0,0,0,0,0,0,0,福岡
4522,古澤光紀,フルサワ ミツノリ,福岡,A1,S,621028,1,37,165,56,B,6.92,52.5,43,19,118,5,2,0.14,30,96.6,0.11,1.6,14,50.0,0.16,2.9,18,44.4,0.13,2.3,19,52.6,0.15,3.3,21,28.5,0.14,3.3,16,12.5,0.18,4.4,A1,A1,A1,62.0,57.0,2025,1,2024-05-01,2024-10-31,103,28,1,0,0,0,0,1,0,0,0,0,0,0,0,2,5,3,3,0,0,0,0,0,0,0,0,0,1,5,3,7,2,0,1,0,0,0,0,0,0,0,0,6,4,2,4,2,1,0,0,0,0,0,0,0,0,2,4,5,5,4,1,0,0,0,0,0,0,0,0,0,2,3,2,5,4,0,0,0,0,0,0,0,0,0,0,3,0,福岡
4523,中村辰也,ナカムラ タツヤ,長崎,A2,S,630226,1,36,166,53,A,6.1,46.2,31,25,121,4,1,0.13,23,73.9,0.15,3.1,26,50.0,0.12,2.9,15,60.0,0.14,2.7,24,37.5,0.14,2.5,18,33.3,0.13,3.1,15,13.3,0.15,3.1,A2,A2,A1,51.0,52.0,2025,1,2024-05-01,2024-10-31,103,15,2,2,2,1,1,0,0,0,0,0,0,0,0,4,9,4,4,3,2,0,0,0,0,0,0,0,0,6,3,2,2,1,1,0,0,0,0,0,0,0,0,4,5,5,3,4,3,0,0,0,0,0,0,0,0,1,5,2,6,3,1,0,0,0,0,0,0,0,0,1,1,2,1,5,5,0,0,0,0,0,0,0,0,0,0,0,0,長崎
4524,深谷知博,フカヤ トモヒロ,静岡,A1,S,630401,1,36,164,53,A,7.04,45.7,33,26,129,4,1,0.11,21,76.1,0.1,2.1,21,57.1,0.12,2.8,25,44.0,0.12,2.6,23,43.4,0.12,2.7,20,35.0,0.11,2.0,19,15.7,0.11,2.5,A1,A1,A1,70.0,70.0,2025,1,2024-05-01,2024-10-31,103,13,3,3,0,2,0,0,0,0,0,0,0,0,0,7,5,4,1,3,1,0,0,0,0,0,0,0,0,4,7,6,3,4,1,0,0,0,0,0,0,0,0,4,6,5,6,0,2,0,0,0,0,0,0,0,0,4,3,1,3,4,5,0,0,0,0,0,1,0,0,1,2,1,3,3,8,0,0,0,0,0,0,0,1,0,0,0,0,静岡
4525,真子奈津実,マコ ナツミ,福岡,B1,S,630509,2,36,157,47,A,4.8,30.2,12,14,86,0,0,0.16,19,57.8,0.14,2.6,10,30.0,0.19,2.6,10,30.0,0.11,2.7,19,31.5,0.16,3.2,16,18.7,0.17,2.6,12,0.0,0.17,3.6,A2,B1,B1,50.0,47.0,2025,1,2024-05-01,2024-10-31,103,8,3,2,1,3,2,0,0,0,0,0,0,0,0,1,2,3,3,1,0,0,0,0,0,0,0,0,0,2,1,3,3,1,0,0,0,0,0,0,0,0,0,1,5,1,1,2,8,1,0,0,0,0,0,0,0,0,3,1,5,3,4,0,0,0,0,0,0,0,0,0,0,2,2,7,1,0,0,0,0,0,0,0,0,0,0,0,0,福岡
4526,池田雄祐,イケダ ユウスケ,愛知,A1,S,630519,1,36,167,54,O,6.29,42.7,32,18,117,2,0,0.13,23,95.6,0.13,2.2,20,40.0,0.16,2.9,16,37.5,0.13,3.1,20,40.0,0.11,2.4,19,26.3,0.14,2.6,18,5.5,0.13,2.7,A2,A2,A1,51.0,52.0,2025,1,2024-05-01,2024-10-31,103,20,2,1,0,0,0,0,0,0,0,0,0,0,0,4,4,6,2,1,2,0,0,0,0,0,0,0,1,2,4,5,3,1,1,0,0,0,0,0,0,0,0,4,4,3,5,2,1,1,0,0,0,0,0,0,0,1,4,6,4,3,0,1,0,0,0,0,0,0,0,1,0,6,6,5,0,0,0,0,0,0,0,0,0,0,0,0,1,愛知
4527,高野心吾,タカノ シンゴ,愛知,B1,S,630625,1,36,168,51,O,4.16,22.2,7,13,90,1,0,0.17,14,57.1,0.16,3.1,15,20.0,0.15,3.8,14,21.4,0.15,3.5,16,31.2,0.19,3.6,15,6.6,0.18,3.5,16,0.0,0.2,4.7,B1,B1,B1,44.0,46.0,2025,1,2024-05-01,2024-10-31,103,6,2,2,2,2,0,0,0,0,0,0,0,0,0,0,3,2,2,2,6,0,0,0,0,0,0,0,0,0,3,0,6,1,4,0,0,0,0,0,0,0,0,1,4,3,3,2,3,0,0,0,0,0,0,0,0,0,1,3,2,3,6,0,0,0,0,0,0,0,0,0,0,2,2,7,5,0,0,0,0,0,0,0,0,0,0,0,0,愛知
4528,黒井達矢,クロイ タツヤ,埼玉,A1,S,630808,1,36,168,53,B,6.82,49.1,37,20,116,5,0,0.14,24,79.1,0.13,2.8,17,70.5,0.14,2.5,23,34.7,0.15,3.3,17,47.0,0.15,2.8,21,33.3,0.13,3.2,14,21.4,0.18,3.9,A1,A1,A1,58.0,61.0,2025,1,2024-05-01,2024-10-31,103,16,3,1,2,0,2,0,0,0,0,0,0,0,0,6,6,2,1,1,1,0,0,0,0,0,0,0,0,3,5,6,5,3,0,0,0,0,0,0,0,1,0,7,1,4,1,3,1,0,0,0,0,0,0,0,0,4,3,4,1,5,3,1,0,0,0,0,0,0,0,1,2,4,2,3,2,0,0,0,0,0,0,0,0,0,0,0,0,埼玉
4529,嶋義信,シマ ヨシノブ,香川,B1,S,630929,1,36,166,56,AB,5.19,28.0,18,10,100,1,0,0.15,17,58.8,0.13,2.8,13,38.4,0.13,3.9,18,33.3,0.14,3.3,17,23.5,0.13,3.3,18,16.6,0.15,3.3,17,0.0,0.19,4.3,A2,A2,A2,53.0,49.0,2025,1,2024-05-01,2024-10-31,103,10,0,5,0,1,0,1,0,0,0,0,1,0,0,2,3,2,2,2,2,0,0,0,0,0,1,0,0,2,4,5,3,1,3,0,0,0,0,0,0,0,0,2,2,5,4,0,4,0,0,0,0,0,0,0,0,2,1,3,5,5,2,0,0,0,0,0,0,0,0,0,0,2,6,7,2,0,0,0,0,0,0,0,0,0,0,1,0,香川
4530,小野生奈,オノ セイナ,福岡,A2,S,631002,2,36,155,45,B,6.24,39.4,21,9,76,2,1,0.14,18,66.6,0.1,1.7,12,50.0,0.15,3.0,10,60.0,0.11,1.4,11,18.1,0.13,2.7,10,20.0,0.19,3.5,15,13.3,0.14,3.1,A1,A1,B2,55.0,55.0,2025,1,2024-05-01,2024-10-31,103,11,1,3,2,1,0,0,0,0,0,0,0,0,0,5,1,1,4,1,0,0,0,0,0,0,0,0,0,3,3,3,1,0,0,0,0,0,0,0,0,0,0,1,1,2,2,3,1,1,0,0,0,0,0,0,0,1,1,2,2,3,1,0,0,0,0,0,0,0,0,0,2,3,5,4,1,0,0,0,0,0,0,0,0,0,0,2,0,福岡
4531,武富智亮,タケドミ トモアキ,佐賀,A2,S,631023,1,36,162,52,O,5.77,42.2,34,26,142,2,0,0.15,25,84.0,0.12,2.1,20,55.0,0.15,2.6,29,44.8,0.14,3.2,23,34.7,0.16,3.0,20,20.0,0.18,3.1,25,12.0,0.14,4.2,A2,A1,A1,53.0,50.0,2025,1,2024-05-01,2024-10-31,103,20,1,2,0,2,0,0,0,0,0,0,0,0,0,3,8,4,0,2,2,1,0,0,0,0,1,0,0,5,8,4,5,1,6,0,0,0,0,0,0,0,0,1,7,3,8,2,2,0,0,0,0,0,1,0,0,4,0,5,4,4,3,0,0,0,0,0,1,0,0,1,2,5,2,5,10,0,0,0,0,0,0,0,0,0,0,1,0,佐賀
4532,秋元哲,アキモト サトル,埼玉,A1,S,631101,1,36,158,50,A,6.58,46.9,33,29,132,5,0,0.14,27,81.4,0.14,2.6,21,42.8,0.14,3.0,22,54.5,0.13,2.5,25,40.0,0.14,2.8,18,44.4,0.12,2.0,18,5.5,0.15,3.6,A1,A1,A1,56.0,57.0,2025,1,2024-05-01,2024-10-31,103,17,5,2,1,0,2,0,0,0,0,0,0,0,0,2,7,2,6,3,1,0,0,0,0,0,0,0,0,7,5,5,3,1,1,0,0,0,0,0,0,0,0,4,6,4,6,3,2,0,0,0,0,0,0,0,0,2,6,4,4,1,1,0,0,0,0,0,0,0,0,1,0,8,2,4,3,0,0,0,0,0,0,0,0,0,0,0,1,栃木
4533,峰重侑治,ミネシゲ ユウジ,岡山,B1,S,631124,1,36,170,53,AB,5.17,36.7,15,28,117,2,0,0.17,23,82.6,0.16,3.1,14,28.5,0.19,4.3,18,44.4,0.16,4.1,22,36.3,0.16,2.7,22,13.6,0.16,3.1,18,5.5,0.18,4.4,A2,A2,B1,49.0,49.0,2025,1,2024-05-01,2024-10-31,103,8,11,2,0,2,0,0,0,0,0,0,0,0,0,1,3,2,2,2,3,1,0,0,0,0,0,0,0,2,6,1,6,2,1,0,0,0,0,0,0,0,0,4,4,5,4,3,1,0,0,0,0,0,0,0,1,0,3,2,4,10,3,0,0,0,0,0,0,0,0,0,1,2,4,6,5,0,0,0,0,0,0,0,0,0,0,0,0,岡山
4534,坂咲友理,サカ サユリ,大阪,B1,H,010926,2,35,148,43,A,3.99,13.1,4,6,76,0,0,0.19,13,23.0,0.21,5.1,16,6.2,0.17,3.6,13,23.0,0.17,3.6,12,16.6,0.18,2.9,14,7.1,0.2,3.7,8,0.0,0.2,4.5,B1,B2,B1,46.0,46.0,2025,1,2024-05-01,2024-10-31,103,2,1,3,3,4,0,0,0,0,0,0,0,0,0,0,1,7,4,3,1,0,0,0,0,0,0,0,0,1,2,1,2,5,2,0,0,0,0,0,0,0,0,0,2,3,2,2,3,0,0,0,0,0,0,0,0,1,0,1,3,5,4,0,0,0,0,0,0,0,0,0,0,1,2,2,3,0,0,0,0,0,0,0,0,0,0,0,0,奈良
4535,北山康介,キタヤマ コウスケ,東京,A1,H,011123,1,35,164,56,AB,6.91,53.4,41,21,116,4,1,0.14,30,90.0,0.15,2.9,18,50.0,0.15,3.0,19,47.3,0.14,2.3,15,46.6,0.15,3.4,13,38.4,0.15,2.6,21,23.8,0.12,2.4,A1,A1,A1,55.0,54.0,2025,1,2024-05-01,2024-10-31,103,24,3,0,0,1,2,0,0,0,0,0,0,0,0,5,4,5,1,2,0,1,0,0,0,0,0,0,0,3,6,5,1,4,0,0,0,0,0,0,0,0,0,4,3,3,3,1,1,0,0,0,0,0,0,0,0,1,4,2,4,1,0,0,0,0,0,0,0,0,1,4,1,8,3,4,1,0,0,0,0,0,0,0,0,0,0,0,0,神奈川
4536,喜井つかさ,キイ ツカサ,岡山,A1,H,020114,2,34,159,48,B,6.26,44.9,21,32,118,4,0,0.16,25,88.0,0.15,3.0,24,50.0,0.15,3.0,18,55.5,0.15,2.5,16,31.2,0.17,3.6,21,14.2,0.17,3.1,14,7.1,0.17,4.6,A1,A2,A1,53.0,54.0,2025,1,2024-05-01,2024-10-31,103,14,8,1,1,1,0,0,0,0,0,0,0,0,0,2,10,4,4,2,2,0,0,0,0,0,0,0,0,3,7,3,3,1,0,1,0,0,0,0,0,0,0,2,3,5,5,0,1,0,0,0,0,0,0,0,0,0,3,6,7,3,2,0,0,0,0,0,0,0,0,0,1,3,5,2,3,0,0,0,0,0,0,0,0,0,0,0,0,岡山
4537,渡邉和将,ワタナベ カズマサ,岡山,A1,H,020212,1,34,167,54,A,6.93,52.3,44,23,128,8,2,0.12,30,90.0,0.11,1.7,21,57.1,0.08,1.9,21,52.3,0.11,1.9,16,62.5,0.12,2.1,20,30.0,0.14,2.5,20,5.0,0.16,3.5,A1,A1,A1,60.0,58.0,2025,1,2024-05-01,2024-10-31,103,25,2,1,2,0,0,0,0,0,0,0,0,0,0,6,6,2,3,2,2,0,0,0,0,0,0,0,0,7,4,5,1,2,2,0,0,0,0,0,0,0,0,3,7,5,1,0,0,0,0,0,0,0,0,0,0,2,4,3,3,5,3,0,0,0,0,0,0,0,0,1,0,3,7,6,3,0,0,0,0,0,0,0,0,0,0,0,0,岡山
4538,笠置博之,カサギ ヒロユキ,大阪,A2,H,020809,1,34,174,57,B,5.46,37.1,17,25,113,2,0,0.15,17,88.2,0.13,2.0,19,47.3,0.16,3.7,22,31.8,0.15,3.2,17,23.5,0.15,3.7,19,15.7,0.17,3.4,19,21.0,0.15,3.4,A2,B1,B1,50.0,50.0,2025,1,2024-05-01,2024-10-31,103,7,8,1,0,1,0,0,0,0,0,0,0,0,0,5,4,1,5,2,2,0,0,0,0,0,0,0,0,2,5,5,5,0,4,0,0,0,0,0,0,1,0,1,3,7,4,1,1,0,0,0,0,0,0,0,0,2,1,2,7,4,3,0,0,0,0,0,0,0,0,0,4,1,4,5,5,0,0,0,0,0,0,0,0,0,0,0,0,大阪
4539,金子賢志,カネコ サトシ,群馬,A1,H,021018,1,34,161,55,A,6.5,49.2,42,24,134,4,1,0.15,23,86.9,0.15,2.7,20,60.0,0.14,2.4,25,44.0,0.16,2.8,27,44.4,0.14,2.5,23,39.1,0.13,2.3,16,12.5,0.18,3.0,A2,A2,A2,51.0,53.0,2025,1,2024-05-01,2024-10-31,103,16,4,1,0,1,1,0,0,0,0,0,0,0,0,6,6,4,3,1,0,0,0,0,0,0,0,0,0,6,5,8,0,5,1,0,0,0,0,0,0,0,0,9,3,2,6,2,5,0,0,0,0,0,0,0,0,3,6,5,5,2,2,0,0,0,0,0,0,0,0,2,0,2,6,5,1,0,0,0,0,0,0,0,0,0,0,0,0,群馬
4540,相原利章,アイハラ トシアキ,東京,B1,S,620822,1,37,165,53,A,5.4,36.0,23,21,122,2,0,0.12,21,76.1,0.13,2.8,15,46.6,0.13,2.3,26,38.4,0.1,2.2,20,30.0,0.13,2.5,19,15.7,0.11,2.2,20,10.0,0.13,3.2,A2,A2,A2,50.0,49.0,2025,1,2024-05-01,2024-10-31,104,12,4,2,3,0,0,0,0,0,0,0,0,0,0,4,3,4,1,2,1,0,0,0,0,0,0,0,0,3,7,4,6,1,4,1,0,0,0,0,0,0,0,1,5,5,3,6,0,0,0,0,0,0,0,0,0,3,0,6,3,2,5,0,0,0,0,0,0,0,0,0,2,1,3,3,11,0,0,0,0,0,0,0,0,0,0,0,1,東京
4543,重木輝彦,シゲキ テルヒコ,兵庫,A1,S,621125,1,37,170,53,B,6.53,49.2,30,32,126,5,0,0.16,26,80.7,0.14,2.4,20,40.0,0.15,3.4,20,50.0,0.14,3.2,23,43.4,0.17,3.5,22,45.4,0.17,4.7,15,20.0,0.19,4.2,A1,A1,A2,54.0,54.0,2025,1,2024-05-01,2024-10-31,104,18,3,1,2,1,1,0,0,0,0,0,0,0,0,1,7,9,0,0,3,0,0,0,0,0,0,0,0,8,2,5,2,2,0,0,0,0,0,0,0,1,0,1,9,4,6,3,0,0,0,0,0,0,1,0,0,1,9,4,1,4,3,0,0,0,0,0,0,0,0,1,2,4,2,4,2,0,0,0,0,0,0,0,0,0,0,0,0,兵庫
4544,松田大志郎,マツダ タイシロウ,福岡,A1,S,621205,1,37,158,53,A,7.7,64.7,52,25,119,9,3,0.15,34,88.2,0.13,2.2,21,76.1,0.14,3.5,13,61.5,0.14,2.8,15,66.6,0.14,2.9,15,33.3,0.19,4.2,20,40.0,0.19,3.6,A1,A1,A1,56.0,56.0,2025,1,2024-05-01,2024-10-31,104,29,1,1,1,1,0,1,0,0,0,0,0,0,0,8,8,4,1,0,0,0,0,0,0,0,0,0,0,6,2,1,1,3,0,0,0,0,0,0,0,0,0,8,2,4,0,1,0,0,0,0,0,0,0,0,0,0,5,7,3,0,0,0,0,0,0,0,0,0,0,1,7,4,4,4,0,0,0,0,0,0,0,0,0,0,0,0,1,福岡
4545,岡村慶太,オカムラ ケイタ,福岡,A1,S,630208,1,36,167,56,A,7.36,61.1,46,31,126,10,2,0.14,33,100.0,0.13,2.2,20,60.0,0.14,2.8,20,70.0,0.13,2.4,18,33.3,0.12,2.1,20,40.0,0.14,2.9,15,26.6,0.15,2.8,A1,A1,A1,58.0,57.0,2025,1,2024-05-01,2024-10-31,104,31,2,0,0,0,0,0,0,0,0,0,0,0,0,5,7,2,2,2,2,0,0,0,0,0,0,0,0,5,9,1,4,1,0,0,0,0,0,0,0,0,0,3,3,6,4,1,1,0,0,0,0,0,0,0,0,1,7,2,5,4,1,0,0,0,0,0,0,0,0,1,3,7,1,2,1,0,0,0,0,0,0,0,0,0,0,0,0,福岡
4546,浜田亜理沙,ハマダ アリサ,埼玉,A1,S,630319,2,36,163,48,B,7.2,57.0,41,40,142,6,0,0.14,36,77.7,0.15,3.0,21,71.4,0.15,3.3,22,50.0,0.12,3.0,27,59.2,0.13,2.9,22,40.9,0.13,2.7,14,14.2,0.18,3.0,A1,A1,A1,60.0,61.0,2025,1,2024-05-01,2024-10-31,104,19,9,1,3,3,0,1,0,0,0,0,0,0,0,6,9,2,1,1,2,0,0,0,0,0,0,0,0,5,6,3,5,2,1,0,0,0,0,0,0,0,0,8,8,3,4,3,1,0,0,0,0,0,0,0,0,2,7,2,4,5,2,0,0,0,0,0,0,0,0,1,1,7,0,4,1,0,0,0,0,0,0,0,0,0,0,0,0,広島
4547,中田竜太,ナカダ リュウタ,埼玉,A1,S,630410,1,36,166,52,A,7.25,47.9,30,27,119,4,0,0.13,21,80.9,0.14,3.4,22,59.0,0.11,2.9,17,35.2,0.12,2.4,23,60.8,0.13,2.9,18,33.3,0.16,3.6,18,5.5,0.15,4.4,A1,A1,A1,69.0,69.0,2025,1,2024-05-01,2024-10-31,104,15,2,2,1,0,1,0,0,0,0,0,0,0,0,5,8,4,4,1,0,0,0,0,0,0,0,0,0,2,4,4,3,4,0,0,0,0,0,0,0,0,0,4,10,4,2,2,1,0,0,0,0,0,0,0,0,4,2,3,2,5,2,0,0,0,0,0,0,0,0,0,1,4,6,3,4,0,0,0,0,0,0,0,0,0,0,0,0,福島
4548,篠木亜衣花,シノギ アイカ,三重,B2,S,630602,2,36,151,60,B,0.0,0.0,0,0,0,0,0,0.0,0,0.0,0.0,0.0,0,0.0,0.0,0.0,0,0.0,0.0,0.0,0,0.0,0.0,0.0,0,0.0,0.0,0.0,0,0.0,0.0,0.0,B2,B2,B1,0.0,0.0,2025,1,2024-05-01,2024-10-31,104,0,0,0,0,0,0,0,0,0,0,0,0,0,0,0,0,0,0,0,0,0,0,0,0,0,0,0,0,0,0,0,0,0,0,0,0,0,0,0,0,0,0,0,0,0,0,0,0,0,0,0,0,0,0,0,0,0,0,0,0,0,0,0,0,0,0,0,0,0,0,0,0,0,0,0,0,0,0,0,0,0,0,0,0,0,0,0,0,三重
4549,小林文彦,コバヤシ フミヒコ,福岡,A2,S,630916,1,36,164,54,B,5.89,41.1,22,22,107,3,0,0.18,16,87.5,0.18,3.0,17,64.7,0.19,4.2,16,50.0,0.17,3.3,26,30.7,0.18,4.4,18,16.6,0.17,3.5,14,0.0,0.19,4.0,B1,A2,A2,50.0,51.0,2025,1,2024-05-01,2024-10-31,104,12,2,0,1,1,0,0,0,0,0,0,0,0,0,4,7,3,1,1,1,0,0,0,0,0,0,0,0,3,5,2,3,2,1,0,0,0,0,0,0,0,0,1,7,8,6,3,1,0,0,0,0,0,0,0,0,2,1,6,6,2,1,0,0,0,0,0,0,0,0,0,0,0,3,4,6,0,0,0,0,0,0,1,0,1,0,0,0,福岡
4550,石岡将太,イシオカ ショウタ,群馬,B1,S,631106,1,36,167,58,O,4.12,22.3,10,15,112,0,0,0.16,15,46.6,0.15,2.6,21,38.1,0.17,3.5,18,27.7,0.15,2.8,17,17.6,0.18,3.2,21,4.7,0.14,3.6,20,5.0,0.15,3.7,B1,B1,B1,45.0,45.0,2025,1,2024-05-01,2024-10-31,104,5,2,3,1,2,1,0,0,0,0,0,0,0,1,2,6,2,2,5,4,0,0,0,0,0,1,0,0,2,3,3,4,3,3,0,0,0,0,0,0,0,0,0,3,0,3,6,5,0,0,0,0,0,0,0,0,0,1,2,7,6,5,0,0,0,0,0,0,0,0,1,0,4,2,6,7,0,0,0,0,0,0,0,0,0,0,0,0,群馬
4551,三川昂暁,ミカワ タカアキ,福岡,A2,S,631210,1,36,160,54,A,5.76,38.2,20,24,115,2,0,0.15,22,81.8,0.14,2.9,18,38.8,0.18,3.2,16,37.5,0.15,3.8,21,38.1,0.15,3.3,18,16.6,0.16,3.6,20,10.0,0.14,3.0,A2,A2,B1,52.0,52.0,2025,1,2024-05-01,2024-10-31,104,12,6,1,2,0,1,0,0,0,0,0,0,0,0,2,5,3,3,2,2,1,0,0,0,0,0,0,0,2,4,5,1,1,3,0,0,0,0,0,0,0,0,3,5,2,4,3,4,0,0,0,0,0,0,0,0,1,2,7,7,1,0,0,0,0,0,0,0,0,0,0,2,4,5,7,2,0,0,0,0,0,0,0,0,0,0,1,0,福岡
4552,杉山勝匡,スギヤマ カツマサ,佐賀,B1,H,010223,1,35,158,54,B,5.42,37.7,27,16,114,2,0,0.13,14,57.1,0.11,2.8,24,45.8,0.15,3.4,23,43.4,0.12,3.0,21,33.3,0.14,2.5,18,22.2,0.13,2.1,14,21.4,0.12,2.9,B1,B1,B1,45.0,49.0,2025,1,2024-05-01,2024-10-31,104,7,1,2,1,1,2,0,0,0,0,0,0,0,0,4,7,2,3,5,3,0,0,0,0,0,0,0,0,7,3,5,3,3,2,0,0,0,0,0,0,0,0,5,2,4,4,3,3,0,0,0,0,0,0,0,0,3,1,0,7,3,4,0,0,0,0,0,1,0,0,1,2,1,1,4,5,0,0,0,0,0,0,0,0,0,0,0,0,佐賀
4553,坪口竜也,ツボグチ タツヤ,長崎,A1,H,010414,1,35,165,52,A,6.36,46.9,20,26,98,5,0,0.15,17,76.4,0.13,2.6,15,60.0,0.16,3.7,17,47.0,0.14,3.1,22,54.5,0.14,2.8,11,36.3,0.15,3.6,16,0.0,0.18,4.9,A2,A2,A2,51.0,53.0,2025,1,2024-05-01,2024-10-31,104,10,3,1,0,2,0,0,0,0,0,0,0,0,1,4,5,3,1,2,0,0,0,0,0,0,0,0,0,2,6,4,2,2,1,0,0,0,0,0,0,0,0,3,9,8,2,0,0,0,0,0,0,0,0,0,0,1,3,2,2,0,3,0,0,0,0,0,0,0,0,0,0,4,3,5,4,0,0,0,0,0,0,0,0,0,0,5,0,長崎
4555,富永大一,トミナガ タイチ,福岡,B1,H,010719,1,35,158,56,B,4.78,28.0,9,16,89,0,0,0.18,11,63.6,0.18,3.5,13,46.1,0.14,3.7,19,36.8,0.2,3.6,16,18.7,0.2,4.1,13,7.6,0.18,3.6,17,5.8,0.19,3.7,B1,B1,B1,49.0,48.0,2025,1,2024-05-01,2024-10-31,104,3,4,2,1,1,0,0,0,0,0,0,0,0,0,3,3,1,1,2,3,0,0,0,0,0,0,0,0,2,5,5,2,2,2,1,0,0,0,0,0,0,0,0,3,4,6,2,1,0,0,0,0,0,0,0,0,1,0,2,4,3,3,0,0,0,0,0,0,0,0,0,1,2,2,6,6,0,0,0,0,0,0,0,0,0,0,0,0,福岡
4556,竹井奈美,タケイ ナミ,福岡,B2,H,010731,2,35,151,48,A,0.0,0.0,0,0,0,0,0,0.0,0,0.0,0.0,0.0,0,0.0,0.0,0.0,0,0.0,0.0,0.0,0,0.0,0.0,0.0,0,0.0,0.0,0.0,0,0.0,0.0,0.0,B1,A2,B2,57.0,0.0,2025,1,2024-05-01,2024-10-31,104,0,0,0,0,0,0,0,0,0,0,0,0,0,0,0,0,0,0,0,0,0,0,0,0,0,0,0,0,0,0,0,0,0,0,0,0,0,0,0,0,0,0,0,0,0,0,0,0,0,0,0,0,0,0,0,0,0,0,0,0,0,0,0,0,0,0,0,0,0,0,0,0,0,0,0,0,0,0,0,0,0,0,0,0,0,0,0,0,福岡
4557,松尾光広,マツオ ミツヒロ,岡山,B1,H,020111,1,34,161,58,A,4.63,28.4,10,17,95,1,0,0.19,12,58.3,0.16,3.5,17,41.1,0.19,4.0,20,20.0,0.18,4.0,17,41.1,0.14,3.2,17,5.8,0.23,4.7,12,8.3,0.23,5.5,B1,B1,B1,45.0,47.0,2025,1,2024-05-01,2024-10-31,104,5,2,2,0,1,1,1,0,0,0,0,0,0,0,1,6,3,0,7,0,0,0,0,0,0,0,0,0,0,4,4,4,3,5,0,0,0,0,0,0,0,0,3,4,2,4,3,1,0,0,0,0,0,0,0,0,1,0,2,5,4,5,0,0,0,0,0,0,0,0,0,1,2,0,3,6,0,0,0,0,0,0,0,0,0,0,0,0,岡山
4558,宮野仁,ミヤノ ジン,岡山,B1,H,020127,1,34,167,56,A,4.26,20.5,7,9,78,0,0,0.2,8,50.0,0.16,3.5,16,25.0,0.22,4.6,14,50.0,0.2,3.6,13,0.0,0.2,4.2,16,6.2,0.18,4.3,11,0.0,0.21,4.6,B1,A2,B1,49.0,46.0,2025,1,2024-05-01,2024-10-31,104,4,0,1,1,1,1,0,0,0,0,0,0,0,0,1,3,3,2,3,4,0,0,0,0,0,0,0,0,2,5,3,1,1,2,0,0,0,0,0,0,0,0,0,0,6,1,2,4,0,0,0,0,0,0,0,0,0,1,3,2,4,6,0,0,0,0,0,0,0,0,0,0,1,3,2,5,0,0,0,0,0,0,0,0,0,0,0,0,岡山
4560,庄司樹良々,ショウジ キララ,東京,B1,H,030107,1,33,169,56,O,5.22,31.4,16,18,108,1,1,0.15,17,41.1,0.19,3.8,18,38.8,0.13,2.3,14,42.8,0.11,2.1,20,45.0,0.15,2.7,22,22.7,0.15,2.7,17,0.0,0.15,4.4,B1,B1,A2,49.0,49.0,2025,1,2024-05-01,2024-10-31,104,5,2,3,2,2,3,0,0,0,0,0,0,0,0,3,4,6,4,0,1,0,0,0,0,0,0,0,0,2,4,3,2,1,2,0,0,0,0,0,0,0,0,4,5,2,3,2,3,0,0,0,0,0,0,1,0,2,3,4,5,6,2,0,0,0,0,0,0,0,0,0,0,3,6,4,4,0,0,0,0,0,0,0,0,0,0,0,0,東京
4561,藤山翔大,フジヤマ ショウタ,大阪,A2,H,030205,1,33,170,55,O,5.5,38.5,31,11,109,3,0,0.2,21,71.4,0.21,4.9,21,42.8,0.19,4.1,21,28.5,0.19,4.2,27,33.3,0.18,4.1,13,23.0,0.21,4.5,6,0.0,0.29,5.5,A1,A1,A2,51.0,50.0,2025,1,2024-05-01,2024-10-31,104,13,2,0,3,1,2,0,0,0,0,0,0,0,0,4,5,2,2,3,5,0,0,0,0,0,0,0,0,5,1,7,3,1,2,1,0,0,0,0,0,1,0,6,3,2,5,3,7,0,0,0,0,0,0,0,1,3,0,0,2,5,3,0,0,0,0,0,0,0,0,0,0,1,1,1,3,0,0,0,0,0,0,0,0,0,0,0,0,大阪
4562,阪本勇介,サカモト ユウスケ,岡山,B1,S,621106,1,37,168,57,A,3.88,15.0,7,11,120,0,0,0.17,13,61.5,0.17,2.8,22,27.2,0.17,3.7,21,4.7,0.17,3.7,16,18.7,0.17,3.5,27,0.0,0.18,3.9,21,0.0,0.18,4.1,B1,B1,B1,49.0,45.0,2025,1,2024-05-01,2024-10-31,105,4,4,1,0,1,2,1,0,0,0,0,0,0,0,1,5,4,5,4,3,0,0,0,0,0,0,0,0,0,1,3,8,7,2,0,0,0,0,0,0,0,0,2,1,3,4,4,2,0,0,0,0,0,0,0,0,0,0,5,6,10,6,0,0,0,0,0,0,0,0,0,0,2,4,10,5,0,0,0,0,0,0,0,0,0,0,0,0,岡山
4563,齋藤真之,サイトウ マサユキ,岡山,B1,S,621204,1,37,167,55,O,3.89,17.7,7,13,113,0,0,0.17,14,42.8,0.15,2.9,26,7.6,0.16,3.4,18,27.7,0.18,3.7,19,10.5,0.18,3.7,22,18.1,0.18,4.8,14,7.1,0.17,3.9,B1,B1,B1,48.0,45.0,2025,1,2024-05-01,2024-10-31,105,4,2,4,1,1,2,0,0,0,0,0,0,0,0,0,2,3,8,7,6,0,0,0,0,0,0,0,0,0,5,2,4,5,2,0,0,0,0,0,0,0,0,1,1,4,2,7,4,0,0,0,0,0,0,0,0,2,2,1,8,3,6,0,0,0,0,0,0,0,0,0,1,0,2,6,4,0,0,0,0,0,0,0,1,0,0,0,0,岡山
4564,山本景士郎,ヤマモト ケイシロウ,広島,B1,S,621205,1,37,171,54,O,5.13,34.5,15,34,142,1,0,0.14,23,69.5,0.12,2.9,24,29.1,0.15,3.5,27,40.7,0.13,2.7,22,31.8,0.14,3.6,23,26.0,0.16,3.2,23,8.7,0.16,3.0,B1,A2,A2,49.0,49.0,2025,1,2024-05-01,2024-10-31,105,10,6,2,4,1,0,0,0,0,0,0,0,0,0,0,7,7,7,1,2,0,0,0,0,0,1,0,0,2,9,3,8,5,0,0,0,0,0,0,0,0,0,2,5,2,3,9,1,0,0,0,0,0,0,0,0,1,5,3,5,4,5,0,0,0,0,0,0,0,0,0,2,1,4,9,6,0,0,0,0,0,0,0,1,0,0,1,0,広島
4565,西村豪洋,ニシムラ タケヒロ,愛知,B1,S,621208,1,37,168,54,A,4.25,16.8,9,8,101,0,0,0.16,12,41.6,0.18,3.5,20,15.0,0.16,3.4,18,27.7,0.17,2.8,11,18.1,0.13,2.5,23,4.3,0.15,3.0,17,5.8,0.16,3.8,B1,B1,B1,49.0,45.0,2025,1,2024-05-01,2024-10-31,105,4,1,2,1,1,3,0,0,0,0,0,0,0,0,2,1,9,2,3,3,0,0,0,0,0,0,0,0,2,3,3,3,5,2,0,0,0,0,0,0,0,0,1,1,1,2,3,3,0,0,0,0,0,0,0,0,0,1,6,4,4,6,1,0,0,0,0,0,1,0,0,1,4,4,5,2,0,0,0,0,0,0,1,0,0,0,0,0,愛知
4566,塩田北斗,シオタ ホクト,福岡,A1,S,621225,1,37,166,56,O,7.1,53.7,47,31,145,6,1,0.12,32,90.6,0.13,2.3,21,52.3,0.13,2.6,26,61.5,0.11,2.3,23,43.4,0.12,1.8,29,34.4,0.12,2.6,14,14.2,0.12,3.5,A1,A1,A1,57.0,60.0,2025,1,2024-05-01,2024-10-31,105,29,0,1,1,1,0,0,0,0,0,0,0,0,0,4,7,7,1,1,1,0,0,0,0,0,0,0,0,4,12,3,2,4,1,0,0,0,0,0,0,0,0,5,5,6,5,0,2,0,0,0,0,0,0,0,0,5,5,6,8,3,2,0,0,0,0,0,0,0,0,0,2,1,4,0,7,0,0,0,0,0,0,0,0,0,0,0,0,福岡
4567,上村慎太郎,ウエムラ シンタロウ,山口,B1,S,621231,1,37,167,52,A,3.86,17.5,1,15,91,0,0,0.22,10,50.0,0.19,4.8,19,26.3,0.2,4.8,17,11.7,0.2,4.6,17,23.5,0.24,4.9,18,0.0,0.26,5.3,10,0.0,0.26,5.5,B1,B1,B1,46.0,44.0,2025,1,2024-05-01,2024-10-31,105,1,4,4,0,1,0,0,0,0,0,0,0,0,0,0,5,3,4,4,3,0,0,0,0,0,0,0,0,0,2,4,3,2,5,1,0,0,0,0,0,0,0,0,4,3,3,5,2,0,0,0,0,0,0,0,0,0,0,2,5,5,5,0,0,0,0,0,0,1,0,0,0,0,2,1,6,0,0,0,0,0,0,0,1,0,0,0,0,山口
4568,廣瀬真也,ヒロセ シンヤ,東京,B1,S,630116,1,36,164,51,B,5.28,30.4,16,9,82,1,0,0.14,14,92.8,0.12,1.9,12,8.3,0.16,3.3,17,29.4,0.14,2.9,12,16.6,0.13,2.8,12,8.3,0.17,3.1,15,20.0,0.15,2.9,B1,B1,B1,49.0,49.0,2025,1,2024-05-01,2024-10-31,105,11,2,1,0,0,0,0,0,0,0,0,0,0,0,1,0,3,2,3,3,0,0,0,0,0,0,0,0,4,1,3,1,4,4,0,0,0,0,0,0,0,0,0,2,4,1,1,3,1,0,0,0,0,0,0,0,0,1,4,5,0,2,0,0,0,0,0,0,0,0,0,3,4,4,1,3,0,0,0,0,0,0,0,0,0,0,2,0,神奈川
4569,中澤宏奈,ナカザワ ヒロナ,東京,A2,S,630319,2,36,164,48,O,5.84,42.6,22,27,115,5,0,0.16,19,84.2,0.17,3.5,20,35.0,0.14,2.5,20,55.0,0.16,2.9,23,43.4,0.16,2.9,17,17.6,0.17,3.5,16,12.5,0.18,3.8,B1,B1,B1,50.0,51.0,2025,1,2024-05-01,2024-10-31,105,9,7,0,2,0,1,0,0,0,0,0,0,0,0,4,3,5,4,0,4,0,0,0,0,0,0,0,0,1,10,2,1,1,5,0,0,0,0,0,0,0,0,6,4,4,4,2,2,0,0,0,0,0,0,1,0,1,2,2,3,8,1,0,0,0,0,0,0,0,0,1,1,6,5,0,3,0,0,0,0,0,0,0,0,0,0,0,0,東京
4570,前田聖文,マエダ キヨフミ,愛知,A1,S,630417,1,36,164,55,O,6.84,54.8,42,37,144,10,1,0.13,29,89.6,0.14,3.4,20,65.0,0.12,2.8,25,56.0,0.13,3.4,28,53.5,0.12,2.5,23,39.1,0.12,2.4,19,10.5,0.16,3.1,A1,A2,A2,54.0,54.0,2025,1,2024-05-01,2024-10-31,105,21,5,0,1,2,0,0,0,0,0,0,0,0,0,6,7,4,2,0,1,0,0,0,0,0,0,0,0,4,10,5,2,2,2,0,0,0,0,0,0,0,0,6,9,7,4,1,1,0,0,0,0,0,0,0,0,4,5,3,3,7,1,0,0,0,0,0,0,0,0,1,1,6,4,3,4,0,0,0,0,0,0,0,0,0,0,0,0,愛知
4571,菅章哉,スガ フミヤ,徳島,A1,S,630702,1,36,159,54,B,6.72,56.6,47,25,127,7,4,0.16,31,80.6,0.19,4.4,16,62.5,0.16,3.6,16,37.5,0.17,3.6,21,66.6,0.15,3.3,19,47.3,0.16,3.3,24,33.3,0.15,3.4,A1,A1,A1,57.0,53.0,2025,1,2024-05-01,2024-10-31,105,18,7,0,2,1,2,1,0,0,0,0,0,0,0,3,7,4,1,1,0,0,0,0,0,0,0,0,0,1,5,2,3,2,3,0,0,0,0,0,0,0,0,12,2,1,1,1,4,0,0,0,0,0,0,0,0,7,2,2,2,3,2,0,0,0,0,0,0,1,0,6,2,2,5,2,7,0,0,0,0,0,1,0,0,0,0,0,0,徳島
4572,渡部悟,ワタナベ サトル,大阪,A2,S,630813,1,36,163,58,O,5.59,40.8,27,29,137,1,0,0.14,27,85.1,0.12,2.3,16,56.2,0.1,2.4,26,46.1,0.15,2.7,24,20.8,0.15,3.2,22,22.7,0.15,3.2,22,9.0,0.15,3.8,A2,A2,B1,52.0,50.0,2025,1,2024-05-01,2024-10-31,105,16,7,2,2,0,0,0,0,0,0,0,0,0,0,4,5,2,2,1,2,0,0,0,0,0,0,0,0,5,7,4,2,3,5,0,0,0,0,0,0,0,0,2,3,6,1,8,4,0,0,0,0,0,0,0,0,0,5,4,4,7,2,0,0,0,0,0,0,0,0,0,2,4,0,10,6,0,0,0,0,0,0,0,0,0,0,0,0,大阪
4573,佐藤翼,サトウ ツバサ,埼玉,A1,S,630910,1,36,168,54,B,7.44,49.6,29,35,129,5,0,0.13,26,92.3,0.12,3.0,25,52.0,0.13,3.2,20,30.0,0.12,3.0,18,61.1,0.13,2.7,26,34.6,0.15,3.5,14,7.1,0.14,4.3,A1,A1,A1,66.0,69.0,2025,1,2024-05-01,2024-10-31,105,16,8,2,0,0,0,0,0,0,0,0,0,0,0,4,9,4,6,0,2,0,0,0,0,0,0,0,0,1,5,6,4,3,1,0,0,0,0,0,0,0,0,6,5,4,1,2,0,0,0,0,0,0,0,0,0,2,7,5,1,7,4,0,0,0,0,0,0,0,0,0,1,5,2,3,3,0,0,0,0,0,0,0,0,0,0,0,0,埼玉
4574,東潤樹,アズマ ジュンキ,広島,B1,S,630910,1,36,162,54,B,4.35,17.5,10,11,120,0,0,0.18,15,60.0,0.19,3.3,19,5.2,0.2,4.5,29,24.1,0.16,3.9,21,14.2,0.17,4.1,21,4.7,0.19,4.4,15,0.0,0.19,4.1,B1,B1,B1,48.0,47.0,2025,1,2024-05-01,2024-10-31,105,5,4,1,2,0,3,0,0,0,0,0,0,0,0,1,0,4,7,6,1,0,0,0,0,0,0,0,0,4,3,5,7,9,1,0,0,0,0,0,0,0,0,0,3,3,6,7,2,0,0,0,0,0,1,0,0,0,1,6,6,6,2,0,0,0,0,0,0,0,0,0,0,3,3,4,5,0,0,0,0,0,0,0,0,0,0,0,0,愛媛
4575,戸塚邦好,トツカ クニヨシ,東京,A2,S,630921,1,36,168,53,B,5.72,40.2,18,17,87,0,0,0.12,18,83.3,0.12,2.9,13,46.1,0.13,2.7,15,20.0,0.11,1.5,9,66.6,0.1,1.8,15,20.0,0.13,2.8,17,11.7,0.15,3.9,A2,A1,A1,55.0,50.0,2025,1,2024-05-01,2024-10-31,105,11,4,1,1,0,0,1,0,0,0,0,0,0,0,2,4,3,2,1,1,0,0,0,0,0,0,0,0,2,1,3,3,4,2,0,0,0,0,0,0,0,0,2,4,1,1,1,0,0,0,0,0,0,0,0,0,1,2,5,2,2,2,0,0,0,0,0,0,1,0,0,2,4,2,6,3,0,0,0,0,0,0,0,0,0,0,0,0,東京
4578,藤山雅弘,フジヤマ マサヒロ,大阪,B1,H,010605,1,35,167,53,B,4.77,26.8,16,13,108,0,0,0.17,15,66.6,0.13,2.3,23,34.7,0.16,3.8,16,18.7,0.2,3.8,22,27.2,0.17,3.9,18,11.1,0.17,3.8,14,0.0,0.18,4.5,B1,A2,A2,48.0,47.0,2025,1,2024-05-01,2024-10-31,105,8,2,4,0,1,0,0,0,0,0,0,0,0,0,3,5,4,2,5,4,0,0,0,0,0,0,0,0,2,1,4,3,4,2,0,0,0,0,0,0,0,0,2,4,6,0,3,6,0,0,0,0,0,0,0,1,1,1,2,4,7,3,0,0,0,0,0,0,0,0,0,0,3,1,8,2,0,0,0,0,0,0,0,0,0,0,0,0,大阪
4579,中嶋健一郎,ナカジマ ケンイチロウ,三重,A1,H,010623,1,35,162,53,B,6.31,46.0,35,23,126,4,1,0.15,28,75.0,0.15,2.6,14,42.8,0.18,3.7,26,50.0,0.14,2.9,17,35.2,0.18,3.4,16,37.5,0.14,3.6,25,24.0,0.14,3.5,A1,A1,A2,53.0,54.0,2025,1,2024-05-01,2024-10-31,105,18,3,1,2,1,2,1,0,0,0,0,0,0,0,2,4,3,2,1,1,0,0,0,0,0,0,1,0,8,5,8,1,2,2,0,0,0,0,0,0,0,0,3,3,3,5,1,2,0,0,0,0,0,0,0,0,2,4,1,3,2,4,0,0,0,0,0,0,0,0,2,4,7,5,4,3,0,0,0,0,0,0,0,0,0,0,0,0,三重
4580,長谷川雅和,ハセガワ マサカズ,岡山,A2,H,010703,1,35,169,54,A,5.86,42.2,32,28,142,2,0,0.17,27,81.4,0.15,3.1,23,30.4,0.17,4.0,21,42.8,0.18,4.0,21,47.6,0.17,3.5,23,39.1,0.16,3.0,27,11.1,0.17,4.1,A2,A2,A2,51.0,51.0,2025,1,2024-05-01,2024-10-31,105,18,4,1,1,0,3,0,0,0,0,0,0,0,0,3,4,6,5,2,3,0,0,0,0,0,0,0,0,4,5,4,2,4,2,0,0,0,0,0,0,0,0,2,8,5,4,0,2,0,0,0,0,0,0,0,0,5,4,2,4,2,6,0,0,0,0,0,0,0,0,0,3,5,6,9,4,0,0,0,0,0,0,0,0,0,0,0,0,岡山
4581,吉村誠,ヨシムラ マコト,静岡,A2,H,010717,1,35,164,54,A,5.66,37.9,23,21,116,0,0,0.14,21,85.7,0.13,2.6,19,31.5,0.14,3.1,21,33.3,0.14,3.0,19,31.5,0.16,2.7,23,30.4,0.15,2.8,13,0.0,0.12,3.3,A2,A2,A2,52.0,51.0,2025,1,2024-05-01,2024-10-31,105,13,5,0,2,1,0,0,0,0,0,0,0,0,0,1,5,4,3,3,3,0,0,0,0,0,0,0,0,4,3,3,8,2,1,0,0,0,0,0,0,0,0,3,3,7,2,3,1,0,0,0,0,0,0,0,0,2,5,1,8,3,4,0,0,0,0,0,0,0,0,0,0,3,4,3,3,0,0,0,0,0,0,0,0,0,0,0,0,静岡
4583,古田祐貴,フルタ ユウキ,香川,B1,H,010824,1,35,166,52,O,5.32,27.8,13,19,115,0,0,0.14,18,72.2,0.12,2.8,21,33.3,0.16,3.3,18,22.2,0.14,2.2,18,33.3,0.15,3.3,22,4.5,0.15,3.5,16,6.2,0.16,4.0,A2,A2,A2,53.0,50.0,2025,1,2024-05-01,2024-10-31,105,5,8,4,1,0,0,0,0,0,0,0,0,0,0,3,4,9,1,1,2,0,0,0,0,0,0,1,0,1,3,4,8,1,1,0,0,0,0,0,0,0,0,3,3,9,2,1,0,0,0,0,0,0,0,0,0,1,0,2,10,3,6,0,0,0,0,0,0,0,0,0,1,4,2,4,4,1,0,0,0,0,0,0,0,0,0,0,2,香川
4584,村岡賢人,ムラオカ ケント,岡山,A1,H,011228,1,35,163,55,AB,6.79,52.3,33,33,126,9,2,0.11,27,77.7,0.09,2.0,20,50.0,0.11,2.8,24,50.0,0.13,2.8,19,52.6,0.1,2.4,15,53.3,0.12,3.3,21,23.8,0.12,3.5,A1,A1,A2,57.0,56.0,2025,1,2024-05-01,2024-10-31,105,19,2,3,1,2,0,0,0,0,0,0,0,0,0,4,6,7,0,2,1,0,0,0,0,0,0,0,0,2,10,3,3,6,0,0,0,0,0,0,0,0,0,2,8,2,4,0,3,0,0,0,0,0,1,0,0,4,4,2,2,1,2,0,0,0,0,0,0,0,0,2,3,5,5,4,2,0,0,0,0,0,0,0,0,0,0,0,0,鳥取
4586,磯部誠,イソベ マコト,愛知,A1,H,020908,1,34,172,57,A,6.92,40.5,22,27,121,3,0,0.12,23,82.6,0.11,2.4,19,47.3,0.11,2.9,18,38.8,0.12,2.7,28,21.4,0.13,3.0,16,31.2,0.14,3.8,17,17.6,0.11,3.4,A1,A1,A1,72.0,72.0,2025,1,2024-05-01,2024-10-31,105,15,4,3,1,0,0,0,0,0,0,0,0,0,0,3,6,1,5,3,1,0,0,0,0,0,0,0,0,2,5,5,2,3,1,0,0,0,0,0,0,0,0,0,6,3,9,9,1,0,0,0,0,0,0,0,0,2,3,3,1,4,3,0,0,0,0,0,0,0,0,0,3,3,6,3,2,0,0,0,0,0,0,0,0,0,0,0,0,愛知
4587,木田峰由季,キダ ミネユキ,福井,B1,H,021216,1,34,164,55,B,4.68,24.3,6,13,78,2,0,0.17,11,63.6,0.18,3.9,14,42.8,0.18,3.4,12,8.3,0.17,3.4,14,14.2,0.15,4.0,18,16.6,0.18,4.3,9,0.0,0.19,5.6,A2,B1,A2,50.0,48.0,2025,1,2024-05-01,2024-10-31,105,5,2,1,0,2,0,1,0,0,0,0,0,0,0,1,5,1,2,3,2,0,0,0,0,0,0,0,0,0,1,4,3,1,3,0,0,0,0,0,0,0,0,0,2,3,4,2,3,0,0,0,0,0,0,0,0,0,3,5,6,3,1,0,0,0,0,0,0,0,0,0,0,1,2,3,3,0,0,0,0,0,0,0,0,0,0,0,0,石川
4588,田中京介,タナカ キョウスケ,福岡,A2,H,030308,1,33,164,57,B,5.54,38.5,20,22,109,1,0,0.13,20,60.0,0.13,2.4,18,61.1,0.13,2.4,12,50.0,0.07,1.8,19,21.0,0.11,2.2,20,35.0,0.13,3.2,20,10.0,0.18,4.2,A2,B1,B1,50.0,49.0,2025,1,2024-05-01,2024-10-31,105,10,2,6,0,0,2,0,0,0,0,0,0,0,0,6,5,4,1,1,1,0,0,0,0,0,0,0,0,2,4,2,2,1,1,0,0,0,0,0,0,0,0,0,4,3,4,5,2,1,0,0,0,0,0,0,0,2,5,5,3,0,5,0,0,0,0,0,0,0,0,0,2,3,2,4,9,0,0,0,0,0,0,0,0,0,0,0,0,福岡
4589,塩崎桐加,シオザキ ヒサカ,三重,A2,H,040420,2,32,161,52,B,6.01,45.0,19,17,80,2,0,0.14,13,84.6,0.15,2.8,14,57.1,0.13,2.7,16,37.5,0.11,2.1,7,42.8,0.15,2.3,16,43.7,0.13,2.7,14,7.1,0.18,3.5,B1,B1,A2,52.0,51.0,2025,1,2024-05-01,2024-10-31,105,8,3,0,1,0,0,1,0,0,0,0,0,0,0,4,4,1,3,1,1,0,0,0,0,0,0,0,0,3,3,4,3,2,1,0,0,0,0,0,0,0,0,1,2,1,1,1,1,0,0,0,0,0,1,0,0,3,4,3,2,1,2,0,0,0,0,0,0,1,0,0,1,3,4,2,4,0,0,0,0,0,0,0,0,0,0,0,0,三重
4590,渡邉優美,ワタナベ ユミ,福岡,A1,H,040919,2,32,161,49,B,7.01,50.4,38,22,119,5,1,0.14,29,86.2,0.12,2.3,21,66.6,0.13,2.7,15,60.0,0.14,2.5,17,35.2,0.12,2.6,17,23.5,0.15,3.0,20,10.0,0.16,3.7,A1,A1,A1,60.0,58.0,2025,1,2024-05-01,2024-10-31,105,22,3,1,1,1,0,1,0,0,0,0,0,0,0,7,7,2,1,2,2,0,0,0,0,0,0,0,0,5,4,1,3,0,1,1,0,0,0,0,0,0,0,3,3,4,6,0,0,0,0,0,0,0,0,0,1,1,3,7,3,3,0,0,0,0,0,0,0,0,0,0,2,4,8,4,2,0,0,0,0,0,0,0,0,0,0,0,0,福岡
4592,小林孝弘,コバヤシ タカヒロ,山口,B1,S,551211,1,44,166,51,A,4.77,25.8,9,23,124,0,0,0.16,16,68.7,0.17,2.9,19,36.8,0.17,3.4,28,28.5,0.14,2.4,24,8.3,0.16,2.7,18,22.2,0.18,3.1,19,0.0,0.18,4.6,B1,B1,B1,47.0,48.0,2025,1,2024-05-01,2024-10-31,106,6,5,1,0,2,2,0,0,0,0,0,0,0,0,1,6,6,1,4,1,0,0,0,0,0,0,0,0,1,7,5,10,3,1,0,0,0,0,0,1,0,1,0,2,6,7,6,3,0,0,0,0,0,0,0,0,1,3,3,2,4,5,0,0,0,0,0,0,0,0,0,0,5,5,3,6,0,0,0,0,0,0,0,0,0,0,0,0,山口
4593,小坂宗司,コサカ タカシ,大阪,A2,S,551231,1,44,170,53,AB,5.93,40.9,27,23,122,1,1,0.14,22,86.3,0.14,2.2,21,47.6,0.11,2.3,18,44.4,0.13,2.5,20,30.0,0.13,3.1,16,37.5,0.17,3.3,25,4.0,0.17,3.8,A2,B1,A2,51.0,51.0,2025,1,2024-05-01,2024-10-31,106,16,3,0,0,1,2,0,0,0,0,0,0,0,0,5,5,3,5,1,2,0,0,0,0,0,0,0,0,2,6,5,4,1,0,0,0,0,0,0,0,0,0,4,2,5,3,4,1,1,0,0,0,0,0,0,0,0,6,4,3,3,0,0,0,0,0,0,0,0,0,0,1,8,3,8,5,0,0,0,0,0,0,0,0,0,0,0,0,大阪
4594,谷川祐一,タニガワ ユウイチ,滋賀,A1,S,561105,1,43,165,54,B,6.28,44.4,39,21,135,5,1,0.14,31,80.6,0.13,2.3,28,39.2,0.15,3.0,27,33.3,0.15,3.2,29,34.4,0.14,3.2,16,31.2,0.11,2.9,4,0.0,0.17,4.3,A1,A2,A1,52.0,52.0,2025,1,2024-05-01,2024-10-31,106,22,3,2,2,1,1,0,0,0,0,0,0,0,0,7,4,9,4,3,1,0,0,0,0,0,0,0,0,4,5,5,7,4,1,1,0,0,0,0,0,0,0,6,4,8,3,2,6,0,0,0,0,0,0,0,0,0,5,2,4,3,2,0,0,0,0,0,0,0,0,0,0,1,1,0,1,0,0,0,0,0,0,1,0,0,0,0,0,滋賀
4596,葛原大陽,クズハラ ヒロアキ,徳島,A1,S,580614,1,41,167,52,A,6.28,44.4,23,21,99,1,0,0.15,20,75.0,0.13,2.4,13,46.1,0.19,3.2,17,47.0,0.15,2.8,15,33.3,0.13,3.7,21,42.8,0.15,2.7,13,7.6,0.13,2.5,A2,A2,A2,53.0,52.0,2025,1,2024-05-01,2024-10-31,106,13,2,1,0,3,1,0,0,0,0,0,0,0,0,3,3,3,1,2,1,0,0,0,0,0,0,0,0,4,4,3,3,2,0,0,0,0,0,0,0,0,1,2,3,4,5,0,0,1,0,0,0,0,0,0,0,1,8,6,4,1,1,0,0,0,0,0,0,0,0,0,1,4,5,3,0,0,0,0,0,0,0,0,0,0,0,0,0,徳島
4598,加藤政彦,カトウ マサヒコ,東京,A2,S,590525,1,40,162,52,A,5.49,37.0,26,24,135,1,0,0.15,26,73.0,0.13,2.6,19,26.3,0.14,3.2,27,51.8,0.16,3.3,24,41.6,0.16,3.4,20,5.0,0.15,3.5,19,5.2,0.17,4.5,A1,A2,A1,55.0,50.0,2025,1,2024-05-01,2024-10-31,106,12,7,3,1,2,1,0,0,0,0,0,0,0,0,3,2,4,2,6,2,0,0,0,0,0,0,0,0,7,7,5,3,2,3,0,0,0,0,0,0,0,0,4,6,4,1,4,5,0,0,0,0,0,0,0,0,0,1,5,5,7,2,0,0,0,0,0,0,0,0,0,1,4,3,3,8,0,0,0,0,0,0,0,0,0,0,0,0,東京
4600,井内将太郎,イウチ マサタロウ,広島,A2,S,591216,1,40,168,51,O,5.59,36.9,29,12,111,0,0,0.14,22,59.0,0.13,2.4,18,55.5,0.12,2.3,17,29.4,0.12,2.1,15,20.0,0.17,3.7,22,31.8,0.12,2.1,16,18.7,0.15,2.9,A2,A1,A1,53.0,51.0,2025,1,2024-05-01,2024-10-31,106,13,0,2,1,1,5,0,0,0,0,0,0,0,0,3,7,1,3,1,2,0,0,0,0,0,0,1,0,4,1,4,2,4,0,1,0,0,0,0,0,1,0,1,2,6,1,2,3,0,0,0,0,0,0,0,0,5,2,4,4,4,3,0,0,0,0,0,0,0,0,3,0,1,2,6,4,0,0,0,0,0,0,0,0,0,0,0,1,広島
4601,森野正弘,モリノ マサヒロ,山口,A1,S,600128,1,39,166,54,A,6.76,52.9,42,29,134,5,1,0.12,27,92.5,0.13,3.1,28,50.0,0.11,2.6,18,55.5,0.12,2.1,21,52.3,0.11,2.3,23,43.4,0.14,2.6,17,5.8,0.13,3.0,A1,A1,A1,62.0,55.0,2025,1,2024-05-01,2024-10-31,106,20,5,0,0,0,2,0,0,0,0,0,0,0,0,8,6,5,6,0,3,0,0,0,0,0,0,0,0,3,7,3,2,1,1,0,0,0,0,0,1,1,0,7,4,3,4,1,2,0,0,0,0,0,0,0,0,4,6,7,2,3,1,0,0,0,0,0,0,0,0,0,1,5,4,3,4,0,0,0,0,0,1,0,0,0,0,1,0,山口
4603,谷川将太,タニガワ ショウタ,長崎,B1,S,630112,1,36,166,54,AB,4.87,30.9,16,18,110,0,0,0.14,17,70.5,0.15,3.0,22,27.2,0.12,3.1,17,35.2,0.12,2.6,19,42.1,0.15,2.6,18,11.1,0.13,3.1,17,0.0,0.16,3.4,B1,B1,B1,50.0,48.0,2025,1,2024-05-01,2024-10-31,106,10,2,0,1,2,2,0,0,0,0,0,0,0,0,1,5,4,4,4,4,0,0,0,0,0,0,0,0,2,4,3,3,3,2,0,0,0,0,0,0,0,0,2,6,3,3,5,0,0,0,0,0,0,0,0,0,1,1,5,2,6,3,0,0,0,0,0,0,0,0,0,0,2,2,6,7,0,0,0,0,0,0,0,0,0,0,0,0,長崎
4604,岩瀬裕亮,イワセ ユウスケ,愛知,A1,S,630611,1,36,162,52,A,7.25,57.8,52,36,152,8,4,0.14,37,89.1,0.11,2.2,20,60.0,0.15,3.6,21,47.6,0.11,2.2,26,57.6,0.15,3.2,28,42.8,0.16,3.3,20,30.0,0.14,3.8,A1,A1,A1,61.0,55.0,2025,1,2024-05-01,2024-10-31,106,29,4,1,2,0,0,1,0,0,0,0,0,0,0,4,8,3,3,2,0,0,0,0,0,0,0,0,0,5,5,9,2,0,0,0,0,0,0,0,0,0,0,10,5,7,2,2,0,0,0,0,0,0,0,0,0,3,9,7,5,3,1,0,0,0,0,0,0,0,0,1,5,3,7,3,1,0,0,0,0,0,0,0,0,0,0,0,0,愛知
4605,森世里,モリ セリ,滋賀,B2,S,630828,2,36,162,55,A,0.0,0.0,0,0,0,0,0,0.0,0,0.0,0.0,0.0,0,0.0,0.0,0.0,0,0.0,0.0,0.0,0,0.0,0.0,0.0,0,0.0,0.0,0.0,0,0.0,0.0,0.0,B2,B2,B2,0.0,0.0,2025,1,2024-05-01,2024-10-31,106,0,0,0,0,0,0,0,0,0,0,0,0,0,0,0,0,0,0,0,0,0,0,0,0,0,0,0,0,0,0,0,0,0,0,0,0,0,0,0,0,0,0,0,0,0,0,0,0,0,0,0,0,0,0,0,0,0,0,0,0,0,0,0,0,0,0,0,0,0,0,0,0,0,0,0,0,0,0,0,0,0,0,0,0,0,0,0,0,京都
4607,鶴田勇雄,ツルタ イサオ,福岡,A2,H,010317,1,35,164,53,A,5.98,37.5,22,29,136,0,0,0.18,30,83.3,0.17,2.8,20,15.0,0.17,3.9,20,60.0,0.19,3.2,24,20.8,0.18,2.9,20,10.0,0.2,4.3,22,18.1,0.16,3.7,A2,A2,B1,50.0,52.0,2025,1,2024-05-01,2024-10-31,106,13,12,3,2,0,0,0,0,0,0,0,0,0,0,0,3,7,7,0,3,0,0,0,0,0,0,0,0,5,7,6,2,0,0,0,0,0,0,0,0,0,0,0,5,9,5,4,1,0,0,0,0,0,0,0,0,2,0,7,5,3,3,0,0,0,0,0,0,0,0,2,2,4,7,5,2,0,0,0,0,0,1,0,0,0,0,0,0,福岡
4608,荒井翔伍,アライ ショウゴ,東京,A2,H,011001,1,35,158,56,O,5.68,36.8,17,18,95,3,0,0.14,15,80.0,0.13,2.4,16,25.0,0.14,3.2,18,38.8,0.14,2.5,14,57.1,0.14,2.9,15,13.3,0.17,4.0,16,12.5,0.14,3.0,A2,A1,A2,53.0,51.0,2025,1,2024-05-01,2024-10-31,106,12,0,1,1,0,0,0,0,0,0,0,1,1,0,1,3,5,3,3,1,0,0,0,0,0,0,0,0,2,5,3,2,4,2,0,0,0,0,0,0,0,0,2,6,3,2,1,0,0,0,0,0,0,0,0,0,0,2,1,4,6,2,0,0,0,0,0,0,0,0,0,2,4,5,4,1,0,0,0,0,0,0,0,0,0,0,0,1,千葉
4610,佐藤大佑,サトウ ダイスケ,東京,A2,H,020731,1,34,164,54,A,5.48,40.2,24,17,102,2,2,0.16,16,62.5,0.18,3.7,16,43.7,0.14,3.2,18,44.4,0.16,3.5,18,50.0,0.13,2.7,20,25.0,0.14,3.1,14,14.2,0.2,4.4,A2,A1,A1,55.0,50.0,2025,1,2024-05-01,2024-10-31,106,7,3,0,1,0,5,0,0,0,0,0,0,0,0,5,2,1,3,1,3,1,0,0,0,0,0,0,0,3,5,3,4,2,1,0,0,0,0,0,0,0,0,7,2,1,1,3,3,0,0,0,0,0,0,0,1,2,3,5,2,4,4,0,0,0,0,0,0,0,0,0,2,1,2,2,6,0,0,0,0,0,0,1,0,0,0,0,0,千葉
4611,今井美亜,イマイ ミア,福井,A2,H,020814,2,34,157,49,AB,5.93,42.7,26,24,117,3,0,0.14,23,82.6,0.12,2.3,22,31.8,0.13,2.5,17,52.9,0.12,2.3,24,25.0,0.13,3.1,19,31.5,0.16,3.1,12,25.0,0.14,2.8,A2,A2,A2,51.0,53.0,2025,1,2024-05-01,2024-10-31,106,15,4,0,1,3,0,0,0,0,0,0,0,0,0,3,4,5,4,3,2,1,0,0,0,0,0,0,0,6,3,1,2,3,2,0,0,0,0,0,0,0,0,2,4,8,2,5,3,0,0,0,0,0,0,0,0,0,6,4,5,3,1,0,0,0,0,0,0,0,0,0,3,1,0,1,7,0,0,0,0,0,1,0,0,0,0,0,0,富山
4614,石倉洋行,イシクラ ヨウコウ,福岡,A2,S,550313,1,44,171,55,B,6.42,49.4,25,16,83,4,2,0.13,17,88.2,0.13,2.3,13,61.5,0.15,2.7,14,28.5,0.14,2.6,16,43.7,0.1,2.3,10,50.0,0.13,2.9,13,15.3,0.14,3.1,A1,B2,A1,52.0,51.0,2025,1,2024-05-01,2024-10-31,107,12,3,2,0,0,0,0,0,0,0,0,0,0,0,5,3,2,1,0,2,0,0,0,0,0,0,0,0,2,2,4,3,2,0,0,0,0,0,0,0,0,1,3,4,3,1,3,0,1,0,0,0,0,0,1,0,3,2,0,3,1,1,0,0,0,0,0,1,0,0,0,2,4,1,3,3,0,0,0,0,0,0,0,0,0,0,0,0,福岡
4615,板倉敦史,イタクラ アツシ,東京,B1,S,550621,1,44,170,54,O,4.7,27.7,7,23,108,0,0,0.18,14,64.2,0.14,2.9,20,25.0,0.16,4.1,17,41.1,0.16,3.4,21,28.5,0.19,4.5,19,10.5,0.2,4.9,17,5.8,0.22,5.3,B1,B1,B1,46.0,48.0,2025,1,2024-05-01,2024-10-31,107,6,3,2,1,2,0,0,0,0,0,0,0,0,0,0,5,4,5,3,3,0,0,0,0,0,0,0,0,0,7,3,5,1,1,0,0,0,0,0,0,0,0,1,5,2,4,7,2,0,0,0,0,0,0,0,0,0,2,3,7,3,4,0,0,0,0,0,0,0,0,0,1,2,3,5,6,0,0,0,0,0,0,0,0,0,0,0,0,千葉
4618,乃村康友,ノムラ ヤストモ,三重,B1,S,580126,1,41,166,56,O,5.05,33.8,22,24,136,0,0,0.15,20,85.0,0.14,2.4,23,26.0,0.17,3.4,26,34.6,0.15,3.2,16,18.7,0.16,3.3,33,30.3,0.14,3.4,18,5.5,0.14,3.3,B1,A2,B1,49.0,48.0,2025,1,2024-05-01,2024-10-31,107,12,5,1,0,0,2,0,0,0,0,0,0,0,0,4,2,4,3,7,3,0,0,0,0,0,0,0,0,5,4,4,5,3,5,0,0,0,0,0,0,0,0,1,2,3,2,5,3,0,0,0,0,0,0,0,0,0,10,4,8,6,4,0,0,0,0,0,0,1,0,0,1,3,4,4,6,0,0,0,0,0,0,0,0,0,0,0,0,香川
4619,伏田裕隆,フシダ ヒロタカ,東京,B1,S,580129,1,41,163,50,O,4.57,26.0,13,12,96,0,0,0.18,15,66.6,0.18,3.4,14,28.5,0.22,4.2,14,28.5,0.2,4.3,15,20.0,0.15,2.6,18,16.6,0.18,3.8,20,5.0,0.18,3.9,B1,B1,B1,47.0,47.0,2025,1,2024-05-01,2024-10-31,107,6,4,0,2,1,2,0,0,0,0,0,0,0,0,1,3,1,3,4,2,0,0,0,0,0,0,0,0,3,1,1,6,1,1,0,0,0,0,0,0,0,1,2,1,5,2,4,1,0,0,0,0,0,0,0,0,1,2,5,3,2,5,0,0,0,0,0,0,0,0,0,1,2,1,10,6,0,0,0,0,0,0,0,0,0,0,1,0,千葉
4623,中北将史,ナカギタ マサシ,三重,B1,S,591124,1,40,162,54,A,4.32,17.8,13,7,112,0,0,0.16,16,56.2,0.12,2.2,20,15.0,0.16,3.0,18,22.2,0.15,3.1,21,9.5,0.17,2.9,19,10.5,0.17,3.8,18,0.0,0.18,3.9,B1,B1,B1,47.0,47.0,2025,1,2024-05-01,2024-10-31,107,7,2,2,3,2,0,0,0,0,0,0,0,0,0,1,2,5,2,8,2,0,0,0,0,0,0,0,0,2,2,3,5,5,1,0,0,0,0,0,0,0,0,1,1,5,6,4,4,0,0,0,0,0,0,0,0,2,0,3,4,8,2,0,0,0,0,0,1,0,0,0,0,2,6,2,7,0,0,0,0,0,0,0,1,0,0,0,0,三重
4624,高田明,タカダ アキラ,佐賀,A2,S,600423,1,39,172,52,O,6.11,44.2,33,25,131,3,1,0.15,26,84.6,0.13,2.9,20,55.0,0.14,3.4,18,44.4,0.16,3.4,27,33.3,0.16,2.7,18,22.2,0.13,3.8,22,18.1,0.16,3.9,A2,A2,A2,51.0,52.0,2025,1,2024-05-01,2024-10-31,107,14,8,3,1,0,0,0,0,0,0,0,0,0,0,6,5,4,3,1,1,0,0,0,0,0,0,0,0,4,4,3,4,3,0,0,0,0,0,0,0,0,0,6,3,3,4,4,6,1,0,0,0,0,0,0,0,1,3,4,5,3,2,0,0,0,0,0,0,0,0,2,2,5,4,5,3,1,0,0,0,0,0,0,0,0,0,0,0,佐賀
4625,渡邊裕貴,ワタナベ ヒロキ,静岡,B1,S,610228,1,38,167,53,B,5.03,29.9,12,17,97,0,0,0.15,12,83.3,0.13,2.2,19,36.8,0.15,2.9,16,25.0,0.17,3.1,14,21.4,0.16,2.9,16,6.2,0.13,3.2,20,20.0,0.14,2.7,B1,B1,B1,46.0,48.0,2025,1,2024-05-01,2024-10-31,107,7,3,0,0,1,0,1,0,0,0,0,0,0,0,3,4,5,2,3,2,0,0,0,0,0,0,0,0,1,3,3,2,3,4,0,0,0,0,0,0,0,0,0,3,2,3,3,3,0,0,0,0,0,0,0,0,0,1,6,3,3,3,0,0,0,0,0,1,0,0,1,3,4,7,2,2,0,0,0,0,0,0,1,0,0,0,0,0,静岡
4626,伊藤紘章,イトウ ヒロアキ,愛知,B1,S,610407,1,38,164,52,A,4.89,27.1,9,13,81,0,0,0.16,10,60.0,0.15,2.9,14,21.4,0.14,2.9,16,43.7,0.13,2.4,11,18.1,0.18,3.0,16,18.7,0.17,3.8,14,7.1,0.2,3.9,B1,B1,A2,47.0,48.0,2025,1,2024-05-01,2024-10-31,107,5,1,2,0,2,0,0,0,0,0,0,0,0,0,1,2,6,1,2,2,0,0,0,0,0,0,0,0,3,4,4,0,1,3,1,0,0,0,0,0,0,0,0,2,6,0,2,1,0,0,0,0,0,0,0,0,0,3,2,3,4,4,0,0,0,0,0,0,0,0,0,1,2,3,2,6,0,0,0,0,0,0,0,0,0,0,0,0,愛知
4627,藤原菜希,フジワラ ナツキ,東京,A1,S,610420,2,38,156,50,A,6.96,54.4,43,18,112,8,1,0.14,27,85.1,0.11,1.9,19,42.1,0.14,2.7,21,71.4,0.12,2.0,16,37.5,0.13,2.4,15,46.6,0.15,2.7,14,14.2,0.2,3.9,A1,A1,A2,55.0,55.0,2025,1,2024-05-01,2024-10-31,107,19,4,3,1,0,0,0,0,0,0,0,0,0,0,5,3,2,3,2,4,0,0,0,0,0,0,0,0,9,6,3,0,1,1,1,0,0,0,0,0,0,0,4,2,6,0,1,2,0,0,0,0,0,0,1,0,5,2,3,2,2,1,0,0,0,0,0,0,0,0,1,1,2,1,3,6,0,0,0,0,0,0,0,0,0,0,0,0,大阪
4630,岩永雅人,イワナガ マサト,愛知,A2,S,620120,1,37,171,51,B,5.7,35.9,22,20,117,0,0,0.16,19,84.2,0.17,3.4,18,44.4,0.17,3.8,20,45.0,0.15,3.2,20,25.0,0.16,3.0,21,9.5,0.15,3.6,19,10.5,0.17,4.0,A2,A2,A2,51.0,51.0,2025,1,2024-05-01,2024-10-31,107,12,4,0,2,1,0,0,0,0,0,0,0,0,0,2,6,5,2,1,2,0,0,0,0,0,0,0,0,5,4,3,6,1,1,0,0,0,0,0,0,0,0,3,2,6,4,3,2,0,0,0,0,0,0,0,0,0,2,7,6,3,3,0,0,0,0,0,0,0,0,0,2,4,5,4,3,1,0,0,0,0,0,0,0,0,0,0,0,愛知
4631,新井英孝,アライ ヒデタカ,大阪,A2,S,620627,1,37,170,53,A,5.48,34.8,23,15,109,0,0,0.16,17,88.2,0.14,2.4,20,40.0,0.14,3.2,20,20.0,0.15,2.6,19,31.5,0.17,4.0,19,21.0,0.19,3.6,14,7.1,0.16,3.2,B1,B1,B1,47.0,50.0,2025,1,2024-05-01,2024-10-31,107,13,2,0,0,2,0,0,0,0,0,0,0,0,0,3,5,3,6,1,1,0,0,0,0,0,0,1,0,2,2,7,1,4,3,1,0,0,0,0,0,0,0,3,3,3,6,3,1,0,0,0,0,0,0,0,0,2,2,2,4,4,5,0,0,0,0,0,0,0,0,0,1,5,3,4,1,0,0,0,0,0,0,0,0,0,0,0,0,大阪
4632,長尾京志郎,ナガオ キョウシロウ,福岡,B1,H,010325,1,35,160,52,O,5.09,23.2,15,12,116,0,0,0.17,17,47.0,0.18,3.8,22,27.2,0.17,4.0,16,25.0,0.18,3.6,19,15.7,0.18,3.7,25,12.0,0.14,3.4,17,17.6,0.21,3.8,B1,B1,B1,49.0,50.0,2025,1,2024-05-01,2024-10-31,107,7,1,3,3,2,1,0,0,0,0,0,0,0,0,3,3,7,4,2,3,0,0,0,0,0,0,0,0,2,2,4,3,2,2,0,0,0,0,0,1,1,0,1,2,7,7,1,1,0,0,0,0,0,0,0,0,1,2,5,12,4,1,0,0,0,0,0,0,0,0,1,2,1,6,5,2,0,0,0,0,0,0,0,0,0,0,0,0,福岡
4633,森智也,モリ トモヤ,兵庫,B1,H,010515,1,35,168,51,B,5.12,27.5,13,22,127,1,0,0.16,16,75.0,0.13,2.1,21,23.8,0.16,3.5,26,19.2,0.13,3.0,24,12.5,0.17,3.5,21,33.3,0.18,3.9,19,15.7,0.2,4.8,B1,B1,A2,48.0,50.0,2025,1,2024-05-01,2024-10-31,107,7,5,2,0,2,0,0,0,0,0,0,0,0,0,1,4,7,5,2,2,0,0,0,0,0,0,0,0,1,4,7,3,8,2,0,0,0,0,0,0,1,0,1,2,11,1,7,2,0,0,0,0,0,0,0,0,3,4,4,4,4,2,0,0,0,0,0,0,0,0,0,3,2,6,6,2,0,0,0,0,0,0,0,0,0,0,0,0,兵庫
4635,峰重力也,ミネシゲ リキヤ,岡山,B1,H,020224,1,34,170,54,A,4.93,30.0,21,13,113,0,0,0.12,18,83.3,0.14,2.2,20,40.0,0.12,2.4,19,26.3,0.11,2.3,19,15.7,0.12,2.2,16,18.7,0.1,2.2,21,0.0,0.1,2.1,B1,B1,B1,47.0,48.0,2025,1,2024-05-01,2024-10-31,107,11,4,0,0,2,1,0,0,0,0,0,0,0,0,5,3,4,3,4,1,0,0,0,0,0,0,0,0,0,5,2,7,2,3,0,0,0,0,0,0,0,0,3,0,3,6,1,6,0,0,0,0,0,0,0,0,2,1,1,4,1,7,0,0,0,0,0,0,0,0,0,0,5,4,7,5,0,0,0,0,0,0,0,0,0,0,0,0,岡山
4636,赤池修平,アカイケ シュウヘイ,徳島,B1,H,020316,1,34,161,54,A,3.27,13.7,5,5,73,0,0,0.19,10,40.0,0.21,4.4,10,10.0,0.19,4.5,16,12.5,0.2,4.1,11,18.1,0.15,3.0,16,0.0,0.19,4.3,10,10.0,0.21,4.4,B1,B1,B2,45.0,41.0,2025,1,2024-05-01,2024-10-31,107,3,1,2,1,0,2,1,0,0,0,0,0,0,0,0,1,2,0,2,5,0,0,0,0,0,0,0,0,1,1,1,2,5,6,0,0,0,0,0,0,0,0,1,1,2,0,3,4,0,0,0,0,0,0,0,0,0,0,2,4,4,6,0,0,0,0,0,0,0,0,0,1,0,1,4,4,0,0,0,0,0,0,0,0,0,0,0,0,徳島
4637,中田友也,ナカダ トモヤ,埼玉,B1,H,020323,1,34,168,60,AB,5.36,31.5,22,19,130,0,0,0.16,20,60.0,0.16,3.1,26,26.9,0.15,3.9,18,33.3,0.13,2.9,22,31.8,0.16,3.4,27,22.2,0.15,3.3,17,17.6,0.18,3.9,B1,B1,B1,50.0,50.0,2025,1,2024-05-01,2024-10-31,107,8,4,3,2,2,1,0,0,0,0,0,0,0,0,3,4,8,4,5,2,0,0,0,0,0,1,0,0,5,1,4,3,5,0,0,0,0,0,0,0,0,0,4,3,4,5,3,3,0,0,0,0,0,0,0,0,2,4,7,6,7,1,0,0,0,0,0,0,0,0,0,3,1,4,7,2,0,0,0,0,0,0,0,0,0,0,0,0,埼玉
4638,小林遼太,コバヤシ リョウタ,福岡,B1,H,021019,1,34,173,54,A,4.66,25.8,14,16,116,0,0,0.19,17,64.7,0.17,3.3,20,40.0,0.19,3.7,18,27.7,0.18,4.1,18,16.6,0.17,3.9,23,13.0,0.23,5.1,20,0.0,0.2,5.5,B1,B1,B1,48.0,47.0,2025,1,2024-05-01,2024-10-31,107,9,2,2,2,0,2,0,0,0,0,0,0,0,0,3,5,4,3,2,3,0,0,0,0,0,1,0,0,2,3,2,4,4,3,0,0,0,0,0,0,0,0,0,3,6,4,4,1,0,0,0,0,0,0,0,0,0,3,5,6,4,5,0,0,0,0,0,0,0,0,0,0,0,5,6,9,0,0,0,0,0,0,0,0,0,0,0,0,福岡
4639,雑賀勇貴,サイガ ユウキ,大阪,B1,H,021206,1,34,166,54,O,4.64,25.5,15,18,129,1,1,0.17,15,66.6,0.14,3.9,22,27.2,0.16,3.3,27,18.5,0.16,3.7,25,28.0,0.18,3.0,25,16.0,0.18,3.4,15,6.6,0.18,3.7,B1,B1,B1,46.0,47.0,2025,1,2024-05-01,2024-10-31,107,7,3,2,0,2,1,0,0,0,0,0,0,0,0,2,4,4,5,2,5,0,0,0,0,0,0,0,0,3,2,9,4,5,4,0,0,0,0,0,1,0,0,0,7,2,7,6,3,0,0,0,0,0,0,0,0,2,2,4,3,7,7,0,0,0,0,0,0,0,0,1,0,3,1,5,5,0,0,0,0,0,0,0,0,0,0,2,0,大阪
4640,山ノ内雅人,ヤマノウチ マサト,福岡,A1,H,030219,1,33,174,53,O,6.25,45.5,31,20,112,2,0,0.14,24,100.0,0.13,2.0,14,50.0,0.15,3.5,19,36.8,0.14,3.3,18,44.4,0.12,2.5,18,16.6,0.15,3.3,19,10.5,0.13,2.7,A2,A2,A2,51.0,52.0,2025,1,2024-05-01,2024-10-31,107,23,1,0,0,0,0,0,0,0,0,0,0,0,0,2,5,3,0,3,1,0,0,0,0,0,0,0,0,3,4,5,3,2,2,0,0,0,0,0,0,0,0,1,7,8,2,0,0,0,0,0,0,0,0,0,0,1,2,4,6,2,3,0,0,0,0,0,2,0,0,1,1,2,3,6,6,0,0,0,0,0,0,0,0,0,0,1,0,福岡
4641,磯村匠,イソムラ タクミ,東京,B1,H,030523,1,33,168,51,B,5.32,30.0,20,10,100,0,0,0.16,17,82.3,0.13,2.6,17,41.1,0.18,3.5,15,20.0,0.17,3.5,19,10.5,0.15,3.7,19,21.0,0.18,3.8,13,0.0,0.13,3.6,B1,B2,B1,48.0,49.0,2025,1,2024-05-01,2024-10-31,107,11,3,1,2,0,0,0,0,0,0,0,0,0,0,6,1,4,2,3,1,0,0,0,0,0,0,0,0,3,0,3,3,1,5,0,0,0,0,0,0,0,0,0,2,7,4,2,3,0,0,0,0,0,1,0,1,0,4,6,4,2,3,0,0,0,0,0,0,0,0,0,0,2,4,3,4,0,0,0,0,0,0,0,0,0,0,0,0,東京
4642,松尾夏海,マツオ カナミ,香川,A2,H,031029,2,33,156,46,A,6.16,42.7,29,18,110,2,0,0.15,25,80.0,0.15,2.4,18,61.1,0.13,2.6,17,29.4,0.16,2.7,15,20.0,0.15,2.6,20,30.0,0.14,3.2,15,13.3,0.17,3.3,A1,A2,A2,54.0,53.0,2025,1,2024-05-01,2024-10-31,107,18,2,1,2,1,1,0,0,0,0,0,0,0,0,1,10,4,1,1,1,0,0,0,0,0,0,0,0,5,0,5,5,1,1,0,0,0,0,0,0,0,0,2,1,5,2,2,2,1,0,0,0,0,0,0,0,2,4,5,2,2,4,0,0,0,0,0,0,1,0,1,1,4,1,4,4,0,0,0,0,0,0,0,0,0,0,0,0,愛媛
4643,近江翔吾,オオミ ショウゴ,香川,A1,H,050218,1,31,168,53,O,6.29,39.0,20,19,100,5,1,0.13,19,89.4,0.12,2.5,17,41.1,0.1,2.2,19,36.8,0.11,2.4,20,25.0,0.14,2.8,15,20.0,0.14,3.1,10,0.0,0.16,4.0,A1,A1,A1,61.0,55.0,2025,1,2024-05-01,2024-10-31,107,15,2,1,0,0,1,0,0,0,0,0,1,0,0,1,6,3,2,3,2,0,0,0,0,0,0,0,0,1,6,6,0,3,3,0,0,0,0,0,0,0,0,2,3,8,2,4,1,0,0,0,0,0,0,0,0,1,2,5,3,2,2,0,0,0,0,0,0,0,0,0,0,5,3,2,0,0,0,0,0,0,0,0,0,0,0,0,0,大阪
4644,山田亮太,ヤマダ リョウタ,東京,A2,S,540327,1,45,167,52,O,5.48,34.4,17,23,116,2,0,0.17,21,57.1,0.18,3.5,20,45.0,0.19,3.7,16,37.5,0.17,3.8,18,11.1,0.18,3.6,24,33.3,0.15,2.8,16,18.7,0.16,3.8,A2,A2,A2,51.0,51.0,2025,1,2024-05-01,2024-10-31,108,9,3,3,2,1,2,0,0,0,0,0,0,1,0,3,6,4,6,1,0,0,0,0,0,0,0,0,0,2,4,3,3,3,1,0,0,0,0,0,0,0,0,1,1,3,8,3,2,0,0,0,0,0,0,0,0,1,7,4,5,6,1,0,0,0,0,0,0,0,0,1,2,3,1,7,1,0,0,0,0,0,0,1,0,0,0,0,1,東京
4645,上村純一,ウエムラ ジュンイチ,群馬,A1,S,550527,1,44,171,55,A,6.57,49.0,30,22,106,6,0,0.14,20,90.0,0.15,2.8,16,68.7,0.14,2.9,16,43.7,0.14,2.3,18,55.5,0.13,2.8,16,18.7,0.15,2.9,20,15.0,0.15,3.5,A2,A1,A2,55.0,54.0,2025,1,2024-05-01,2024-10-31,108,17,1,0,1,1,0,0,0,0,0,0,0,0,0,6,5,3,1,0,1,0,0,0,0,0,0,0,0,1,6,6,3,0,0,0,0,0,0,0,0,0,0,5,5,4,2,1,1,0,0,0,0,0,0,0,0,1,2,3,1,6,2,1,0,0,0,0,0,0,0,0,3,4,3,8,2,0,0,0,0,0,0,0,0,0,0,0,0,千葉
4648,木村亮太,キムラ リョウタ,兵庫,B1,S,590502,1,40,159,55,A,5.05,29.7,13,20,111,0,0,0.13,14,64.2,0.13,1.9,19,21.0,0.15,3.1,20,45.0,0.12,2.6,18,33.3,0.13,2.8,25,12.0,0.13,3.1,14,14.2,0.14,3.2,B1,B1,B2,47.0,49.0,2025,1,2024-05-01,2024-10-31,108,7,2,1,3,1,0,0,0,0,0,0,0,0,0,0,4,4,9,1,1,0,0,0,0,0,0,0,0,4,5,5,2,2,2,0,0,0,0,0,0,0,0,0,6,3,4,3,2,0,0,0,0,0,0,0,0,1,2,4,5,10,3,0,0,0,0,0,0,0,0,1,1,3,2,3,3,0,0,0,0,0,0,0,1,0,0,1,1,大阪
4649,和田操拓,ワダ アヤヒロ,滋賀,A2,S,590528,1,40,156,52,A,5.57,32.7,19,21,122,2,0,0.14,20,75.0,0.12,2.1,21,38.1,0.15,3.1,20,25.0,0.15,3.2,21,23.8,0.14,2.0,21,19.0,0.13,2.9,19,15.7,0.15,3.4,A2,B1,A2,51.0,51.0,2025,1,2024-05-01,2024-10-31,108,11,4,1,3,1,0,0,0,0,0,0,0,0,0,1,7,3,3,2,5,0,0,0,0,0,0,0,0,3,2,4,5,3,3,0,0,0,0,0,0,0,0,3,2,6,6,4,0,0,0,0,0,0,0,0,0,1,3,4,8,3,0,1,0,0,0,0,0,1,0,0,3,7,5,2,2,0,0,0,0,0,0,0,0,0,0,0,0,京都
4650,中山雄太,ナカヤマ ユウタ,愛知,A1,S,590710,1,40,166,53,A,6.54,48.5,44,21,134,3,0,0.14,27,100.0,0.13,2.4,23,52.1,0.16,3.1,22,40.9,0.14,2.8,23,30.4,0.14,3.0,24,29.1,0.15,2.8,15,20.0,0.15,3.0,A1,A1,A2,54.0,53.0,2025,1,2024-05-01,2024-10-31,108,26,1,0,0,0,0,0,0,0,0,0,0,0,0,6,6,3,4,2,2,0,0,0,0,0,0,0,0,5,4,8,1,3,1,0,0,0,0,0,1,0,0,4,3,8,3,2,3,0,0,0,0,0,0,0,0,0,7,4,5,5,2,1,0,0,0,0,0,0,0,3,0,3,4,4,1,0,0,0,0,0,0,0,0,0,0,1,0,愛知
4651,佐藤大騎,サトウ タイキ,大阪,B1,S,591209,1,40,162,50,A,4.08,15.8,3,7,63,0,0,0.16,9,55.5,0.17,4.3,7,0.0,0.16,2.4,16,18.7,0.17,3.3,12,8.3,0.16,3.0,9,0.0,0.11,2.9,10,10.0,0.17,3.5,B1,B1,B1,47.0,46.0,2025,1,2024-05-01,2024-10-31,108,2,3,0,1,2,1,0,0,0,0,0,0,0,0,0,0,0,3,1,3,0,0,0,0,0,0,0,0,1,2,3,5,1,3,1,0,0,0,0,0,0,0,0,1,4,3,3,1,0,0,0,0,0,0,0,0,0,0,5,0,2,2,0,0,0,0,0,0,0,0,0,1,0,4,2,3,0,0,0,0,0,0,0,0,0,0,0,0,大阪
4652,酒見峻介,サケミ シュンスケ,佐賀,A2,S,600724,1,39,158,51,B,5.48,37.9,19,33,137,1,0,0.16,20,55.0,0.19,3.2,31,41.9,0.19,3.2,23,43.4,0.14,3.0,25,44.0,0.13,2.9,17,17.6,0.16,2.8,21,19.0,0.18,4.0,A2,A2,A2,52.0,51.0,2025,1,2024-05-01,2024-10-31,108,6,5,2,4,1,2,0,0,0,0,0,0,0,0,2,11,2,9,4,3,0,0,0,0,0,0,0,0,0,10,5,5,0,3,0,0,0,0,0,0,0,0,8,3,3,9,0,2,0,0,0,0,0,0,0,0,3,0,2,1,7,3,0,0,0,0,0,1,1,0,0,4,3,2,7,5,0,0,0,0,0,0,0,0,0,0,0,0,兵庫
4653,小野達哉,オノ タツヤ,大阪,A1,S,610124,1,38,160,53,A,6.96,53.4,54,23,144,4,0,0.14,35,97.1,0.14,2.8,22,40.9,0.14,3.3,22,54.5,0.13,2.5,27,44.4,0.12,2.2,19,26.3,0.15,2.8,19,26.3,0.17,3.0,A1,A1,A1,57.0,54.0,2025,1,2024-05-01,2024-10-31,108,30,4,0,1,0,0,0,0,0,0,0,0,0,0,7,2,5,4,2,0,0,0,0,0,0,1,1,1,7,5,6,3,1,0,0,0,0,0,0,0,0,0,7,5,6,3,3,3,0,0,0,0,0,0,0,0,3,2,7,4,2,1,0,0,0,0,0,0,0,0,0,5,3,4,6,1,0,0,0,0,0,0,0,0,0,0,0,0,大阪
4654,篠田優也,シノダ ユウヤ,兵庫,A1,S,610607,1,38,172,55,B,6.36,48.3,22,22,91,3,0,0.12,17,88.2,0.12,2.1,13,69.2,0.14,2.7,16,62.5,0.11,1.7,17,52.9,0.12,2.9,14,7.1,0.12,2.3,14,0.0,0.13,2.9,A2,A2,A2,52.0,54.0,2025,1,2024-05-01,2024-10-31,108,14,1,2,0,0,0,0,0,0,0,0,0,0,0,4,5,1,1,1,1,0,0,0,0,0,0,0,0,3,7,3,0,2,1,0,0,0,0,0,0,0,0,1,8,4,2,1,1,0,0,0,0,0,0,0,0,0,1,4,2,3,4,0,0,0,0,0,0,0,0,0,0,2,3,4,5,0,0,0,0,0,0,0,0,0,0,0,0,兵庫
4656,大崎翔,オオサキ ショウ,兵庫,B1,S,620624,1,37,170,60,O,5.22,33.0,13,24,112,2,0,0.16,15,66.6,0.15,3.0,21,42.8,0.17,3.4,19,36.8,0.16,2.8,18,27.7,0.17,3.0,22,18.1,0.17,3.8,17,11.7,0.15,3.4,B1,B1,B1,49.0,50.0,2025,1,2024-05-01,2024-10-31,108,8,2,2,1,2,0,0,0,0,0,0,0,0,0,0,9,3,5,2,2,0,0,0,0,0,0,0,0,3,4,3,3,4,2,0,0,0,0,0,1,0,0,1,4,5,3,3,2,0,0,0,0,0,0,0,0,1,3,4,4,6,4,0,0,0,0,0,0,0,0,0,2,2,6,6,1,0,0,0,0,0,0,0,0,0,0,0,0,兵庫
4659,木下翔太,キノシタ ショウタ,大阪,A1,H,030403,1,33,172,55,A,6.87,45.4,39,21,132,7,0,0.14,29,89.6,0.15,2.7,20,50.0,0.13,2.5,23,47.8,0.14,2.4,22,27.2,0.14,2.8,20,25.0,0.14,3.1,17,11.7,0.16,3.5,A1,A1,A1,57.0,60.0,2025,1,2024-05-01,2024-10-31,108,22,4,1,1,0,1,0,0,0,0,0,0,0,0,5,5,4,5,0,1,0,0,0,0,0,0,0,0,6,5,10,1,0,1,0,0,0,0,0,0,0,0,4,2,10,3,2,0,0,0,0,0,0,0,1,0,2,3,6,5,4,0,0,0,0,0,0,0,0,0,0,2,3,4,3,5,0,0,0,0,0,0,0,0,0,0,0,1,大阪
4660,宇田川信一,ウダガワ シンイチ,東京,B1,H,030620,1,33,166,53,O,4.28,23.5,8,16,102,0,0,0.18,13,46.1,0.17,3.5,19,36.8,0.19,4.1,19,15.7,0.17,4.0,20,25.0,0.17,3.9,18,16.6,0.18,4.3,13,0.0,0.21,4.8,B1,B1,B1,43.0,46.0,2025,1,2024-05-01,2024-10-31,108,3,3,4,0,1,2,0,0,0,0,0,0,0,0,3,4,0,5,5,2,0,0,0,0,0,0,0,0,1,2,2,6,6,2,0,0,0,0,0,0,0,0,1,4,2,4,5,4,0,0,0,0,0,0,0,0,0,3,6,0,4,5,0,0,0,0,0,0,0,0,0,0,1,2,4,6,0,0,0,0,0,0,0,0,0,0,0,0,神奈川
4661,中島昂章,ナカシマ タカアキ,佐賀,A2,H,040122,1,32,168,53,O,5.77,43.6,21,27,110,2,0,0.18,22,90.9,0.14,3.1,12,66.6,0.16,3.8,22,36.3,0.18,4.4,20,35.0,0.18,3.6,23,17.3,0.2,4.5,11,9.0,0.22,5.3,A2,A2,A2,52.0,51.0,2025,1,2024-05-01,2024-10-31,108,13,7,1,1,0,0,0,0,0,0,0,1,0,0,5,3,1,1,0,2,0,0,0,0,0,0,0,0,1,7,3,6,2,3,0,0,0,0,0,0,0,0,2,5,3,4,3,2,1,0,0,0,0,0,0,0,0,4,3,7,3,6,0,0,0,0,0,0,0,0,0,1,2,4,3,1,0,0,0,0,0,0,0,0,0,0,0,0,佐賀
4662,片山雅雄,カタヤマ マサオ,滋賀,B1,S,570722,1,42,171,51,O,3.0,9.5,2,5,73,0,0,0.18,11,18.1,0.2,4.0,12,25.0,0.21,4.4,15,13.3,0.17,3.3,12,0.0,0.17,3.8,14,0.0,0.17,4.4,9,0.0,0.16,3.8,B2,B1,B2,38.0,41.0,2025,1,2024-05-01,2024-10-31,109,1,1,1,2,4,1,1,0,0,0,0,0,0,0,0,3,1,3,3,2,0,0,0,0,0,0,0,0,1,1,0,3,5,5,0,0,0,0,0,0,0,0,0,0,1,1,3,7,0,0,0,0,0,0,0,0,0,0,1,5,4,4,0,0,0,0,0,0,0,0,0,0,0,4,1,4,0,0,0,0,0,0,0,0,0,0,0,0,京都
4663,籾山佳岳,モミヤマ ヨシタケ,愛知,B1,S,570911,1,42,167,55,O,4.98,28.2,14,21,124,1,0,0.14,19,63.1,0.12,2.2,22,36.3,0.14,3.1,22,22.7,0.13,3.0,21,19.0,0.13,2.7,20,25.0,0.16,3.5,19,5.2,0.16,4.0,B1,B1,B2,48.0,49.0,2025,1,2024-05-01,2024-10-31,109,7,5,2,2,2,1,0,0,0,0,0,0,0,0,1,7,5,3,3,3,0,0,0,0,0,0,0,0,3,2,5,5,6,1,0,0,0,0,0,0,0,0,2,2,4,4,7,1,0,0,0,0,0,0,1,0,1,4,1,7,6,1,0,0,0,0,0,0,0,0,0,1,4,8,4,2,0,0,0,0,0,0,0,0,0,0,0,1,愛知
4664,東口晃,ヒガシグチ アキラ,福井,B1,S,580802,1,41,165,54,O,3.65,15.0,8,10,120,1,0,0.2,18,44.4,0.15,2.9,22,13.6,0.2,4.0,22,18.1,0.2,4.1,18,11.1,0.2,4.3,22,0.0,0.23,4.4,18,5.5,0.23,5.0,B1,B1,B1,45.0,44.0,2025,1,2024-05-01,2024-10-31,109,6,2,2,4,1,3,0,0,0,0,0,0,0,0,1,2,3,7,3,6,0,0,0,0,0,0,0,0,1,3,2,5,1,10,0,0,0,0,0,0,0,0,0,2,2,4,5,5,0,0,0,0,0,0,0,0,0,0,5,3,5,9,0,0,0,0,0,0,0,0,0,1,0,5,5,7,0,0,0,0,0,0,0,0,0,0,0,0,石川
4665,加藤啓太,カトウ ケイタ,愛知,B1,S,581007,1,41,171,53,A,4.12,17.3,4,9,75,0,0,0.18,8,25.0,0.17,3.8,15,26.6,0.16,2.9,13,7.6,0.19,4.2,13,15.3,0.2,3.8,14,21.4,0.18,3.4,12,8.3,0.21,4.9,B1,B1,B1,47.0,45.0,2025,1,2024-05-01,2024-10-31,109,1,1,4,1,1,0,0,0,0,0,0,0,0,0,0,4,0,7,2,2,0,0,0,0,0,0,0,0,1,0,2,5,2,1,1,0,0,0,0,0,1,0,1,1,2,4,3,1,0,0,0,0,0,0,1,0,1,2,1,2,6,2,0,0,0,0,0,0,0,0,0,1,1,5,3,1,0,0,0,0,0,0,1,0,0,0,0,0,愛知
4666,日笠勝弘,ヒガサ マサヒロ,大阪,B1,S,581121,1,41,164,53,A,4.24,25.0,17,10,108,0,0,0.15,16,50.0,0.17,3.1,20,35.0,0.14,3.2,14,21.4,0.11,2.6,17,17.6,0.13,2.8,20,30.0,0.14,3.1,21,0.0,0.17,4.2,B1,B1,B1,48.0,45.0,2025,1,2024-05-01,2024-10-31,109,6,2,3,1,2,2,0,0,0,0,0,0,0,0,2,5,1,5,2,5,0,0,0,0,0,0,0,0,3,0,2,2,4,3,0,0,0,0,0,0,0,0,2,1,5,2,4,2,1,0,0,0,0,0,0,0,4,2,0,2,5,7,0,0,0,0,0,0,0,0,0,0,1,4,3,13,0,0,0,0,0,0,0,0,0,0,0,0,大阪
4669,井上茂,イノウエ シゲル,福岡,B1,S,600427,1,39,164,56,A,4.36,20.5,8,13,102,0,0,0.18,12,58.3,0.2,3.5,18,33.3,0.18,3.8,21,33.3,0.14,3.2,19,0.0,0.15,3.7,20,5.0,0.2,4.5,12,0.0,0.24,4.8,B1,B1,B1,46.0,47.0,2025,1,2024-05-01,2024-10-31,109,5,2,2,2,0,0,1,0,0,0,0,0,0,0,2,4,4,4,2,2,0,0,0,0,0,0,0,0,0,7,2,5,4,3,0,0,0,0,0,1,0,0,0,0,6,5,5,3,0,0,0,0,0,0,0,0,1,0,3,4,7,5,0,0,0,0,0,0,0,0,0,0,2,1,5,4,0,0,0,0,0,0,0,0,0,0,1,0,福岡
4672,守屋大地,モリヤ ダイチ,岡山,B1,S,610321,1,38,162,52,B,4.44,23.2,8,19,116,0,0,0.18,15,53.3,0.22,4.5,18,44.4,0.19,4.7,24,29.1,0.18,4.2,25,8.0,0.17,4.0,19,5.2,0.18,3.7,15,6.6,0.14,3.1,B1,B1,B1,46.0,47.0,2025,1,2024-05-01,2024-10-31,109,3,5,0,3,1,3,0,0,0,0,0,0,0,0,3,5,3,2,2,3,0,0,0,0,0,0,0,0,1,6,2,6,7,2,0,0,0,0,0,0,0,0,0,2,8,5,6,4,0,0,0,0,0,0,0,0,0,1,4,2,6,6,0,0,0,0,0,0,0,0,1,0,4,4,1,5,0,0,0,0,0,0,0,0,0,0,0,0,岡山
4674,池田剛規,イケダ コウキ,福岡,B1,S,620801,1,37,166,54,A,5.21,37.7,5,35,106,0,0,0.16,17,70.5,0.14,3.6,17,64.7,0.18,4.2,20,35.0,0.14,3.5,20,25.0,0.19,4.0,18,27.7,0.16,2.7,14,0.0,0.13,3.8,A2,B1,B1,51.0,49.0,2025,1,2024-05-01,2024-10-31,109,4,8,2,0,2,1,0,0,0,0,0,0,0,0,0,11,2,0,2,2,0,0,0,0,0,0,0,0,0,7,3,3,5,2,0,0,0,0,0,0,0,0,1,4,5,3,2,5,0,0,0,0,0,0,0,0,0,5,5,4,1,3,0,0,0,0,0,0,0,0,0,0,4,2,5,1,1,0,0,0,0,0,1,0,0,0,0,0,福岡
4675,井手良太,イデ リョウタ,大阪,B1,S,621124,1,37,168,51,B,4.79,25.2,11,15,103,0,0,0.13,13,69.2,0.14,2.3,18,27.7,0.15,2.2,22,18.1,0.14,3.0,15,20.0,0.11,2.1,17,11.7,0.14,2.1,18,16.6,0.1,2.2,B1,B1,B1,48.0,48.0,2025,1,2024-05-01,2024-10-31,109,6,3,2,0,0,2,0,0,0,0,0,0,0,0,2,3,5,6,0,2,0,0,0,0,0,0,0,0,0,4,7,6,4,1,0,0,0,0,0,0,0,0,1,2,3,4,3,2,0,0,0,0,0,0,0,0,1,1,2,4,4,4,0,0,0,0,0,0,1,0,1,2,2,3,2,8,0,0,0,0,0,0,0,0,0,0,1,0,大阪
4676,後藤隼之,ゴトウ ハヤト,東京,B1,S,630326,1,36,172,57,O,4.82,25.8,13,16,112,1,0,0.16,17,64.7,0.15,2.6,19,52.6,0.13,2.5,20,10.0,0.16,3.0,28,17.8,0.16,3.3,17,5.8,0.17,3.9,11,0.0,0.21,4.7,B1,B1,B1,48.0,49.0,2025,1,2024-05-01,2024-10-31,109,7,4,2,2,1,1,0,0,0,0,0,0,0,0,4,6,1,6,1,1,0,0,0,0,0,1,0,0,1,1,5,3,7,3,0,0,0,0,0,0,0,0,0,5,3,10,8,2,0,0,0,0,0,0,0,0,1,0,2,8,3,3,0,0,0,0,0,0,0,0,0,0,2,4,3,2,0,0,0,0,0,0,0,0,0,0,0,0,東京
4677,片橋幸貴,カタハシ ユキタカ,滋賀,A1,S,630620,1,36,173,54,O,6.27,40.3,33,15,119,4,1,0.14,26,80.7,0.13,2.1,20,40.0,0.16,3.5,23,39.1,0.16,3.5,22,27.2,0.11,2.2,15,20.0,0.13,2.7,13,7.6,0.2,4.1,A1,A2,A1,53.0,53.0,2025,1,2024-05-01,2024-10-31,109,21,0,2,1,2,0,0,0,0,0,0,0,0,0,5,3,4,4,1,2,1,0,0,0,0,0,0,0,4,5,6,5,1,2,0,0,0,0,0,0,0,0,3,3,7,6,1,2,0,0,0,0,0,0,0,0,0,3,3,2,5,2,0,0,0,0,0,0,0,0,0,1,4,3,4,1,0,0,0,0,0,0,0,0,0,0,0,0,京都
4678,水野望美,ミズノ ノゾミ,愛知,A2,S,631117,2,36,157,47,O,5.98,44.3,20,23,97,2,0,0.15,15,93.3,0.14,2.7,22,59.0,0.12,2.7,16,43.7,0.15,2.6,14,28.5,0.15,2.5,21,23.8,0.17,3.2,9,0.0,0.19,2.9,B1,B1,B1,48.0,52.0,2025,1,2024-05-01,2024-10-31,109,12,2,0,0,1,0,0,0,0,0,0,0,0,0,1,12,3,4,1,1,0,0,0,0,0,0,0,0,3,4,3,3,2,1,0,0,0,0,0,0,0,0,2,2,0,8,2,0,0,0,0,0,0,0,0,0,2,3,3,6,5,2,0,0,0,0,0,0,0,0,0,0,2,2,3,2,0,0,0,0,0,0,0,0,0,0,0,0,愛知
4679,植田太一,ウエダ タイチ,福岡,A2,H,010711,1,35,170,61,A,5.48,40.0,20,24,110,2,0,0.15,16,81.2,0.14,2.1,18,44.4,0.17,3.6,22,31.8,0.15,3.0,19,31.5,0.15,3.3,21,38.1,0.14,3.0,14,14.2,0.17,3.4,B1,B1,B1,49.0,49.0,2025,1,2024-05-01,2024-10-31,109,11,2,2,0,1,0,0,0,0,0,0,0,0,0,3,5,4,1,3,2,0,0,0,0,0,0,0,0,3,4,3,4,5,2,0,0,0,0,0,0,1,0,2,4,4,2,5,2,0,0,0,0,0,0,0,0,1,7,4,4,2,3,0,0,0,0,0,0,0,0,0,2,0,2,3,7,0,0,0,0,0,0,0,0,0,0,0,0,福岡
4680,後藤美翼,ゴトウ ミク,東京,B1,H,020131,2,34,157,46,O,4.96,29.4,10,15,85,0,0,0.2,18,66.6,0.19,3.8,11,9.0,0.16,3.3,15,33.3,0.19,3.7,13,30.7,0.2,3.7,14,21.4,0.24,4.6,14,0.0,0.24,5.0,A2,A2,B1,53.0,51.0,2025,1,2024-05-01,2024-10-31,109,8,4,1,5,0,0,0,0,0,0,0,0,0,0,0,1,1,2,3,3,1,0,0,0,0,0,0,0,1,4,4,3,1,2,0,0,0,0,0,0,0,0,0,4,2,2,1,4,0,0,0,0,0,0,0,0,1,2,2,4,2,3,0,0,0,0,0,1,0,0,0,0,2,5,4,3,0,0,0,0,0,0,0,0,0,0,0,0,東京
4681,太田潮,オオタ ウシオ,愛知,B1,H,020701,1,34,168,55,A,4.85,27.3,12,14,95,1,0,0.15,12,66.6,0.13,3.4,17,23.5,0.17,3.7,14,28.5,0.09,1.9,22,31.8,0.16,3.6,15,13.3,0.15,2.7,15,6.6,0.19,4.4,B1,B1,B1,46.0,48.0,2025,1,2024-05-01,2024-10-31,109,4,4,0,0,3,0,1,0,0,0,0,0,0,0,2,2,4,3,1,5,0,0,0,0,0,0,0,0,2,2,5,3,2,0,0,0,0,0,0,0,0,0,4,3,5,3,3,4,0,0,0,0,0,0,0,0,0,2,3,5,3,2,0,0,0,0,0,0,0,0,0,1,2,2,5,4,0,0,0,0,0,0,1,0,0,0,0,0,愛知
4682,大上卓人,オオウエ タクト,広島,A1,H,020903,1,34,168,52,AB,6.48,44.2,31,23,122,6,0,0.15,27,88.8,0.14,3.0,19,47.3,0.14,3.2,13,53.8,0.15,2.5,23,43.4,0.13,2.6,18,16.6,0.18,3.6,22,4.5,0.17,4.4,A1,A1,A1,59.0,61.0,2025,1,2024-05-01,2024-10-31,109,18,6,0,0,0,3,0,0,0,0,0,0,0,0,4,5,2,1,3,4,0,0,0,0,0,0,0,0,3,4,1,3,0,2,0,0,0,0,0,0,0,0,6,4,6,1,2,3,1,0,0,0,0,0,0,0,0,3,8,1,5,1,0,0,0,0,0,0,0,0,0,1,5,9,4,3,0,0,0,0,0,0,0,0,0,0,0,0,広島
4683,向井田直弥,ムカイダ ナオヤ,広島,B1,H,020929,1,34,169,47,A,4.12,21.0,7,9,76,1,0,0.12,8,37.5,0.16,3.5,8,25.0,0.16,3.2,14,21.4,0.11,2.0,14,21.4,0.14,2.4,16,18.7,0.1,2.3,16,12.5,0.11,2.5,B1,B1,B1,48.0,45.0,2025,1,2024-05-01,2024-10-31,109,1,2,2,2,1,0,0,0,0,0,0,0,0,0,2,0,0,0,1,3,2,0,0,0,0,0,0,0,2,1,2,2,2,5,0,0,0,0,0,0,0,0,1,2,3,2,4,2,0,0,0,0,0,0,0,0,1,2,3,3,4,3,0,0,0,0,0,0,0,0,0,2,2,3,3,6,0,0,0,0,0,0,0,0,0,0,0,0,広島
4684,楠原翔太,クスハラ ショウタ,福岡,B1,H,021126,1,34,168,58,O,4.29,25.2,10,16,103,0,0,0.15,14,78.5,0.14,2.9,18,27.7,0.15,3.4,14,21.4,0.13,3.0,18,16.6,0.12,2.9,17,23.5,0.14,2.9,22,0.0,0.18,3.7,A2,B1,A2,50.0,45.0,2025,1,2024-05-01,2024-10-31,109,6,5,0,1,1,1,0,0,0,0,0,0,0,0,3,2,1,3,3,4,1,0,0,0,0,0,1,0,0,3,3,4,0,4,0,0,0,0,0,0,0,0,1,2,1,6,1,7,0,0,0,0,0,0,0,0,0,4,5,3,2,3,0,0,0,0,0,0,0,0,0,0,2,5,6,9,0,0,0,0,0,0,0,0,0,0,0,0,福岡
4685,島村隆幸,シマムラ タカヨシ,徳島,A1,H,021215,1,34,165,51,O,6.82,45.3,31,23,119,4,2,0.12,25,76.0,0.1,2.3,17,64.7,0.11,2.6,21,42.8,0.11,2.7,18,38.8,0.14,2.8,19,26.3,0.16,3.8,19,15.7,0.13,3.1,A1,A1,A1,70.0,69.0,2025,1,2024-05-01,2024-10-31,109,17,2,1,2,1,2,0,0,0,0,0,0,0,0,5,6,2,2,1,1,0,0,0,0,0,0,0,0,4,5,3,2,1,5,1,0,0,0,0,0,0,0,2,5,2,4,1,4,0,0,0,0,0,0,0,0,2,3,4,3,6,1,0,0,0,0,0,0,0,0,1,2,2,4,5,5,0,0,0,0,0,0,0,0,0,0,0,0,高知
4686,丸野一樹,マルノ カズキ,滋賀,A1,H,030805,1,33,165,54,A,7.31,53.2,37,29,124,6,3,0.14,26,84.6,0.14,3.8,21,47.6,0.13,4.0,21,66.6,0.14,3.0,23,39.1,0.15,3.7,16,50.0,0.14,3.4,17,17.6,0.17,4.8,A1,A1,A1,69.0,65.0,2025,1,2024-05-01,2024-10-31,109,19,3,1,1,2,0,0,0,0,0,0,0,0,0,3,7,2,6,2,1,0,0,0,0,0,0,0,0,5,9,1,0,0,6,0,0,0,0,0,0,0,0,5,4,4,4,4,1,0,0,0,0,0,0,1,0,3,5,3,2,0,2,1,0,0,0,0,0,0,0,2,1,7,3,2,2,0,0,0,0,0,0,0,0,0,0,0,0,京都
4688,永井彪也,ナガイ ヒョウヤ,東京,A1,H,041115,1,32,164,54,A,6.65,43.9,28,34,141,3,0,0.14,25,76.0,0.16,3.5,24,37.5,0.15,3.8,21,57.1,0.14,3.3,22,40.9,0.11,3.2,24,41.6,0.11,2.5,25,12.0,0.14,3.4,A1,A1,A1,61.0,64.0,2025,1,2024-05-01,2024-10-31,109,15,4,2,3,0,1,0,0,0,0,0,0,0,0,4,5,5,4,1,5,0,0,0,0,0,0,0,0,4,8,3,3,2,1,0,0,0,0,0,0,0,0,3,6,5,5,3,0,0,0,0,0,0,0,0,0,2,8,5,5,2,2,0,0,0,0,0,0,0,0,0,3,7,4,6,5,0,0,0,0,0,0,0,0,0,0,0,0,東京
4689,豊田結,トヨダ ユイ,静岡,B2,H,050719,2,31,159,60,A,7.0,50.0,4,1,10,0,0,0.16,2,100.0,0.05,1.0,3,66.6,0.16,1.3,1,0.0,0.19,4.0,1,100.0,0.03,1.0,2,0.0,0.19,3.5,1,0.0,0.4,4.0,B2,B2,B2,0.0,55.0,2025,1,2024-05-01,2024-10-31,109,2,0,0,0,0,0,0,0,0,0,0,0,0,0,1,1,0,1,0,0,0,0,0,0,0,0,0,0,0,0,0,1,0,0,0,0,0,0,0,0,0,0,1,0,0,0,0,0,0,0,0,0,0,0,0,0,0,0,1,1,0,0,0,0,0,0,0,0,0,0,0,0,0,1,0,0,0,0,0,0,0,0,0,0,0,0,0,0,静岡
4690,高石梨菜,タカイシ リナ,東京,A2,H,051128,2,31,165,50,A,5.78,34.1,15,12,79,1,0,0.16,12,66.6,0.15,2.6,13,53.8,0.14,3.2,18,44.4,0.13,2.8,14,14.2,0.19,4.0,15,6.6,0.18,3.9,7,14.2,0.18,3.4,B1,B1,B1,49.0,51.0,2025,1,2024-05-01,2024-10-31,109,7,1,3,1,0,0,0,0,0,0,0,0,0,0,4,3,2,4,0,0,0,0,0,0,0,0,0,0,4,4,4,3,1,1,0,0,0,0,0,0,1,0,0,2,4,3,3,2,0,0,0,0,0,0,0,0,0,1,5,5,2,2,0,0,0,0,0,0,0,0,0,1,0,4,2,0,0,0,0,0,0,0,0,0,0,0,0,0,東京
4691,水原慎,ミズハラ シン,徳島,B1,S,580530,1,41,165,52,O,4.02,20.9,12,11,110,0,0,0.16,16,56.2,0.14,2.9,23,26.0,0.17,3.8,16,18.7,0.16,3.0,19,10.5,0.18,3.5,19,15.7,0.12,2.7,17,0.0,0.15,3.4,B1,B1,B1,48.0,45.0,2025,1,2024-05-01,2024-10-31,110,8,1,1,2,2,1,1,0,0,0,0,0,0,0,1,5,3,2,8,4,0,0,0,0,0,1,0,0,0,3,3,2,7,1,0,0,0,0,0,0,0,0,1,1,1,4,7,5,0,0,0,0,0,0,0,0,2,1,3,3,6,4,0,0,0,0,0,0,0,0,0,0,1,4,7,5,0,0,0,0,0,0,0,0,0,0,0,0,徳島
4692,酒井俊弘,サカイ トシヒロ,福井,B1,S,590227,1,40,167,53,A,3.49,19.4,4,9,67,0,0,0.16,11,63.6,0.17,3.2,8,12.5,0.14,3.4,10,20.0,0.17,3.1,7,14.2,0.17,4.0,10,10.0,0.16,3.9,21,4.7,0.17,3.8,A2,B1,A2,50.0,42.0,2025,1,2024-05-01,2024-10-31,110,4,3,2,0,1,1,0,0,0,0,0,0,0,0,0,1,2,2,2,1,0,0,0,0,0,0,0,0,0,2,0,2,4,2,0,0,0,0,0,0,0,0,0,1,0,3,3,0,0,0,0,0,0,0,0,0,0,1,0,1,2,6,0,0,0,0,0,0,0,0,0,1,0,3,5,10,2,0,0,0,0,0,0,0,0,0,0,0,福井
4693,松下誉士,マツシタ タカシ,福岡,B1,S,590413,1,40,158,54,AB,4.58,25.6,9,21,117,0,0,0.17,15,53.3,0.18,3.5,22,50.0,0.18,4.3,18,22.2,0.19,4.2,20,20.0,0.17,3.4,25,12.0,0.13,3.1,17,0.0,0.17,3.8,B1,B1,B1,45.0,48.0,2025,1,2024-05-01,2024-10-31,110,5,3,0,6,0,1,0,0,0,0,0,0,0,0,3,8,3,4,2,2,0,0,0,0,0,1,0,0,0,4,1,5,2,6,0,0,0,0,0,1,0,0,0,4,4,3,8,1,0,0,0,0,0,0,0,0,1,2,5,9,2,6,0,0,0,0,0,0,0,0,0,0,2,6,3,6,0,0,0,0,0,0,0,0,0,0,1,0,福岡
4694,高田綾,タカダ アヤ,福岡,B2,S,600119,2,39,151,46,AB,4.43,21.4,1,2,14,0,0,0.2,2,100.0,0.08,3.5,3,0.0,0.23,5.3,1,100.0,0.1,2.0,3,0.0,0.26,5.3,4,0.0,0.21,4.0,1,0.0,0.21,4.0,B2,B2,B1,0.0,47.0,2025,1,2024-05-01,2024-10-31,110,1,1,0,0,0,0,0,0,0,0,0,0,0,0,0,0,1,0,1,1,0,0,0,0,0,0,0,0,0,1,0,0,0,0,0,0,0,0,0,0,0,0,0,0,1,0,2,0,0,0,0,0,0,0,0,0,0,0,1,2,1,0,0,0,0,0,0,0,0,0,0,0,0,0,0,1,0,0,0,0,0,0,0,0,0,0,0,0,福岡
4695,尾崎雄二,オサキ ユウジ,長崎,A2,S,600929,1,39,167,55,O,5.46,30.3,19,15,112,1,0,0.16,19,68.4,0.15,3.2,19,47.3,0.17,3.4,19,31.5,0.15,3.8,20,25.0,0.16,3.5,22,0.0,0.15,3.7,13,7.6,0.17,3.6,B1,B1,B1,46.0,51.0,2025,1,2024-05-01,2024-10-31,110,12,1,4,2,0,0,0,0,0,0,0,0,0,0,4,5,2,4,2,2,0,0,0,0,0,0,0,0,1,5,8,0,2,3,0,0,0,0,0,0,0,0,2,3,4,5,4,2,0,0,0,0,0,0,0,0,0,0,7,7,5,3,0,0,0,0,0,0,0,0,0,1,2,5,4,1,0,0,0,0,0,0,0,0,0,0,0,0,長崎
4697,國弘翔平,クニヒロ ショウヘイ,福岡,B1,S,610806,1,38,154,51,A,4.45,24.5,10,15,102,0,0,0.18,14,57.1,0.17,4.0,18,22.2,0.18,4.1,17,35.2,0.17,4.1,20,30.0,0.15,3.2,19,5.2,0.18,3.9,14,0.0,0.23,5.1,B1,B1,B1,46.0,47.0,2025,1,2024-05-01,2024-10-31,110,5,3,2,1,2,1,0,0,0,0,0,0,0,0,3,1,3,4,4,3,0,0,0,0,0,0,0,0,1,5,1,6,4,0,0,0,0,0,0,0,0,0,1,5,4,3,5,2,0,0,0,0,0,0,0,0,0,1,3,1,7,7,0,0,0,0,0,0,0,0,0,0,1,6,2,5,0,0,0,0,0,0,0,0,0,0,0,0,福岡
4700,金子和之,カネコ カズユキ,埼玉,A1,S,620410,1,37,168,54,O,6.23,44.0,28,24,118,2,1,0.14,23,95.6,0.11,2.1,19,21.0,0.17,4.1,17,52.9,0.15,3.4,20,45.0,0.15,2.6,15,20.0,0.15,3.7,24,20.8,0.13,2.7,A2,A2,A2,51.0,54.0,2025,1,2024-05-01,2024-10-31,110,19,3,0,0,0,0,0,0,0,0,0,0,0,1,2,2,4,6,4,1,0,0,0,0,0,0,0,0,1,8,3,0,3,2,0,0,0,0,0,0,0,0,3,6,4,3,3,1,0,0,0,0,0,0,0,0,2,1,5,5,0,1,0,0,0,0,0,0,1,0,1,4,3,6,5,5,0,0,0,0,0,0,0,0,0,0,0,0,新潟
4702,三浦敬太,ミウラ ケイタ,東京,A2,S,620520,1,37,165,51,B,6.12,46.2,30,19,106,3,0,0.13,19,84.2,0.15,3.1,16,37.5,0.12,2.7,14,42.8,0.15,2.6,21,47.6,0.12,2.1,22,31.8,0.13,2.1,14,28.5,0.14,3.2,A1,A2,A1,54.0,52.0,2025,1,2024-05-01,2024-10-31,110,12,4,1,1,0,1,0,0,0,0,0,0,0,0,1,5,3,3,2,2,0,0,0,0,0,0,0,0,3,3,4,1,1,2,0,0,0,0,0,0,0,0,7,3,2,3,5,1,0,0,0,0,0,0,0,0,4,3,2,6,6,1,0,0,0,0,0,0,0,0,3,1,2,3,1,4,0,0,0,0,0,0,0,0,0,0,3,0,北海道
4703,森永隆,モリナガ タカシ,山口,A1,S,630226,1,36,162,51,B,6.29,45.7,31,28,129,3,0,0.13,27,77.7,0.12,2.3,20,50.0,0.12,2.7,22,45.4,0.11,2.4,24,41.6,0.13,2.4,22,31.8,0.15,2.8,14,7.1,0.14,2.7,A2,A1,A1,55.0,53.0,2025,1,2024-05-01,2024-10-31,110,19,2,3,0,0,3,0,0,0,0,0,0,0,0,3,7,5,2,1,2,0,0,0,0,0,0,0,0,4,6,4,3,3,2,0,0,0,0,0,0,0,0,4,6,5,2,4,3,0,0,0,0,0,0,0,0,1,6,4,6,5,0,0,0,0,0,0,0,0,0,0,1,3,6,2,2,0,0,0,0,0,0,0,0,0,0,2,0,山口
4704,河野大,カワノ ダイ,徳島,A1,S,630627,1,36,163,52,B,6.44,48.8,28,35,129,4,0,0.15,26,88.4,0.13,2.6,19,42.1,0.16,3.8,22,50.0,0.15,2.9,22,45.4,0.16,3.7,22,36.3,0.17,3.6,18,16.6,0.15,3.4,A2,A1,A2,55.0,53.0,2025,1,2024-05-01,2024-10-31,110,16,7,0,2,0,0,1,0,0,0,0,0,0,0,0,8,3,2,2,3,0,0,0,0,0,0,1,0,6,5,7,1,2,1,0,0,0,0,0,0,0,0,2,8,4,3,2,3,0,0,0,0,0,0,0,0,3,5,5,6,2,1,0,0,0,0,0,0,0,0,1,2,6,5,3,1,0,0,0,0,0,0,0,0,0,0,0,0,徳島
4705,吉川勇作,ヨシカワ ユウサク,長崎,B1,S,630806,1,36,172,57,O,4.06,24.0,15,9,100,0,0,0.15,16,87.5,0.12,2.3,14,7.1,0.13,2.9,20,15.0,0.16,3.4,16,25.0,0.17,3.3,20,10.0,0.17,2.9,14,0.0,0.15,3.6,B1,B1,B1,44.0,44.0,2025,1,2024-05-01,2024-10-31,110,9,5,1,0,0,1,0,0,0,0,0,0,0,0,0,1,4,1,1,7,0,0,0,0,0,0,0,0,2,1,1,5,3,8,0,0,0,0,0,0,0,0,2,2,1,2,4,5,0,0,0,0,0,0,0,0,2,0,3,4,4,7,0,0,0,0,0,1,0,0,0,0,0,2,4,8,0,0,0,0,0,0,0,0,0,0,1,0,長崎
4706,三浦洋次朗,ミウラ ヨウジロウ,愛知,A2,S,631026,1,36,165,48,O,5.93,40.6,26,24,123,2,0,0.15,26,73.0,0.16,3.7,20,45.0,0.18,3.5,21,47.6,0.14,2.5,21,42.8,0.16,2.8,16,12.5,0.15,2.7,19,5.2,0.14,2.7,A2,A2,A2,50.0,52.0,2025,1,2024-05-01,2024-10-31,110,16,3,4,2,1,0,0,0,0,0,0,0,0,0,3,6,2,3,2,4,0,0,0,0,0,0,0,0,5,5,4,4,1,2,0,0,0,0,0,0,0,0,2,7,5,3,2,2,0,0,0,0,0,0,0,0,0,2,3,3,3,5,0,0,0,0,0,0,0,0,0,1,8,2,1,7,0,0,0,0,0,1,0,0,0,0,0,0,愛知
4708,半田尚也,ハンダ ナオヤ,広島,B1,H,010509,1,35,169,56,O,3.75,15.1,4,8,79,0,0,0.19,12,33.3,0.2,3.8,13,0.0,0.21,4.3,14,14.2,0.17,3.9,8,25.0,0.14,3.5,17,23.5,0.19,3.4,15,0.0,0.19,5.0,B1,B1,B1,45.0,44.0,2025,1,2024-05-01,2024-10-31,110,3,1,1,2,2,2,1,0,0,0,0,0,0,0,0,0,3,3,4,2,0,0,0,0,0,0,1,0,0,2,2,6,3,1,0,0,0,0,0,0,0,0,0,2,0,1,4,1,0,0,0,0,0,0,0,0,1,3,3,1,6,3,0,0,0,0,0,0,0,0,0,0,2,2,8,3,0,0,0,0,0,0,0,0,0,0,0,0,広島
4709,岡村将也,オカムラ マサヤ,福岡,A2,H,010703,1,35,163,55,A,5.61,36.6,20,24,120,1,0,0.16,22,72.7,0.16,3.0,15,46.6,0.17,3.7,21,38.1,0.17,3.7,21,38.1,0.14,3.1,23,21.7,0.15,3.3,18,0.0,0.17,3.8,B1,A2,A2,49.0,50.0,2025,1,2024-05-01,2024-10-31,110,12,4,1,3,1,1,0,0,0,0,0,0,0,0,2,5,3,2,2,1,0,0,0,0,0,0,0,0,2,6,8,1,2,2,0,0,0,0,0,0,0,0,3,5,6,4,2,0,0,0,0,0,0,0,0,1,1,4,5,5,4,3,0,0,0,0,0,0,1,0,0,0,4,3,6,5,0,0,0,0,0,0,0,0,0,0,0,0,福岡
4710,福田宗平,フクダ シュウヘイ,大阪,A2,H,011130,1,35,160,53,A,6.09,41.2,28,33,148,3,1,0.15,28,85.7,0.15,3.0,25,56.0,0.15,3.1,26,38.4,0.16,3.8,21,33.3,0.14,2.9,22,18.1,0.14,2.7,26,7.6,0.14,3.5,A1,A2,A2,53.0,53.0,2025,1,2024-05-01,2024-10-31,110,16,8,1,1,0,2,0,0,0,0,0,0,0,0,6,8,4,3,1,2,0,0,0,0,0,0,1,0,3,7,7,5,3,1,0,0,0,0,0,0,0,0,1,6,9,4,1,0,0,0,0,0,0,0,0,0,1,3,6,4,6,2,0,0,0,0,0,0,0,0,1,1,8,5,5,6,0,0,0,0,0,0,0,0,0,0,0,0,大阪
4711,前出達吉,マエデ タツキ,福井,B1,H,020222,1,34,160,52,A,5.36,30.6,16,15,101,2,0,0.15,15,66.6,0.15,2.8,16,50.0,0.14,2.8,20,20.0,0.14,2.3,19,26.3,0.15,2.9,15,13.3,0.14,2.5,16,12.5,0.17,3.8,B1,A2,B1,48.0,50.0,2025,1,2024-05-01,2024-10-31,110,8,2,3,1,0,1,0,0,0,0,0,1,0,0,2,6,4,4,0,0,0,0,0,0,0,0,0,0,2,2,1,7,6,1,1,0,0,0,0,0,0,0,3,2,5,3,3,3,0,0,0,0,0,0,0,0,1,1,2,5,1,5,0,0,0,0,0,0,0,0,0,2,5,5,4,0,0,0,0,0,0,0,0,0,0,0,0,0,石川
4713,白神優,シラガ ユウ,岡山,A1,H,020830,1,34,167,55,O,6.63,44.6,41,26,150,7,0,0.13,31,77.4,0.14,2.5,30,63.3,0.12,2.4,20,40.0,0.12,2.5,22,36.3,0.13,2.7,22,27.2,0.12,2.7,25,8.0,0.14,3.3,A1,A1,A2,55.0,57.0,2025,1,2024-05-01,2024-10-31,110,21,3,4,1,0,1,0,0,0,0,0,0,1,0,10,9,1,4,5,1,0,0,0,0,0,0,0,0,4,4,6,5,1,0,0,0,0,0,0,0,0,0,5,3,5,5,2,2,0,0,0,0,0,0,0,0,1,5,7,5,3,1,0,0,0,0,0,0,0,0,0,2,10,5,5,3,0,0,0,0,0,0,0,0,0,0,0,0,岡山
4714,喜多須杏奈,キタズ アンナ,徳島,B1,H,020930,2,34,156,49,A,4.58,20.5,7,14,102,0,0,0.2,19,42.1,0.18,3.1,19,36.8,0.19,3.8,21,19.0,0.19,3.6,16,6.2,0.2,4.2,10,10.0,0.17,4.1,17,0.0,0.25,4.9,A2,B1,B1,50.0,48.0,2025,1,2024-05-01,2024-10-31,110,5,3,4,4,1,2,0,0,0,0,0,0,0,0,1,6,4,2,4,2,0,0,0,0,0,0,0,0,1,3,5,3,1,6,2,0,0,0,0,0,0,0,0,1,5,2,3,5,0,0,0,0,0,0,0,0,0,1,4,3,1,1,0,0,0,0,0,0,0,0,0,0,2,7,5,3,0,0,0,0,0,0,0,0,0,0,0,0,徳島
4715,村上遼,ムラカミ リョウ,長崎,A1,H,040603,1,32,157,54,AB,6.53,48.7,33,26,121,4,0,0.12,29,79.3,0.14,2.5,19,63.1,0.12,2.6,15,46.6,0.14,2.7,21,61.9,0.11,2.7,15,13.3,0.14,3.7,22,9.0,0.1,2.6,A1,A1,A2,59.0,61.0,2025,1,2024-05-01,2024-10-31,110,19,4,4,1,1,0,0,0,0,0,0,0,0,0,4,8,1,2,3,1,0,0,0,0,0,0,0,0,4,3,3,1,3,1,0,0,0,0,0,0,0,0,5,8,1,3,1,3,0,0,0,0,0,0,0,0,1,1,1,5,6,1,0,0,0,0,0,0,0,0,0,2,1,5,9,4,1,0,0,0,0,0,0,0,0,0,0,0,長崎
4718,北川太一,キタガワ タイチ,佐賀,A2,H,050104,1,31,158,52,A,5.57,35.7,21,18,109,2,0,0.15,18,38.8,0.19,3.9,19,57.8,0.16,3.1,18,33.3,0.14,3.9,21,38.1,0.14,2.7,18,38.8,0.15,3.0,15,0.0,0.15,4.0,A2,A2,A1,51.0,50.0,2025,1,2024-05-01,2024-10-31,110,7,0,1,3,3,4,0,0,0,0,0,0,0,0,5,6,4,2,0,2,0,0,0,0,0,0,0,0,2,4,5,3,3,1,0,0,0,0,0,0,0,0,3,5,3,5,4,1,0,0,0,0,0,0,0,0,4,3,1,4,2,4,0,0,0,0,0,0,0,0,0,0,6,3,4,2,0,0,0,0,0,0,0,0,0,0,0,0,佐賀
4719,上條暢嵩,カミジョウ ノブタカ,大阪,A1,H,060104,1,30,168,51,O,7.57,53.9,42,34,141,8,1,0.13,30,96.6,0.13,3.6,23,56.5,0.15,4.0,22,63.6,0.13,3.1,26,46.1,0.13,3.2,23,30.4,0.13,3.3,17,5.8,0.13,3.2,A1,A1,A1,74.0,71.0,2025,1,2024-05-01,2024-10-31,110,27,2,0,0,1,0,0,0,0,0,0,0,0,0,2,11,2,3,2,3,0,0,0,0,0,0,0,0,4,10,4,2,2,0,0,0,0,0,0,0,0,0,6,6,5,2,2,4,1,0,0,0,0,0,0,0,3,4,4,8,2,2,0,0,0,0,0,0,0,0,0,1,2,4,5,5,0,0,0,0,0,0,0,0,0,0,0,0,大阪
4720,西澤日花里,ニシザワ ヒカリ,長崎,B1,H,060515,2,30,148,44,B,4.77,24.5,10,16,106,0,0,0.19,15,73.3,0.18,3.7,22,22.7,0.2,4.3,19,15.7,0.2,3.6,19,10.5,0.17,2.9,17,17.6,0.17,2.9,14,14.2,0.19,4.1,B1,B1,B1,47.0,48.0,2025,1,2024-05-01,2024-10-31,110,7,4,1,2,1,0,0,0,0,0,0,0,0,0,1,4,4,4,6,3,0,0,0,0,0,0,0,0,1,2,7,4,4,1,0,0,0,0,0,0,0,0,0,2,6,6,2,2,0,0,0,0,0,0,1,0,0,3,1,2,8,3,0,0,0,0,0,0,0,0,1,1,5,1,1,5,0,0,0,0,0,0,0,0,0,0,0,0,熊本
4723,寺島吉彦,テラシマ ヨシヒコ,東京,A2,S,601213,1,39,157,50,A,5.9,42.7,26,27,124,3,1,0.15,18,66.6,0.18,3.1,26,65.3,0.14,3.0,18,33.3,0.14,2.8,27,37.0,0.15,2.8,19,26.3,0.16,3.3,16,18.7,0.14,3.1,B1,A2,B1,49.0,51.0,2025,1,2024-05-01,2024-10-31,111,10,2,1,1,3,1,0,0,0,0,0,0,0,0,7,10,3,2,3,1,0,0,0,0,0,0,0,0,2,4,5,3,2,2,0,0,0,0,0,0,0,0,4,6,9,5,2,1,0,0,0,0,0,0,0,0,2,3,5,2,3,3,0,0,0,0,0,0,1,0,1,2,1,1,7,4,0,0,0,0,0,0,0,0,0,0,0,0,福島
4724,吉田祐貴,ヨシダ ユウキ,佐賀,B1,S,610109,1,38,163,54,A,3.97,14.6,4,13,116,0,0,0.17,13,46.1,0.18,3.4,21,23.8,0.16,3.5,21,14.2,0.17,3.6,22,4.5,0.17,3.6,24,8.3,0.18,3.1,15,0.0,0.16,3.8,B1,B1,B1,45.0,46.0,2025,1,2024-05-01,2024-10-31,111,3,3,1,1,2,3,0,0,0,0,0,0,0,0,1,4,6,3,4,3,0,0,0,0,0,0,0,0,0,3,6,5,5,2,0,0,0,0,0,0,0,0,0,1,7,6,4,4,0,0,0,0,0,0,0,0,0,2,3,5,11,3,0,0,0,0,0,0,0,0,0,0,2,0,7,6,0,0,0,0,0,0,0,0,0,0,0,0,佐賀
4725,佐竹太一,サタケ タイチ,兵庫,B1,S,610908,1,38,166,52,B,4.72,33.9,16,19,103,0,0,0.19,14,64.2,0.19,3.6,16,62.5,0.18,4.4,18,44.4,0.18,3.3,15,40.0,0.18,3.5,17,11.7,0.18,4.2,23,0.0,0.21,5.0,B1,A2,B1,46.0,47.0,2025,1,2024-05-01,2024-10-31,111,7,2,1,2,2,0,0,0,0,0,0,0,0,0,3,7,0,1,5,0,0,0,0,0,0,0,0,0,4,4,1,2,3,4,0,0,0,0,0,0,0,0,2,4,2,3,1,3,0,0,0,0,0,0,0,0,0,2,2,4,3,6,0,0,0,0,0,0,0,0,0,0,1,5,7,9,1,0,0,0,0,0,0,0,0,0,0,0,兵庫
4726,島田なぎさ,シマダ ナギサ,埼玉,B2,S,620426,2,37,156,47,A,0.0,0.0,0,0,0,0,0,0.0,0,0.0,0.0,0.0,0,0.0,0.0,0.0,0,0.0,0.0,0.0,0,0.0,0.0,0.0,0,0.0,0.0,0.0,0,0.0,0.0,0.0,B2,B2,B2,0.0,0.0,2025,1,2024-05-01,2024-10-31,111,0,0,0,0,0,0,0,0,0,0,0,0,0,0,0,0,0,0,0,0,0,0,0,0,0,0,0,0,0,0,0,0,0,0,0,0,0,0,0,0,0,0,0,0,0,0,0,0,0,0,0,0,0,0,0,0,0,0,0,0,0,0,0,0,0,0,0,0,0,0,0,0,0,0,0,0,0,0,0,0,0,0,0,0,0,0,0,0,埼玉
4727,安部慎一,アベ シンイチ,福岡,B1,S,620814,1,37,169,55,O,4.63,22.0,11,11,100,0,0,0.14,13,69.2,0.15,2.1,18,27.7,0.14,3.1,22,13.6,0.15,2.8,17,17.6,0.14,2.6,15,13.3,0.15,3.7,15,0.0,0.13,3.3,B1,B1,B1,46.0,48.0,2025,1,2024-05-01,2024-10-31,111,8,1,2,1,1,0,0,0,0,0,0,0,0,0,2,3,3,5,2,3,0,0,0,0,0,0,0,0,1,2,8,4,5,2,0,0,0,0,0,0,0,0,0,3,2,5,4,3,0,0,0,0,0,0,0,0,0,2,2,6,1,4,0,0,0,0,0,0,0,0,0,0,1,5,6,3,0,0,0,0,0,0,0,0,0,0,0,0,福岡
4728,山口亮,ヤマグチ リョウ,東京,B1,S,621031,1,37,167,55,B,4.65,26.2,10,16,99,0,0,0.2,12,66.6,0.2,4.4,15,20.0,0.24,4.8,19,36.8,0.18,4.2,19,36.8,0.2,4.1,18,5.5,0.17,3.8,16,0.0,0.21,4.4,B1,B1,B1,49.0,47.0,2025,1,2024-05-01,2024-10-31,111,6,2,3,0,1,0,0,0,0,0,0,0,0,0,1,2,3,2,4,3,0,0,0,0,0,0,0,0,0,7,3,1,5,3,0,0,0,0,0,0,0,0,3,4,3,2,3,4,0,0,0,0,0,0,0,0,0,1,4,3,6,3,1,0,0,0,0,0,0,0,0,0,4,5,2,5,0,0,0,0,0,0,0,0,0,0,0,0,神奈川
4729,佐藤謙史朗,サトウ ケンシロウ,福岡,B1,H,010207,1,35,158,55,B,4.94,25.4,13,14,106,0,0,0.14,14,57.1,0.15,2.8,22,31.8,0.16,3.7,13,23.0,0.12,3.3,17,17.6,0.16,2.9,22,13.6,0.12,2.2,18,16.6,0.16,4.1,B1,B1,B1,48.0,49.0,2025,1,2024-05-01,2024-10-31,111,6,2,3,1,1,1,0,0,0,0,0,0,0,0,3,4,5,5,3,2,0,0,0,0,0,0,0,0,1,2,1,4,2,1,0,0,0,0,0,0,2,0,0,3,4,4,4,2,0,0,0,0,0,0,0,0,2,1,4,4,9,2,0,0,0,0,0,0,0,0,1,2,3,7,3,2,0,0,0,0,0,0,0,0,1,0,0,0,大分
4730,土屋実沙希,ツチヤ ミサキ,静岡,B1,H,010211,2,35,154,48,A,5.2,28.4,16,13,102,2,0,0.18,19,52.6,0.17,3.1,15,46.6,0.17,3.5,19,26.3,0.16,3.0,18,11.1,0.2,4.1,20,15.0,0.18,4.1,11,18.1,0.2,3.4,A2,B1,B1,51.0,50.0,2025,1,2024-05-01,2024-10-31,111,10,0,3,1,2,2,0,0,0,0,0,0,1,0,2,5,4,3,1,0,0,0,0,0,0,0,0,0,3,2,5,3,2,3,1,0,0,0,0,0,0,0,0,2,5,5,2,4,0,0,0,0,0,0,0,0,1,2,5,5,4,2,1,0,0,0,0,0,0,0,0,2,1,2,2,4,0,0,0,0,0,2,0,0,0,0,1,0,静岡
4731,間野兼礼,マノ カズノリ,愛知,B1,H,010325,1,35,167,54,A,5.17,28.8,20,14,118,0,0,0.15,15,60.0,0.15,2.2,22,31.8,0.18,3.5,22,27.2,0.17,2.9,23,30.4,0.16,3.4,17,23.5,0.11,2.5,19,5.2,0.14,2.7,B1,B1,B1,49.0,49.0,2025,1,2024-05-01,2024-10-31,111,9,0,3,0,1,1,1,0,0,0,0,0,0,0,2,5,4,5,3,3,0,0,0,0,0,0,0,0,3,3,4,4,6,2,0,0,0,0,0,0,0,0,2,5,6,6,4,0,0,0,0,0,0,0,0,0,3,1,3,4,5,1,0,0,0,0,0,0,0,0,1,0,4,5,4,5,0,0,0,0,0,0,0,0,0,0,0,0,愛知
4732,堀本和也,ホリモト カズヤ,徳島,A1,H,010402,1,35,168,54,A,6.45,44.0,24,20,100,3,0,0.12,23,82.6,0.13,2.1,18,50.0,0.15,3.5,20,20.0,0.13,2.3,19,36.8,0.1,2.4,13,30.7,0.12,3.1,7,14.2,0.13,2.7,A2,A1,A2,55.0,53.0,2025,1,2024-05-01,2024-10-31,111,17,2,1,2,0,0,1,0,0,0,0,0,0,0,3,6,5,1,0,3,0,0,0,0,0,0,0,0,0,4,9,3,4,0,0,0,0,0,0,0,0,0,3,4,5,5,0,1,0,0,0,0,0,0,1,0,1,3,4,2,1,2,0,0,0,0,0,0,0,0,0,1,2,1,1,2,0,0,0,0,0,0,0,0,0,0,0,0,徳島
4733,赤井睦,アカイ ムツミ,徳島,A2,H,010503,2,35,161,49,B,5.47,38.7,21,17,98,3,0,0.15,15,86.6,0.15,2.5,21,33.3,0.14,2.7,13,38.4,0.13,2.6,18,38.8,0.16,2.9,19,21.0,0.17,2.5,12,16.6,0.15,2.4,B1,B1,B2,49.0,49.0,2025,1,2024-05-01,2024-10-31,111,10,3,0,0,0,2,0,0,0,0,0,0,0,0,4,3,4,5,2,3,0,0,0,0,0,0,0,0,1,4,2,1,2,3,0,0,0,0,0,0,0,0,3,4,1,2,3,4,1,0,0,0,0,0,0,0,2,2,5,5,3,2,0,0,0,0,0,0,0,0,1,1,1,2,6,1,0,0,0,0,0,0,0,0,0,0,0,0,岡山
4734,安河内将,ヤスコウチ ショウ,佐賀,A1,H,011027,1,35,167,52,B,6.64,45.5,40,22,136,6,1,0.15,32,84.3,0.15,3.0,26,38.4,0.16,3.3,20,35.0,0.13,3.0,22,45.4,0.13,2.5,18,33.3,0.16,2.7,18,11.1,0.16,4.2,A1,A2,A1,62.0,56.0,2025,1,2024-05-01,2024-10-31,111,24,3,2,2,1,0,0,0,0,0,0,0,0,0,6,4,8,5,2,1,0,0,0,0,0,0,0,0,4,3,5,5,2,1,0,0,0,0,0,0,0,0,3,7,3,3,5,1,0,0,0,0,0,0,0,0,2,4,6,2,3,0,0,0,0,0,0,1,0,1,1,1,5,3,4,4,0,0,0,0,0,0,0,0,0,0,0,0,佐賀
4735,角山雄哉,カクヤマ ユウヤ,兵庫,B1,H,021102,1,34,160,55,B,4.85,29.0,12,13,86,0,0,0.17,12,75.0,0.2,3.3,16,25.0,0.19,3.1,15,40.0,0.14,2.3,16,25.0,0.15,2.5,13,15.3,0.15,2.9,14,0.0,0.18,3.8,B1,B1,B1,48.0,48.0,2025,1,2024-05-01,2024-10-31,111,6,3,1,1,0,1,0,0,0,0,0,0,0,0,2,2,3,4,4,1,0,0,0,0,0,0,0,0,2,4,3,1,4,1,0,0,0,0,0,0,0,0,2,2,3,2,5,2,0,0,0,0,0,0,0,0,0,2,3,2,4,1,0,0,0,0,0,0,1,0,0,0,2,2,6,3,1,0,0,0,0,0,0,0,0,0,0,0,兵庫
4736,高倉和士,タカクラ カズト,福岡,A1,H,030625,1,33,169,54,A,6.9,51.8,42,28,135,8,0,0.12,34,85.2,0.13,2.4,19,73.6,0.12,2.3,20,50.0,0.11,2.5,20,45.0,0.1,2.0,19,26.3,0.11,2.8,23,13.0,0.15,3.3,A1,A1,A1,62.0,58.0,2025,1,2024-05-01,2024-10-31,111,24,5,3,0,1,1,0,0,0,0,0,0,0,0,6,8,3,1,0,1,0,0,0,0,0,0,0,0,3,7,5,1,2,2,0,0,0,0,0,0,0,0,5,4,3,3,4,1,0,0,0,0,0,1,0,0,3,2,3,3,7,0,1,0,0,0,0,1,0,0,1,2,8,4,5,3,0,0,0,0,0,1,0,0,0,0,0,0,福岡
4737,竹井貴史,タケイ タカシ,福岡,A1,H,030703,1,33,169,55,AB,7.11,58.5,45,27,123,6,3,0.13,32,93.7,0.14,3.5,19,57.8,0.15,3.6,20,55.0,0.15,3.3,17,41.1,0.13,2.4,18,50.0,0.13,2.2,17,23.5,0.1,2.6,A1,A1,A1,57.0,58.0,2025,1,2024-05-01,2024-10-31,111,26,4,1,0,1,0,0,0,0,0,0,1,0,0,4,7,4,1,2,1,0,0,0,0,0,0,0,0,6,5,2,2,0,3,1,0,0,0,0,0,1,0,2,5,2,6,2,0,0,0,0,0,0,0,0,0,6,3,3,4,2,0,0,0,0,0,0,0,0,0,1,3,2,3,7,1,0,0,0,0,0,0,0,0,0,0,0,0,福岡
4738,清埜翔子,セイノ ショウコ,埼玉,A2,H,030812,2,33,161,48,A,6.0,41.7,29,19,115,2,1,0.16,24,75.0,0.13,2.6,21,71.4,0.18,3.4,17,47.0,0.15,3.1,17,11.7,0.16,2.9,15,13.3,0.19,3.9,21,14.2,0.16,3.8,A2,A1,A2,54.0,53.0,2025,1,2024-05-01,2024-10-31,111,15,3,2,2,2,0,0,0,0,0,0,0,0,0,7,8,1,2,2,1,0,0,0,0,0,0,0,0,5,3,3,2,4,0,0,0,0,0,0,0,0,0,0,2,6,4,2,2,1,0,0,0,0,0,0,0,2,0,4,1,4,4,0,0,0,0,0,0,0,0,0,3,2,7,5,4,0,0,0,0,0,0,0,0,0,0,0,0,埼玉
4739,中村晃朋,ナカムラ アキトモ,香川,A1,H,031103,1,33,167,53,A,6.42,42.1,39,28,159,5,0,0.14,31,74.1,0.16,3.5,27,37.0,0.15,3.1,28,50.0,0.14,2.6,25,40.0,0.13,2.9,27,29.6,0.12,3.0,21,9.5,0.14,3.7,A1,A1,A1,59.0,59.0,2025,1,2024-05-01,2024-10-31,111,21,2,0,2,3,3,0,0,0,0,0,0,0,0,5,5,11,3,0,3,0,0,0,0,0,1,0,0,6,8,8,3,1,2,0,0,0,0,0,0,0,0,4,6,9,1,2,3,0,0,0,0,0,0,0,0,2,6,6,4,3,6,0,0,0,0,0,0,0,0,1,1,4,5,3,7,0,0,0,0,0,0,0,0,0,0,0,0,香川
4740,齋藤達希,サイトウ タツキ,静岡,B1,H,040208,1,32,168,53,A,4.76,25.8,14,16,116,0,0,0.18,17,82.3,0.15,2.8,22,18.1,0.19,4.1,20,25.0,0.18,3.6,20,5.0,0.18,4.3,23,21.7,0.18,4.0,14,7.1,0.2,5.0,B1,B1,B1,47.0,48.0,2025,1,2024-05-01,2024-10-31,111,10,4,1,0,2,0,0,0,0,0,0,0,0,0,1,3,6,5,5,2,0,0,0,0,0,0,0,0,1,4,3,5,4,3,0,0,0,0,0,0,0,0,1,0,5,5,5,4,0,0,0,0,0,1,0,0,1,4,5,5,7,1,0,0,0,0,0,0,0,0,0,1,0,4,3,6,0,0,0,0,0,0,0,0,0,0,0,0,静岡
4743,木村仁紀,キムラ マサキ,滋賀,A1,H,040917,1,32,165,57,O,6.43,47.2,42,34,161,5,1,0.14,32,93.7,0.12,1.9,33,51.5,0.15,2.9,24,54.1,0.13,2.7,22,27.2,0.15,3.1,26,26.9,0.13,2.9,24,12.5,0.17,3.6,A1,A1,A1,55.0,56.0,2025,1,2024-05-01,2024-10-31,111,25,5,0,1,1,0,0,0,0,0,0,0,0,0,6,11,7,6,3,0,0,0,0,0,0,0,0,0,5,8,3,2,4,2,0,0,0,0,0,0,0,0,3,3,9,3,0,4,0,0,0,0,0,0,0,0,2,5,4,8,6,1,0,0,0,0,0,0,0,0,1,2,5,6,3,7,0,0,0,0,0,0,0,0,0,0,0,0,京都
4744,伊藤玲奈,イトウ レナ,福岡,B1,H,040929,2,32,152,46,A,4.75,22.2,8,8,72,0,0,0.22,10,70.0,0.16,3.2,13,0.0,0.22,4.0,10,10.0,0.22,3.7,16,37.5,0.24,4.4,12,16.6,0.21,4.3,11,0.0,0.23,4.5,B1,B1,B2,48.0,47.0,2025,1,2024-05-01,2024-10-31,111,5,2,1,1,0,1,0,0,0,0,0,0,0,0,0,0,4,3,2,3,0,0,0,0,0,0,0,1,0,1,6,0,2,1,0,0,0,0,0,0,0,0,1,5,5,3,0,2,0,0,0,0,0,1,0,0,2,0,1,3,3,3,0,0,0,0,0,0,0,0,0,0,2,3,2,4,0,0,0,0,0,0,0,0,0,0,0,0,福岡
4746,大豆生田蒼,オオマメウダ アオイ,埼玉,A2,H,061126,2,30,155,49,A,5.98,43.1,20,18,88,0,0,0.17,16,81.2,0.15,3.3,13,53.8,0.17,2.8,16,31.2,0.22,4.1,17,47.0,0.18,3.2,16,25.0,0.13,2.5,10,10.0,0.14,3.7,A1,A2,A2,53.0,54.0,2025,1,2024-05-01,2024-10-31,111,11,2,2,0,0,0,0,0,0,0,0,0,0,1,3,4,2,1,0,3,0,0,0,0,0,0,0,0,1,4,3,1,4,3,0,0,0,0,0,0,0,0,3,5,0,5,2,2,0,0,0,0,0,0,0,0,2,2,2,5,4,0,0,0,0,0,0,0,1,0,0,1,3,3,2,1,0,0,0,0,0,0,0,0,0,0,0,0,栃木
4747,山戸信二,ヤマト シンジ,長崎,B1,S,600803,1,39,160,53,A,4.08,17.4,9,10,109,0,0,0.16,12,41.6,0.19,3.9,23,17.3,0.14,2.6,19,21.0,0.17,3.2,17,17.6,0.17,2.8,24,12.5,0.14,2.4,14,0.0,0.18,3.4,B1,B1,B1,42.0,45.0,2025,1,2024-05-01,2024-10-31,112,2,3,2,3,1,0,0,0,0,0,0,0,1,0,1,3,2,5,5,7,0,0,0,0,0,0,0,0,2,2,4,7,1,3,0,0,0,0,0,0,0,0,3,0,3,5,2,4,0,0,0,0,0,0,0,0,1,2,5,6,7,3,0,0,0,0,0,1,0,0,0,0,1,1,4,8,0,0,0,0,0,0,0,0,0,0,0,0,熊本
4748,渡邉雄朗,ワタナベ タケロウ,東京,A1,S,610501,1,38,170,54,A,6.79,51.4,46,27,142,7,3,0.14,31,96.7,0.14,3.1,26,50.0,0.14,2.8,22,54.5,0.14,2.6,23,47.8,0.14,2.7,17,29.4,0.16,2.2,23,8.7,0.15,3.0,A1,A2,A2,53.0,54.0,2025,1,2024-05-01,2024-10-31,112,27,3,1,0,0,0,0,0,0,0,0,1,0,0,6,7,4,6,1,2,0,0,0,0,0,0,0,0,7,5,2,2,1,4,0,0,0,0,0,0,1,0,4,7,4,4,3,1,0,0,0,0,0,0,0,0,2,3,3,5,2,2,0,0,0,0,0,0,0,0,0,2,11,5,3,2,0,0,0,0,0,0,0,0,0,0,1,0,千葉
4750,井上尚悟,イノウエ ショウゴ,大阪,B1,S,620629,1,37,163,53,A,4.22,20.8,7,12,91,0,0,0.17,11,45.4,0.18,3.6,16,12.5,0.17,4.1,18,38.8,0.16,3.8,17,5.8,0.18,4.1,19,10.5,0.16,3.8,10,20.0,0.16,3.1,B1,B1,B1,46.0,46.0,2025,1,2024-05-01,2024-10-31,112,3,2,1,3,1,1,0,0,0,0,0,1,0,0,1,1,1,2,5,6,0,0,0,0,0,0,0,0,2,5,5,0,4,2,0,0,0,0,0,0,0,0,1,0,5,2,5,4,0,0,0,0,0,0,0,0,0,2,3,5,6,3,0,0,0,0,0,0,0,0,0,2,1,3,0,4,0,0,0,0,0,1,0,0,0,0,0,0,大阪
4752,西尾亮輔,ニシオ リョウスケ,愛知,B1,S,630413,1,36,153,52,AB,3.6,16.6,3,7,60,0,0,0.16,8,75.0,0.13,3.1,11,27.2,0.16,3.7,10,10.0,0.16,3.2,9,0.0,0.16,3.8,14,0.0,0.18,3.4,8,0.0,0.19,4.8,B1,B1,B1,46.0,44.0,2025,1,2024-05-01,2024-10-31,112,3,3,0,2,0,0,0,0,0,0,0,0,0,0,0,3,1,2,1,4,0,0,0,0,0,0,0,0,0,1,1,0,6,2,0,0,0,0,0,0,0,0,0,0,1,3,3,2,0,0,0,0,0,0,0,0,0,0,1,3,7,3,0,0,0,0,0,0,0,0,0,0,0,4,1,3,0,0,0,0,0,0,0,0,0,0,0,0,愛知
4753,森照夫,モリ テルオ,福岡,B1,S,630718,1,36,171,57,A,4.66,25.4,19,8,106,0,0,0.14,14,50.0,0.17,3.4,20,30.0,0.14,2.6,19,42.1,0.15,2.4,17,11.7,0.13,2.7,20,20.0,0.14,3.1,16,0.0,0.14,2.8,B1,B2,B1,48.0,46.0,2025,1,2024-05-01,2024-10-31,112,7,0,6,0,0,1,0,0,0,0,0,0,0,0,4,2,3,3,5,2,0,0,0,0,0,0,1,0,5,3,3,3,1,3,0,0,0,0,0,0,1,0,1,1,4,5,2,4,0,0,0,0,0,0,0,0,2,2,2,2,8,3,1,0,0,0,0,0,0,0,0,0,2,1,6,7,0,0,0,0,0,0,0,0,0,0,0,0,福岡
4754,松尾充,マツオ ミツル,三重,A2,S,630903,1,36,170,50,B,5.96,40.4,36,19,136,4,0,0.14,28,85.7,0.16,2.8,23,43.4,0.13,2.9,21,38.1,0.14,3.0,18,38.8,0.12,2.4,23,21.7,0.13,3.1,23,4.3,0.17,4.3,A1,A2,A2,53.0,53.0,2025,1,2024-05-01,2024-10-31,112,23,1,1,1,0,2,0,0,0,0,0,0,0,0,4,6,1,5,5,2,0,0,0,0,0,0,0,0,3,5,5,3,2,3,0,0,0,0,0,0,0,0,5,2,4,4,3,0,0,0,0,0,0,0,0,0,1,4,7,6,2,3,0,0,0,0,0,0,0,0,0,1,4,2,10,6,0,0,0,0,0,0,0,0,0,0,0,0,三重
4756,渡邉昌成,ワタナベ マサナリ,静岡,B2,H,010110,1,35,167,55,AB,0.0,0.0,0,0,0,0,0,0.0,0,0.0,0.0,0.0,0,0.0,0.0,0.0,0,0.0,0.0,0.0,0,0.0,0.0,0.0,0,0.0,0.0,0.0,0,0.0,0.0,0.0,B2,B2,B2,0.0,0.0,2025,1,2024-05-01,2024-10-31,112,0,0,0,0,0,0,0,0,0,0,0,0,0,0,0,0,0,0,0,0,0,0,0,0,0,0,0,0,0,0,0,0,0,0,0,0,0,0,0,0,0,0,0,0,0,0,0,0,0,0,0,0,0,0,0,0,0,0,0,0,0,0,0,0,0,0,0,0,0,0,0,0,0,0,0,0,0,0,0,0,0,0,0,0,0,0,0,0,静岡
4757,山田祐也,ヤマダ ユウヤ,徳島,A1,H,010706,1,35,170,53,A,6.85,52.5,50,34,160,6,1,0.14,37,89.1,0.14,2.7,20,55.0,0.12,3.3,26,38.4,0.14,3.2,32,43.7,0.15,3.3,26,42.3,0.15,2.9,19,26.3,0.13,2.5,A1,A1,A2,59.0,61.0,2025,1,2024-05-01,2024-10-31,112,29,4,1,0,2,1,0,0,0,0,0,0,0,0,3,8,1,3,2,3,0,0,0,0,0,0,0,0,5,5,7,2,5,2,0,0,0,0,0,0,0,0,6,8,3,6,5,4,0,0,0,0,0,0,0,0,5,6,5,1,6,3,0,0,0,0,0,0,0,0,2,3,6,3,5,0,0,0,0,0,0,0,0,0,0,0,0,0,高知
4758,富樫麗加,トガシ レイカ,東京,A2,H,011108,2,35,163,56,B,6.14,38.8,21,14,90,2,0,0.15,12,83.3,0.13,2.3,16,31.2,0.16,3.4,21,52.3,0.12,2.5,18,33.3,0.15,3.2,14,21.4,0.19,4.1,9,0.0,0.18,4.6,B2,B2,B2,50.0,53.0,2025,1,2024-05-01,2024-10-31,112,10,0,1,1,0,0,0,0,0,0,0,0,0,0,2,3,5,3,2,1,0,0,0,0,0,0,0,0,5,6,5,3,1,1,0,0,0,0,0,0,0,0,3,3,4,6,1,1,0,0,0,0,0,0,0,0,1,2,5,3,1,2,0,0,0,0,0,0,0,0,0,0,2,3,1,3,0,0,0,0,0,0,0,0,0,0,0,0,東京
4759,今泉友吾,イマイズミ ユウゴ,東京,A1,H,011203,1,35,165,54,B,7.13,52.2,41,30,136,8,3,0.16,34,91.1,0.14,3.0,21,52.3,0.16,3.9,16,56.2,0.16,3.4,21,33.3,0.17,3.6,25,44.0,0.17,3.2,19,10.5,0.14,3.9,A1,A1,A2,57.0,59.0,2025,1,2024-05-01,2024-10-31,112,25,6,1,2,0,0,0,0,0,0,0,0,0,0,3,8,6,4,0,0,0,0,0,0,0,0,0,0,6,3,3,3,1,0,0,0,0,0,0,0,0,0,2,5,9,2,3,0,0,0,0,0,0,1,0,0,5,6,3,6,3,1,0,0,0,0,0,0,1,0,0,2,6,7,2,2,0,0,0,0,0,0,0,0,0,0,0,0,東京
4760,山崎郡,ヤマザキ グン,大阪,A1,H,011208,1,35,167,51,A,7.2,53.3,42,37,148,9,1,0.13,27,92.5,0.12,3.2,26,61.5,0.13,2.7,23,60.8,0.12,2.2,27,48.1,0.12,2.5,29,34.4,0.12,2.7,16,6.2,0.15,3.5,A1,A1,A1,63.0,64.0,2025,1,2024-05-01,2024-10-31,112,19,6,2,0,0,0,0,0,0,0,0,0,0,0,6,10,4,2,2,2,0,0,0,0,0,0,0,0,7,7,5,1,3,0,0,0,0,0,0,0,0,0,7,6,4,3,3,4,0,0,0,0,0,0,0,0,2,8,7,8,3,1,0,0,0,0,0,0,0,0,1,0,2,6,3,4,0,0,0,0,0,0,0,0,0,0,0,0,大阪
4761,山田晃大,ヤマダ アキヒロ,滋賀,A1,H,020106,1,34,168,54,B,6.26,43.6,26,15,94,1,0,0.13,15,73.3,0.12,2.0,17,29.4,0.13,3.2,15,66.6,0.13,2.0,16,37.5,0.11,2.0,17,41.1,0.14,3.0,14,14.2,0.17,3.4,B2,A2,B1,52.0,53.0,2025,1,2024-05-01,2024-10-31,112,10,1,2,1,1,0,0,0,0,0,0,0,0,0,0,5,4,1,5,2,0,0,0,0,0,0,0,0,8,2,3,2,0,0,0,0,0,0,0,0,0,0,5,1,2,6,0,2,0,0,0,0,0,0,0,0,3,4,1,5,3,1,0,0,0,0,0,0,0,0,0,2,4,6,1,1,0,0,0,0,0,0,0,0,0,0,0,0,滋賀
4762,藤原啓史朗,フジワラ ケイシロウ,岡山,A1,H,020307,1,34,169,50,A,6.54,39.1,33,21,138,2,0,0.11,28,85.7,0.12,2.4,17,35.2,0.11,2.5,20,35.0,0.11,2.7,27,37.0,0.1,2.1,26,23.0,0.12,2.5,20,5.0,0.11,2.9,A1,A1,A1,67.0,66.0,2025,1,2024-05-01,2024-10-31,112,21,3,0,1,1,1,0,0,0,0,0,0,1,0,1,5,7,2,1,1,0,0,0,0,0,0,0,0,3,4,7,2,3,1,0,0,0,0,0,0,0,0,5,5,3,5,4,5,0,0,0,0,0,0,0,0,2,4,6,3,5,6,0,0,0,0,0,0,0,0,1,0,4,4,4,7,0,0,0,0,0,0,0,0,0,0,0,0,岡山
4764,小池礼乃,コイケ アヤノ,福岡,B1,H,020517,2,34,155,47,A,5.18,31.6,12,7,60,1,0,0.17,7,71.4,0.14,1.7,9,55.5,0.15,3.4,15,33.3,0.17,2.5,8,25.0,0.16,3.4,11,9.0,0.21,3.6,10,10.0,0.18,3.1,B2,B2,B2,48.0,48.0,2025,1,2024-05-01,2024-10-31,112,4,1,1,0,0,0,1,0,0,0,0,0,0,0,3,2,1,0,1,2,0,0,0,0,0,0,0,0,2,3,3,4,1,1,1,0,0,0,0,0,0,0,2,0,2,2,1,1,0,0,0,0,0,0,0,0,0,1,3,1,3,3,0,0,0,0,0,0,0,0,1,0,2,2,2,3,0,0,0,0,0,0,0,0,0,0,0,0,福岡
4765,野田部宏子,ノタベ ヒロコ,福岡,B1,H,020625,2,34,165,53,A,4.67,32.9,15,16,94,1,0,0.14,14,35.7,0.16,3.3,11,45.4,0.13,2.5,21,61.9,0.15,3.1,15,26.6,0.12,2.5,15,13.3,0.15,2.9,18,11.1,0.13,2.6,B1,A2,B1,46.0,46.0,2025,1,2024-05-01,2024-10-31,112,4,1,0,3,3,3,0,0,0,0,0,0,0,0,3,2,1,2,1,2,0,0,0,0,0,0,0,0,5,8,2,1,1,2,2,0,0,0,0,0,0,0,1,3,4,1,1,5,0,0,0,0,0,0,0,0,1,1,1,1,4,7,0,0,0,0,0,0,0,0,1,1,2,4,4,6,0,0,0,0,0,0,0,0,0,0,0,0,福岡
4766,石井孝之,イシイ タカユキ,群馬,B1,H,030119,1,33,166,58,AB,4.92,32.5,14,15,89,0,0,0.14,12,66.6,0.16,3.3,18,50.0,0.13,2.7,19,26.3,0.17,3.0,10,40.0,0.11,1.5,13,23.0,0.14,2.5,17,0.0,0.11,2.4,B1,B1,B1,46.0,48.0,2025,1,2024-05-01,2024-10-31,112,3,5,2,0,1,1,0,0,0,0,0,0,0,0,5,4,2,5,1,1,0,0,0,0,0,0,0,0,2,3,3,3,5,2,1,0,0,0,0,0,0,0,2,2,0,1,2,3,0,0,0,0,0,0,0,0,2,1,2,3,3,2,0,0,0,0,0,0,0,0,0,0,2,4,4,7,0,0,0,0,0,0,0,0,0,0,0,0,群馬
4769,馬場剛,ババ ツヨシ,東京,A2,H,040706,1,32,167,50,AB,6.07,44.6,25,33,130,5,0,0.12,25,76.0,0.11,1.9,20,60.0,0.12,2.3,21,38.1,0.11,2.7,22,36.3,0.13,2.2,23,30.4,0.13,2.4,18,22.2,0.13,2.6,A1,A1,A2,57.0,51.0,2025,1,2024-05-01,2024-10-31,112,14,5,2,2,1,1,0,0,0,0,0,0,0,0,3,9,2,1,4,0,0,0,0,0,0,0,1,0,0,8,4,3,1,5,0,0,0,0,0,2,0,0,6,2,7,5,0,2,0,0,0,0,0,0,0,0,1,6,6,2,3,5,0,0,0,0,0,0,0,0,1,3,4,3,3,3,1,0,0,0,0,0,0,0,0,0,2,1,東京
4771,下寺秀和,シモデラ ヒデカズ,広島,A1,H,050208,1,31,166,55,B,6.49,50.0,24,28,104,4,1,0.15,25,84.0,0.15,3.1,15,60.0,0.15,3.8,15,60.0,0.13,2.7,18,38.8,0.16,2.7,16,25.0,0.13,3.4,15,13.3,0.15,4.2,A2,A2,A2,54.0,53.0,2025,1,2024-05-01,2024-10-31,112,18,3,0,1,1,1,1,0,0,0,0,0,0,0,2,7,3,0,2,1,0,0,0,0,0,0,0,0,4,5,3,2,0,1,0,0,0,0,0,0,0,0,0,7,7,2,1,1,0,0,0,0,0,1,0,0,0,4,5,1,1,5,0,0,0,0,0,0,0,0,0,2,6,2,3,2,0,0,0,0,0,0,0,0,0,0,0,0,広島
4772,石丸海渡,イシマル カイト,香川,A1,H,050621,1,31,164,60,O,6.67,45.9,28,23,111,2,1,0.11,28,78.5,0.11,2.4,15,20.0,0.13,2.5,16,50.0,0.1,2.1,19,47.3,0.1,2.0,12,41.6,0.12,2.8,21,19.0,0.11,2.6,A1,A1,A1,60.0,61.0,2025,1,2024-05-01,2024-10-31,112,17,5,4,0,1,1,0,0,0,0,0,0,0,0,0,3,7,2,1,2,0,0,0,0,0,1,0,0,2,6,4,1,2,1,0,0,0,0,0,0,0,0,5,4,4,1,4,1,0,0,0,0,0,0,0,0,3,2,4,0,1,1,0,0,0,0,0,0,1,0,1,3,4,3,5,5,0,0,0,0,0,0,0,0,0,0,1,0,愛媛
4773,中川りな,ナカガワ リナ,福岡,A2,H,050708,2,31,160,49,B,5.78,37.6,28,27,146,1,0,0.17,33,72.7,0.17,3.2,26,42.3,0.18,3.3,25,40.0,0.19,2.8,21,28.5,0.17,3.1,23,17.3,0.15,3.1,18,0.0,0.17,3.6,A2,B2,B2,54.0,52.0,2025,1,2024-05-01,2024-10-31,112,17,7,1,2,4,2,0,0,0,0,0,0,0,0,3,8,7,3,5,0,0,0,0,0,0,0,0,0,5,5,6,5,2,2,0,0,0,0,0,0,0,0,3,3,6,6,3,0,0,0,0,0,0,1,0,0,0,4,6,8,4,1,0,0,0,0,0,0,0,0,0,0,3,5,6,4,0,0,0,0,0,0,0,0,0,0,0,0,福岡
4775,千葉真弥,チバ マヤ,静岡,B1,H,051020,2,31,163,47,O,4.16,20.6,8,4,58,0,0,0.19,8,87.5,0.17,3.3,9,11.1,0.18,3.7,12,16.6,0.17,3.6,9,0.0,0.22,4.1,12,16.6,0.18,4.0,8,0.0,0.22,4.5,B2,B2,B2,0.0,45.0,2025,1,2024-05-01,2024-10-31,112,6,1,0,0,1,0,0,0,0,0,0,0,0,0,1,0,2,1,2,2,0,0,0,0,0,0,1,0,1,1,2,3,4,1,0,0,0,0,0,0,0,0,0,0,1,3,3,1,1,0,0,0,0,0,0,0,0,2,2,3,2,3,0,0,0,0,0,0,0,0,0,0,1,0,3,4,0,0,0,0,0,0,0,0,0,0,0,0,静岡
4776,竹田和哉,タケダ カズヤ,香川,A1,H,051219,1,31,169,55,O,6.77,51.1,34,31,127,6,1,0.16,26,88.4,0.12,2.5,22,59.0,0.14,3.3,18,61.1,0.15,3.1,19,47.3,0.15,3.4,21,19.0,0.22,4.5,21,23.8,0.2,5.1,A1,A1,A1,56.0,56.0,2025,1,2024-05-01,2024-10-31,112,19,4,1,1,1,0,0,0,0,0,0,0,0,0,6,7,4,4,0,1,0,0,0,0,0,0,0,0,5,6,1,2,2,2,0,0,0,0,0,0,0,0,3,6,7,0,2,0,1,0,0,0,0,0,0,0,1,3,5,5,6,1,0,0,0,0,0,0,0,0,0,5,3,7,4,2,0,0,0,0,0,0,0,0,0,0,0,0,愛媛
4778,堤啓輔,ツツミ ケイスケ,佐賀,B1,S,601107,1,39,168,53,B,5.1,31.8,19,24,135,0,0,0.16,26,76.9,0.14,2.4,22,31.8,0.15,3.1,22,27.2,0.18,3.3,23,21.7,0.14,3.1,23,17.3,0.17,3.8,19,5.2,0.17,4.5,A2,A2,B1,51.0,50.0,2025,1,2024-05-01,2024-10-31,113,14,6,5,0,0,1,0,0,0,0,0,1,0,0,3,4,4,4,5,2,0,0,0,0,0,0,0,0,2,4,2,6,4,4,0,0,0,0,0,0,0,0,0,5,4,3,3,8,0,0,0,0,0,0,0,0,0,4,3,5,7,4,0,0,0,0,0,0,0,0,0,1,3,3,5,7,0,0,0,0,0,0,0,0,0,0,1,0,佐賀
4779,伊倉光,イクラ ヒカル,東京,B1,S,610104,1,38,165,51,O,4.05,18.3,8,10,98,0,0,0.14,14,50.0,0.13,2.5,18,27.7,0.15,2.8,18,22.2,0.14,2.8,20,5.0,0.15,2.4,14,7.1,0.15,3.0,14,0.0,0.13,2.1,B1,B2,B2,48.0,45.0,2025,1,2024-05-01,2024-10-31,113,5,2,2,3,1,0,0,0,0,0,0,0,1,0,1,4,1,2,7,3,0,0,0,0,0,0,0,0,2,2,4,2,5,3,0,0,0,0,0,0,0,0,0,1,5,5,4,5,0,0,0,0,0,0,0,0,0,1,2,1,5,5,0,0,0,0,0,0,0,0,0,0,3,2,6,3,0,0,0,0,0,1,0,0,0,0,0,0,神奈川
4780,マイケル田代,マイケル タシロ,東京,B1,S,610203,1,38,161,53,O,3.68,18.8,4,12,85,0,0,0.16,13,30.7,0.16,4.2,13,23.0,0.17,2.8,13,23.0,0.2,3.8,17,17.6,0.16,3.1,15,13.3,0.15,2.9,14,7.1,0.12,2.9,B2,B1,B1,38.0,44.0,2025,1,2024-05-01,2024-10-31,113,2,2,3,0,1,5,0,0,0,0,0,0,0,0,1,2,1,3,5,1,0,0,0,0,0,0,0,0,0,3,2,2,0,6,0,0,0,0,0,0,0,0,1,2,3,3,7,1,0,0,0,0,0,0,0,0,0,2,0,3,2,8,0,0,0,0,0,0,0,0,0,1,1,2,4,6,0,0,0,0,0,0,0,0,0,0,0,0,栃木
4781,西舘果里,ニシダテ ミサト,東京,B1,S,611127,2,38,164,52,B,4.52,19.2,7,19,135,0,0,0.19,17,64.7,0.17,2.9,20,35.0,0.2,4.3,28,25.0,0.22,3.9,18,0.0,0.16,3.5,29,3.4,0.21,4.0,23,0.0,0.15,3.2,B2,B2,B2,39.0,48.0,2025,1,2024-05-01,2024-10-31,113,5,6,3,1,1,1,0,0,0,0,0,0,0,0,0,7,5,4,2,2,0,0,0,0,0,0,0,0,2,5,5,10,3,3,0,0,0,0,0,0,0,0,0,0,8,6,3,1,0,0,0,0,0,0,0,0,0,1,5,12,5,6,0,0,0,0,0,0,0,0,0,0,5,2,7,7,0,0,0,0,0,0,1,1,0,0,0,0,神奈川
4782,浜崎準也,ハマザキ ジュンヤ,岡山,B1,S,620220,1,37,172,53,O,5.24,33.3,25,18,129,1,0,0.15,24,66.6,0.15,2.8,20,40.0,0.16,3.2,22,36.3,0.14,3.3,19,36.8,0.15,2.8,26,7.6,0.16,3.0,18,11.1,0.16,4.6,A2,A2,B1,51.0,49.0,2025,1,2024-05-01,2024-10-31,113,13,3,1,4,0,3,0,0,0,0,0,0,0,0,5,3,2,6,2,0,1,0,0,0,0,0,1,0,4,4,4,3,3,4,0,0,0,0,0,0,0,0,3,4,1,6,4,1,0,0,0,0,0,0,0,0,0,2,5,7,8,4,0,0,0,0,0,0,0,0,0,2,5,2,5,4,0,0,0,0,0,1,0,0,0,0,0,0,岡山
4784,向井田真紀,ムカイダ マキ,広島,B1,S,621008,2,37,157,48,A,4.69,25.7,12,13,97,0,0,0.17,15,73.3,0.16,3.5,19,15.7,0.16,3.2,19,21.0,0.18,3.6,18,22.2,0.15,3.0,11,0.0,0.17,3.8,15,20.0,0.19,3.9,B1,B1,B1,45.0,47.0,2025,1,2024-05-01,2024-10-31,113,7,4,3,0,1,0,0,0,0,0,0,0,0,0,2,1,5,4,4,3,0,0,0,0,0,0,0,0,2,2,5,3,1,5,1,0,0,0,0,0,0,0,0,4,4,3,3,4,0,0,0,0,0,0,0,0,0,0,0,4,4,3,0,0,0,0,0,0,0,0,1,2,2,2,4,4,0,0,0,0,0,0,0,0,0,0,0,0,広島
4785,木幡純也,キバタ ジュンヤ,愛知,B1,S,621216,1,37,171,53,A,4.22,15.7,1,13,89,0,0,0.2,8,25.0,0.21,3.3,17,23.5,0.17,4.4,20,20.0,0.21,4.4,17,11.7,0.18,4.2,16,12.5,0.2,3.8,11,0.0,0.24,5.1,B1,B1,B1,46.0,48.0,2025,1,2024-05-01,2024-10-31,113,0,2,0,3,2,1,0,0,0,0,0,0,0,0,0,4,2,5,5,1,0,0,0,0,0,0,0,0,1,3,9,3,4,0,0,0,0,0,0,0,0,0,0,2,1,6,6,2,0,0,0,0,0,0,0,0,0,2,3,4,7,0,0,0,0,0,0,0,0,0,0,0,2,5,0,4,0,0,0,0,0,0,0,0,0,0,0,0,愛知
4786,佐藤博亮,サトウ ヒロアキ,愛知,A1,S,630401,1,36,171,54,A,6.7,48.0,39,21,125,5,0,0.13,30,83.3,0.13,2.5,24,58.3,0.12,2.3,18,33.3,0.15,2.5,19,36.8,0.13,2.8,19,21.0,0.12,2.8,15,26.6,0.12,3.0,A1,A1,A2,55.0,57.0,2025,1,2024-05-01,2024-10-31,113,22,3,2,1,1,1,0,0,0,0,0,0,0,0,9,5,8,1,0,1,0,0,0,0,0,0,0,0,2,4,3,5,2,2,0,0,0,0,0,0,0,0,3,4,4,5,1,2,0,0,0,0,0,0,0,0,2,2,3,6,5,0,1,0,0,0,0,0,0,0,1,3,2,5,3,1,0,0,0,0,0,0,0,0,0,0,0,0,愛知
4787,椎名豊,シイナ ユタカ,群馬,A1,S,630916,1,36,164,54,A,7.13,52.3,36,19,105,4,1,0.14,24,79.1,0.13,3.0,15,66.6,0.14,3.1,18,66.6,0.14,3.7,14,28.5,0.15,2.8,17,47.0,0.13,2.7,17,11.7,0.16,3.4,A1,A1,A1,68.0,62.0,2025,1,2024-05-01,2024-10-31,113,19,0,1,0,1,1,2,0,0,0,0,0,0,0,6,4,1,1,1,2,0,0,0,0,0,0,0,0,7,5,3,0,2,0,0,0,0,0,0,0,1,0,2,2,3,3,2,2,0,0,0,0,0,0,0,0,2,6,3,3,2,1,0,0,0,0,0,0,0,0,0,2,6,2,5,2,0,0,0,0,0,0,0,0,0,0,0,0,群馬
4788,小池哲也,コイケ テツヤ,大阪,A1,H,010629,1,35,172,55,A,6.29,44.1,31,29,136,5,1,0.13,30,83.3,0.14,2.6,25,44.0,0.12,2.6,17,29.4,0.12,1.9,25,52.0,0.11,2.2,23,17.3,0.12,2.1,16,12.5,0.14,3.4,A1,A1,A2,54.0,53.0,2025,1,2024-05-01,2024-10-31,113,18,7,3,1,1,0,0,0,0,0,0,0,0,0,5,6,7,2,2,3,0,0,0,0,0,0,0,0,1,4,4,3,5,0,0,0,0,0,0,0,0,0,6,7,9,2,0,1,0,0,0,0,0,0,0,0,1,3,6,4,6,3,0,0,0,0,0,0,0,0,0,2,3,5,6,0,0,0,0,0,0,1,0,0,0,0,0,0,大阪
4789,古賀智之,コガ トモユキ,福岡,B1,H,010731,1,35,171,54,AB,4.2,19.1,11,7,94,0,0,0.15,12,66.6,0.14,3.1,17,23.5,0.18,3.2,16,6.2,0.15,2.7,17,17.6,0.15,3.2,20,10.0,0.13,3.3,12,0.0,0.14,3.7,B1,B1,B1,48.0,45.0,2025,1,2024-05-01,2024-10-31,113,7,1,0,0,3,1,0,0,0,0,0,0,0,0,2,2,3,3,4,3,0,0,0,0,0,0,0,0,0,1,3,3,5,4,0,0,0,0,0,0,0,0,2,1,5,1,6,1,0,0,0,0,0,0,1,0,0,2,7,3,4,4,0,0,0,0,0,0,0,0,0,0,1,1,5,4,0,0,0,0,0,0,1,0,0,0,0,0,福岡
4790,柳内敬太,ヤナイ ケイタ,兵庫,A1,H,010912,1,35,161,51,A,6.49,48.7,28,31,121,4,2,0.16,25,72.0,0.12,2.0,21,57.1,0.14,3.2,15,60.0,0.17,2.9,20,45.0,0.17,3.5,20,40.0,0.16,3.3,20,15.0,0.19,4.6,A2,A2,A2,50.0,53.0,2025,1,2024-05-01,2024-10-31,113,15,3,2,3,1,0,1,0,0,0,0,0,0,0,4,8,4,1,3,1,0,0,0,0,0,0,0,0,4,5,1,3,2,0,0,0,0,0,0,0,0,0,3,6,5,4,2,0,0,0,0,0,0,0,0,0,2,6,3,6,3,0,0,0,0,0,0,0,0,0,0,3,8,3,4,2,0,0,0,0,0,0,0,0,0,0,0,0,兵庫
4791,黒澤めぐみ,クロサワ メグミ,東京,A2,H,011113,2,35,164,48,O,5.55,37.2,17,27,118,3,0,0.16,15,53.3,0.14,2.7,26,38.4,0.17,3.8,21,38.1,0.15,3.6,24,50.0,0.13,2.4,18,27.7,0.18,3.6,14,7.1,0.2,3.8,B1,B1,B1,48.0,51.0,2025,1,2024-05-01,2024-10-31,113,5,3,3,1,2,0,0,0,0,0,0,0,0,1,2,8,5,7,4,0,0,0,0,0,0,0,0,0,3,5,3,4,4,1,0,0,0,0,0,0,1,0,5,7,3,6,1,2,0,0,0,0,0,0,0,0,2,3,2,5,3,3,0,0,0,0,0,0,0,0,0,1,1,6,5,1,0,0,0,0,0,0,0,0,0,0,0,0,神奈川
4792,杉村賢也,スギムラ ケンヤ,東京,B1,H,020403,1,34,173,53,O,4.12,25.5,10,14,94,0,0,0.17,15,66.6,0.12,2.0,13,23.0,0.16,3.9,16,37.5,0.18,3.9,15,20.0,0.18,3.0,18,11.1,0.17,3.5,17,0.0,0.21,4.8,B1,B1,B1,48.0,44.0,2025,1,2024-05-01,2024-10-31,113,7,3,2,1,2,0,0,0,0,0,0,0,0,0,1,2,1,2,2,4,0,0,0,0,0,0,1,0,1,5,0,1,6,3,0,0,0,0,0,0,0,0,1,2,0,6,3,2,0,0,0,0,0,0,0,1,0,2,4,2,5,4,1,0,0,0,0,0,0,0,0,0,2,2,3,10,0,0,0,0,0,0,0,0,0,0,0,0,東京
4793,金子萌,カネコ ハジメ,静岡,A2,H,020503,1,34,170,52,B,5.6,36.3,19,25,121,3,0,0.16,21,76.1,0.15,3.4,17,35.2,0.16,4.2,23,47.8,0.17,3.3,17,29.4,0.16,3.4,21,23.8,0.16,3.9,22,4.5,0.18,4.8,A2,A1,A2,51.0,51.0,2025,1,2024-05-01,2024-10-31,113,13,3,2,1,0,2,0,0,0,0,0,0,0,0,3,3,5,1,3,2,0,0,0,0,0,0,0,0,3,8,2,3,2,4,1,0,0,0,0,0,0,0,0,5,5,3,1,3,0,0,0,0,0,0,0,0,0,5,5,7,3,1,0,0,0,0,0,0,0,0,0,1,5,6,7,3,0,0,0,0,0,0,0,0,0,0,0,0,静岡
4794,和田拓也,ワダ タクヤ,兵庫,A1,H,020630,1,34,170,53,O,6.86,52.1,49,25,142,9,1,0.12,35,82.8,0.12,2.2,23,43.4,0.15,3.0,19,47.3,0.13,2.7,24,58.3,0.1,2.2,21,38.1,0.11,2.5,20,20.0,0.11,2.7,A1,A1,A1,57.0,58.0,2025,1,2024-05-01,2024-10-31,113,25,4,2,1,1,2,0,0,0,0,0,0,0,0,5,5,2,4,3,4,0,0,0,0,0,0,0,0,6,3,5,3,2,0,0,0,0,0,0,0,0,0,10,4,3,4,1,1,0,0,0,0,0,0,1,0,2,6,4,5,2,2,0,0,0,0,0,0,0,0,1,3,4,3,7,2,0,0,0,0,0,0,0,0,0,0,1,0,兵庫
4796,春園功太,ハルゾノ コウタ,三重,A2,H,030806,1,33,167,53,B,5.82,42.9,34,24,135,6,0,0.15,29,68.9,0.14,2.7,23,60.8,0.15,3.1,25,40.0,0.16,3.2,25,32.0,0.17,3.3,17,29.4,0.15,2.8,15,6.6,0.16,4.5,A1,A1,A1,57.0,53.0,2025,1,2024-05-01,2024-10-31,113,19,1,2,1,3,2,1,0,0,0,0,0,0,0,9,5,2,2,0,5,0,0,0,0,0,0,0,0,1,9,3,4,3,5,0,0,0,0,0,0,0,0,5,3,3,3,5,6,0,0,0,0,0,0,0,0,0,5,3,4,4,1,0,0,0,0,0,0,0,0,0,1,5,1,2,6,0,0,0,0,0,0,0,0,0,0,0,1,三重
4797,中山将,ナカヤマ ショウ,三重,A2,H,040218,1,32,168,54,O,5.84,40.8,26,14,98,0,0,0.13,20,85.0,0.14,2.6,15,46.6,0.12,2.5,16,37.5,0.11,2.6,12,41.6,0.15,3.3,20,25.0,0.15,2.8,15,0.0,0.13,3.1,A2,A2,A2,50.0,51.0,2025,1,2024-05-01,2024-10-31,113,14,3,2,1,0,0,0,0,0,0,0,0,0,0,5,2,5,1,1,1,0,0,0,0,0,0,0,0,2,4,2,6,2,0,0,0,0,0,0,0,0,0,3,2,1,2,3,1,0,0,0,0,0,0,0,0,2,3,2,3,6,4,0,0,0,0,0,0,0,0,0,0,2,3,4,6,0,0,0,0,0,0,0,0,0,0,0,0,三重
4798,浜先真範,ハマサキ マサノリ,広島,A2,H,050416,1,31,166,53,O,6.15,36.4,19,20,107,3,1,0.16,23,65.2,0.16,2.5,13,38.4,0.14,3.2,18,38.8,0.15,2.9,22,31.8,0.15,3.0,12,25.0,0.15,3.8,19,10.5,0.17,3.6,A1,A1,A1,62.0,57.0,2025,1,2024-05-01,2024-10-31,113,12,3,2,4,1,1,0,0,0,0,0,0,0,0,1,4,2,5,1,0,0,0,0,0,0,0,0,0,3,4,6,1,1,3,0,0,0,0,0,0,0,0,0,7,8,3,3,1,0,0,0,0,0,0,0,0,1,2,5,1,2,0,0,0,0,0,0,0,1,0,2,0,6,3,6,2,0,0,0,0,0,0,0,0,0,0,0,0,広島
4800,小寺拳人,コデラ ケント,福井,B1,H,050622,1,31,163,59,B,2.33,4.1,2,1,73,0,0,0.19,10,10.0,0.16,3.3,12,0.0,0.16,3.7,14,7.1,0.2,3.8,10,10.0,0.21,4.0,11,0.0,0.2,4.5,16,0.0,0.2,4.6,B2,B1,B2,40.0,38.0,2025,1,2024-05-01,2024-10-31,113,1,0,3,1,1,4,0,0,0,0,0,0,0,0,0,0,1,1,4,6,0,0,0,0,0,0,0,0,0,1,1,3,3,6,0,0,0,0,0,0,0,0,1,0,0,0,3,6,0,0,0,0,0,1,0,0,0,0,1,1,3,6,0,0,0,0,0,0,0,0,0,0,0,2,4,10,0,0,0,0,0,0,0,0,0,0,0,0,福井
4803,飯田庄吾,イイダ ショウゴ,福岡,B1,H,051213,1,31,174,58,B,3.9,16.1,9,7,99,0,0,0.18,10,50.0,0.11,2.5,24,20.8,0.18,4.2,15,13.3,0.18,3.7,17,11.7,0.17,3.7,20,10.0,0.17,3.3,13,0.0,0.24,5.2,B1,B2,B2,46.0,44.0,2025,1,2024-05-01,2024-10-31,113,5,0,1,1,1,2,0,0,0,0,0,0,0,0,1,4,3,6,5,5,0,0,0,0,0,0,0,0,0,2,3,3,3,3,0,0,0,0,0,0,1,0,1,1,4,3,6,2,0,0,0,0,0,0,0,0,2,0,2,8,5,3,0,0,0,0,0,0,0,0,0,0,0,3,2,7,0,0,0,0,0,0,0,1,0,0,0,0,福岡
4804,高田ひかる,タカダ ヒカル,三重,A1,H,060805,2,30,158,48,A,6.48,51.0,27,22,96,4,1,0.18,25,80.0,0.17,3.4,14,64.2,0.21,3.8,18,61.1,0.16,2.9,12,16.6,0.21,4.1,17,23.5,0.2,4.1,10,30.0,0.16,3.6,A2,A1,A1,58.0,52.0,2025,1,2024-05-01,2024-10-31,113,14,6,3,0,2,0,0,0,0,0,0,0,0,0,5,4,2,0,1,1,1,0,0,0,0,0,0,0,7,4,0,4,2,1,0,0,0,0,0,1,0,0,1,1,4,3,3,0,0,0,0,0,0,0,0,0,0,4,4,2,5,2,0,0,0,0,0,0,0,0,0,3,2,1,2,2,0,0,0,0,0,0,0,0,0,0,0,0,三重
4808,松尾拓,マツオ ヒロム,三重,A1,S,630903,1,36,169,49,B,6.36,46.8,31,21,111,4,1,0.16,22,77.2,0.15,3.5,16,56.2,0.16,3.4,22,50.0,0.17,3.3,20,35.0,0.17,3.6,16,37.5,0.17,3.1,15,13.3,0.18,4.3,A1,A1,A1,58.0,57.0,2025,1,2024-05-01,2024-10-31,114,13,4,1,2,2,0,0,0,0,0,0,0,0,0,7,2,2,1,2,2,0,0,0,0,0,0,0,0,5,6,4,4,2,1,0,0,0,0,0,0,0,0,4,3,3,2,6,2,0,0,0,0,0,0,0,0,2,4,4,4,1,1,0,0,0,0,0,0,0,0,0,2,0,6,5,2,0,0,0,0,0,0,0,0,0,0,2,0,三重
4809,外崎悟,トノサキ サトル,埼玉,B1,H,010119,1,35,168,52,A,5.03,28.5,17,11,98,0,0,0.14,17,70.5,0.14,2.7,17,29.4,0.18,3.7,16,18.7,0.14,3.3,18,27.7,0.14,2.8,19,15.7,0.13,2.6,11,0.0,0.13,3.0,A2,A2,A2,53.0,49.0,2025,1,2024-05-01,2024-10-31,114,11,1,0,3,1,1,0,0,0,0,0,0,0,0,2,3,2,4,3,3,0,0,0,0,0,0,0,0,1,2,5,3,1,4,0,0,0,0,0,0,0,0,2,3,6,1,3,3,0,0,0,0,0,0,0,0,1,2,5,4,4,3,0,0,0,0,0,0,0,0,0,0,1,3,4,3,0,0,0,0,0,0,0,0,0,0,0,0,埼玉
4811,向井田佑紀,ムカイダ ユウキ,広島,B1,H,010513,1,35,171,48,A,4.74,28.6,16,21,129,0,0,0.16,21,66.6,0.16,2.8,23,30.4,0.17,4.1,19,31.5,0.13,3.1,23,21.7,0.15,3.3,23,13.0,0.18,3.6,20,10.0,0.18,4.1,B1,A2,B1,49.0,47.0,2025,1,2024-05-01,2024-10-31,114,9,5,4,1,1,1,0,0,0,0,0,0,0,0,1,6,4,5,3,3,0,0,0,0,0,0,1,0,2,4,1,7,2,3,0,0,0,0,0,0,0,0,1,4,4,5,3,6,0,0,0,0,0,0,0,0,2,1,1,7,6,6,0,0,0,0,0,0,0,0,1,1,3,5,2,8,0,0,0,0,0,0,0,0,0,0,1,0,広島
4812,西野雄貴,ニシノ ユウキ,徳島,A2,H,011119,1,35,163,52,O,7.07,57.7,29,12,71,5,2,0.13,16,93.7,0.13,2.6,11,63.6,0.13,2.1,9,66.6,0.13,2.6,12,50.0,0.12,2.4,11,36.3,0.11,2.3,12,25.0,0.14,2.6,B1,A1,A1,58.0,54.0,2025,1,2024-05-01,2024-10-31,114,15,0,0,0,0,1,0,0,0,0,0,0,0,0,4,3,3,0,1,0,0,0,0,0,0,0,0,0,5,1,1,2,0,0,0,0,0,0,0,0,0,0,2,4,2,1,3,0,0,0,0,0,0,0,0,0,2,2,0,4,2,1,0,0,0,0,0,0,0,0,1,2,4,1,1,3,0,0,0,0,0,0,0,0,0,0,0,0,徳島
4813,宮内直哉,ミヤウチ ナオヤ,東京,B1,H,011226,1,35,169,53,A,3.95,18.1,10,9,105,1,0,0.18,13,46.1,0.15,3.1,17,23.5,0.16,3.4,22,0.0,0.22,4.0,18,33.3,0.16,3.8,21,14.2,0.17,3.7,14,0.0,0.17,4.4,B1,B1,B1,46.0,44.0,2025,1,2024-05-01,2024-10-31,114,6,0,4,1,1,1,0,0,0,0,0,0,0,0,1,3,3,3,5,2,0,0,0,0,0,0,0,0,0,0,3,5,4,10,0,0,0,0,0,0,0,0,2,4,2,1,4,5,0,0,0,0,0,0,0,0,1,2,3,2,4,9,0,0,0,0,0,0,0,0,0,0,3,3,2,6,0,0,0,0,0,0,0,0,0,0,0,0,東京
4815,伏島祐介,フセジマ ユウスケ,東京,B1,H,020702,1,34,172,55,A,4.64,28.0,8,22,107,0,0,0.18,15,60.0,0.21,4.7,20,20.0,0.2,4.4,20,35.0,0.17,3.8,18,22.2,0.19,3.9,22,27.2,0.17,3.9,12,0.0,0.15,3.5,B1,B1,B1,45.0,48.0,2025,1,2024-05-01,2024-10-31,114,4,5,3,2,1,0,0,0,0,0,0,0,0,0,1,3,4,4,5,3,0,0,0,0,0,0,0,0,2,5,2,6,3,2,0,0,0,0,0,0,0,0,1,3,2,4,3,5,0,0,0,0,0,0,0,0,0,6,2,7,5,2,0,0,0,0,0,0,0,0,0,0,1,1,4,6,0,0,0,0,0,0,0,0,0,0,0,0,栃木
4816,村松修二,ムラマツ シュウジ,広島,A2,H,030227,1,33,164,56,A,5.9,39.5,22,16,96,1,0,0.14,20,70.0,0.16,3.5,17,23.5,0.12,2.4,14,57.1,0.15,2.6,12,41.6,0.14,2.9,14,35.7,0.14,2.8,18,11.1,0.15,3.5,A1,A2,B1,53.0,51.0,2025,1,2024-05-01,2024-10-31,114,13,1,0,2,1,2,0,0,0,0,0,0,1,0,3,1,7,1,4,0,0,0,0,0,0,0,1,0,2,6,2,0,4,0,0,0,0,0,0,0,0,0,1,4,2,2,0,3,0,0,0,0,0,0,0,0,3,2,2,2,2,2,1,0,0,0,0,0,0,0,0,2,7,7,1,1,0,0,0,0,0,0,0,0,0,0,0,1,広島
4817,渡邉翼,ワタナベ ツバサ,山口,A2,H,030427,1,33,157,51,A,5.98,39.5,22,31,134,1,1,0.13,24,87.5,0.12,1.9,22,36.3,0.14,2.4,24,45.8,0.12,2.3,20,20.0,0.1,1.8,22,31.8,0.14,2.4,22,9.0,0.14,2.9,A2,B1,A2,52.0,53.0,2025,1,2024-05-01,2024-10-31,114,11,10,1,0,2,0,0,0,0,0,0,0,0,0,2,6,6,5,1,2,0,0,0,0,0,0,0,0,6,5,9,1,3,0,0,0,0,0,0,0,0,0,3,1,6,6,3,1,0,0,0,0,0,0,0,0,0,7,4,3,4,4,0,0,0,0,0,0,0,0,0,2,4,10,4,2,0,0,0,0,0,0,0,0,0,0,0,0,山口
4818,伏見俊介,フシミ シュンスケ,東京,B1,H,030601,1,33,170,58,A,5.52,42.1,15,12,64,0,0,0.11,10,90.0,0.1,2.2,9,55.5,0.13,2.7,11,27.2,0.12,2.3,10,40.0,0.1,1.3,10,30.0,0.1,2.4,14,21.4,0.1,1.9,B2,B1,A2,46.0,49.0,2025,1,2024-05-01,2024-10-31,114,9,0,0,0,1,0,0,0,0,0,0,0,0,0,1,4,1,0,1,2,0,0,0,0,0,0,0,0,0,3,2,2,3,1,0,0,0,0,0,0,0,0,4,0,3,1,1,1,0,0,0,0,0,0,0,0,1,2,0,4,1,2,0,0,0,0,0,0,0,0,0,3,1,2,2,5,1,0,0,0,0,0,0,0,0,0,0,0,香川
4819,蜂須瑞生,ハチス ミズキ,群馬,A2,H,030609,2,33,160,48,O,6.18,44.1,35,25,136,2,0,0.17,26,92.3,0.15,2.5,22,40.9,0.18,3.3,26,34.6,0.17,2.7,22,59.0,0.16,2.5,20,15.0,0.18,3.8,20,10.0,0.17,3.8,A2,A2,B1,50.0,53.0,2025,1,2024-05-01,2024-10-31,114,20,4,0,0,2,0,0,0,0,0,0,0,0,0,5,4,8,2,3,0,0,0,0,0,0,0,0,0,3,6,4,4,4,5,0,0,0,0,0,0,0,0,6,7,5,2,1,1,0,0,0,0,0,0,0,0,1,2,5,5,6,1,0,0,0,0,0,0,0,0,0,2,4,5,3,6,0,0,0,0,0,0,0,0,0,0,0,0,群馬
4821,妻鳥晋也,メンドリ シンヤ,香川,B1,H,031212,1,33,170,55,B,5.22,30.1,13,22,116,1,0,0.18,16,56.2,0.15,3.3,21,42.8,0.17,4.4,16,37.5,0.19,4.3,19,21.0,0.21,3.7,19,31.5,0.17,4.0,25,4.0,0.17,4.3,B1,B1,B1,51.0,50.0,2025,1,2024-05-01,2024-10-31,114,7,2,2,0,2,3,0,0,0,0,0,0,0,0,2,7,6,3,2,1,0,0,0,0,0,0,0,0,3,3,4,3,2,1,0,0,0,0,0,0,0,0,0,4,4,4,3,4,0,0,0,0,0,0,0,0,1,5,6,3,2,2,0,0,0,0,0,0,0,0,0,1,7,5,7,5,0,0,0,0,0,0,0,0,0,0,0,0,愛媛
4822,百武翔,ヒャクタケ ショウ,佐賀,A2,H,041217,1,32,159,52,A,5.47,36.7,16,24,109,4,0,0.17,19,63.1,0.18,2.8,17,41.1,0.14,3.9,20,45.0,0.15,3.5,15,20.0,0.17,3.7,20,35.0,0.18,4.2,18,11.1,0.22,5.2,B1,A2,B1,47.0,51.0,2025,1,2024-05-01,2024-10-31,114,5,7,3,1,2,1,0,0,0,0,0,0,0,0,1,6,3,2,3,2,0,0,0,0,0,0,0,0,3,6,5,1,5,0,0,0,0,0,0,0,0,0,2,1,2,5,3,2,0,0,0,0,0,0,0,0,5,2,2,6,2,3,0,0,0,0,0,0,0,0,0,2,2,5,7,2,0,0,0,0,0,0,0,0,0,0,0,0,佐賀
4823,中村桃佳,ナカムラ モモカ,香川,B2,H,050203,2,31,155,45,B,0.0,0.0,0,0,0,0,0,0.0,0,0.0,0.0,0.0,0,0.0,0.0,0.0,0,0.0,0.0,0.0,0,0.0,0.0,0.0,0,0.0,0.0,0.0,0,0.0,0.0,0.0,B2,B2,A1,0.0,0.0,2025,1,2024-05-01,2024-10-31,114,0,0,0,0,0,0,0,0,0,0,0,0,0,0,0,0,0,0,0,0,0,0,0,0,0,0,0,0,0,0,0,0,0,0,0,0,0,0,0,0,0,0,0,0,0,0,0,0,0,0,0,0,0,0,0,0,0,0,0,0,0,0,0,0,0,0,0,0,0,0,0,0,0,0,0,0,0,0,0,0,0,0,0,0,0,0,0,0,香川
4824,松井洪弥,マツイ コウヤ,三重,A1,H,050308,1,31,165,53,B,6.67,46.3,40,23,136,5,1,0.14,32,84.3,0.14,2.8,23,60.8,0.13,2.7,24,41.6,0.15,2.6,17,29.4,0.11,2.0,19,31.5,0.12,2.6,21,4.7,0.16,4.6,A1,A1,A2,54.0,58.0,2025,1,2024-05-01,2024-10-31,114,26,1,4,0,1,0,0,0,0,0,0,0,0,0,9,5,4,4,0,1,0,0,0,0,0,0,0,0,3,7,3,8,0,3,0,0,0,0,0,1,0,0,1,4,5,4,1,2,0,0,0,0,0,0,0,0,1,5,3,4,3,3,0,0,0,0,0,0,0,0,0,1,6,6,2,6,0,0,0,0,0,0,0,0,0,0,0,0,三重
4825,倉持莉々,クラモチ リリ,東京,B2,H,051001,2,31,168,49,O,7.1,60.0,7,5,20,1,0,0.1,2,100.0,0.08,1.0,4,50.0,0.09,1.5,4,25.0,0.05,2.0,4,100.0,0.14,2.3,3,66.6,0.13,1.7,3,33.3,0.11,2.0,B2,B2,A1,0.0,55.0,2025,1,2024-05-01,2024-10-31,114,2,0,0,0,0,0,0,0,0,0,0,0,0,0,0,2,1,0,1,0,0,0,0,0,0,0,0,0,1,0,2,1,0,0,0,0,0,0,0,0,0,0,1,3,0,0,0,0,0,0,0,0,0,0,0,0,2,0,0,1,0,0,0,0,0,0,0,0,0,0,1,0,0,0,1,1,0,0,0,0,0,0,0,0,0,0,0,0,茨城
4826,井上一輝,イノウエ カズキ,大阪,A1,H,060507,1,30,157,52,O,6.61,46.2,35,32,145,6,1,0.12,30,86.6,0.12,2.4,23,52.1,0.13,3.1,24,37.5,0.14,2.9,28,35.7,0.11,2.4,20,30.0,0.12,2.7,20,20.0,0.12,2.5,A1,A1,A1,60.0,54.0,2025,1,2024-05-01,2024-10-31,114,23,3,2,0,1,1,0,0,0,0,0,0,0,0,2,10,7,1,3,0,0,0,0,0,0,0,0,0,4,5,6,5,3,1,0,0,0,0,0,0,0,0,4,6,9,6,2,0,0,0,0,0,0,0,1,0,2,4,7,4,2,1,0,0,0,0,0,0,0,0,0,4,6,4,3,3,0,0,0,0,0,0,0,0,0,0,0,0,大阪
4828,松山将吾,マツヤマ ショウゴ,滋賀,A2,H,060823,1,30,165,52,A,5.99,38.5,32,25,148,1,0,0.12,27,85.1,0.12,1.8,25,40.0,0.11,2.2,26,34.6,0.13,2.2,24,33.3,0.11,2.0,23,21.7,0.13,2.5,22,9.0,0.16,4.3,A1,A1,A1,60.0,57.0,2025,1,2024-05-01,2024-10-31,114,20,3,2,0,2,0,0,0,0,0,0,0,0,0,2,8,5,6,2,1,0,0,0,0,0,0,1,0,2,7,5,5,4,3,0,0,0,0,0,0,0,0,4,4,8,4,2,2,0,0,0,0,0,1,0,0,3,2,8,2,5,3,0,0,0,0,0,0,0,0,1,1,1,6,5,8,0,0,0,0,0,0,0,0,0,0,0,1,京都
4831,羽野直也,ハノ ナオヤ,福岡,A1,H,070329,1,29,167,55,AB,6.88,37.5,26,19,120,1,0,0.12,22,86.3,0.12,2.8,21,38.1,0.11,2.6,16,31.2,0.11,2.3,19,36.8,0.12,2.4,23,21.7,0.11,3.0,19,5.2,0.16,4.3,A1,A1,A1,70.0,71.0,2025,1,2024-05-01,2024-10-31,114,17,2,1,1,1,0,0,0,0,0,0,0,0,0,5,3,3,4,3,2,1,0,0,0,0,0,0,0,1,4,5,1,3,2,0,0,0,0,0,0,0,0,2,5,9,1,1,1,0,0,0,0,0,0,0,0,1,4,4,4,7,3,0,0,0,0,0,0,0,0,0,1,4,3,6,5,0,0,0,0,0,0,0,0,0,0,0,0,福岡
4832,権藤俊光,ゴンドウ トシミツ,大阪,A1,S,611210,1,38,171,53,A,7.09,54.8,38,24,113,7,2,0.13,26,80.7,0.13,3.0,15,66.6,0.13,2.5,18,55.5,0.15,3.0,20,50.0,0.12,2.4,11,45.4,0.14,3.3,22,27.2,0.14,3.2,A1,A1,A1,57.0,55.0,2025,1,2024-05-01,2024-10-31,115,15,6,3,0,1,0,0,0,0,0,0,0,0,1,7,3,4,0,0,1,0,0,0,0,0,0,0,0,4,6,4,2,0,1,1,0,0,0,0,0,0,0,7,3,7,1,0,2,0,0,0,0,0,0,0,0,4,1,3,1,2,0,0,0,0,0,0,0,0,0,1,5,6,3,3,4,0,0,0,0,0,0,0,0,0,0,0,1,大阪
4834,浜本裕己,ハマモト ユウキ,大阪,B1,S,621013,1,37,168,52,AB,4.05,14.1,7,8,106,0,0,0.18,13,61.5,0.17,3.0,21,9.5,0.2,4.5,15,13.3,0.16,3.6,20,0.0,0.18,3.6,22,13.6,0.17,3.6,15,0.0,0.16,3.7,B1,B1,B1,46.0,46.0,2025,1,2024-05-01,2024-10-31,115,7,1,0,3,1,1,0,0,0,0,0,0,0,0,0,2,8,5,5,1,0,0,0,0,0,0,0,0,0,2,4,3,1,3,1,0,0,0,0,0,1,0,0,0,5,4,8,3,0,0,0,0,0,0,0,0,0,3,5,2,8,4,0,0,0,0,0,0,0,0,0,0,0,5,7,3,0,0,0,0,0,0,0,0,0,0,0,0,大阪
4835,橋本明,ハシモト アキラ,広島,B1,S,630612,1,36,161,53,O,4.83,25.0,10,17,108,1,0,0.18,12,33.3,0.22,4.5,19,42.1,0.18,3.8,16,12.5,0.15,3.0,25,32.0,0.19,3.7,17,23.5,0.19,3.6,19,5.2,0.17,4.1,B1,B1,A2,48.0,49.0,2025,1,2024-05-01,2024-10-31,115,3,1,1,4,0,2,1,0,0,0,0,0,0,0,1,7,5,3,2,1,0,0,0,0,0,0,0,0,2,0,4,6,2,2,0,0,0,0,0,0,0,0,3,5,4,7,3,3,0,0,0,0,0,0,0,0,0,4,4,3,5,1,0,0,0,0,0,0,0,0,1,0,2,6,5,5,0,0,0,0,0,0,0,0,0,0,0,0,広島
4836,大谷健太,オオタニ ケンタ,埼玉,B1,S,631108,1,36,163,54,A,4.95,31.0,13,18,100,0,0,0.15,12,75.0,0.13,2.8,18,22.2,0.2,4.6,17,41.1,0.15,3.5,22,36.3,0.12,2.7,18,11.1,0.18,3.7,13,7.6,0.14,3.5,B1,B1,B1,47.0,47.0,2025,1,2024-05-01,2024-10-31,115,5,4,2,1,0,0,0,0,0,0,0,0,0,0,2,2,2,5,2,5,0,0,0,0,0,1,0,0,0,7,2,2,3,3,0,0,0,0,0,0,0,0,4,4,3,3,3,5,0,0,0,0,0,0,0,0,2,0,6,4,0,6,0,0,0,0,0,0,0,0,0,1,5,0,1,4,0,0,0,0,0,1,2,0,0,0,0,0,埼玉
4837,酒井陽祐,サカイ ヨウスケ,愛知,B1,H,010308,1,35,165,51,B,4.4,21.6,10,11,97,0,0,0.16,12,50.0,0.16,2.5,21,23.8,0.15,3.9,17,29.4,0.13,3.0,13,15.3,0.18,3.7,18,11.1,0.17,3.1,16,6.2,0.19,3.8,B1,B1,B1,46.0,46.0,2025,1,2024-05-01,2024-10-31,115,4,2,2,2,1,1,0,0,0,0,0,0,0,0,2,3,5,4,3,3,0,0,0,0,0,0,1,0,3,2,0,4,5,3,0,0,0,0,0,0,0,0,0,2,0,5,2,3,0,0,0,0,0,0,1,0,1,1,7,3,2,4,0,0,0,0,0,0,0,0,0,1,4,1,5,5,0,0,0,0,0,0,0,0,0,0,0,0,愛知
4839,四宮与寛,シノミヤ トモヒロ,徳島,A2,H,020620,1,34,166,55,O,5.62,39.3,22,26,122,2,0,0.13,21,76.1,0.14,2.7,20,45.0,0.12,2.5,17,41.1,0.14,2.7,24,29.1,0.13,2.5,18,33.3,0.1,1.6,22,13.6,0.12,2.8,A2,A1,B1,53.0,51.0,2025,1,2024-05-01,2024-10-31,115,13,3,1,1,1,1,1,0,0,0,0,0,0,0,4,5,1,4,4,2,0,0,0,0,0,0,0,0,3,4,5,0,2,3,0,0,0,0,0,0,0,0,1,6,4,9,4,0,0,0,0,0,0,0,0,0,0,6,3,3,2,4,0,0,0,0,0,0,0,0,1,2,5,3,4,7,0,0,0,0,0,0,0,0,0,0,0,0,徳島
4840,鈴木秀茉,スズキ シュウマ,静岡,B1,H,030813,1,33,165,53,A,4.42,20.7,11,11,106,0,0,0.18,15,60.0,0.16,3.0,21,33.3,0.16,3.3,16,6.2,0.18,4.1,17,17.6,0.17,3.8,24,8.3,0.19,3.9,13,0.0,0.22,4.5,B1,B1,B1,49.0,47.0,2025,1,2024-05-01,2024-10-31,115,6,3,1,2,2,1,0,0,0,0,0,0,0,0,4,3,5,3,3,3,0,0,0,0,0,0,0,0,0,1,3,2,5,5,0,0,0,0,0,0,0,0,1,2,3,4,4,2,1,0,0,0,0,0,0,0,0,2,7,6,7,2,0,0,0,0,0,0,0,0,0,0,3,1,3,6,0,0,0,0,0,0,0,0,0,0,0,0,静岡
4842,山下昂大,ヤマシタ コウダイ,岡山,B1,H,040425,1,32,162,55,O,5.21,29.8,10,13,77,1,0,0.17,11,81.8,0.15,2.2,12,41.6,0.17,3.5,11,36.3,0.17,3.1,11,9.0,0.2,4.0,15,26.6,0.14,3.2,17,0.0,0.21,4.7,B1,A1,A1,52.0,49.0,2025,1,2024-05-01,2024-10-31,115,7,2,1,0,0,0,1,0,0,0,0,0,0,0,2,3,3,4,0,0,0,0,0,0,0,0,0,0,0,4,2,1,2,2,0,0,0,0,0,0,0,0,0,1,3,5,0,1,0,0,0,0,0,0,1,0,1,3,3,2,3,2,1,0,0,0,0,0,0,0,0,0,6,3,4,4,0,0,0,0,0,0,0,0,0,0,0,0,岡山
4843,深尾巴恵,フカオ トモエ,静岡,B1,H,040925,2,32,157,47,B,4.69,27.7,15,15,108,1,0,0.17,14,42.8,0.2,3.9,17,11.7,0.18,3.5,20,40.0,0.16,3.0,22,36.3,0.17,3.5,18,16.6,0.15,2.8,17,17.6,0.18,3.1,B1,A2,B1,49.0,47.0,2025,1,2024-05-01,2024-10-31,115,5,1,1,0,3,4,0,0,0,0,0,0,0,0,0,2,2,7,4,2,0,0,0,0,0,0,0,0,3,5,2,1,3,6,0,0,0,0,0,0,0,0,4,4,5,4,4,1,0,0,0,0,0,0,0,0,2,1,3,3,6,3,0,0,0,0,0,0,0,0,1,2,2,4,4,4,0,0,0,0,0,0,0,0,0,0,0,0,群馬
4844,村上奈穂,ムラカミ ナホ,広島,B1,H,050113,2,31,156,50,AB,4.25,17.9,9,7,89,0,0,0.19,12,41.6,0.19,3.4,18,33.3,0.16,3.7,17,5.8,0.19,3.8,14,21.4,0.17,3.6,16,6.2,0.21,4.4,12,0.0,0.25,5.3,B1,B2,B1,46.0,46.0,2025,1,2024-05-01,2024-10-31,115,3,2,1,1,3,1,1,0,0,0,0,0,0,0,4,2,4,6,1,1,0,0,0,0,0,0,0,0,0,1,1,7,6,2,0,0,0,0,0,0,0,0,2,1,4,1,5,1,0,0,0,0,0,0,0,0,0,1,1,5,6,3,0,0,0,0,0,0,0,0,0,0,3,2,3,4,0,0,0,0,0,0,0,0,0,0,0,0,島根
4845,前田紗希,マエダ サキ,埼玉,A1,H,050221,2,31,158,47,O,6.49,51.4,37,17,105,4,1,0.15,23,91.3,0.13,2.0,21,47.6,0.15,2.8,15,60.0,0.18,2.5,17,58.8,0.14,2.7,13,23.0,0.17,2.8,16,6.2,0.17,3.3,A2,B1,A2,49.0,52.0,2025,1,2024-05-01,2024-10-31,115,19,2,0,0,1,1,0,0,0,0,0,0,0,0,6,4,4,5,0,2,0,0,0,0,0,0,0,0,4,5,1,0,3,1,0,0,0,0,0,0,1,0,6,4,3,3,0,0,1,0,0,0,0,0,0,0,2,1,2,6,2,0,0,0,0,0,0,0,0,0,0,1,2,3,4,6,0,0,0,0,0,0,0,0,0,0,0,0,埼玉
4846,佐藤駿介,サトウ シュンスケ,山口,B1,H,050923,1,31,169,52,A,4.83,36.8,18,20,103,0,0,0.14,16,81.2,0.15,3.1,18,55.5,0.13,2.4,18,38.8,0.13,2.6,20,25.0,0.14,3.0,17,11.7,0.15,3.2,14,7.1,0.16,3.4,B1,B1,B1,47.0,46.0,2025,1,2024-05-01,2024-10-31,115,12,1,1,0,1,1,0,0,0,0,0,0,0,0,3,7,5,0,1,2,0,0,0,0,0,0,0,0,2,5,2,3,1,5,0,0,0,0,0,0,0,0,1,4,2,1,6,6,0,0,0,0,0,0,0,0,0,2,1,1,5,8,0,0,0,0,0,0,0,0,0,1,0,2,2,9,0,0,0,0,0,0,0,0,0,0,1,0,山口
4847,佐藤隆太郎,サトウ リュウタロウ,東京,A1,H,060507,1,30,166,55,O,6.82,46.0,42,22,139,6,5,0.15,32,87.5,0.14,3.5,19,36.8,0.17,3.6,22,45.4,0.11,2.6,19,57.8,0.12,2.6,21,23.8,0.13,3.0,26,11.5,0.2,4.2,A1,A1,A1,60.0,62.0,2025,1,2024-05-01,2024-10-31,115,22,6,1,2,1,0,0,0,0,0,0,0,0,0,1,6,6,3,2,1,0,0,0,0,0,0,0,0,7,3,4,0,6,2,0,0,0,0,0,0,0,0,7,4,2,3,2,1,0,0,0,0,0,0,0,0,4,1,5,6,2,2,0,0,0,0,0,0,1,0,1,2,8,3,4,7,0,0,0,0,0,0,1,0,0,0,0,0,東京
4848,仲谷颯仁,ナカタニ ハヤト,福岡,A1,H,060820,1,30,162,52,O,7.36,55.3,51,21,130,5,2,0.14,34,79.4,0.12,2.3,18,61.1,0.15,2.4,24,45.8,0.12,3.0,20,50.0,0.17,3.5,19,47.3,0.17,3.3,15,26.6,0.17,4.1,A1,A1,A1,62.0,61.0,2025,1,2024-05-01,2024-10-31,115,27,0,3,3,1,0,0,0,0,0,0,0,0,0,8,3,2,4,1,0,0,0,0,0,0,0,0,0,5,6,5,4,3,1,0,0,0,0,0,0,0,0,4,6,2,5,1,2,0,0,0,0,0,0,0,0,5,4,3,3,4,0,0,0,0,0,0,0,0,0,2,2,2,5,2,2,0,0,0,0,0,0,0,0,0,0,0,0,福岡
4850,野中一平,ノナカ イッペイ,愛知,A1,H,061017,1,30,160,53,A,6.7,52.9,28,34,117,7,2,0.11,26,73.0,0.12,2.4,18,61.1,0.11,2.4,18,61.1,0.11,2.4,21,52.3,0.09,1.9,14,42.8,0.13,2.3,20,20.0,0.11,2.6,A1,A1,A2,59.0,57.0,2025,1,2024-05-01,2024-10-31,115,15,4,2,2,1,1,1,0,0,0,0,0,0,0,3,8,3,3,0,1,0,0,0,0,0,0,0,0,3,8,3,2,1,1,0,0,0,0,0,0,0,0,5,6,2,2,3,3,0,0,0,0,0,0,0,0,1,5,2,5,1,0,0,0,0,0,0,0,0,0,1,3,3,3,5,5,0,0,0,0,0,0,0,0,0,0,0,0,岐阜
4851,関浩哉,セキ ヒロヤ,群馬,A1,H,061116,1,30,158,50,O,7.48,51.9,34,34,131,7,2,0.14,27,92.5,0.1,2.6,19,47.3,0.16,4.2,19,52.6,0.13,3.3,21,52.3,0.18,4.2,24,37.5,0.13,3.0,21,19.0,0.15,4.1,A1,A1,A1,67.0,70.0,2025,1,2024-05-01,2024-10-31,115,24,1,1,0,1,0,0,0,0,0,0,0,0,0,4,5,4,3,2,1,0,0,0,0,0,1,0,0,0,10,2,3,2,2,0,0,0,0,0,0,0,0,3,8,4,3,1,2,0,0,0,0,0,0,0,0,3,6,4,4,4,3,0,0,0,0,0,0,0,0,0,4,7,3,3,4,0,0,0,0,0,0,0,0,0,0,0,0,群馬
4852,川原祐明,カワハラ ヒロアキ,香川,A2,H,061224,1,30,163,53,AB,6.17,40.0,27,23,125,2,0,0.16,24,79.1,0.17,4.0,21,52.3,0.15,4.0,16,43.7,0.15,3.5,22,22.7,0.15,3.3,22,22.7,0.16,3.0,20,15.0,0.18,4.3,A2,A1,A1,56.0,54.0,2025,1,2024-05-01,2024-10-31,115,14,5,1,2,1,1,0,0,0,0,0,0,0,0,5,6,5,3,1,1,0,0,0,0,0,0,0,0,2,5,6,0,2,1,0,0,0,0,0,0,0,0,2,3,7,3,4,3,0,0,0,0,0,0,0,0,2,3,9,3,4,1,0,0,0,0,0,0,0,0,2,1,5,2,7,3,0,0,0,0,0,0,0,0,0,0,0,0,愛媛
4853,前原哉,マエハラ チカ,岡山,B1,H,070123,2,29,157,44,O,4.8,28.7,15,23,132,3,0,0.19,20,55.0,0.16,3.1,26,30.7,0.19,3.3,24,33.3,0.19,3.4,24,25.0,0.21,4.1,20,15.0,0.18,4.2,18,11.1,0.21,4.6,B1,B2,B1,46.0,48.0,2025,1,2024-05-01,2024-10-31,115,9,2,4,2,1,2,0,0,0,0,0,0,0,0,3,5,2,8,4,4,0,0,0,0,0,0,0,0,1,7,3,5,4,4,0,0,0,0,0,0,0,0,1,5,3,5,5,5,0,0,0,0,0,0,0,0,1,2,3,2,7,5,0,0,0,0,0,0,0,0,0,2,3,7,2,4,0,0,0,0,0,0,0,0,0,0,0,0,岡山
4854,大橋由珠,オオハシ ユズ,東京,B2,H,070309,2,29,159,44,O,0.0,0.0,0,0,0,0,0,0.0,0,0.0,0.0,0.0,0,0.0,0.0,0.0,0,0.0,0.0,0.0,0,0.0,0.0,0.0,0,0.0,0.0,0.0,0,0.0,0.0,0.0,B2,B2,B1,0.0,0.0,2025,1,2024-05-01,2024-10-31,115,0,0,0,0,0,0,0,0,0,0,0,0,0,0,0,0,0,0,0,0,0,0,0,0,0,0,0,0,0,0,0,0,0,0,0,0,0,0,0,0,0,0,0,0,0,0,0,0,0,0,0,0,0,0,0,0,0,0,0,0,0,0,0,0,0,0,0,0,0,0,0,0,0,0,0,0,0,0,0,0,0,0,0,0,0,0,0,0,茨城
4856,豊田健士郎,トヨダ ケンシロウ,三重,A1,H,080313,1,28,168,54,O,7.04,52.7,52,26,148,7,5,0.14,36,83.3,0.13,2.3,25,64.0,0.17,2.9,19,63.1,0.14,3.1,25,36.0,0.14,3.4,26,34.6,0.14,3.0,17,11.7,0.16,3.7,A1,A1,A1,64.0,61.0,2025,1,2024-05-01,2024-10-31,115,28,2,0,3,3,0,0,0,0,0,0,0,0,0,10,6,3,2,1,3,0,0,0,0,0,0,0,0,5,7,2,2,3,0,0,0,0,0,0,0,0,0,4,5,5,4,5,2,0,0,0,0,0,0,0,0,4,5,6,3,6,2,0,0,0,0,0,0,0,0,1,1,3,7,3,2,0,0,0,0,0,0,0,0,0,0,0,0,三重
4857,加藤翔馬,カトウ ショウマ,兵庫,A2,H,090509,1,27,172,58,A,6.23,44.8,19,16,78,0,0,0.18,12,91.6,0.13,3.1,16,62.5,0.16,3.9,14,50.0,0.19,3.3,10,20.0,0.2,4.0,13,23.0,0.2,4.3,13,15.3,0.18,4.5,B1,A2,B1,46.0,52.0,2025,1,2024-05-01,2024-10-31,115,7,4,0,0,0,1,0,0,0,0,0,0,0,0,5,5,2,2,1,1,0,0,0,0,0,1,0,0,4,3,2,1,1,3,0,0,0,0,0,0,0,0,1,1,6,1,1,0,0,0,0,0,0,0,0,0,2,1,5,3,2,0,0,0,0,0,0,0,0,0,0,2,1,5,4,1,0,0,0,0,0,0,0,0,0,0,1,0,兵庫
4861,田中宏樹,タナカ ヒロキ,福岡,B1,S,630415,1,36,161,54,AB,5.18,29.9,17,18,117,2,1,0.17,16,68.7,0.17,3.6,26,34.6,0.18,4.2,14,28.5,0.15,2.5,16,31.2,0.16,3.8,22,13.6,0.16,4.2,23,13.0,0.17,3.0,B1,B1,B1,50.0,49.0,2025,1,2024-05-01,2024-10-31,116,8,3,3,1,0,1,0,0,0,0,0,0,0,0,2,7,8,6,1,2,0,0,0,0,0,0,0,0,1,3,5,0,2,3,0,0,0,0,0,0,0,0,3,2,3,3,1,4,0,0,0,0,0,0,0,0,1,2,3,6,7,3,0,0,0,0,0,0,0,0,2,1,3,6,5,6,0,0,0,0,0,0,0,0,0,0,0,0,宮崎
4863,三浦裕貴,ミウラ ユウキ,東京,B1,S,631219,1,36,170,54,O,4.74,27.5,8,16,87,2,0,0.16,12,58.3,0.16,2.5,16,37.5,0.16,3.1,15,13.3,0.17,3.3,9,33.3,0.17,4.1,21,19.0,0.16,2.9,14,14.2,0.13,3.4,B1,B1,B1,48.0,48.0,2025,1,2024-05-01,2024-10-31,116,5,2,2,2,1,0,0,0,0,0,0,0,0,0,2,4,1,4,3,2,0,0,0,0,0,0,0,0,0,2,3,3,4,2,1,0,0,0,0,0,0,0,0,3,3,2,0,1,0,0,0,0,0,0,0,0,1,3,3,2,9,3,0,0,0,0,0,0,0,0,0,2,1,5,2,4,0,0,0,0,0,0,0,0,0,0,0,0,北海道
4864,小川日紀太,オガワ ニキタ,福岡,B1,H,010903,1,35,163,53,A,4.29,22.5,12,11,102,0,0,0.14,14,50.0,0.15,3.1,14,50.0,0.15,3.1,22,22.7,0.14,2.4,19,15.7,0.13,2.6,21,4.7,0.13,3.0,12,0.0,0.13,2.1,B1,B1,B1,47.0,46.0,2025,1,2024-05-01,2024-10-31,116,5,2,2,2,1,1,0,0,0,0,0,0,1,0,3,4,3,0,3,1,0,0,0,0,0,0,0,0,2,3,3,6,3,5,0,0,0,0,0,0,0,0,2,1,2,3,6,5,0,0,0,0,0,0,0,0,0,1,4,4,7,5,0,0,0,0,0,1,0,0,0,0,2,1,4,5,0,0,0,0,0,0,0,0,0,0,1,0,宮崎
4865,立具敬司,タテグ ケイジ,大阪,B1,H,020224,1,34,170,52,A,4.32,21.3,4,12,75,0,0,0.16,10,40.0,0.15,2.7,9,22.2,0.14,3.7,19,21.0,0.17,3.4,12,25.0,0.14,3.7,13,23.0,0.17,3.0,12,0.0,0.18,3.8,B1,B1,B1,44.0,47.0,2025,1,2024-05-01,2024-10-31,116,1,3,3,2,0,1,0,0,0,0,0,1,0,0,0,2,0,4,2,1,0,0,0,0,0,0,0,0,2,2,4,2,3,4,0,0,0,0,0,0,2,0,0,3,3,2,2,1,1,0,0,0,0,0,0,0,1,2,3,2,2,3,0,0,0,0,0,0,0,0,0,0,0,2,8,2,0,0,0,0,0,0,0,0,0,0,2,0,和歌山
4866,橋本英一,ハシモト ヒデカズ,福岡,B1,H,020404,1,34,165,56,A,4.66,30.3,11,23,112,0,0,0.15,16,43.7,0.14,2.0,21,38.1,0.15,3.0,21,33.3,0.15,2.7,17,29.4,0.14,3.1,19,31.5,0.15,2.7,18,5.5,0.15,3.8,B1,B1,B1,47.0,47.0,2025,1,2024-05-01,2024-10-31,116,4,3,4,1,2,2,0,0,0,0,0,0,0,0,0,8,5,5,1,2,0,0,0,0,0,0,0,0,2,5,2,3,1,8,0,0,0,0,0,0,0,0,1,4,3,4,2,3,0,0,0,0,0,0,0,0,4,2,0,2,5,6,0,0,0,0,0,0,0,0,0,1,3,2,3,9,0,0,0,0,0,0,0,0,0,0,0,0,福岡
4870,新田有理,ニッタ ユリ,広島,B2,H,040114,2,32,151,48,B,0.0,0.0,0,0,0,0,0,0.0,0,0.0,0.0,0.0,0,0.0,0.0,0.0,0,0.0,0.0,0.0,0,0.0,0.0,0.0,0,0.0,0.0,0.0,0,0.0,0.0,0.0,B2,B2,B2,0.0,0.0,2025,1,2024-05-01,2024-10-31,116,0,0,0,0,0,0,0,0,0,0,0,0,0,0,0,0,0,0,0,0,0,0,0,0,0,0,0,0,0,0,0,0,0,0,0,0,0,0,0,0,0,0,0,0,0,0,0,0,0,0,0,0,0,0,0,0,0,0,0,0,0,0,0,0,0,0,0,0,0,0,0,0,0,0,0,0,0,0,0,0,0,0,0,0,0,0,0,0,広島
4871,菊池宏志,キクチ ヒロシ,山口,B1,H,040624,1,32,169,55,A,4.84,28.2,15,18,117,0,0,0.15,17,76.4,0.15,2.8,18,38.8,0.16,4.3,23,21.7,0.17,3.0,17,29.4,0.16,3.1,24,12.5,0.14,3.0,18,0.0,0.15,3.3,B1,B1,B1,45.0,48.0,2025,1,2024-05-01,2024-10-31,116,9,4,0,1,1,2,0,0,0,0,0,0,0,0,2,5,4,4,0,3,0,0,0,0,0,0,0,0,1,4,7,4,4,3,0,0,0,0,0,0,0,0,2,3,2,2,3,5,0,0,0,0,0,0,0,0,1,2,5,7,4,5,0,0,0,0,0,0,0,0,0,0,3,3,8,4,0,0,0,0,0,0,0,0,0,0,0,0,山口
4872,山下流心,ヤマシタ リュウシン,広島,B1,H,050322,1,31,169,54,O,4.29,22.6,10,14,106,1,0,0.16,12,41.6,0.13,3.7,20,40.0,0.15,3.6,20,35.0,0.16,3.7,21,14.2,0.15,2.8,24,4.1,0.16,3.6,9,0.0,0.17,4.8,B1,A2,A2,48.0,47.0,2025,1,2024-05-01,2024-10-31,116,3,2,3,1,2,1,0,0,0,0,0,0,0,0,3,5,2,3,3,4,0,0,0,0,0,0,0,0,2,5,0,3,3,7,0,0,0,0,0,0,0,0,2,1,6,7,3,2,0,0,0,0,0,0,0,0,0,1,2,4,10,7,0,0,0,0,0,0,0,0,0,0,1,1,7,0,0,0,0,0,0,0,0,0,0,0,0,0,広島
4873,蒲原健太,カモハラ ケンタ,佐賀,A2,H,051028,1,31,153,53,A,5.53,32.9,14,18,97,2,0,0.2,17,58.8,0.21,3.8,21,42.8,0.18,3.4,17,29.4,0.19,4.2,21,33.3,0.21,4.0,13,7.6,0.2,4.8,8,0.0,0.23,5.3,B1,B1,B1,47.0,51.0,2025,1,2024-05-01,2024-10-31,116,8,2,4,1,2,0,0,0,0,0,0,0,0,0,4,5,4,6,0,2,0,0,0,0,0,0,0,0,0,5,4,4,1,3,0,0,0,0,0,0,0,0,2,5,7,2,2,3,0,0,0,0,0,0,0,0,0,1,3,3,2,4,0,0,0,0,0,0,0,0,0,0,1,4,2,1,0,0,0,0,0,0,0,0,0,0,0,0,佐賀
4874,池田奈津美,イケダ ナツミ,福岡,B1,H,060116,2,30,161,53,A,4.74,29.4,8,17,85,0,0,0.15,16,43.7,0.14,2.8,46,26.0,0.15,2.8,21,28.5,0.13,2.3,1,0.0,0.2,2.0,1,0.0,0.18,4.0,0,0.0,0.0,0.0,B1,B1,B1,46.0,48.0,2025,1,2024-05-01,2024-10-31,116,2,5,1,4,0,4,0,0,0,0,0,0,0,0,2,10,2,10,12,10,0,0,0,0,0,0,0,0,4,2,8,2,2,3,0,0,0,0,0,0,0,0,0,0,1,0,0,0,0,0,0,0,0,0,0,0,0,0,1,0,0,0,0,0,0,0,0,0,0,0,0,0,0,0,0,0,0,0,0,0,0,0,0,0,0,0,0,0,福岡
4875,大塚康雅,オオツカ ヤスマサ,東京,B1,H,060715,1,30,166,51,O,4.56,24.0,16,9,104,0,0,0.16,16,68.7,0.14,2.4,20,25.0,0.17,3.8,16,31.2,0.14,3.1,18,16.6,0.18,4.1,20,5.0,0.16,3.4,14,0.0,0.15,4.5,B1,B1,B1,48.0,47.0,2025,1,2024-05-01,2024-10-31,116,9,2,2,2,1,0,0,0,0,0,0,0,0,0,3,2,5,5,4,1,0,0,0,0,0,0,0,0,2,3,1,4,4,2,0,0,0,0,0,0,0,0,2,1,5,1,6,3,0,0,0,0,0,0,0,0,0,1,3,4,10,2,0,0,0,0,0,0,0,0,0,0,0,2,5,6,0,0,0,0,0,0,1,0,0,0,0,0,神奈川
4876,梅木敬太,ウメキ ケイタ,福井,B1,H,060821,1,30,164,55,B,4.58,27.4,15,16,113,0,0,0.18,16,75.0,0.15,4.4,19,26.3,0.2,3.7,19,36.8,0.17,3.8,20,15.0,0.2,3.5,18,16.6,0.17,3.4,21,4.7,0.17,3.6,B1,B1,B1,47.0,47.0,2025,1,2024-05-01,2024-10-31,116,11,1,2,0,0,2,0,0,0,0,0,0,0,0,2,3,2,3,6,3,0,0,0,0,0,0,0,0,0,7,4,5,2,1,0,0,0,0,0,0,0,0,0,3,3,3,6,5,0,0,0,0,0,0,0,0,1,2,3,4,4,4,0,0,0,0,0,0,0,0,1,0,2,3,6,9,0,0,0,0,0,0,0,0,0,0,0,0,福井
4877,鈴谷一平,スズタニ イッペイ,兵庫,A2,H,060914,1,30,176,57,AB,5.86,42.7,27,23,117,2,0,0.15,22,59.0,0.16,3.2,16,62.5,0.15,2.9,18,50.0,0.12,2.3,20,45.0,0.15,3.2,20,25.0,0.15,3.0,21,19.0,0.16,4.0,A2,A1,A1,61.0,53.0,2025,1,2024-05-01,2024-10-31,116,10,3,1,2,2,2,2,0,0,0,0,0,0,0,5,5,1,2,2,1,0,0,0,0,0,0,0,0,3,6,1,3,5,0,0,0,0,0,0,0,0,0,5,4,4,3,3,1,0,0,0,0,0,0,0,0,2,3,3,2,4,6,0,0,0,0,0,1,0,0,2,2,2,5,8,2,0,0,0,0,0,0,0,0,0,0,0,0,兵庫
4878,西岡育未,ニシオカ イクミ,徳島,B1,H,061122,2,30,158,48,B,4.0,19.7,5,10,76,0,0,0.17,12,58.3,0.14,2.2,13,23.0,0.18,3.6,16,18.7,0.17,3.1,12,16.6,0.21,3.4,14,0.0,0.15,2.7,9,0.0,0.16,3.2,B1,B1,B1,49.0,46.0,2025,1,2024-05-01,2024-10-31,116,4,3,1,1,2,0,1,0,0,0,0,0,0,0,0,3,2,3,1,4,0,0,0,0,0,0,0,0,1,2,3,3,2,5,0,0,0,0,0,0,0,0,0,2,1,1,7,1,0,0,0,0,0,0,0,0,0,0,0,3,4,7,0,0,0,0,0,0,0,0,0,0,3,1,4,1,0,0,0,0,0,0,0,0,0,0,1,0,徳島
4879,山崎鉄平,ヤマサキ テッペイ,佐賀,B1,H,070105,1,29,164,53,O,5.02,26.6,15,13,105,2,0,0.16,15,53.3,0.18,3.9,16,43.7,0.14,3.2,15,26.6,0.17,3.5,11,27.2,0.16,3.0,26,15.3,0.14,2.8,22,9.0,0.18,4.3,B1,B1,B1,48.0,49.0,2025,1,2024-05-01,2024-10-31,116,6,2,2,1,1,3,0,0,0,0,0,0,0,0,3,4,1,4,2,2,0,0,0,0,0,0,0,0,2,2,5,2,3,1,0,0,0,0,0,0,0,0,0,3,4,1,3,0,0,0,0,0,0,0,0,0,2,2,4,4,8,5,1,0,0,0,0,0,0,0,2,0,7,7,4,2,0,0,0,0,0,0,0,0,0,0,1,0,佐賀
4880,澤崎雄哉,サワザキ ユウヤ,東京,B1,H,070506,1,29,165,52,B,4.61,22.6,6,11,75,0,0,0.18,11,63.6,0.2,4.7,13,15.3,0.22,4.5,15,20.0,0.14,3.6,10,10.0,0.2,4.0,15,13.3,0.17,4.3,11,18.1,0.19,3.9,A2,B1,A2,51.0,48.0,2025,1,2024-05-01,2024-10-31,116,4,3,3,0,0,0,1,0,0,0,0,0,0,0,0,2,5,0,3,3,0,0,0,0,0,0,0,0,0,3,4,1,3,3,1,0,0,0,0,0,0,0,1,0,2,4,0,3,0,0,0,0,0,0,0,0,0,2,3,4,2,4,0,0,0,0,0,0,0,0,1,1,0,4,1,4,0,0,0,0,0,0,0,0,0,0,0,0,東京
4881,檀将太,ダン ショウタ,福岡,B1,H,071123,1,29,165,52,AB,3.17,14.2,2,7,63,0,0,0.17,6,16.6,0.16,3.8,10,0.0,0.16,3.8,12,25.0,0.17,3.3,12,16.6,0.16,3.5,12,25.0,0.17,3.8,11,0.0,0.2,5.1,B2,B2,B2,42.0,41.0,2025,1,2024-05-01,2024-10-31,116,0,1,1,1,0,2,1,0,0,0,0,0,0,0,0,0,0,3,0,7,0,0,0,0,0,0,0,0,0,3,1,1,2,5,0,0,0,0,0,0,0,0,1,1,1,4,2,3,0,0,0,0,0,0,0,0,1,2,1,3,0,5,0,0,0,0,0,0,0,0,0,0,0,2,5,4,0,0,0,0,0,0,0,0,0,0,0,0,福岡
4882,瀧川千依,タキカワ チヨリ,広島,B1,H,071201,2,29,155,45,B,3.85,12.3,4,5,73,0,0,0.23,9,33.3,0.27,4.1,14,14.2,0.25,4.4,14,7.1,0.24,4.4,13,7.6,0.2,3.8,12,16.6,0.2,3.8,11,0.0,0.24,5.1,B2,B2,B2,0.0,45.0,2025,1,2024-05-01,2024-10-31,116,2,1,2,1,2,1,0,0,0,0,0,0,0,0,0,2,4,2,3,3,0,0,0,0,0,1,0,0,1,0,3,2,4,4,0,0,0,0,0,0,0,0,1,0,3,1,5,3,0,0,0,0,0,0,0,0,0,2,3,3,2,2,0,0,0,0,0,0,0,0,0,0,2,1,6,2,0,0,0,0,0,0,0,0,0,0,0,0,埼玉
4883,岡部大輝,オカベ ダイキ,東京,A2,H,071227,1,29,166,53,O,6.03,41.4,16,25,99,2,0,0.14,16,62.5,0.1,1.5,22,45.4,0.18,3.1,16,37.5,0.1,1.9,14,50.0,0.17,3.7,16,31.2,0.15,3.6,15,20.0,0.17,3.9,B1,A2,A2,50.0,52.0,2025,1,2024-05-01,2024-10-31,116,9,1,1,3,1,0,1,0,0,0,0,0,0,0,0,10,4,5,2,1,0,0,0,0,0,0,0,0,2,4,6,3,1,0,0,0,0,0,0,0,0,0,3,4,3,2,1,1,0,0,0,0,0,0,0,0,1,4,5,2,1,2,1,0,0,0,0,0,0,0,1,2,3,5,2,2,0,0,0,0,0,0,0,0,0,0,0,0,東京
4884,勝浦真帆,カツウラ マホ,岡山,A2,H,071230,2,29,155,51,B,5.99,42.0,39,22,145,3,1,0.13,27,85.1,0.15,2.9,24,54.1,0.13,2.5,24,41.6,0.12,2.1,23,34.7,0.13,2.4,28,14.2,0.12,2.7,19,15.7,0.14,3.3,B1,B1,B1,48.0,52.0,2025,1,2024-05-01,2024-10-31,116,18,5,2,1,1,0,0,0,0,0,0,0,0,0,6,7,5,1,1,4,0,0,0,0,0,0,0,0,7,3,4,2,4,4,0,0,0,0,0,0,0,0,5,3,5,4,1,5,0,0,0,0,0,0,0,0,1,3,4,10,8,2,0,0,0,0,0,0,0,0,2,1,4,3,7,2,0,0,0,0,0,0,0,0,0,0,0,0,岡山
4885,大山千広,オオヤマ チヒロ,福岡,B2,H,080205,2,28,161,50,O,0.0,0.0,0,0,0,0,0,0.0,0,0.0,0.0,0.0,0,0.0,0.0,0.0,0,0.0,0.0,0.0,0,0.0,0.0,0.0,0,0.0,0.0,0.0,0,0.0,0.0,0.0,B2,A2,A2,0.0,0.0,2025,1,2024-05-01,2024-10-31,116,0,0,0,0,0,0,0,0,0,0,0,0,0,0,0,0,0,0,0,0,0,0,0,0,0,0,0,0,0,0,0,0,0,0,0,0,0,0,0,0,0,0,0,0,0,0,0,0,0,0,0,0,0,0,0,0,0,0,0,0,0,0,0,0,0,0,0,0,0,0,0,0,0,0,0,0,0,0,0,0,0,0,0,0,0,0,0,0,福岡
4886,入海馨,イルミ ケイ,岡山,A1,H,080227,1,28,169,55,A,7.31,58.0,41,24,112,6,3,0.15,26,92.3,0.15,3.4,17,47.0,0.17,3.8,18,66.6,0.16,3.3,15,73.3,0.14,2.3,21,38.1,0.17,3.3,15,13.3,0.15,3.3,A1,A1,A1,60.0,58.0,2025,1,2024-05-01,2024-10-31,116,21,3,0,1,0,1,0,0,0,0,0,0,0,0,5,3,3,1,3,1,1,0,0,0,0,0,0,0,7,5,6,0,0,0,0,0,0,0,0,0,0,0,7,4,1,0,2,1,0,0,0,0,0,0,0,0,1,7,4,4,4,1,0,0,0,0,0,0,0,0,0,2,5,6,0,1,0,0,0,0,0,0,0,1,0,0,0,0,岡山
4887,富澤祐作,トミザワ ユウサク,群馬,A2,S,611117,1,38,168,57,B,5.52,37.2,26,18,118,1,1,0.12,19,68.4,0.12,2.4,20,45.0,0.13,2.7,19,52.6,0.13,2.1,17,47.0,0.09,1.9,20,20.0,0.11,2.5,23,0.0,0.15,3.4,B1,B1,A2,50.0,50.0,2025,1,2024-05-01,2024-10-31,117,13,0,3,1,0,2,0,0,0,0,0,0,0,0,5,4,4,2,2,3,0,0,0,0,0,0,0,0,4,6,4,2,2,1,0,0,0,0,0,0,0,0,2,6,3,0,4,2,0,0,0,0,0,0,0,0,2,2,2,6,4,4,0,0,0,0,0,0,0,0,0,0,4,7,6,6,0,0,0,0,0,0,0,0,0,0,0,0,群馬
4888,金児隆太,カネコ リュウタ,群馬,A2,S,620915,1,37,165,53,A,5.77,36.7,31,16,128,2,0,0.16,31,67.7,0.17,3.4,20,30.0,0.18,4.0,24,29.1,0.15,3.3,21,38.1,0.16,2.8,19,21.0,0.15,2.7,13,7.6,0.15,3.5,A2,A2,A2,53.0,52.0,2025,1,2024-05-01,2024-10-31,117,19,2,1,6,2,1,0,0,0,0,0,0,0,0,4,2,7,3,3,1,0,0,0,0,0,0,0,0,3,4,2,5,2,7,0,0,0,0,0,0,0,1,4,4,4,6,1,1,0,0,0,0,0,0,1,0,1,3,5,3,5,1,0,0,0,0,0,0,0,1,0,1,2,4,2,4,0,0,0,0,0,0,0,0,0,0,0,0,長野
4889,後藤盛也,ゴトウ セイヤ,東京,A2,S,631101,1,36,169,52,B,5.65,39.4,23,20,109,2,1,0.13,19,73.6,0.11,2.0,17,47.0,0.14,3.4,20,30.0,0.14,2.5,17,35.2,0.1,1.8,17,35.2,0.12,2.4,19,15.7,0.15,3.2,A2,A2,B1,49.0,50.0,2025,1,2024-05-01,2024-10-31,117,13,1,3,2,0,0,0,0,0,0,0,0,0,0,5,3,1,4,1,2,0,0,0,0,0,0,1,0,3,3,2,5,5,1,1,0,0,0,0,0,0,0,1,5,4,4,3,0,0,0,0,0,0,0,0,0,1,5,3,4,2,2,0,0,0,0,0,0,0,0,0,3,2,3,7,4,0,0,0,0,0,0,0,0,0,0,0,0,神奈川
4890,石川諒,イシカワ リョウ,山口,B1,H,010222,1,35,163,52,A,5.25,34.4,19,22,119,0,0,0.13,23,69.5,0.13,2.7,16,31.2,0.13,2.8,21,47.6,0.14,3.1,21,28.5,0.14,2.4,15,26.6,0.13,2.5,21,0.0,0.12,2.9,A2,B1,B1,50.0,49.0,2025,1,2024-05-01,2024-10-31,117,14,2,2,1,0,3,1,0,0,0,0,0,0,0,2,3,4,6,0,1,0,0,0,0,0,0,0,0,3,7,2,4,3,2,0,0,0,0,0,0,0,0,0,6,5,4,2,4,0,0,0,0,0,0,0,0,0,4,2,4,4,1,0,0,0,0,0,0,0,0,0,0,2,8,9,2,0,0,0,0,0,0,0,0,0,0,0,2,山口
4891,寺島美里,テラシマ ミサト,東京,A2,H,011022,2,35,152,47,A,5.52,34.0,19,15,100,0,0,0.15,17,64.7,0.16,3.0,18,44.4,0.14,3.5,17,35.2,0.16,3.5,16,31.2,0.17,3.4,20,15.0,0.14,2.5,12,8.3,0.15,4.3,B1,B1,B1,49.0,50.0,2025,1,2024-05-01,2024-10-31,117,9,2,2,2,2,0,0,0,0,0,0,0,0,0,3,5,4,3,0,2,1,0,0,0,0,1,0,0,2,4,5,3,2,1,0,0,0,0,0,0,0,0,3,2,5,2,1,3,0,0,0,0,0,0,0,0,1,2,4,5,4,4,0,0,0,0,0,0,0,0,1,0,2,3,4,2,0,0,0,0,0,0,0,0,0,0,0,0,福島
4892,柴田直哉,シバタ ナオヤ,福岡,B1,H,020623,1,34,166,56,B,4.93,30.1,16,15,103,1,0,0.19,13,69.2,0.19,3.6,20,35.0,0.18,4.0,18,55.5,0.15,3.1,17,23.5,0.2,4.2,19,5.2,0.18,3.7,16,0.0,0.23,5.1,B1,B1,B1,49.0,48.0,2025,1,2024-05-01,2024-10-31,117,7,2,0,1,2,1,0,0,0,0,0,0,0,0,2,5,4,5,1,3,0,0,0,0,0,0,0,0,7,3,1,2,4,1,0,0,0,0,0,0,0,0,0,4,4,2,4,3,0,0,0,0,0,0,0,0,0,1,3,5,6,4,0,0,0,0,0,0,0,0,0,0,4,3,4,5,0,0,0,0,0,0,0,0,0,0,0,0,福岡
4893,渡邉真奈美,ワタナベ マナミ,東京,B1,H,020906,2,34,157,47,A,5.41,29.9,16,16,107,1,0,0.15,16,68.7,0.16,2.9,22,31.8,0.17,2.8,23,43.4,0.14,2.7,16,12.5,0.15,2.7,18,11.1,0.15,2.6,12,0.0,0.13,2.8,B1,B1,B1,49.0,51.0,2025,1,2024-05-01,2024-10-31,117,5,6,0,0,4,1,0,0,0,0,0,0,0,0,4,3,4,6,4,1,0,0,0,0,0,0,0,0,6,4,7,4,1,1,0,0,0,0,0,0,0,0,1,1,4,5,2,3,0,0,0,0,0,0,0,0,0,2,6,3,7,0,0,0,0,0,0,0,0,0,0,0,4,5,2,1,0,0,0,0,0,0,0,0,0,0,0,0,千葉
4894,原村拓也,ハラムラ タクヤ,香川,B1,H,030315,1,33,174,53,A,5.11,31.7,19,21,126,2,0,0.15,18,72.2,0.15,3.0,23,39.1,0.14,2.9,24,25.0,0.15,2.6,25,28.0,0.13,2.6,21,23.8,0.15,2.7,15,0.0,0.16,4.0,B1,B1,B1,48.0,49.0,2025,1,2024-05-01,2024-10-31,117,8,5,1,1,1,2,0,0,0,0,0,0,0,0,3,6,3,4,2,5,0,0,0,0,0,0,0,0,2,4,6,4,6,2,0,0,0,0,0,0,0,0,5,2,6,6,5,1,0,0,0,0,0,0,0,0,1,4,4,2,7,3,0,0,0,0,0,1,0,0,0,0,2,3,5,5,0,0,0,0,0,0,0,0,0,0,0,0,香川
4895,門間雄大,モンマ ユウタ,東京,B1,H,030506,1,33,169,56,B,4.74,23.0,13,14,117,0,0,0.16,17,70.5,0.15,2.7,19,31.5,0.18,3.8,20,5.0,0.14,2.5,16,25.0,0.19,3.3,25,12.0,0.16,3.0,20,5.0,0.16,3.5,B1,A2,B1,46.0,48.0,2025,1,2024-05-01,2024-10-31,117,11,1,1,2,1,1,0,0,0,0,0,0,0,0,0,6,4,5,2,2,0,0,0,0,0,0,0,0,0,1,8,7,2,2,0,0,0,0,0,0,0,0,2,2,1,5,5,1,0,0,0,0,0,0,0,0,0,3,5,8,2,6,1,0,0,0,0,0,0,0,0,1,4,2,9,4,0,0,0,0,0,0,0,0,0,0,0,0,北海道
4896,花本剛,ハナモト ゴウ,山口,B1,H,031018,1,33,165,59,A,3.72,14.4,4,7,76,0,0,0.19,9,33.3,0.16,4.4,16,18.7,0.21,4.3,15,20.0,0.17,3.5,13,7.6,0.18,3.9,12,0.0,0.17,3.6,11,9.0,0.25,5.5,B1,B1,B1,48.0,44.0,2025,1,2024-05-01,2024-10-31,117,2,1,1,3,0,2,0,0,0,0,0,0,0,0,1,2,1,2,6,4,0,0,0,0,0,0,0,0,1,2,3,3,3,2,1,0,0,0,0,0,0,0,0,1,2,4,5,1,0,0,0,0,0,0,0,0,0,0,3,1,6,2,0,0,0,0,0,1,0,0,0,1,1,1,6,2,0,0,0,0,0,0,0,0,0,0,0,0,山口
4897,深見亜由美,フカミ アユミ,愛知,B2,H,031019,2,33,149,45,O,0.0,0.0,0,0,0,0,0,0.0,0,0.0,0.0,0.0,0,0.0,0.0,0.0,0,0.0,0.0,0.0,0,0.0,0.0,0.0,0,0.0,0.0,0.0,0,0.0,0.0,0.0,B1,A2,B1,49.0,0.0,2025,1,2024-05-01,2024-10-31,117,0,0,0,0,0,0,0,0,0,0,0,0,0,0,0,0,0,0,0,0,0,0,0,0,0,0,0,0,0,0,0,0,0,0,0,0,0,0,0,0,0,0,0,0,0,0,0,0,0,0,0,0,0,0,0,0,0,0,0,0,0,0,0,0,0,0,0,0,0,0,0,0,0,0,0,0,0,0,0,0,0,0,0,0,0,0,0,0,愛知
4898,菊地敬介,キクチ ケイスケ,埼玉,B2,H,031122,1,33,167,64,B,3.65,16.2,6,1,43,0,0,0.18,5,40.0,0.22,4.8,5,20.0,0.2,4.4,12,16.6,0.16,3.4,4,50.0,0.13,2.5,8,0.0,0.14,3.3,9,0.0,0.23,4.4,B1,B1,B2,46.0,42.0,2025,1,2024-05-01,2024-10-31,117,2,0,0,1,1,1,0,0,0,0,0,0,0,0,1,0,0,0,2,2,0,0,0,0,0,0,0,0,2,0,1,5,2,0,1,0,0,0,0,0,1,0,1,1,0,1,1,0,0,0,0,0,0,0,0,0,0,0,1,1,4,2,0,0,0,0,0,0,0,0,0,0,0,3,3,2,1,0,0,0,0,0,0,0,0,0,0,0,埼玉
4899,占部一真,ウラベ カズマ,福岡,B1,H,031222,1,33,169,53,O,3.72,20.4,10,9,93,0,0,0.18,11,45.4,0.12,2.1,14,35.7,0.18,3.9,16,31.2,0.18,3.7,18,11.1,0.19,4.1,17,11.7,0.2,3.6,17,0.0,0.18,3.6,B1,B1,B2,45.0,43.0,2025,1,2024-05-01,2024-10-31,117,5,0,1,0,1,4,0,0,0,0,0,0,0,0,1,4,2,2,3,2,0,0,0,0,0,0,0,0,2,3,3,1,3,4,0,0,0,0,0,0,0,0,1,1,1,2,3,9,1,0,0,0,0,0,0,0,1,1,1,2,5,7,0,0,0,0,0,0,0,0,0,0,3,2,4,8,0,0,0,0,0,0,0,0,0,0,0,0,福岡
4900,中田夕貴,ナカダ ユキ,埼玉,A2,H,040929,2,32,154,47,AB,5.95,44.0,24,20,100,1,0,0.16,16,93.7,0.16,2.1,19,78.9,0.17,3.2,19,26.3,0.13,2.6,18,33.3,0.16,2.8,16,12.5,0.17,3.2,12,8.3,0.15,3.4,B1,B2,B1,49.0,51.0,2025,1,2024-05-01,2024-10-31,117,12,3,1,0,0,0,0,0,0,0,0,0,0,0,7,8,0,1,3,0,0,0,0,0,0,0,0,0,1,4,4,3,5,2,0,0,0,0,0,0,0,0,3,3,3,2,2,5,0,0,0,0,0,0,0,0,0,2,5,5,3,1,0,0,0,0,0,0,0,0,1,0,2,4,4,1,0,0,0,0,0,0,0,0,0,0,4,0,埼玉
4901,出口舞有子,デグチ マアコ,愛知,B2,H,041211,2,32,157,48,O,0.0,0.0,0,0,0,0,0,0.0,0,0.0,0.0,0.0,0,0.0,0.0,0.0,0,0.0,0.0,0.0,0,0.0,0.0,0.0,0,0.0,0.0,0.0,0,0.0,0.0,0.0,B2,B2,A2,0.0,0.0,2025,1,2024-05-01,2024-10-31,117,0,0,0,0,0,0,0,0,0,0,0,0,0,0,0,0,0,0,0,0,0,0,0,0,0,0,0,0,0,0,0,0,0,0,0,0,0,0,0,0,0,0,0,0,0,0,0,0,0,0,0,0,0,0,0,0,0,0,0,0,0,0,0,0,0,0,0,0,0,0,0,0,0,0,0,0,0,0,0,0,0,0,0,0,0,0,0,0,愛知
4902,山川雄大,ヤマカワ タカヒロ,兵庫,B1,H,050306,1,31,162,51,A,4.39,25.0,15,12,108,1,0,0.17,14,57.1,0.19,3.5,17,29.4,0.18,4.1,20,35.0,0.16,3.4,20,30.0,0.15,2.8,20,5.0,0.19,3.8,17,0.0,0.17,3.6,B1,B1,B1,49.0,45.0,2025,1,2024-05-01,2024-10-31,117,7,1,1,0,0,5,0,0,0,0,0,0,0,0,2,3,4,3,2,2,0,0,0,0,0,0,1,0,3,4,3,6,0,4,0,0,0,0,0,0,0,0,2,4,4,1,2,7,0,0,0,0,0,0,0,0,1,0,3,2,9,5,0,0,0,0,0,0,0,0,0,0,2,3,4,7,1,0,0,0,0,0,0,0,0,0,0,0,兵庫
4903,吉田凌太朗,ヨシダ リョウタロウ,愛知,A1,H,050922,1,31,166,52,A,6.66,51.4,44,25,134,5,1,0.16,25,88.0,0.13,2.2,25,52.0,0.19,4.0,27,48.1,0.19,3.6,17,35.2,0.15,3.1,19,57.8,0.13,2.5,21,19.0,0.15,2.5,A1,B1,A1,53.0,53.0,2025,1,2024-05-01,2024-10-31,117,18,4,2,0,0,0,1,0,0,0,0,0,0,0,9,4,2,6,2,2,0,0,0,0,0,0,0,0,8,5,2,7,3,2,0,0,0,0,0,0,0,0,2,4,4,1,4,2,0,0,0,0,0,0,0,0,6,5,2,5,1,0,0,0,0,0,0,0,0,0,1,3,6,6,3,2,0,0,0,0,0,0,0,0,0,0,0,0,愛知
4904,松本一毅,マツモト カズキ,大阪,A2,H,060830,1,30,165,53,A,5.46,34.6,23,21,127,1,0,0.16,19,73.6,0.14,2.9,25,40.0,0.15,3.4,22,31.8,0.17,3.8,15,33.3,0.15,2.8,26,19.2,0.14,2.9,20,15.0,0.2,4.1,A2,B1,B1,50.0,50.0,2025,1,2024-05-01,2024-10-31,117,12,2,0,0,4,1,0,0,0,0,0,0,0,0,5,5,9,2,1,3,0,0,0,0,0,0,0,0,3,4,5,3,6,1,0,0,0,0,0,0,0,0,2,3,4,2,3,1,0,0,0,0,0,0,0,0,1,4,3,10,2,6,0,0,0,0,0,1,0,0,0,3,4,5,4,4,0,0,0,0,0,0,0,0,0,0,1,0,大阪
4905,土井祥伍,ドイ ショウゴ,大阪,B1,H,061110,1,30,165,54,A,4.57,28.5,16,18,119,0,0,0.16,17,76.4,0.13,2.8,21,28.5,0.16,3.3,24,41.6,0.15,2.6,21,14.2,0.18,3.5,25,4.0,0.17,3.9,11,9.0,0.21,4.6,B1,B1,B1,47.0,47.0,2025,1,2024-05-01,2024-10-31,117,11,2,1,0,1,2,0,0,0,0,0,0,0,0,3,3,1,5,5,4,0,0,0,0,0,0,0,0,2,8,3,5,4,2,0,0,0,0,0,0,0,0,0,3,4,1,5,8,0,0,0,0,0,0,0,0,0,1,5,6,8,5,0,0,0,0,0,0,0,0,0,1,1,1,3,5,0,0,0,0,0,0,0,0,0,0,0,0,大阪
4906,鈴木雅希,スズキ マサキ,東京,B1,H,070422,1,29,167,53,O,4.96,28.5,15,19,119,1,0,0.15,19,57.8,0.17,3.2,16,50.0,0.16,3.1,21,33.3,0.14,2.9,17,5.8,0.14,2.6,22,18.1,0.16,3.1,24,12.5,0.16,3.7,A2,B1,B2,51.0,48.0,2025,1,2024-05-01,2024-10-31,117,6,5,3,2,2,1,0,0,0,0,0,0,0,0,3,5,2,0,4,2,0,0,0,0,0,0,0,0,3,4,8,2,3,1,0,0,0,0,0,1,0,0,0,1,7,2,2,4,1,0,0,0,0,0,0,0,2,2,3,3,7,5,0,0,0,0,0,0,0,0,1,2,4,6,5,6,0,0,0,0,0,0,0,0,0,0,1,0,神奈川
4907,小池修平,コイケ シュウヘイ,大阪,A1,H,070604,1,29,174,54,A,7.16,57.8,34,25,102,7,0,0.14,21,66.6,0.14,3.2,15,60.0,0.12,2.9,13,61.5,0.14,2.7,21,61.9,0.13,3.0,18,50.0,0.15,2.7,14,42.8,0.14,3.1,A1,A1,A1,65.0,59.0,2025,1,2024-05-01,2024-10-31,117,13,1,4,0,2,0,1,0,0,0,0,0,0,0,4,5,3,2,1,0,0,0,0,0,0,0,0,0,4,4,2,1,0,1,0,0,0,0,0,0,1,0,6,7,0,1,3,4,0,0,0,0,0,0,0,0,4,5,2,1,2,3,1,0,0,0,0,1,0,0,3,3,4,3,1,0,0,0,0,0,0,1,0,0,0,0,0,0,大阪
4908,上田龍星,ウエダ リュウセイ,大阪,A1,H,070715,1,29,167,53,O,7.14,53.4,39,16,103,6,1,0.13,26,88.4,0.13,2.8,13,69.2,0.11,2.6,17,35.2,0.12,2.8,20,45.0,0.14,3.1,19,42.1,0.13,2.9,8,0.0,0.18,3.7,A1,A1,A1,59.0,58.0,2025,1,2024-05-01,2024-10-31,117,21,2,0,1,1,1,0,0,0,0,0,0,0,0,6,3,1,2,0,1,0,0,0,0,0,1,0,0,4,2,5,3,2,1,0,0,0,0,0,0,0,0,5,4,2,8,0,1,0,0,0,0,0,0,0,0,3,5,5,2,3,1,0,0,0,0,0,0,0,0,0,0,3,0,2,3,0,0,0,0,0,1,0,0,0,0,0,0,大阪
4909,薮内瑞希,ヤブウチ ミズキ,岡山,B1,H,071004,2,29,147,44,O,5.16,31.0,14,18,103,1,0,0.15,19,63.1,0.15,3.2,17,47.0,0.15,2.7,22,31.8,0.15,2.7,18,5.5,0.17,3.4,14,21.4,0.14,2.7,12,8.3,0.18,3.5,A2,B1,A2,52.0,50.0,2025,1,2024-05-01,2024-10-31,117,9,3,4,1,2,0,0,0,0,0,0,0,0,0,1,7,1,5,1,2,0,0,0,0,0,0,0,0,2,5,6,1,4,4,0,0,0,0,0,0,0,0,1,0,2,7,2,6,0,0,0,0,0,0,0,0,1,2,4,2,3,2,0,0,0,0,0,0,0,0,0,1,1,3,7,0,0,0,0,0,0,1,0,0,0,0,0,1,岡山
4910,中村泰平,ナカムラ タイヘイ,愛知,B1,H,080203,1,28,160,52,AB,5.1,33.3,8,16,72,0,0,0.17,12,58.3,0.17,3.5,11,36.3,0.2,4.2,10,50.0,0.18,4.0,13,30.7,0.15,3.8,10,30.0,0.17,3.3,16,6.2,0.19,4.4,A1,A2,A2,54.0,48.0,2025,1,2024-05-01,2024-10-31,117,5,2,1,1,1,1,1,0,0,0,0,0,0,0,1,3,3,1,2,0,1,0,0,0,0,0,0,0,0,5,2,1,2,0,0,0,0,0,0,0,0,0,2,2,3,3,1,2,0,0,0,0,0,0,0,0,0,3,2,3,0,2,0,0,0,0,0,0,0,0,0,1,3,2,4,6,0,0,0,0,0,0,0,0,0,0,0,0,愛知
4911,片岡大地,カタオカ ダイチ,東京,B1,H,080224,1,28,165,53,AB,3.9,16.2,5,8,80,0,0,0.15,8,37.5,0.16,2.6,13,15.3,0.17,3.8,16,12.5,0.14,2.7,17,17.6,0.16,2.9,17,11.7,0.14,2.8,9,11.1,0.18,2.7,B1,B1,B1,47.0,45.0,2025,1,2024-05-01,2024-10-31,117,2,1,1,2,0,1,1,0,0,0,0,0,0,0,1,1,3,3,3,2,0,0,0,0,0,0,0,0,1,1,4,3,4,3,0,0,0,0,0,0,0,0,0,3,3,3,5,3,0,0,0,0,0,0,0,0,0,2,1,2,7,5,0,0,0,0,0,0,0,0,1,0,0,3,5,0,0,0,0,0,0,0,0,0,0,0,0,0,千葉
4912,中山将太,ナカヤマ ショウタ,福井,B1,H,080302,1,28,169,54,O,4.74,27.4,8,12,73,0,0,0.15,9,77.7,0.13,2.4,14,28.5,0.17,3.3,13,23.0,0.19,3.0,8,0.0,0.11,2.7,14,21.4,0.13,3.7,15,20.0,0.15,3.7,B1,B1,B1,47.0,47.0,2025,1,2024-05-01,2024-10-31,117,4,3,1,1,0,0,0,0,0,0,0,0,0,0,1,3,4,2,3,1,0,0,0,0,0,1,0,0,1,2,2,0,1,7,0,0,0,0,0,0,0,0,0,0,3,1,1,2,1,0,0,0,0,0,0,0,1,2,1,4,5,1,0,0,0,0,0,0,0,0,1,2,3,4,2,3,0,0,0,0,0,0,0,0,0,0,0,0,富山
4914,吉田裕平,ヨシダ ユウヘイ,愛知,A1,H,081119,1,28,167,51,AB,7.66,60.8,50,26,125,7,3,0.13,33,96.9,0.13,1.9,17,52.9,0.13,2.9,19,68.4,0.13,3.1,17,35.2,0.14,2.6,18,38.8,0.16,2.8,21,42.8,0.12,3.0,A1,A1,A1,60.0,61.0,2025,1,2024-05-01,2024-10-31,117,30,2,0,0,0,1,0,0,0,0,0,0,0,0,8,1,4,0,3,1,0,0,0,0,0,0,0,0,6,7,4,1,1,0,0,0,0,0,0,0,0,0,2,4,5,2,3,1,0,0,0,0,0,0,0,0,3,4,4,5,2,0,0,0,0,0,0,0,0,0,1,8,5,4,1,2,0,0,0,0,0,0,0,0,0,0,0,0,愛知
4917,岩橋裕馬,イワハシ ユウマ,兵庫,B1,S,630801,1,36,165,54,O,4.42,20.9,11,19,143,0,0,0.16,17,64.7,0.16,3.9,30,30.0,0.18,3.7,21,23.8,0.15,3.1,27,11.1,0.16,3.4,29,3.4,0.14,2.7,19,5.2,0.17,3.6,B1,B1,B1,47.0,47.0,2025,1,2024-05-01,2024-10-31,118,9,2,2,1,1,2,0,0,0,0,0,0,0,0,0,9,5,9,4,2,0,0,0,0,0,0,1,0,2,3,3,9,2,2,0,0,0,0,0,0,0,0,0,3,3,8,11,2,0,0,0,0,0,0,0,0,0,1,8,9,7,4,0,0,0,0,0,0,0,0,0,1,0,5,5,8,0,0,0,0,0,0,0,0,0,0,0,0,大阪
4918,川島拓郎,カワシマ タクロウ,静岡,B1,S,631228,1,36,163,54,AB,4.56,20.3,8,14,108,0,0,0.16,16,50.0,0.2,3.3,18,22.2,0.17,3.7,16,12.5,0.13,2.9,20,15.0,0.17,3.1,23,17.3,0.14,3.2,15,6.6,0.19,3.9,B1,B1,B1,48.0,47.0,2025,1,2024-05-01,2024-10-31,118,5,3,4,1,3,0,0,0,0,0,0,0,0,0,1,3,3,4,4,3,0,0,0,0,0,0,0,0,0,2,8,3,3,0,0,0,0,0,0,0,0,0,1,2,4,7,1,5,0,0,0,0,0,0,0,0,1,3,3,6,3,6,1,0,0,0,0,0,0,0,0,1,3,3,4,4,0,0,0,0,0,0,0,0,0,0,0,0,静岡
4919,吉田翔悟,ヨシダ ショウゴ,長崎,B1,H,030117,1,33,167,54,A,4.72,28.2,12,21,117,1,0,0.14,15,73.3,0.12,2.0,22,36.3,0.15,2.7,21,19.0,0.13,3.0,18,16.6,0.15,2.9,24,25.0,0.12,2.8,17,5.8,0.18,4.3,B1,A2,B1,49.0,47.0,2025,1,2024-05-01,2024-10-31,118,7,4,2,0,1,1,0,0,0,0,0,0,0,0,3,5,4,4,3,3,0,0,0,0,0,0,0,0,1,3,4,3,1,8,0,0,0,0,0,0,0,1,0,3,2,9,2,2,0,0,0,0,0,0,0,0,1,5,4,9,1,4,0,0,0,0,0,0,0,0,0,1,1,3,3,9,0,0,0,0,0,1,0,0,0,0,0,0,長崎
4924,中北涼,ナカキタ リョウ,長崎,B1,H,041014,2,32,147,50,A,3.84,20.9,4,10,67,0,0,0.18,9,77.7,0.15,3.0,10,20.0,0.15,2.5,11,18.1,0.16,2.6,11,9.0,0.17,3.2,10,20.0,0.18,3.0,16,0.0,0.24,4.6,B1,B2,B1,48.0,43.0,2025,1,2024-05-01,2024-10-31,118,3,4,1,0,1,0,0,0,0,0,0,0,0,0,1,1,3,3,1,1,0,0,0,0,0,0,0,0,0,2,1,1,3,4,0,0,0,0,0,0,0,0,0,1,1,3,1,3,2,0,0,0,0,0,0,0,0,2,0,3,2,3,0,0,0,0,0,0,0,0,0,0,1,3,4,8,0,0,0,0,0,0,0,0,0,0,0,0,愛知
4925,森悠稀,モリ ユウキ,兵庫,A2,H,041208,1,32,167,54,A,5.9,38.9,21,32,136,4,1,0.13,17,76.4,0.15,2.6,26,42.3,0.15,3.7,28,35.7,0.13,2.1,25,32.0,0.11,2.2,20,25.0,0.1,2.4,20,30.0,0.13,2.4,B1,B1,A2,48.0,52.0,2025,1,2024-05-01,2024-10-31,118,9,4,1,2,0,1,0,0,0,0,0,0,0,0,2,9,8,3,3,1,0,0,0,0,0,0,0,0,4,6,8,5,4,1,0,0,0,0,0,0,0,0,3,5,7,2,6,2,0,0,0,0,0,0,0,0,1,4,4,4,6,1,0,0,0,0,0,0,0,0,2,4,6,3,1,4,0,0,0,0,0,0,0,0,0,0,0,0,兵庫
4926,吉川貴仁,ヨシカワ タカヒト,三重,A1,H,050715,1,31,165,53,A,6.44,50.5,23,24,93,5,1,0.14,20,80.0,0.12,2.2,13,61.5,0.14,3.1,14,57.1,0.12,2.7,14,57.1,0.15,3.1,17,41.1,0.14,2.8,15,0.0,0.16,3.9,A1,A1,A1,58.0,57.0,2025,1,2024-05-01,2024-10-31,118,12,4,2,1,0,1,0,0,0,0,0,0,0,0,2,6,1,0,2,2,0,0,0,0,0,0,0,0,3,5,1,3,2,0,0,0,0,0,0,0,0,0,1,7,1,4,0,1,0,0,0,0,0,0,0,0,5,2,2,3,4,1,0,0,0,0,0,0,0,0,0,0,2,3,5,4,0,0,0,0,0,0,1,0,0,0,0,0,三重
4927,関野文,セキノ アヤ,大阪,A1,H,051101,2,31,149,43,O,6.19,45.3,24,25,108,0,0,0.17,27,85.1,0.17,3.1,16,56.2,0.15,3.5,16,37.5,0.18,3.4,16,43.7,0.16,2.7,18,16.6,0.16,3.6,15,6.6,0.18,3.7,A1,A2,A2,53.0,54.0,2025,1,2024-05-01,2024-10-31,118,17,6,1,2,1,0,0,0,0,0,0,0,0,0,3,6,2,2,1,2,0,0,0,0,0,0,0,0,3,3,4,3,1,1,1,0,0,0,0,0,0,0,1,6,6,1,1,1,0,0,0,0,0,0,0,0,0,3,5,5,2,3,0,0,0,0,0,0,0,0,0,1,2,2,4,5,0,0,0,0,0,0,1,0,0,0,0,0,大阪
4928,栗城匠,クリキ ショウ,東京,A1,H,070526,1,29,166,52,A,6.48,47.8,27,17,92,4,0,0.16,16,81.2,0.13,2.7,14,64.2,0.17,3.2,20,50.0,0.16,3.1,13,30.7,0.2,3.6,14,35.7,0.14,3.0,15,20.0,0.15,3.5,A2,A2,A1,58.0,55.0,2025,1,2024-05-01,2024-10-31,118,11,2,1,0,1,0,1,0,0,0,0,0,0,0,5,4,2,1,2,0,0,0,0,0,0,0,0,0,6,4,2,4,1,3,0,0,0,0,0,0,0,0,3,1,3,3,2,1,0,0,0,0,0,0,0,0,1,4,1,6,1,1,0,0,0,0,0,0,0,0,1,2,3,0,4,5,0,0,0,0,0,0,0,0,0,0,0,0,東京
4930,佐藤悠,サトウ ユウ,福井,A2,H,071025,1,29,166,56,A,5.68,37.6,22,22,117,1,0,0.14,18,77.7,0.15,2.9,23,47.8,0.16,3.1,15,33.3,0.15,1.9,29,31.0,0.13,2.5,12,16.6,0.14,2.8,20,15.0,0.15,3.1,B1,B1,A2,50.0,51.0,2025,1,2024-05-01,2024-10-31,118,13,1,2,0,1,1,0,0,0,0,0,0,0,0,2,9,3,3,4,2,0,0,0,0,0,0,0,0,2,3,6,2,1,0,0,0,0,0,0,0,1,0,1,8,5,8,6,1,0,0,0,0,0,0,0,0,2,0,3,3,2,2,0,0,0,0,0,0,0,0,2,1,3,6,5,3,0,0,0,0,0,0,0,0,0,0,0,0,石川
4931,木谷賢太,キダニ ケンタ,香川,A1,H,071112,1,29,162,55,B,6.38,45.0,35,29,142,5,0,0.15,29,82.7,0.14,2.9,20,70.0,0.14,3.6,24,29.1,0.15,3.1,19,26.3,0.15,3.9,27,37.0,0.17,4.4,23,17.3,0.18,4.6,A2,A2,A2,54.0,54.0,2025,1,2024-05-01,2024-10-31,118,19,5,2,0,3,0,0,0,0,0,0,0,0,0,4,10,3,2,1,0,0,0,0,0,0,0,0,0,5,2,7,4,4,1,0,0,0,0,0,0,1,0,1,4,7,3,2,2,0,0,0,0,0,0,0,0,6,4,3,9,5,0,0,0,0,0,0,0,0,0,0,4,5,8,3,3,0,0,0,0,0,0,0,0,0,0,0,0,香川
4932,新開航,シンカイ ワタル,福岡,A1,H,080212,1,28,164,52,A,7.26,50.0,51,21,144,8,3,0.14,33,78.7,0.12,2.6,23,60.8,0.15,4.2,17,52.9,0.14,2.4,24,41.6,0.13,2.8,23,34.7,0.13,2.6,24,20.8,0.15,3.7,A1,A1,A1,67.0,65.0,2025,1,2024-05-01,2024-10-31,118,23,3,3,2,0,1,1,0,0,0,0,0,0,0,9,5,2,0,5,2,0,0,0,0,0,0,0,0,6,3,3,2,1,2,0,0,0,0,0,1,0,0,6,4,4,2,1,7,0,0,0,0,0,0,0,0,5,3,8,4,2,1,0,0,0,0,0,0,0,0,2,3,6,7,1,5,0,0,0,0,0,0,0,0,0,0,0,0,福岡
4933,板橋侑我,イタバシ ユウガ,静岡,A2,H,080603,1,28,170,54,O,5.53,33.3,22,18,120,0,0,0.16,23,78.2,0.14,3.1,16,25.0,0.14,3.5,19,21.0,0.13,3.1,25,28.0,0.16,3.0,23,26.0,0.17,2.9,14,7.1,0.2,4.6,A1,A1,A1,71.0,53.0,2025,1,2024-05-01,2024-10-31,118,15,3,1,1,1,1,1,0,0,0,0,0,0,0,1,3,3,4,0,5,0,0,0,0,0,0,0,0,1,3,7,2,2,3,1,0,0,0,0,0,0,0,2,5,7,5,1,4,0,0,0,0,0,0,0,1,3,3,4,3,5,5,0,0,0,0,0,0,0,0,0,1,5,3,3,2,0,0,0,0,0,0,0,0,0,0,0,0,静岡
4934,佐々木翔斗,ササキ ショウト,大阪,A2,H,080701,1,28,167,57,O,5.86,41.5,20,29,118,3,0,0.16,24,75.0,0.15,2.8,22,50.0,0.17,3.5,17,29.4,0.17,3.7,20,35.0,0.15,3.4,20,30.0,0.17,3.9,15,13.3,0.16,4.3,A1,A2,A2,52.0,53.0,2025,1,2024-05-01,2024-10-31,118,15,3,1,3,0,2,0,0,0,0,0,0,0,0,1,10,4,2,3,2,0,0,0,0,0,0,0,0,2,3,4,3,4,1,0,0,0,0,0,0,0,0,2,5,8,0,3,2,0,0,0,0,0,0,0,0,0,6,5,2,4,3,0,0,0,0,0,2,0,0,0,2,2,3,4,4,0,0,0,0,0,0,0,0,0,0,1,0,大阪
4936,戸敷晃美,トジキ アキミ,福岡,A2,H,080823,2,28,160,49,O,5.52,30.6,14,9,75,0,0,0.15,10,50.0,0.13,3.3,14,42.8,0.13,3.0,13,69.2,0.15,2.8,10,10.0,0.17,3.8,17,11.7,0.16,3.5,10,0.0,0.19,4.3,B1,B1,A2,49.0,50.0,2025,1,2024-05-01,2024-10-31,118,5,0,2,1,2,0,0,0,0,0,0,0,0,0,3,3,3,2,0,2,1,0,0,0,0,0,0,0,5,4,1,2,0,1,0,0,0,0,0,0,0,0,1,0,5,3,0,1,0,0,0,0,0,1,0,0,0,2,6,6,2,1,0,0,0,0,0,0,0,0,0,0,1,3,2,3,0,0,0,0,0,0,1,0,0,0,0,1,宮崎
4938,小芦るり華,オアシ ルリカ,佐賀,B1,H,090909,2,27,161,51,B,4.57,23.6,6,12,76,1,0,0.17,9,55.5,0.18,2.9,12,16.6,0.17,3.2,14,35.7,0.14,3.4,21,19.0,0.18,4.0,10,10.0,0.16,3.7,10,10.0,0.16,4.5,B2,A2,A1,52.0,48.0,2025,1,2024-05-01,2024-10-31,118,4,1,2,0,2,0,0,0,0,0,0,0,0,0,0,2,2,4,2,2,0,0,0,0,0,0,0,0,2,3,2,2,4,1,0,0,0,0,0,0,0,0,0,4,3,6,6,2,0,0,0,0,0,0,0,0,0,1,3,0,3,3,0,0,0,0,0,0,0,0,0,1,2,2,3,2,0,0,0,0,0,0,0,0,0,0,0,0,佐賀
4939,宮之原輝紀,ミヤノハラ コウキ,東京,A1,H,091126,1,27,161,51,O,6.57,44.1,24,25,111,3,1,0.14,20,90.0,0.12,2.9,18,38.8,0.14,3.3,17,29.4,0.14,3.5,13,38.4,0.11,2.8,25,40.0,0.14,3.8,18,22.2,0.16,3.9,A1,A1,A1,65.0,66.0,2025,1,2024-05-01,2024-10-31,118,12,6,1,0,1,0,0,0,0,0,0,0,0,0,3,4,5,2,1,2,0,0,0,0,0,0,1,0,2,3,1,2,1,7,0,0,0,0,0,0,1,0,2,3,1,0,2,4,1,0,0,0,0,1,0,0,4,6,6,2,1,6,0,0,0,0,0,0,0,0,1,3,3,5,0,6,0,0,0,0,0,0,0,0,0,0,0,0,東京
4940,白石有美,シライシ アミ,東京,B2,H,100721,2,26,163,59,O,4.28,27.7,2,3,18,0,0,0.26,5,60.0,0.2,3.2,2,0.0,0.25,4.0,2,100.0,0.16,3.0,1,0.0,0.25,5.0,3,0.0,0.38,5.5,5,0.0,0.33,5.8,B2,B1,B2,41.0,44.0,2025,1,2024-05-01,2024-10-31,118,2,1,1,0,1,0,0,0,0,0,0,0,0,0,0,0,0,2,0,0,0,0,0,0,0,0,0,0,0,2,0,0,0,0,0,0,0,0,0,0,0,0,0,0,0,1,0,0,0,0,0,0,0,0,0,0,0,0,1,0,0,1,1,0,0,0,0,0,0,0,0,0,0,0,1,4,0,0,0,0,0,0,0,0,0,0,0,0,東京
4941,孫崎百世,マゴサキ モモヨ,滋賀,B1,S,631023,2,36,155,47,A,4.75,29.7,17,24,138,0,0,0.16,27,66.6,0.2,4.3,23,30.4,0.17,4.0,26,34.6,0.14,2.8,23,17.3,0.17,3.3,18,11.1,0.16,2.8,21,4.7,0.15,3.2,A2,B1,B1,50.0,48.0,2025,1,2024-05-01,2024-10-31,119,11,7,2,2,2,3,0,0,0,0,0,0,0,0,2,5,5,3,5,3,0,0,0,0,0,1,0,0,3,6,1,9,4,2,1,0,0,0,0,0,0,0,1,3,2,8,5,4,0,0,0,0,0,0,0,0,0,2,3,4,5,4,0,0,0,0,0,0,0,0,0,1,2,4,5,8,0,0,0,0,0,0,1,0,0,0,0,0,北海道
4942,柴田朋哉,シバタ トモヤ,福岡,B1,H,020623,1,34,165,54,B,5.1,26.9,15,16,115,0,0,0.16,17,64.7,0.16,3.1,20,25.0,0.18,3.8,21,23.8,0.17,3.2,20,35.0,0.14,2.4,20,5.0,0.13,3.2,17,11.7,0.17,3.9,B1,B1,B1,50.0,49.0,2025,1,2024-05-01,2024-10-31,119,8,3,2,1,3,0,0,0,0,0,0,0,0,0,3,2,2,5,3,4,0,0,0,0,0,0,1,0,1,4,2,8,1,5,0,0,0,0,0,0,0,0,3,4,6,5,2,0,0,0,0,0,0,0,0,0,0,1,7,6,4,2,0,0,0,0,0,0,0,0,0,2,6,3,3,3,0,0,0,0,0,0,0,0,0,0,0,0,福岡
4943,八木治樹,ヤギ ハルキ,愛知,B1,H,030307,1,33,163,54,B,5.32,32.3,15,17,99,1,0,0.14,16,75.0,0.13,2.3,15,40.0,0.15,2.9,16,43.7,0.13,2.4,20,25.0,0.12,2.4,15,0.0,0.17,3.1,17,11.7,0.15,3.5,A2,B1,B1,51.0,50.0,2025,1,2024-05-01,2024-10-31,119,9,3,2,1,1,0,0,0,0,0,0,0,0,0,2,4,3,2,2,2,0,0,0,0,0,0,0,0,2,5,0,2,3,4,0,0,0,0,0,1,0,0,2,3,1,7,5,2,0,0,0,0,0,0,0,0,0,0,3,7,4,1,0,0,0,0,0,0,0,0,0,2,8,5,1,1,0,0,0,0,0,0,0,0,0,0,0,0,愛知
4944,田代達也,タシロ タツヤ,東京,B1,H,030506,1,33,166,57,A,3.88,21.6,8,10,83,0,0,0.14,9,33.3,0.15,3.9,17,41.1,0.15,3.1,12,33.3,0.13,3.3,13,7.6,0.16,2.7,14,21.4,0.16,2.6,18,0.0,0.12,2.4,B2,B1,B1,39.0,44.0,2025,1,2024-05-01,2024-10-31,119,2,1,2,1,2,1,0,0,0,0,0,0,0,0,4,3,1,3,3,3,0,0,0,0,0,0,0,0,0,4,2,0,2,4,0,0,0,0,0,0,0,0,0,1,2,2,5,3,0,0,0,0,0,0,0,0,2,1,0,1,5,4,1,0,0,0,0,1,0,0,0,0,2,3,7,5,0,0,0,0,0,0,1,0,0,0,0,0,東京
4945,上村宏太,ウエムラ コウタ,東京,B1,H,040315,1,32,165,54,A,4.36,23.3,8,16,103,0,0,0.17,11,36.3,0.2,3.9,13,46.1,0.17,3.1,15,33.3,0.15,2.6,20,20.0,0.15,3.1,25,16.0,0.16,3.0,19,5.2,0.19,4.0,A2,B1,B1,51.0,46.0,2025,1,2024-05-01,2024-10-31,119,3,1,1,0,2,4,0,0,0,0,0,1,0,0,2,4,2,4,1,0,0,0,0,0,0,0,0,0,2,3,4,1,3,1,1,0,0,0,0,0,0,0,0,4,2,4,6,3,1,0,0,0,0,0,0,0,1,3,6,5,4,6,0,0,0,0,0,0,0,0,0,1,3,3,7,5,0,0,0,0,0,0,0,0,0,0,0,0,東京
4946,船越健吾,フナコシ ケンゴ,香川,B1,H,040315,1,32,168,54,B,4.18,22.6,4,18,97,0,0,0.17,9,55.5,0.1,1.9,16,18.7,0.21,3.9,18,16.6,0.21,3.8,17,41.1,0.14,3.1,15,13.3,0.15,3.0,22,9.0,0.16,2.8,B1,B1,B1,46.0,46.0,2025,1,2024-05-01,2024-10-31,119,4,1,0,2,1,0,1,0,0,0,0,0,0,0,0,3,1,3,4,5,0,0,0,0,0,0,0,0,0,3,4,5,4,2,0,0,0,0,0,0,0,0,0,7,2,2,2,4,0,0,0,0,0,1,0,0,0,2,2,5,6,0,0,0,0,0,0,0,0,0,0,2,3,5,5,6,1,0,0,0,0,0,0,0,0,0,0,0,愛媛
4947,間庭菜摘,マニワ ナツミ,福岡,B1,H,040806,2,32,161,48,AB,4.9,21.5,11,17,130,1,0,0.18,18,61.1,0.18,2.7,24,20.8,0.21,4.3,26,23.0,0.19,3.7,24,4.1,0.2,3.9,21,14.2,0.15,2.5,17,11.7,0.16,3.2,B1,B1,B1,48.0,49.0,2025,1,2024-05-01,2024-10-31,119,6,5,4,0,0,3,0,0,0,0,0,0,0,0,1,4,9,3,4,3,0,0,0,0,0,0,0,0,2,4,5,7,4,3,0,0,0,0,0,0,1,0,0,1,6,9,8,0,0,0,0,0,0,0,0,0,2,1,7,6,3,2,0,0,0,0,0,1,0,0,0,2,2,9,2,2,0,0,0,0,0,0,0,0,0,0,0,0,福岡
4948,木場悠介,コバ ユウスケ,長崎,B1,H,041008,1,32,170,53,A,5.43,33.9,15,25,118,1,0,0.15,21,85.7,0.13,2.3,16,31.2,0.15,3.3,22,45.4,0.15,3.6,21,14.2,0.16,3.5,19,5.2,0.14,3.4,19,15.7,0.18,3.5,A2,A2,A2,50.0,51.0,2025,1,2024-05-01,2024-10-31,119,10,8,0,1,0,1,1,0,0,0,0,0,0,0,2,3,4,4,2,1,0,0,0,0,0,0,0,0,2,8,4,4,2,2,0,0,0,0,0,0,0,0,0,3,7,7,2,2,0,0,0,0,0,0,0,0,0,1,7,3,4,4,0,0,0,0,0,0,0,0,1,2,2,5,2,7,0,0,0,0,0,0,0,0,0,0,0,0,鹿児島
4949,横田貴満,ヨコタ タカミツ,佐賀,A2,H,041105,1,32,161,51,A,6.11,47.1,29,38,142,2,0,0.14,25,84.0,0.12,2.5,23,43.4,0.15,3.3,26,50.0,0.14,2.7,23,52.1,0.14,2.6,20,30.0,0.14,2.7,25,20.0,0.16,3.3,A2,A2,A2,50.0,52.0,2025,1,2024-05-01,2024-10-31,119,17,4,1,2,0,0,1,0,0,0,0,0,0,0,2,8,2,6,2,3,0,0,0,0,0,1,0,0,3,10,2,7,3,1,0,0,0,0,0,0,0,0,4,8,3,4,4,0,0,0,0,0,0,0,0,0,3,3,6,3,3,2,0,0,0,0,0,0,0,0,0,5,5,3,9,3,0,0,0,0,0,0,0,0,0,0,0,0,熊本
4950,高岡竜也,タカオカ リュウヤ,山口,A2,H,050513,1,31,161,52,B,6.01,44.0,35,24,134,4,1,0.15,25,100.0,0.14,2.7,18,27.7,0.16,3.7,23,47.8,0.14,3.2,22,45.4,0.14,2.7,28,28.5,0.18,3.3,18,0.0,0.16,3.6,A2,A2,A2,51.0,51.0,2025,1,2024-05-01,2024-10-31,119,22,3,0,0,0,0,0,0,0,0,0,0,0,0,1,4,2,5,4,2,0,0,0,0,0,0,0,0,2,9,4,3,2,3,0,0,0,0,0,0,0,0,7,3,4,4,3,1,0,0,0,0,0,0,0,0,3,5,8,6,2,4,0,0,0,0,0,0,0,0,0,0,2,4,5,7,0,0,0,0,0,0,0,0,0,0,0,0,山口
4951,新田洋一,ニッタ ヨウイチ,広島,B1,H,050906,1,31,171,57,O,5.24,34.2,3,21,70,0,0,0.14,9,55.5,0.17,2.7,13,53.8,0.11,2.8,12,50.0,0.13,2.8,12,16.6,0.12,2.1,15,26.6,0.13,2.5,9,0.0,0.16,3.9,B2,B2,B1,50.0,49.0,2025,1,2024-05-01,2024-10-31,119,2,3,2,1,0,1,0,0,0,0,0,0,0,0,1,6,4,1,0,0,1,0,0,0,0,0,0,0,0,6,3,1,2,0,0,0,0,0,0,0,0,0,0,2,5,1,3,1,0,0,0,0,0,0,0,0,0,4,2,2,3,4,0,0,0,0,0,0,0,0,0,0,2,2,2,3,0,0,0,0,0,1,0,0,0,0,0,0,広島
4952,吉武真也,ヨシタケ シンヤ,福岡,B1,H,060210,1,30,167,55,O,3.08,11.8,3,4,59,0,0,0.16,6,16.6,0.2,3.8,10,30.0,0.16,3.7,10,0.0,0.14,2.8,11,18.1,0.14,3.1,8,12.5,0.16,3.0,14,0.0,0.18,3.5,B1,B1,B1,45.0,41.0,2025,1,2024-05-01,2024-10-31,119,1,0,1,1,0,2,1,0,0,0,0,0,0,0,2,1,0,1,3,3,0,0,0,0,0,0,0,0,0,0,2,3,4,1,0,0,0,0,0,1,0,0,0,2,1,2,3,3,0,0,0,0,0,0,0,0,0,1,0,3,1,2,0,0,0,0,0,0,1,0,0,0,0,1,6,7,0,0,0,0,0,0,0,0,0,0,1,0,福岡
4953,尾上雅也,オノウエ マサヤ,埼玉,A1,H,061024,1,30,170,53,A,6.34,51.0,39,37,149,6,0,0.15,28,85.7,0.14,3.0,26,46.1,0.14,3.3,25,60.0,0.16,3.2,27,44.4,0.15,3.3,18,50.0,0.14,2.8,25,16.0,0.18,3.6,A1,A2,A1,52.0,54.0,2025,1,2024-05-01,2024-10-31,119,22,2,1,0,2,1,0,0,0,0,0,0,0,0,6,6,3,5,4,2,0,0,0,0,0,0,0,0,6,9,2,2,4,2,0,0,0,0,0,0,0,0,2,10,4,4,6,1,0,0,0,0,0,0,0,0,3,6,4,1,1,3,0,0,0,0,0,0,0,0,0,4,5,6,4,6,0,0,0,0,0,0,0,0,0,0,0,0,埼玉
4954,内山峻輔,ウチヤマ シュンスケ,東京,B2,H,061222,1,30,175,54,A,5.81,43.7,1,6,16,0,0,0.15,3,66.6,0.13,1.3,3,33.3,0.16,4.0,3,66.6,0.18,3.0,3,33.3,0.14,2.3,1,0.0,0.11,4.0,3,33.3,0.15,1.3,A2,B1,A2,50.0,52.0,2025,1,2024-05-01,2024-10-31,119,0,2,1,0,0,0,0,0,0,0,0,0,0,0,0,1,0,1,0,1,0,0,0,0,0,0,0,0,0,2,0,1,0,0,0,0,0,0,0,0,0,0,1,0,0,2,0,0,0,0,0,0,0,0,0,0,0,0,0,1,0,0,0,0,0,0,0,0,0,0,0,1,1,0,1,0,0,0,0,0,0,0,0,0,0,0,0,0,東京
4956,齊藤大将,サイトウ ヒロマサ,東京,B1,H,070523,1,29,171,57,A,4.24,20.7,3,14,82,1,0,0.17,10,50.0,0.17,3.0,13,23.0,0.19,3.4,15,33.3,0.16,3.3,14,0.0,0.16,4.2,14,14.2,0.17,4.4,16,12.5,0.19,4.6,B1,B1,B2,47.0,46.0,2025,1,2024-05-01,2024-10-31,119,1,4,1,1,0,2,1,0,0,0,0,0,0,0,0,3,4,2,3,1,0,0,0,0,0,0,0,0,2,3,3,4,3,0,0,0,0,0,0,0,0,0,0,0,4,0,5,4,1,0,0,0,0,0,0,0,0,2,1,6,3,2,0,0,0,0,0,1,0,0,0,2,2,3,4,5,0,0,0,0,0,0,0,0,0,0,1,0,千葉
4957,竹之内極,タケノウチ キワム,福岡,B1,H,070608,1,29,163,56,A,4.06,25.0,4,12,64,1,0,0.19,7,85.7,0.12,2.5,3,33.3,0.08,2.0,11,27.2,0.18,3.7,6,33.3,0.15,2.7,9,44.4,0.15,3.6,28,0.0,0.24,5.4,A2,B1,B1,50.0,44.0,2025,1,2024-05-01,2024-10-31,119,3,3,0,0,0,0,1,0,0,0,0,0,0,0,0,1,1,1,0,0,0,0,0,0,0,0,0,0,0,3,3,0,0,4,1,0,0,0,0,0,0,0,0,2,1,0,3,0,0,0,0,0,0,0,0,0,1,3,2,2,1,0,0,0,0,0,0,0,0,0,0,0,3,1,10,14,0,0,0,0,0,0,0,0,0,0,0,0,鹿児島
4958,溝口海義也,ミゾグチ ミキヤ,福岡,A1,H,070627,1,29,167,55,A,6.38,41.6,29,23,125,3,0,0.15,30,73.3,0.14,3.0,19,36.8,0.15,3.4,22,36.3,0.16,3.3,22,40.9,0.12,2.6,19,26.3,0.15,4.4,13,7.6,0.16,3.5,A1,A2,A1,53.0,55.0,2025,1,2024-05-01,2024-10-31,119,18,4,2,5,1,0,0,0,0,0,0,0,0,0,3,4,5,4,1,2,0,0,0,0,0,0,0,0,3,5,8,3,3,0,0,0,0,0,0,1,0,0,3,6,4,7,2,0,0,0,0,0,0,0,0,0,2,3,4,3,4,2,1,0,0,0,0,0,0,0,0,1,7,3,1,1,0,0,0,0,0,1,0,0,0,0,0,0,福岡
4959,井上忠政,イノウエ タダマサ,大阪,A1,H,080304,1,28,172,54,B,7.22,57.5,52,32,146,9,4,0.15,37,89.1,0.14,2.8,22,77.2,0.14,2.9,22,54.5,0.16,3.0,24,41.6,0.14,3.1,26,30.7,0.15,3.0,15,26.6,0.16,4.6,A1,A1,A2,57.0,56.0,2025,1,2024-05-01,2024-10-31,119,30,3,3,0,0,0,1,0,0,0,0,0,0,0,7,10,1,1,3,0,0,0,0,0,0,0,0,0,5,7,6,2,1,1,0,0,0,0,0,0,0,0,4,6,8,1,3,0,0,0,0,0,0,0,1,1,5,3,7,6,4,1,0,0,0,0,0,0,0,0,1,3,3,1,2,4,0,0,0,0,0,0,1,0,0,0,0,0,大阪
4960,黒野元基,クロノ モトキ,愛知,A1,H,080522,1,28,161,53,B,6.88,52.2,51,31,157,7,3,0.16,37,86.4,0.18,3.6,28,57.1,0.15,2.9,24,50.0,0.15,3.4,19,52.6,0.16,2.8,25,44.0,0.14,2.9,24,4.1,0.14,3.0,A1,A1,A1,58.0,56.0,2025,1,2024-05-01,2024-10-31,119,25,7,2,1,1,1,0,0,0,0,0,0,0,0,8,8,10,1,1,0,0,0,0,0,0,0,0,0,8,4,3,4,3,2,0,0,0,0,0,0,0,0,7,3,4,4,0,1,0,0,0,0,0,0,0,0,3,8,5,3,3,3,0,0,0,0,0,0,0,0,0,1,7,4,8,4,0,0,0,0,0,0,0,0,0,0,0,0,愛知
4961,西橋奈未,ニシハシ ナミ,福井,A1,H,080719,2,28,156,46,B,6.6,45.9,30,21,111,6,0,0.14,20,90.0,0.13,2.4,15,46.6,0.13,2.9,24,58.3,0.13,2.5,21,23.8,0.14,3.4,14,21.4,0.17,3.6,17,23.5,0.16,3.5,A1,A1,A1,56.0,58.0,2025,1,2024-05-01,2024-10-31,119,15,3,0,0,0,2,0,0,0,0,0,0,0,0,4,3,3,4,1,0,0,0,0,0,0,0,0,0,6,8,4,2,2,2,0,0,0,0,0,0,0,0,4,1,5,2,6,3,0,0,0,0,0,0,0,0,1,2,2,4,4,1,0,0,0,0,0,0,0,0,0,4,4,2,5,1,0,0,0,0,0,0,1,0,0,0,0,0,石川
4962,畑竜生,ハタ タツキ,三重,B1,H,080722,1,28,159,52,A,5.29,32.3,19,24,133,2,0,0.15,19,73.6,0.15,3.3,25,36.0,0.15,3.2,21,38.1,0.15,3.0,23,26.0,0.14,2.6,28,17.8,0.16,3.5,17,5.8,0.16,4.8,B1,B1,B1,49.0,50.0,2025,1,2024-05-01,2024-10-31,119,9,5,3,1,1,0,0,0,0,0,0,1,0,0,6,3,1,7,4,4,0,0,0,0,0,0,0,0,2,6,5,5,1,2,0,0,0,0,0,0,0,0,2,4,8,3,5,1,0,0,0,0,0,0,0,0,0,5,5,6,8,4,0,0,0,0,0,0,0,0,0,1,4,3,4,5,0,0,0,0,0,0,0,0,0,0,0,0,三重
4963,實森美祐,サネモリ ミユ,広島,A1,H,080911,2,28,156,47,O,6.63,47.1,34,24,123,4,0,0.14,26,65.3,0.14,2.6,20,60.0,0.14,2.9,17,52.9,0.15,2.5,20,50.0,0.11,2.7,19,36.8,0.14,3.8,21,14.2,0.17,3.7,A2,A2,A2,53.0,57.0,2025,1,2024-05-01,2024-10-31,119,16,1,1,3,2,2,1,0,0,0,0,0,0,0,7,5,3,3,2,0,0,0,0,0,0,0,0,0,5,4,3,3,2,0,0,0,0,0,0,0,0,0,2,8,5,3,0,2,0,0,0,0,0,0,0,0,3,4,4,3,2,3,0,0,0,0,0,0,0,0,1,2,6,5,3,4,0,0,0,0,0,0,0,0,0,0,0,0,広島
4964,土屋南,ツチヤ ミナミ,岡山,A2,H,090126,2,27,161,47,A,6.41,50.6,21,17,75,4,0,0.14,15,73.3,0.17,3.3,12,58.3,0.14,3.6,13,61.5,0.13,2.8,11,36.3,0.14,3.2,15,26.6,0.14,3.6,9,44.4,0.15,4.0,A2,A2,A2,53.0,53.0,2025,1,2024-05-01,2024-10-31,119,9,2,1,2,0,1,0,0,0,0,0,0,0,0,2,5,1,0,1,3,0,0,0,0,0,0,0,0,4,4,1,3,0,1,0,0,0,0,0,0,0,0,3,1,2,0,1,4,0,0,0,0,0,0,0,0,2,2,1,4,4,1,1,0,0,0,0,0,0,0,1,3,2,1,1,1,0,0,0,0,0,0,0,0,0,0,3,0,岡山
4965,福岡泉水,フクオカ イズミ,兵庫,B1,H,090909,2,27,156,52,O,4.66,30.8,10,11,68,2,1,0.16,9,55.5,0.12,2.7,12,50.0,0.19,3.4,13,30.7,0.15,2.3,10,40.0,0.18,2.2,14,7.1,0.16,2.9,10,10.0,0.14,3.1,B1,B2,B1,45.0,46.0,2025,1,2024-05-01,2024-10-31,119,2,3,0,2,1,1,0,0,0,0,0,0,0,0,3,3,1,1,2,2,0,0,0,0,0,0,0,0,3,1,4,0,2,2,1,0,0,0,0,0,0,0,2,2,0,4,1,1,0,0,0,0,0,0,0,0,0,1,2,2,4,5,0,0,0,0,0,0,0,0,0,1,1,0,4,3,1,0,0,0,0,0,0,0,0,0,0,0,兵庫
4966,田川大貴,タガワ ダイキ,長崎,A2,H,091116,1,27,165,57,O,5.54,38.5,10,17,70,0,0,0.14,12,83.3,0.13,2.7,11,63.6,0.15,2.5,11,45.4,0.2,3.5,8,37.5,0.13,2.6,12,8.3,0.11,1.6,16,6.2,0.14,3.3,A2,A2,A2,50.0,50.0,2025,1,2024-05-01,2024-10-31,119,8,2,2,0,0,0,0,0,0,0,0,0,0,0,1,6,0,1,1,1,1,0,0,0,0,0,0,0,1,4,2,2,2,0,0,0,0,0,0,0,0,0,0,3,2,2,1,0,0,0,0,0,0,0,0,0,0,1,3,4,3,1,0,0,0,0,0,0,0,0,0,1,1,8,2,4,0,0,0,0,0,0,0,0,0,0,0,0,長崎
4967,中村魁生,ナカムラ カイセイ,大阪,A2,H,100705,1,26,165,51,AB,5.88,41.9,28,24,124,2,1,0.13,24,87.5,0.13,2.6,19,36.8,0.13,2.7,22,36.3,0.13,2.4,20,40.0,0.14,2.8,22,27.2,0.12,2.4,17,11.7,0.14,3.0,A2,A2,B1,50.0,51.0,2025,1,2024-05-01,2024-10-31,119,16,5,1,1,0,1,0,0,0,0,0,0,0,0,2,5,1,7,2,2,0,0,0,0,0,0,0,0,4,4,7,4,2,1,0,0,0,0,0,2,0,0,3,5,3,5,3,1,0,0,0,0,0,0,0,0,3,3,5,5,4,1,1,0,0,0,0,0,0,0,0,2,3,2,2,8,0,0,0,0,0,0,0,0,0,0,0,0,大阪
4969,町田洸希,マチダ ヒロキ,長崎,B1,H,030507,1,33,169,53,O,4.72,27.0,13,17,111,0,0,0.16,16,81.2,0.16,3.4,18,27.7,0.15,3.6,21,19.0,0.14,3.3,18,27.7,0.16,3.4,18,5.5,0.17,3.9,20,10.0,0.18,4.5,B1,B1,B1,47.0,47.0,2025,1,2024-05-01,2024-10-31,120,8,5,1,1,0,1,0,0,0,0,0,0,0,0,3,2,5,3,2,3,0,0,0,0,0,0,0,0,0,4,4,7,3,2,1,0,0,0,0,0,0,0,2,3,3,1,5,4,0,0,0,0,0,0,0,0,0,1,3,5,3,6,0,0,0,0,0,0,0,0,0,2,2,7,3,6,0,0,0,0,0,0,0,0,0,0,0,0,長崎
4970,井町泰,イマチ ユタカ,山口,B2,H,030907,1,33,165,47,O,1.94,6.3,2,1,47,0,0,0.16,4,50.0,0.18,3.0,10,0.0,0.16,4.3,8,0.0,0.15,3.6,8,12.5,0.15,3.6,7,0.0,0.16,3.1,9,0.0,0.19,3.8,B2,B2,B2,38.0,34.0,2025,1,2024-05-01,2024-10-31,120,2,0,1,0,0,1,0,0,0,0,0,0,0,0,0,0,0,0,0,10,0,0,0,0,0,0,0,0,0,0,0,1,0,7,0,0,0,0,0,0,0,0,0,1,0,1,2,3,1,0,0,0,0,0,0,0,0,0,1,0,1,5,0,0,0,0,0,0,0,0,0,0,0,0,2,7,0,0,0,0,0,0,0,0,0,0,0,1,山口
4973,栗原直也,クリハラ ナオヤ,埼玉,B1,H,040707,1,32,166,52,A,4.96,31.2,15,20,112,0,0,0.19,19,63.1,0.17,3.3,16,50.0,0.18,3.2,27,29.6,0.21,4.1,16,18.7,0.18,3.8,17,23.5,0.19,3.6,17,0.0,0.21,4.6,B1,B1,A2,49.0,47.0,2025,1,2024-05-01,2024-10-31,120,10,2,1,0,3,2,0,0,0,0,0,0,1,0,3,5,3,3,1,0,0,0,0,0,0,1,0,1,0,8,7,2,4,6,0,0,0,0,0,0,0,0,2,1,6,1,1,4,0,0,0,0,0,0,1,0,0,4,3,2,4,4,0,0,0,0,0,0,0,0,0,0,3,6,3,4,0,0,0,0,0,0,1,0,0,0,0,0,埼玉
4974,安井瑞紀,ヤスイ ミズキ,岡山,B1,H,050509,2,31,158,48,A,5.31,32.7,19,17,110,1,0,0.16,17,41.1,0.21,3.8,18,38.8,0.17,3.4,24,29.1,0.17,3.7,23,47.8,0.11,2.3,13,7.6,0.18,3.2,15,20.0,0.14,3.8,B1,B1,B1,46.0,50.0,2025,1,2024-05-01,2024-10-31,120,5,2,3,2,1,4,0,0,0,0,0,0,0,0,3,4,5,1,2,2,0,0,0,0,0,0,0,1,3,4,6,6,3,2,0,0,0,0,0,0,0,0,8,3,3,3,1,5,0,0,0,0,0,0,0,0,0,1,3,3,3,3,0,0,0,0,0,0,0,0,0,3,1,4,4,3,0,0,0,0,0,0,0,0,0,0,0,0,岡山
4976,金山立樹,カネヤマ リツキ,東京,B1,H,060125,1,30,165,54,A,5.17,30.7,23,16,127,1,0,0.16,16,50.0,0.17,3.3,25,40.0,0.15,3.4,19,21.0,0.14,3.4,29,31.0,0.14,2.9,22,27.2,0.17,3.1,16,12.5,0.2,4.2,B1,B1,B1,49.0,49.0,2025,1,2024-05-01,2024-10-31,120,7,1,4,2,0,2,0,0,0,0,0,0,0,0,4,6,5,5,2,3,0,0,0,0,0,0,0,0,2,2,3,5,3,4,0,0,0,0,0,0,0,0,5,4,5,6,4,5,0,0,0,0,0,0,0,0,3,3,4,4,4,3,0,0,0,0,0,0,1,0,2,0,2,4,3,5,0,0,0,0,0,0,0,0,0,0,0,0,神奈川
4977,馬野耀,ウマノ ヒカル,大阪,A1,H,060311,1,30,168,57,A,6.27,46.9,30,31,130,3,0,0.14,20,85.0,0.14,3.1,18,33.3,0.16,3.4,37,51.3,0.14,2.7,21,47.6,0.14,2.3,22,36.3,0.12,2.5,12,8.3,0.15,3.8,A2,B1,A2,52.0,53.0,2025,1,2024-05-01,2024-10-31,120,14,3,2,1,0,0,0,0,0,0,0,1,0,0,0,6,2,4,3,3,0,0,0,0,0,0,0,0,8,11,5,7,3,3,0,0,0,0,0,0,0,0,4,6,8,2,1,0,0,0,0,0,0,0,0,0,4,4,5,0,6,3,0,0,0,0,0,0,0,0,0,1,2,6,0,3,0,0,0,0,0,0,0,0,0,0,0,0,大阪
4978,山田和佐,ヤマダ カズサ,広島,B1,H,060606,1,30,163,52,O,4.06,21.6,8,13,97,0,0,0.17,13,69.2,0.16,3.0,20,20.0,0.15,3.4,16,18.7,0.18,3.1,14,14.2,0.21,4.4,23,13.0,0.15,3.4,11,0.0,0.17,3.7,B1,B1,B1,45.0,45.0,2025,1,2024-05-01,2024-10-31,120,5,4,1,1,1,0,1,0,0,0,0,0,0,0,2,2,3,5,5,3,0,0,0,0,0,0,0,0,0,3,0,6,1,5,1,0,0,0,0,0,0,0,1,1,1,2,1,8,0,0,0,0,0,0,0,0,0,3,4,7,4,5,0,0,0,0,0,0,0,0,0,0,1,2,5,3,0,0,0,0,0,0,0,0,0,0,0,0,島根
4979,中野夢斗,ナカノ ユメト,愛知,B1,H,080430,1,28,164,54,B,5.36,37.0,15,22,100,1,0,0.15,15,80.0,0.12,2.4,16,37.5,0.18,3.5,21,42.8,0.15,3.3,18,33.3,0.15,2.9,15,26.6,0.15,3.2,15,0.0,0.16,3.5,B1,B1,B1,48.0,49.0,2025,1,2024-05-01,2024-10-31,120,8,4,1,0,1,1,0,0,0,0,0,0,0,0,2,4,2,4,1,3,0,0,0,0,0,0,0,0,1,8,5,4,1,2,0,0,0,0,0,0,0,0,3,3,4,2,3,2,1,0,0,0,0,0,0,0,1,3,5,3,1,2,0,0,0,0,0,0,0,0,0,0,1,2,4,8,0,0,0,0,0,0,0,0,0,0,0,0,愛知
4980,佐々木完太,ササキ カンタ,山口,A1,H,080529,1,28,162,52,O,6.55,44.7,26,17,96,4,2,0.15,23,95.6,0.13,2.4,13,30.7,0.17,4.4,18,55.5,0.15,3.3,15,33.3,0.16,3.6,12,0.0,0.17,4.5,15,13.3,0.18,5.0,A1,A1,A1,59.0,57.0,2025,1,2024-05-01,2024-10-31,120,18,4,1,0,0,0,0,0,0,0,0,0,0,0,1,3,3,2,2,1,1,0,0,0,0,0,0,0,7,3,2,4,1,1,0,0,0,0,0,0,0,0,0,5,3,5,1,1,0,0,0,0,0,0,0,0,0,0,5,3,3,1,0,0,0,0,0,0,0,0,0,2,5,2,3,3,0,0,0,0,0,0,0,0,0,0,0,0,山口
4981,牧山敦也,マキヤマ アツヤ,佐賀,A2,H,080725,1,28,161,54,O,5.61,40.7,23,34,140,0,0,0.15,26,69.2,0.15,3.0,27,40.7,0.15,3.3,22,36.3,0.14,2.5,23,34.7,0.13,3.3,22,22.7,0.16,3.7,20,35.0,0.19,4.2,A2,B1,B1,50.0,50.0,2025,1,2024-05-01,2024-10-31,120,12,6,1,2,3,1,1,0,0,0,0,0,0,0,5,6,7,3,2,4,0,0,0,0,0,0,0,0,3,5,2,6,5,1,0,0,0,0,0,0,0,0,2,6,4,4,5,2,0,0,0,0,0,0,0,0,1,4,6,4,6,1,0,0,0,0,0,0,0,0,0,7,2,3,4,4,0,0,0,0,0,0,0,0,0,0,0,0,佐賀
4982,中村将隆,ナカムラ ノブタカ,兵庫,B1,H,080814,1,28,169,54,B,4.52,22.8,8,13,92,0,0,0.14,11,63.6,0.14,3.0,18,22.2,0.14,4.1,17,23.5,0.16,3.3,14,21.4,0.13,3.1,21,9.5,0.16,3.4,11,9.0,0.12,2.6,B1,B2,B2,47.0,47.0,2025,1,2024-05-01,2024-10-31,120,6,1,1,1,1,1,0,0,0,0,0,0,0,0,1,3,3,4,3,4,0,0,0,0,0,0,0,0,1,3,3,4,5,1,0,0,0,0,0,0,0,0,0,3,2,3,3,3,0,0,0,0,0,0,0,0,0,2,3,6,5,4,0,0,0,0,0,0,1,0,0,1,4,3,2,1,0,0,0,0,0,0,0,0,0,0,0,0,兵庫
4983,前田篤哉,マエダ アツヤ,愛知,A1,H,081129,1,28,174,52,O,6.39,49.2,40,23,128,6,2,0.16,25,88.0,0.14,2.8,19,52.6,0.16,3.8,21,42.8,0.17,3.3,21,47.6,0.18,3.3,22,31.8,0.16,4.0,20,25.0,0.17,4.1,A1,A1,A1,54.0,54.0,2025,1,2024-05-01,2024-10-31,120,21,1,1,0,2,0,0,0,0,0,0,0,0,0,2,8,1,2,2,4,0,0,0,0,0,0,0,0,6,3,6,2,1,3,0,0,0,0,0,0,0,0,5,5,3,0,4,4,0,0,0,0,0,0,0,0,4,3,6,1,5,3,0,0,0,0,0,0,0,0,2,3,3,2,6,4,0,0,0,0,0,0,0,0,0,0,0,0,愛知
4984,森下愛梨,モリシタ アイリ,静岡,B1,H,090115,2,27,163,51,O,5.26,32.1,15,11,81,1,1,0.21,13,76.9,0.18,3.6,16,37.5,0.24,4.6,15,13.3,0.21,4.7,15,26.6,0.2,4.2,14,14.2,0.21,3.9,8,25.0,0.22,4.1,B1,B1,B1,45.0,49.0,2025,1,2024-05-01,2024-10-31,120,10,0,1,1,1,0,0,0,0,0,0,1,0,0,2,4,2,1,7,0,0,0,0,0,0,0,0,0,1,1,4,2,5,2,0,0,0,0,0,0,0,0,2,2,3,4,2,2,0,0,0,0,0,0,0,0,0,2,2,6,2,1,0,0,0,0,0,0,1,0,0,2,1,3,1,0,0,0,0,0,0,0,0,1,0,0,0,0,静岡
4985,井本昌也,イモト マサヤ,山口,A1,H,090328,1,27,167,50,O,6.59,52.5,38,33,135,6,1,0.14,26,92.3,0.13,2.2,23,60.8,0.13,2.3,24,54.1,0.14,2.8,25,44.0,0.14,3.2,19,36.8,0.16,3.3,18,11.1,0.16,3.7,A1,A2,A1,54.0,55.0,2025,1,2024-05-01,2024-10-31,120,23,1,0,1,0,1,0,0,0,0,0,0,0,0,3,11,3,1,4,1,0,0,0,0,0,0,0,0,5,8,4,0,4,3,0,0,0,0,0,0,0,0,4,7,5,2,5,2,0,0,0,0,0,0,0,0,3,4,5,6,1,0,0,0,0,0,0,0,0,0,0,2,1,5,6,4,0,0,0,0,0,0,0,0,0,0,0,0,山口
4987,島倉都,シマクラ ミヤコ,群馬,B1,H,090404,2,27,157,48,O,3.78,21.1,7,11,85,0,0,0.18,13,61.5,0.21,4.5,15,33.3,0.21,3.9,20,15.0,0.16,3.3,12,8.3,0.15,3.4,14,7.1,0.19,3.6,10,0.0,0.19,4.1,B1,B1,B1,48.0,44.0,2025,1,2024-05-01,2024-10-31,120,3,5,0,2,2,0,1,0,0,0,0,0,0,0,3,2,3,1,3,3,0,0,0,0,0,0,0,0,1,2,1,6,5,5,0,0,0,0,0,0,0,0,0,1,1,1,4,5,0,0,0,0,0,0,0,0,0,1,0,3,6,4,0,0,0,0,0,0,0,0,0,0,0,3,5,2,0,0,0,0,0,0,0,0,0,0,0,1,新潟
4988,牟田奨太,ムタ ショウタ,静岡,B1,H,090416,1,27,165,58,A,4.16,25.8,9,15,93,0,0,0.14,11,81.8,0.16,2.3,17,23.5,0.12,2.5,20,25.0,0.13,2.6,11,36.3,0.14,3.2,17,5.8,0.14,2.7,17,5.8,0.14,3.4,B1,B1,B1,47.0,45.0,2025,1,2024-05-01,2024-10-31,120,6,3,1,0,1,0,0,0,0,0,0,0,0,0,0,4,2,3,2,6,0,0,0,0,0,0,0,0,0,5,3,3,3,6,0,0,0,0,0,0,0,0,2,2,1,1,1,4,0,0,0,0,0,0,0,0,1,0,3,3,2,8,0,0,0,0,0,1,0,0,0,1,2,2,3,9,0,0,0,0,0,0,0,0,0,0,1,0,長崎
4989,石原翼,イシハラ ツバサ,静岡,A2,H,090514,1,27,161,52,A,6.07,38.2,19,12,81,1,0,0.14,15,86.6,0.12,2.4,11,18.1,0.12,3.1,15,53.3,0.14,3.3,15,20.0,0.14,3.0,13,23.0,0.15,2.9,12,16.6,0.15,3.5,A1,A1,B1,55.0,54.0,2025,1,2024-05-01,2024-10-31,120,11,2,1,0,0,0,1,0,0,0,0,0,0,0,1,1,2,3,2,1,0,0,0,0,0,0,1,0,2,6,4,2,1,0,0,0,0,0,0,0,0,0,2,1,4,5,0,3,0,0,0,0,0,0,0,0,2,1,5,4,0,1,0,0,0,0,0,0,0,0,1,1,1,1,6,2,0,0,0,0,0,0,0,0,0,0,0,0,静岡
4990,田中博子,タナカ ヒロコ,福岡,B2,H,090530,2,27,160,47,A,0.0,0.0,0,0,0,0,0,0.0,0,0.0,0.0,0.0,0,0.0,0.0,0.0,0,0.0,0.0,0.0,0,0.0,0.0,0.0,0,0.0,0.0,0.0,0,0.0,0.0,0.0,B2,B2,B1,0.0,0.0,2025,1,2024-05-01,2024-10-31,120,0,0,0,0,0,0,0,0,0,0,0,0,0,0,0,0,0,0,0,0,0,0,0,0,0,0,0,0,0,0,0,0,0,0,0,0,0,0,0,0,0,0,0,0,0,0,0,0,0,0,0,0,0,0,0,0,0,0,0,0,0,0,0,0,0,0,0,0,0,0,0,0,0,0,0,0,0,0,0,0,0,0,0,0,0,0,0,0,福岡
4991,宗行治哉,ムネユキ ハルヤ,広島,A2,H,090721,1,27,164,52,A,6.01,40.5,29,29,143,3,0,0.18,32,81.2,0.16,3.4,27,40.7,0.18,4.0,24,41.6,0.16,3.5,26,19.2,0.19,4.1,20,30.0,0.18,4.4,14,0.0,0.21,5.7,A2,A1,B1,52.0,53.0,2025,1,2024-05-01,2024-10-31,120,17,9,3,0,0,3,0,0,0,0,0,0,0,0,6,5,6,5,1,4,0,0,0,0,0,0,0,0,4,6,7,5,2,0,0,0,0,0,0,0,0,0,2,3,7,5,5,3,0,0,0,0,0,0,0,1,0,6,8,1,3,2,0,0,0,0,0,1,0,0,0,0,2,4,6,2,0,0,0,0,0,1,0,0,0,0,1,0,広島
4992,廣瀬篤哉,ヒロセ アツヤ,滋賀,B1,H,090923,1,27,170,59,B,4.57,29.0,19,10,100,0,0,0.16,15,73.3,0.13,2.0,21,33.3,0.15,2.7,18,22.2,0.16,3.6,12,16.6,0.13,2.9,17,23.5,0.16,3.5,17,5.8,0.19,3.8,B1,B1,B1,48.0,46.0,2025,1,2024-05-01,2024-10-31,120,10,1,0,2,1,1,0,0,0,0,0,0,0,0,3,4,4,2,4,4,0,0,0,0,0,0,0,0,2,2,4,1,3,6,0,0,0,0,0,0,0,0,1,1,2,2,3,2,0,0,0,0,0,0,0,1,3,1,2,1,3,7,0,0,0,0,0,0,0,0,0,1,1,3,5,7,0,0,0,0,0,0,0,0,0,0,2,0,京都
4994,山本梨菜,ヤマモト リナ,佐賀,B1,H,100326,2,26,163,46,A,5.67,33.3,7,13,60,0,0,0.2,9,66.6,0.15,4.0,11,27.2,0.22,4.7,11,54.5,0.18,4.0,12,33.3,0.16,3.3,5,0.0,0.28,5.2,12,8.3,0.23,4.6,A2,B1,B1,51.0,53.0,2025,1,2024-05-01,2024-10-31,120,3,3,3,0,0,0,0,0,0,0,0,0,0,0,2,1,2,2,3,0,1,0,0,0,0,0,0,0,1,5,2,0,0,2,1,0,0,0,0,0,0,0,1,3,4,2,0,2,0,0,0,0,0,0,0,0,0,0,3,1,1,0,0,0,0,0,0,0,0,0,0,1,3,5,1,2,0,0,0,0,0,0,0,0,0,0,0,0,佐賀
4995,田邉亮蔵,タナベ リョウゾウ,東京,B1,H,030426,1,33,171,56,A,4.52,21.2,11,9,94,0,0,0.19,15,60.0,0.19,3.7,15,20.0,0.18,3.7,18,11.1,0.19,3.9,14,28.5,0.18,3.5,12,0.0,0.18,4.4,20,10.0,0.23,4.7,B1,B1,B1,44.0,48.0,2025,1,2024-05-01,2024-10-31,121,9,0,1,1,3,1,0,0,0,0,0,0,0,0,1,2,5,5,2,0,0,0,0,0,0,0,0,0,0,2,3,9,1,3,0,0,0,0,0,0,0,0,1,3,1,3,3,3,0,0,0,0,0,0,0,0,0,0,1,5,5,1,0,0,0,0,0,0,0,0,0,2,3,3,7,5,0,0,0,0,0,1,0,0,0,0,0,0,千葉
4997,濱崎寿里矢,ハマサキ ジュリヤ,埼玉,B2,H,050402,2,31,159,54,B,2.18,2.6,1,0,38,0,0,0.19,5,0.0,0.21,5.6,6,0.0,0.25,5.0,7,0.0,0.2,4.1,5,20.0,0.15,2.4,7,0.0,0.15,3.2,8,0.0,0.19,4.4,B2,B2,B2,0.0,37.0,2025,1,2024-05-01,2024-10-31,121,0,0,0,0,2,3,0,0,0,0,0,0,0,0,0,0,2,2,1,1,0,0,0,0,0,0,0,0,0,0,0,1,2,4,0,0,0,0,0,0,0,0,1,0,0,0,3,1,0,0,0,0,0,0,0,0,0,0,0,0,4,2,1,0,0,0,0,0,0,0,0,0,0,2,0,6,0,0,0,0,0,0,0,0,0,0,0,0,埼玉
4998,中村かなえ,ナカムラ カナエ,東京,B2,H,050904,2,31,161,47,A,4.43,25.0,7,3,40,0,0,0.14,8,75.0,0.09,2.1,6,16.6,0.15,2.3,7,0.0,0.16,3.0,4,75.0,0.17,3.5,7,0.0,0.17,3.0,8,0.0,0.13,2.4,B1,A2,A2,48.0,46.0,2025,1,2024-05-01,2024-10-31,121,5,1,0,1,1,0,0,0,0,0,0,0,0,0,1,0,1,1,1,2,0,0,0,0,0,0,0,0,0,0,2,2,2,1,0,0,0,0,0,0,0,0,1,2,0,0,0,1,0,0,0,0,0,0,0,0,0,0,3,1,1,2,0,0,0,0,0,0,0,0,0,0,0,0,3,5,0,0,0,0,0,0,0,0,0,0,0,0,東京
5000,岡本翔太郎,オカモト ショウタロウ,山口,B1,H,060825,1,30,161,51,O,4.35,23.3,10,15,107,0,0,0.14,13,69.2,0.14,2.9,22,31.8,0.12,2.5,18,27.7,0.14,3.1,18,22.2,0.16,2.7,18,0.0,0.13,3.1,18,0.0,0.16,3.7,B1,B1,B1,47.0,46.0,2025,1,2024-05-01,2024-10-31,121,6,3,0,1,2,0,0,0,0,0,0,0,0,1,4,3,2,6,4,3,0,0,0,0,0,0,0,0,0,5,4,2,4,3,0,0,0,0,0,0,0,0,0,4,5,6,2,1,0,0,0,0,0,0,0,0,0,0,4,2,4,8,0,0,0,0,0,0,0,0,0,0,1,2,7,8,0,0,0,0,0,0,0,0,0,0,1,0,山口
5002,上田健太,ウエダ ケンタ,愛知,A2,H,080206,1,28,170,54,B,5.74,38.3,32,22,141,1,0,0.16,26,69.2,0.16,3.0,22,40.9,0.2,4.2,22,40.9,0.17,3.4,32,31.2,0.15,3.0,18,44.4,0.13,2.8,21,0.0,0.16,3.7,A2,A2,A2,50.0,51.0,2025,1,2024-05-01,2024-10-31,121,14,4,4,1,3,0,0,0,0,0,0,0,0,0,5,4,3,5,3,2,0,0,0,0,0,0,0,0,6,3,6,4,1,2,0,0,0,0,0,0,0,0,5,5,9,7,4,2,0,0,0,0,0,0,0,0,2,6,3,2,2,3,0,0,0,0,0,0,0,0,0,0,0,4,9,8,0,0,0,0,0,0,0,0,0,0,0,0,愛知
5003,来田衣織,キタ イオリ,兵庫,B1,H,080404,2,28,157,55,O,3.86,19.4,10,10,103,0,0,0.19,13,53.8,0.22,4.8,21,14.2,0.18,4.3,18,38.8,0.17,3.4,21,4.7,0.2,4.0,17,0.0,0.19,3.6,13,15.3,0.16,3.0,B1,B1,B1,44.0,44.0,2025,1,2024-05-01,2024-10-31,121,5,2,2,1,0,3,0,0,0,0,0,0,0,0,1,2,4,5,4,5,0,0,0,0,0,0,0,0,3,4,2,3,4,2,0,0,0,0,0,0,0,0,0,1,4,3,5,7,1,0,0,0,0,0,0,0,0,0,2,1,8,6,0,0,0,0,0,0,0,0,1,1,0,1,3,7,0,0,0,0,0,0,0,0,0,0,0,0,兵庫
5004,河野主樹,コウノ カズキ,大阪,A2,H,080405,1,28,163,54,B,5.99,42.3,31,27,137,4,0,0.13,19,68.4,0.13,2.8,26,57.6,0.13,2.4,26,42.3,0.13,2.5,29,41.3,0.12,2.4,18,22.2,0.14,2.5,19,15.7,0.12,2.8,B1,B1,B1,47.0,52.0,2025,1,2024-05-01,2024-10-31,121,10,3,3,1,1,1,0,0,0,0,0,0,0,0,6,9,6,2,0,3,0,0,0,0,0,1,0,0,4,7,2,3,8,2,0,0,0,0,0,0,0,0,9,3,6,6,5,0,0,0,0,0,0,0,0,0,1,3,4,3,5,2,0,0,0,0,0,0,0,0,1,2,2,9,3,2,0,0,0,0,0,0,0,0,0,0,0,0,大阪
5005,石田貴洋,イシダ タカヒロ,埼玉,A2,H,080508,1,28,172,53,AB,5.73,39.5,22,35,144,2,1,0.12,25,68.0,0.15,3.5,22,45.4,0.14,2.7,25,40.0,0.13,2.7,27,44.4,0.1,2.0,27,18.5,0.11,2.2,18,16.6,0.12,3.2,A2,A2,A2,52.0,52.0,2025,1,2024-05-01,2024-10-31,121,11,6,5,1,1,0,0,0,0,0,0,0,1,0,4,6,2,6,3,1,0,0,0,0,0,0,0,0,2,8,7,3,2,2,0,0,0,0,0,0,1,0,4,8,4,3,5,2,0,0,0,0,0,0,1,0,1,4,5,9,4,4,0,0,0,0,0,0,0,0,0,3,1,5,4,5,0,0,0,0,0,0,0,0,0,0,0,0,埼玉
5006,久保原秀人,クボハラ ヒデト,群馬,B1,H,080917,1,28,174,56,O,4.19,22.0,9,10,86,0,0,0.16,11,54.5,0.14,3.1,13,0.0,0.16,3.9,17,29.4,0.15,3.2,17,17.6,0.21,3.9,22,18.1,0.15,3.2,6,16.6,0.18,4.0,B1,B1,B1,44.0,46.0,2025,1,2024-05-01,2024-10-31,121,4,2,1,3,0,1,0,0,0,0,0,0,0,0,0,0,0,4,8,1,0,0,0,0,0,0,0,0,1,4,2,1,7,2,0,0,0,0,0,0,0,0,3,0,3,4,5,2,0,0,0,0,0,0,0,0,1,3,1,4,9,4,0,0,0,0,0,0,0,0,0,1,2,0,1,2,0,0,0,0,0,0,0,0,0,0,0,0,群馬
5007,近藤雄一郎,コンドウ ユウイチロウ,東京,B1,H,081018,1,28,167,53,B,4.27,23.0,10,16,113,1,0,0.18,16,50.0,0.18,3.6,20,20.0,0.19,4.4,16,25.0,0.17,3.6,21,19.0,0.17,3.4,20,15.0,0.17,3.5,20,15.0,0.17,3.4,B1,B1,B1,47.0,45.0,2025,1,2024-05-01,2024-10-31,121,5,3,2,2,1,2,0,0,0,0,0,0,1,0,1,3,2,4,2,7,0,0,0,0,0,0,1,0,2,2,5,2,2,3,0,0,0,0,0,0,0,0,1,3,3,3,5,6,0,0,0,0,0,0,0,0,0,3,2,4,4,6,0,0,0,0,0,0,1,0,1,2,5,4,4,4,0,0,0,0,0,0,0,0,0,0,1,0,福島
5008,羽野諒,ハノ リョウ,福岡,B1,H,090204,1,27,167,53,AB,4.88,27.1,7,18,92,0,0,0.13,12,50.0,0.11,2.4,20,45.0,0.13,2.7,15,26.6,0.14,1.9,17,17.6,0.12,2.6,18,11.1,0.12,2.2,10,10.0,0.16,2.9,B1,B1,B1,46.0,48.0,2025,1,2024-05-01,2024-10-31,121,2,4,4,0,0,1,1,0,0,0,0,0,0,0,2,7,3,3,3,1,0,0,0,0,0,0,1,0,1,3,5,2,3,0,0,0,0,0,0,0,0,1,2,1,6,4,4,0,0,0,0,0,0,0,0,0,0,2,3,4,5,3,0,0,0,0,0,0,1,0,0,1,1,2,2,4,0,0,0,0,0,0,0,0,0,0,0,0,福岡
5009,大賀龍之介,オオガ リュウノスケ,福岡,B1,H,090206,1,27,169,57,B,4.43,24.7,8,20,113,1,0,0.15,15,66.6,0.13,2.5,23,21.7,0.16,3.6,17,23.5,0.16,3.5,15,33.3,0.18,3.6,22,18.1,0.13,3.2,21,0.0,0.16,3.5,B1,B1,B1,46.0,47.0,2025,1,2024-05-01,2024-10-31,121,6,4,1,0,2,2,0,0,0,0,0,0,0,0,1,4,9,4,3,1,0,0,0,0,0,0,1,0,0,4,3,3,5,2,0,0,0,0,0,0,0,0,0,5,2,3,4,1,0,0,0,0,0,0,0,0,1,3,2,4,8,4,0,0,0,0,0,0,0,0,0,0,1,5,6,9,0,0,0,0,0,0,0,0,0,0,0,0,福岡
5010,宇留田翔平,ウルタ ショウヘイ,三重,A2,H,090313,1,27,170,57,B,5.93,40.7,16,26,103,1,0,0.15,17,70.5,0.14,2.2,16,50.0,0.16,3.4,19,52.6,0.14,2.7,20,35.0,0.16,3.2,18,27.7,0.15,3.1,13,0.0,0.14,3.4,B1,B1,B1,47.0,52.0,2025,1,2024-05-01,2024-10-31,121,10,2,3,1,1,0,0,0,0,0,0,0,0,0,1,7,5,0,2,1,0,0,0,0,0,0,0,0,3,7,4,4,1,0,0,0,0,0,0,1,0,0,2,5,7,3,1,2,0,0,0,0,0,0,0,0,0,5,3,3,5,2,0,0,0,0,0,0,0,0,0,0,3,2,7,1,0,0,0,0,0,1,0,0,0,0,1,0,三重
5011,高木圭大,タカキ ケイタ,長崎,B1,H,090514,1,27,166,54,O,3.54,16.8,7,9,95,0,0,0.15,7,28.5,0.1,2.1,17,29.4,0.19,3.9,19,15.7,0.17,3.6,22,27.2,0.13,2.5,15,0.0,0.14,2.9,15,0.0,0.17,2.6,B1,B1,B1,45.0,42.0,2025,1,2024-05-01,2024-10-31,121,2,0,2,0,2,1,0,0,0,0,0,0,0,0,3,2,0,2,5,5,0,0,0,0,0,0,0,0,1,2,5,3,4,4,0,0,0,0,0,0,0,0,1,5,1,2,7,4,0,0,0,0,0,0,2,0,0,0,1,2,7,5,0,0,0,0,0,0,0,0,0,0,2,2,5,5,0,0,0,0,0,0,1,0,0,0,2,0,長崎
5012,加倉侑征,カクラ ユウセイ,福岡,B1,H,090715,1,27,159,52,A,4.81,29.5,17,12,98,1,0,0.16,16,75.0,0.16,2.9,14,42.8,0.14,2.6,17,17.6,0.14,3.1,18,16.6,0.16,3.4,20,20.0,0.19,3.8,13,7.6,0.18,4.3,B1,A2,B1,49.0,47.0,2025,1,2024-05-01,2024-10-31,121,11,1,1,1,1,1,0,0,0,0,0,0,0,0,3,3,3,1,2,2,0,0,0,0,0,0,0,0,1,2,1,4,6,3,0,0,0,0,0,0,0,0,1,2,3,4,6,2,0,0,0,0,0,0,0,0,1,3,3,3,5,4,1,0,0,0,0,0,0,0,0,1,2,3,3,4,0,0,0,0,0,0,0,0,0,0,0,0,福岡
5013,山下夏鈴,ヤマシタ カリン,三重,A2,H,090722,2,27,160,45,A,5.54,36.5,34,16,137,1,1,0.15,17,64.7,0.17,2.9,26,38.4,0.13,2.8,27,33.3,0.15,2.7,29,41.3,0.15,2.2,23,26.0,0.16,3.0,15,13.3,0.16,2.2,B1,B1,B1,45.0,50.0,2025,1,2024-05-01,2024-10-31,121,9,2,1,3,1,1,0,0,0,0,0,0,0,0,7,3,4,3,6,3,0,0,0,0,0,0,0,0,3,6,7,4,2,4,1,0,0,0,0,0,0,0,9,3,4,6,5,2,0,0,0,0,0,0,0,0,6,0,3,3,4,7,0,0,0,0,0,0,0,0,0,2,4,4,2,3,0,0,0,0,0,0,0,0,0,0,0,0,三重
5014,梶山涼斗,カジヤマ リョウト,佐賀,B1,H,091230,1,27,167,55,B,5.04,28.7,13,20,115,0,0,0.13,15,46.6,0.12,2.9,21,52.3,0.12,2.2,23,26.0,0.13,2.7,19,26.3,0.14,2.3,23,17.3,0.11,2.1,14,0.0,0.16,3.6,B1,B1,B1,48.0,49.0,2025,1,2024-05-01,2024-10-31,121,4,3,1,2,4,1,0,0,0,0,0,0,0,0,3,8,4,2,4,0,0,0,0,0,0,0,0,0,2,4,6,5,3,3,0,0,0,0,0,0,0,0,4,1,5,6,1,2,0,0,0,0,0,0,0,0,0,4,8,3,5,3,0,0,0,0,0,0,0,0,0,0,2,1,5,5,0,0,0,0,0,0,0,1,0,0,0,0,佐賀
5015,高橋竜矢,タカハシ リュウヤ,広島,A1,H,100219,1,26,166,52,A,6.35,48.1,27,26,110,3,2,0.13,20,75.0,0.13,2.6,18,55.5,0.13,2.4,19,68.4,0.12,2.3,19,47.3,0.13,3.0,16,12.5,0.13,3.4,18,22.2,0.15,3.3,A2,A1,A1,63.0,55.0,2025,1,2024-05-01,2024-10-31,121,13,2,1,3,0,1,0,0,0,0,0,0,0,0,3,7,1,4,2,1,0,0,0,0,0,0,0,0,5,8,5,1,0,0,0,0,0,0,0,0,0,0,5,4,1,2,2,4,1,0,0,0,0,0,0,0,1,1,2,4,6,1,0,0,0,0,0,0,1,0,0,4,4,4,1,5,0,0,0,0,0,0,0,0,0,0,0,0,広島
5016,宮田龍馬,ミヤタ リュウマ,兵庫,A2,H,100320,1,26,164,52,O,6.02,45.4,22,33,121,3,0,0.15,21,90.4,0.12,2.6,22,54.5,0.15,3.4,19,42.1,0.15,2.6,19,36.8,0.17,3.8,22,31.8,0.15,2.8,18,11.1,0.16,3.7,A1,A1,A2,57.0,55.0,2025,1,2024-05-01,2024-10-31,121,14,5,1,0,1,0,0,0,0,0,0,0,0,0,3,9,3,1,3,2,1,0,0,0,0,0,0,0,3,5,2,3,2,4,0,0,0,0,0,0,0,0,1,6,5,3,3,1,0,0,0,0,0,0,0,0,1,6,3,6,5,1,0,0,0,0,0,0,0,0,0,2,3,5,5,3,0,0,0,0,0,0,0,0,0,0,0,0,兵庫
5017,澤田尚也,サワダ ナオヤ,滋賀,A1,H,110201,1,25,165,53,A,7.11,54.4,36,31,123,7,0,0.15,24,79.1,0.15,3.3,24,66.6,0.15,3.3,16,56.2,0.15,2.8,19,36.8,0.14,3.1,18,50.0,0.13,2.8,22,31.8,0.14,3.5,A2,A1,A1,60.0,58.0,2025,1,2024-05-01,2024-10-31,121,19,0,4,0,0,0,1,0,0,0,0,0,0,0,7,9,2,4,2,0,0,0,0,0,0,0,0,0,4,5,1,3,3,0,0,0,0,0,0,0,0,0,4,3,5,3,3,1,0,0,0,0,0,0,0,0,2,7,3,2,3,1,0,0,0,0,0,0,0,0,0,7,5,3,5,2,0,0,0,0,0,0,0,0,0,0,0,0,京都
5018,竹下大樹,タケシタ ダイキ,福岡,A2,H,110213,1,25,169,56,A,5.77,37.5,25,28,141,2,1,0.16,22,77.2,0.16,2.9,21,42.8,0.16,3.6,23,43.4,0.13,3.2,28,32.1,0.16,3.0,26,19.2,0.16,4.0,21,14.2,0.18,3.3,A2,A2,A2,52.0,52.0,2025,1,2024-05-01,2024-10-31,121,13,4,3,0,1,0,1,0,0,0,0,1,0,0,3,6,4,2,4,2,0,0,0,0,0,0,0,0,5,5,3,4,2,3,0,0,0,0,0,0,1,0,2,7,9,3,2,5,0,0,0,0,0,0,0,0,1,4,4,9,7,0,0,0,0,0,0,0,1,0,1,2,4,4,5,5,0,0,0,0,0,0,0,0,0,0,1,0,福岡
5019,柴田百恵,シバタ モモエ,静岡,B1,H,111104,2,25,154,45,A,4.85,28.4,16,23,137,0,0,0.17,24,75.0,0.17,3.0,26,19.2,0.18,3.8,24,12.5,0.18,4.3,19,21.0,0.19,3.7,25,24.0,0.16,3.3,19,15.7,0.17,3.3,B1,A2,B1,47.0,48.0,2025,1,2024-05-01,2024-10-31,121,10,8,4,1,0,1,0,0,0,0,0,0,0,0,3,2,5,6,6,4,0,0,0,0,0,0,0,0,0,3,5,6,7,3,0,0,0,0,0,0,0,0,0,4,2,3,5,5,0,0,0,0,0,0,0,0,2,4,5,6,5,2,0,0,0,0,0,0,1,0,1,2,2,3,2,9,0,0,0,0,0,0,0,0,0,0,0,0,静岡
5020,宮村勇哉,ミヤムラ ユウヤ,三重,B1,H,040412,1,32,171,57,AB,4.61,31.0,10,21,100,0,0,0.16,12,66.6,0.16,2.8,13,23.0,0.17,3.9,26,50.0,0.15,2.9,14,28.5,0.16,3.3,23,8.7,0.16,3.3,12,8.3,0.17,4.4,B1,B2,B1,44.0,47.0,2025,1,2024-05-01,2024-10-31,122,4,4,2,0,1,1,0,0,0,0,0,0,0,0,1,2,1,5,3,1,0,0,0,0,0,0,0,0,5,8,3,3,4,3,0,0,0,0,0,1,0,0,0,4,1,4,3,1,0,0,0,0,0,0,1,0,0,2,1,5,7,8,0,0,0,0,0,0,0,0,0,1,1,3,3,3,0,0,0,0,0,0,1,0,0,0,0,0,三重
5022,伊藤尚汰,イトウ ショウタ,福岡,B1,H,061220,1,30,160,49,B,3.82,15.7,3,11,89,0,0,0.17,10,40.0,0.16,3.1,17,17.6,0.18,4.1,11,18.1,0.18,3.7,22,13.6,0.15,3.1,11,9.0,0.15,3.4,18,5.5,0.19,4.6,B1,B1,B1,48.0,45.0,2025,1,2024-05-01,2024-10-31,122,2,2,2,1,2,0,1,0,0,0,0,0,0,0,1,2,3,5,3,3,0,0,0,0,0,0,0,0,0,2,2,3,3,1,0,0,0,0,0,0,0,0,0,3,1,5,3,10,0,0,0,0,0,0,0,0,0,1,3,3,2,2,0,0,0,0,0,0,0,0,0,1,3,3,5,6,0,0,0,0,0,0,0,0,0,0,0,0,福岡
5023,久永祥平,ヒサナガ ショウヘイ,東京,B1,H,070324,1,29,163,49,A,5.1,32.3,22,23,139,3,1,0.16,25,68.0,0.14,2.9,20,30.0,0.15,3.2,27,33.3,0.15,3.1,21,42.8,0.16,2.8,23,8.7,0.17,3.5,22,9.0,0.21,4.5,A2,B1,B1,50.0,48.0,2025,1,2024-05-01,2024-10-31,122,12,5,3,2,1,0,1,0,0,0,0,0,1,0,3,3,4,3,3,4,0,0,0,0,0,0,0,0,2,7,7,4,3,4,0,0,0,0,0,0,0,0,3,6,1,5,3,3,0,0,0,0,0,0,0,0,1,1,6,3,7,5,0,0,0,0,0,0,0,0,1,1,3,4,9,4,0,0,0,0,0,0,0,0,0,0,0,1,神奈川
5025,粟田祥,アワタ ショウ,徳島,B1,H,070525,1,29,169,63,A,4.14,24.7,12,12,97,1,0,0.15,10,60.0,0.16,3.5,23,39.1,0.16,2.7,15,33.3,0.11,2.6,15,13.3,0.14,2.7,19,5.2,0.14,3.3,15,6.6,0.16,3.1,B2,B1,B2,46.0,45.0,2025,1,2024-05-01,2024-10-31,122,4,2,2,0,0,2,0,0,0,0,0,0,0,0,4,5,2,1,5,6,0,0,0,0,0,0,0,0,3,2,2,3,3,2,0,0,0,0,0,0,0,0,1,1,0,3,3,7,0,0,0,0,0,0,0,0,0,1,4,5,6,3,0,0,0,0,0,0,0,0,0,1,0,1,5,8,0,0,0,0,0,0,0,0,0,0,0,0,徳島
5026,安河内健,ヤスコウチ ケン,佐賀,A1,H,070812,1,29,172,56,B,6.76,53.9,43,26,128,7,1,0.14,30,83.3,0.14,2.7,26,57.6,0.13,3.0,19,42.1,0.14,3.1,19,31.5,0.14,3.1,19,47.3,0.14,3.2,15,40.0,0.14,3.2,A1,A2,A1,54.0,54.0,2025,1,2024-05-01,2024-10-31,122,22,3,1,3,1,0,0,0,0,0,0,0,0,0,8,7,3,2,3,0,2,0,0,0,0,0,1,0,2,6,4,3,2,2,0,0,0,0,0,0,0,0,3,3,8,1,3,1,0,0,0,0,0,0,0,0,5,4,2,3,1,3,0,0,0,0,0,1,1,0,3,3,0,6,2,1,0,0,0,0,0,0,0,0,0,0,0,0,佐賀
5027,重冨勇哉,シゲトミ ユウヤ,山口,B1,H,080930,1,28,164,55,AB,4.71,30.6,11,12,75,0,0,0.17,10,70.0,0.14,3.0,15,60.0,0.16,3.4,14,21.4,0.15,3.3,12,8.3,0.16,3.4,15,13.3,0.21,3.6,9,11.1,0.19,4.8,B2,B1,B1,46.0,46.0,2025,1,2024-05-01,2024-10-31,122,6,1,2,0,1,0,0,0,0,0,0,0,0,0,4,5,1,2,0,3,0,0,0,0,0,0,0,0,0,3,4,2,2,3,0,0,0,0,0,0,0,0,1,0,2,3,3,3,0,0,0,0,0,0,0,0,0,2,1,4,3,4,1,0,0,0,0,0,0,0,0,1,0,1,1,6,0,0,0,0,0,0,0,0,0,0,0,0,山口
5028,原田才一郎,ハラダ サイイチロウ,福岡,A1,H,081018,1,28,166,52,A,6.8,53.5,30,23,99,6,0,0.14,21,85.7,0.12,2.2,14,57.1,0.17,3.1,22,63.6,0.14,2.8,18,44.4,0.13,2.9,12,25.0,0.13,2.8,12,16.6,0.16,3.6,A1,A2,A1,54.0,54.0,2025,1,2024-05-01,2024-10-31,122,14,4,1,1,1,0,0,0,0,0,0,0,0,0,2,6,2,2,1,1,0,0,0,0,0,0,0,0,7,7,4,3,0,1,0,0,0,0,0,0,0,0,5,3,4,1,4,1,0,0,0,0,0,0,0,0,1,2,5,2,1,1,0,0,0,0,0,0,0,0,1,1,3,1,4,1,1,0,0,0,0,0,0,0,0,0,0,0,福岡
5029,中亮太,ナカ リョウタ,福岡,A2,H,090503,1,27,161,55,O,5.56,37.4,28,21,131,1,0,0.12,26,69.2,0.14,2.2,21,42.8,0.12,2.2,20,35.0,0.1,2.1,21,38.1,0.11,2.4,23,21.7,0.13,2.4,19,10.5,0.14,3.4,A1,A2,A2,54.0,52.0,2025,1,2024-05-01,2024-10-31,122,16,2,2,1,1,4,0,0,0,0,0,0,0,0,6,3,3,2,4,3,0,0,0,0,0,0,0,0,1,6,6,0,1,6,0,0,0,0,0,0,0,0,4,4,1,3,4,4,1,0,0,0,0,0,0,0,1,4,7,6,4,1,0,0,0,0,0,0,0,0,0,2,5,3,3,6,0,0,0,0,0,0,0,0,0,1,0,0,熊本
5030,金子千穂,カネコ チホ,群馬,B1,H,090918,2,27,153,44,A,3.97,18.7,3,9,64,0,0,0.19,9,44.4,0.19,4.9,14,14.2,0.18,3.7,12,16.6,0.17,3.6,13,23.0,0.19,3.2,13,7.6,0.21,4.0,3,0.0,0.29,5.3,B2,B2,B2,39.0,46.0,2025,1,2024-05-01,2024-10-31,122,1,3,2,3,0,0,0,0,0,0,0,0,0,0,0,2,2,6,3,1,0,0,0,0,0,0,0,0,1,1,2,1,3,4,0,0,0,0,0,0,0,0,1,2,1,1,4,4,0,0,0,0,0,0,0,0,0,1,1,4,3,4,0,0,0,0,0,0,0,0,0,0,0,0,2,1,0,0,0,0,0,0,0,0,0,0,0,0,群馬
5031,渡辺空依,ワタナベ ソライ,福岡,B2,H,090919,1,27,168,56,O,4.28,19.5,3,6,46,0,0,0.19,5,40.0,0.2,3.2,7,14.2,0.23,3.7,12,25.0,0.18,3.2,13,15.3,0.18,3.8,9,11.1,0.17,3.4,0,0.0,0.0,0.0,B1,B2,B1,46.0,45.0,2025,1,2024-05-01,2024-10-31,122,2,0,2,0,1,0,0,0,0,0,0,0,0,0,1,0,2,2,2,0,0,0,0,0,0,0,0,0,0,3,3,2,1,2,0,0,0,0,0,0,1,0,0,2,1,1,3,5,0,0,0,0,0,0,1,0,0,1,4,0,2,2,0,0,0,0,0,0,0,0,0,0,0,0,0,0,0,0,0,0,0,0,0,0,0,0,0,0,福岡
5032,谷口知優,タニグチ トモマサ,香川,B1,H,091219,1,27,164,54,O,4.9,27.5,13,9,80,0,0,0.15,11,72.7,0.15,2.3,11,45.4,0.12,2.5,12,33.3,0.16,3.0,15,20.0,0.17,3.6,15,13.3,0.16,2.4,16,0.0,0.15,3.3,B1,B1,B1,44.0,48.0,2025,1,2024-05-01,2024-10-31,122,6,2,0,1,1,1,0,0,0,0,0,0,0,0,2,3,0,2,3,1,0,0,0,0,0,1,0,0,2,2,2,3,1,1,1,0,0,0,0,0,0,0,2,1,2,3,4,3,0,0,0,0,0,0,0,0,1,1,4,4,1,4,0,0,0,0,0,0,0,0,0,0,5,6,1,4,0,0,0,0,0,0,0,0,0,0,1,0,愛媛
5033,藤原孝斗,フジワラ タカト,愛知,B1,H,091225,1,27,167,58,O,3.82,20.1,7,14,104,0,0,0.18,12,75.0,0.15,3.1,21,19.0,0.21,4.2,15,6.6,0.19,3.3,18,11.1,0.14,3.1,18,16.6,0.2,3.9,20,10.0,0.21,4.5,B1,B1,B1,48.0,44.0,2025,1,2024-05-01,2024-10-31,122,6,3,1,0,1,1,0,0,0,0,0,0,0,0,1,3,4,2,6,4,1,0,0,0,0,0,0,0,0,1,3,5,5,1,0,0,0,0,0,0,0,0,0,2,3,2,5,6,0,0,0,0,0,0,0,0,0,3,2,3,5,5,0,0,0,0,0,0,0,0,0,2,0,1,8,8,0,0,0,0,0,0,1,0,0,0,0,0,愛知
5034,若林義人,ワカバヤシ ヨシト,静岡,A1,H,100130,1,26,167,59,B,6.33,42.8,27,18,105,2,0,0.13,19,84.2,0.12,2.1,17,41.1,0.14,3.4,22,45.4,0.13,2.6,19,42.1,0.11,2.1,15,20.0,0.16,2.9,13,7.6,0.14,3.2,A1,A2,A2,53.0,56.0,2025,1,2024-05-01,2024-10-31,122,13,3,2,1,0,0,0,0,0,0,0,0,0,0,5,2,1,5,2,2,0,0,0,0,0,0,0,0,5,5,7,2,1,1,1,0,0,0,0,0,0,0,2,6,8,2,0,1,0,0,0,0,0,0,0,0,1,2,3,5,3,1,0,0,0,0,0,0,0,0,1,0,0,4,3,5,0,0,0,0,0,0,0,0,0,0,0,0,静岡
5035,櫻井優,サクライ マサル,埼玉,B1,H,100302,1,26,170,55,A,4.33,20.5,11,5,78,1,0,0.17,12,41.6,0.17,3.8,13,38.4,0.16,3.2,15,6.6,0.14,3.5,11,27.2,0.14,3.3,14,7.1,0.18,3.7,13,7.6,0.2,3.8,B2,B1,B1,43.0,47.0,2025,1,2024-05-01,2024-10-31,122,4,1,0,3,3,1,0,0,0,0,0,0,0,0,3,2,3,2,1,2,0,0,0,0,0,0,0,0,1,0,2,4,5,3,0,0,0,0,0,0,0,0,3,0,1,3,3,1,0,0,0,0,0,0,0,0,0,1,2,6,5,0,0,0,0,0,0,0,0,0,0,1,1,1,5,5,0,0,0,0,0,0,0,0,0,0,0,0,埼玉
5036,福田翔吾,フクダ ショウゴ,大阪,B1,H,100310,1,26,162,53,AB,5.32,37.7,19,24,114,1,0,0.16,14,92.8,0.16,2.7,20,30.0,0.18,4.0,22,40.9,0.14,2.6,21,42.8,0.14,3.1,27,18.5,0.17,3.6,10,10.0,0.15,4.2,B1,B1,B1,48.0,49.0,2025,1,2024-05-01,2024-10-31,122,7,6,0,0,0,1,0,0,0,0,0,0,0,0,1,5,4,4,4,2,0,0,0,0,0,0,0,0,3,6,3,5,5,0,0,0,0,0,0,0,0,0,4,5,3,3,2,3,1,0,0,0,0,0,0,0,3,2,3,7,8,4,0,0,0,0,0,0,0,0,1,0,0,3,4,2,0,0,0,0,0,0,0,0,0,0,1,0,大阪
5037,田頭虎親,タガシラ トラチカ,香川,A2,H,100313,1,26,162,54,A,6.09,42.5,29,22,120,4,0,0.16,24,83.3,0.15,3.0,18,27.7,0.15,3.1,20,50.0,0.16,3.3,22,22.7,0.16,3.1,17,29.4,0.15,2.8,19,31.5,0.2,4.3,A1,A2,A2,54.0,53.0,2025,1,2024-05-01,2024-10-31,122,19,1,1,2,1,0,0,0,0,0,0,0,0,0,2,3,6,2,3,1,0,0,0,0,0,1,0,1,4,6,3,4,3,0,0,0,0,0,0,0,0,0,2,3,6,3,6,1,1,0,0,0,0,0,0,0,2,3,5,6,0,1,0,0,0,0,0,0,0,0,0,6,1,2,5,5,0,0,0,0,0,0,0,0,0,0,0,0,兵庫
5038,金田智博,カネタ トモヒロ,福井,A2,H,100425,1,26,167,53,A,5.83,39.6,24,20,111,3,0,0.16,19,89.4,0.16,2.8,18,55.5,0.13,2.8,22,27.2,0.15,3.5,15,33.3,0.14,2.8,22,18.1,0.18,3.7,15,13.3,0.22,4.8,B1,A1,A2,52.0,52.0,2025,1,2024-05-01,2024-10-31,122,14,3,0,2,0,0,0,0,0,0,0,0,0,0,3,7,4,1,0,2,1,0,0,0,0,0,0,0,2,4,5,4,5,1,0,0,0,0,0,0,0,1,5,0,3,5,1,1,0,0,0,0,0,0,0,0,0,4,8,3,4,3,0,0,0,0,0,0,0,0,0,2,0,2,8,3,0,0,0,0,0,0,0,0,0,0,0,0,石川
5039,倉田茂将,クラタ シゲマサ,愛知,B1,H,100517,1,26,163,58,AB,5.1,34.4,14,18,93,2,0,0.16,13,61.5,0.17,2.6,25,20.0,0.18,3.8,16,50.0,0.17,3.1,21,33.3,0.12,3.0,13,30.7,0.14,3.2,5,0.0,0.16,3.4,B1,B1,B1,47.0,49.0,2025,1,2024-05-01,2024-10-31,122,6,2,1,1,2,1,0,0,0,0,0,0,0,0,2,3,7,2,11,0,0,0,0,0,0,0,0,0,3,5,1,4,1,2,0,0,0,0,0,0,0,0,1,6,2,3,6,2,1,0,0,0,0,0,0,0,2,2,1,1,1,6,0,0,0,0,0,0,0,0,0,0,1,2,1,1,0,0,0,0,0,0,0,0,0,0,0,0,愛知
5041,荒牧凪沙,アラマキ ナギサ,福岡,B1,H,100918,1,26,168,52,B,4.82,26.6,14,10,90,0,0,0.15,12,66.6,0.12,2.3,16,37.5,0.14,3.1,17,17.6,0.16,2.9,19,26.3,0.14,3.5,16,12.5,0.17,3.3,10,0.0,0.17,4.4,B1,B1,B2,48.0,48.0,2025,1,2024-05-01,2024-10-31,122,6,2,2,1,1,0,0,0,0,0,0,0,0,0,2,4,0,3,4,3,0,0,0,0,0,0,0,0,2,1,5,3,1,5,0,0,0,0,0,0,0,0,3,2,4,3,5,2,0,0,0,0,0,0,0,0,1,1,3,5,3,3,0,0,0,0,0,0,0,0,0,0,2,2,3,3,0,0,0,0,0,0,0,0,0,0,0,0,福岡
5042,畑田汰一,ハタダ タイチ,埼玉,A1,H,101026,1,26,176,54,A,6.36,41.6,39,16,132,4,0,0.12,32,81.2,0.12,2.3,21,42.8,0.14,2.6,20,30.0,0.1,2.3,27,33.3,0.12,2.3,20,25.0,0.12,2.2,12,0.0,0.14,2.9,A1,A1,A2,56.0,56.0,2025,1,2024-05-01,2024-10-31,122,25,1,3,1,0,1,1,0,0,0,0,0,0,0,6,3,3,2,5,2,0,0,0,0,0,0,0,0,1,5,7,2,3,2,0,0,0,0,0,1,0,0,6,3,6,4,5,3,0,0,0,0,0,0,0,0,1,4,4,6,4,0,0,0,0,0,0,0,1,0,0,0,7,1,3,1,0,0,0,0,0,0,0,0,0,0,0,0,東京
5043,中村日向,ナカムラ ヒュウガ,香川,A1,H,101108,1,26,164,57,O,6.49,50.4,31,22,105,5,0,0.15,20,70.0,0.15,2.8,21,52.3,0.15,3.1,15,60.0,0.14,3.0,13,53.8,0.14,3.1,19,36.8,0.13,3.4,17,29.4,0.18,3.8,A1,A2,A1,58.0,54.0,2025,1,2024-05-01,2024-10-31,122,14,0,1,2,1,1,1,0,0,0,0,0,0,0,6,5,1,2,5,1,0,0,0,0,0,1,0,1,5,4,2,2,2,0,0,0,0,0,0,0,0,0,3,4,2,1,1,2,0,0,0,0,0,0,0,0,2,5,6,0,2,4,0,0,0,0,0,0,0,0,1,4,2,6,0,4,0,0,0,0,0,0,0,0,0,0,0,0,香川
5044,渡邉健,ワタナベ ケン,東京,B1,H,110404,1,25,170,58,A,3.34,14.0,5,4,64,0,0,0.19,6,50.0,0.14,2.6,7,14.2,0.15,2.4,7,0.0,0.16,4.3,11,18.1,0.16,2.6,15,13.3,0.22,4.4,18,5.5,0.23,5.2,B1,B1,B1,48.0,41.0,2025,1,2024-05-01,2024-10-31,122,2,1,0,0,2,0,1,0,0,0,0,0,0,0,0,1,2,2,0,2,0,0,0,0,0,0,0,0,0,0,0,0,3,3,1,0,0,0,0,0,0,0,2,0,1,2,3,3,0,0,0,0,0,0,0,0,1,1,2,2,5,4,0,0,0,0,0,0,0,0,0,1,3,2,2,10,0,0,0,0,0,0,0,0,0,0,0,0,東京
5045,平川香織,ヒラカワ カオリ,埼玉,B1,H,120729,2,24,151,46,B,5.14,31.8,23,13,113,0,0,0.19,21,71.4,0.16,3.7,19,52.6,0.15,3.8,18,38.8,0.2,3.8,18,11.1,0.23,4.8,17,5.8,0.21,4.0,20,5.0,0.22,4.7,A2,A2,A2,51.0,50.0,2025,1,2024-05-01,2024-10-31,122,11,4,1,2,2,0,1,0,0,0,0,0,0,0,7,3,2,1,4,2,0,0,0,0,0,0,0,0,4,3,2,4,2,3,0,0,0,0,0,0,0,0,0,2,2,5,3,6,0,0,0,0,0,0,0,0,1,0,1,7,5,3,0,0,0,0,0,0,0,0,0,1,3,6,6,4,0,0,0,0,0,0,0,0,0,0,0,0,東京
5046,松山裕基,マツヤマ ユウキ,大阪,B1,H,060311,1,30,163,55,O,3.97,20.2,8,11,94,0,0,0.15,11,45.4,0.13,1.8,17,11.7,0.18,3.8,23,21.7,0.14,2.8,16,25.0,0.14,2.6,17,17.6,0.13,3.3,10,0.0,0.17,4.2,B1,B1,B1,46.0,44.0,2025,1,2024-05-01,2024-10-31,123,3,2,3,2,0,1,0,0,0,0,0,0,0,0,1,1,1,4,7,3,0,0,0,0,0,0,0,0,2,3,4,1,3,9,0,0,0,0,0,0,0,1,2,2,3,4,2,2,1,0,0,0,0,0,0,0,0,3,1,2,7,4,0,0,0,0,0,0,0,0,0,0,1,2,3,4,0,0,0,0,0,0,0,0,0,0,0,0,大阪
5047,國分将太郎,コクブン ショウタロウ,東京,A2,H,060320,1,30,162,55,A,5.54,37.9,23,21,116,0,0,0.17,20,75.0,0.16,2.6,22,54.5,0.15,3.2,19,42.1,0.13,2.6,17,35.2,0.19,3.6,19,10.5,0.16,2.9,19,5.2,0.21,4.3,B1,B1,B2,49.0,49.0,2025,1,2024-05-01,2024-10-31,123,13,2,0,1,1,2,1,0,0,0,0,0,0,0,6,6,4,3,2,1,0,0,0,0,0,0,0,0,3,5,7,3,0,1,0,0,0,0,0,0,0,0,1,5,2,0,4,4,0,0,0,0,0,0,1,0,0,2,3,3,8,3,0,0,0,0,0,0,0,0,0,1,6,6,2,4,0,0,0,0,0,0,0,0,0,0,0,0,福島
5048,眞鳥康太,マトリ コウタ,長崎,B1,H,060607,1,30,167,58,O,4.21,16.6,3,8,66,0,0,0.17,7,57.1,0.2,3.7,11,27.2,0.15,3.6,10,0.0,0.16,2.8,12,16.6,0.2,3.0,13,7.6,0.16,3.7,13,7.6,0.18,4.2,B1,B1,B1,48.0,46.0,2025,1,2024-05-01,2024-10-31,123,2,2,0,0,1,1,1,0,0,0,0,0,0,0,1,2,2,2,2,2,0,0,0,0,0,0,0,0,0,0,2,3,2,3,0,0,0,0,0,0,0,0,0,2,3,3,2,2,0,0,0,0,0,0,0,0,0,1,2,5,1,3,0,0,0,0,0,0,1,0,0,1,5,4,2,1,0,0,0,0,0,0,0,0,0,0,0,0,長崎
5049,松井友汰,マツイ ユウタ,大阪,A2,H,070207,1,29,169,55,A,5.9,43.1,30,27,132,3,0,0.16,22,90.9,0.16,3.3,24,50.0,0.15,3.1,23,34.7,0.14,3.2,21,33.3,0.16,3.3,22,18.1,0.18,3.3,20,30.0,0.17,3.9,A2,B1,B1,51.0,51.0,2025,1,2024-05-01,2024-10-31,123,14,6,1,0,1,0,0,0,0,0,0,0,0,0,5,7,3,3,4,2,0,0,0,0,0,0,0,0,4,4,6,4,1,3,1,0,0,0,0,0,0,0,5,2,7,0,3,4,0,0,0,0,0,0,0,0,1,3,3,3,6,6,0,0,0,0,0,0,0,0,1,5,3,4,4,2,0,0,0,0,0,0,0,1,0,0,0,0,大阪
5050,木下雄介,キノシタ ユウスケ,滋賀,A2,H,070228,1,29,163,53,B,5.62,42.8,23,22,105,1,0,0.15,15,86.6,0.13,2.8,17,47.0,0.14,3.4,20,40.0,0.14,2.4,21,42.8,0.14,2.2,18,27.7,0.14,2.6,14,14.2,0.21,4.5,B1,B1,B1,48.0,49.0,2025,1,2024-05-01,2024-10-31,123,11,2,1,0,0,1,0,0,0,0,0,0,0,0,1,7,1,2,5,1,0,0,0,0,0,0,0,0,4,4,3,4,4,1,0,0,0,0,0,0,0,0,6,3,5,1,3,2,1,0,0,0,0,0,0,0,1,4,4,1,4,4,0,0,0,0,0,0,0,0,0,2,1,1,5,5,0,0,0,0,0,0,0,0,0,0,0,0,京都
5051,松本純平,マツモト ジュンペイ,埼玉,A1,H,070324,1,29,166,56,A,6.85,52.7,27,30,108,5,0,0.16,23,82.6,0.15,3.0,17,70.5,0.14,3.4,15,40.0,0.17,3.7,17,35.2,0.14,3.4,18,55.5,0.16,3.9,18,22.2,0.2,4.6,A1,A1,A1,54.0,57.0,2025,1,2024-05-01,2024-10-31,123,18,1,2,1,0,0,1,0,0,0,0,0,0,0,4,8,4,0,0,1,0,0,0,0,0,1,0,0,1,5,1,3,3,2,0,0,0,0,0,0,0,0,1,5,6,4,1,0,0,0,0,0,0,0,0,0,1,9,2,4,1,1,0,0,0,0,0,1,0,0,2,2,4,3,5,1,0,0,0,0,0,0,1,0,0,0,0,0,兵庫
5052,赤井星璃菜,アカイ セリナ,大阪,B2,H,070513,2,29,163,59,B,0.0,0.0,0,0,0,0,0,0.0,0,0.0,0.0,0.0,0,0.0,0.0,0.0,0,0.0,0.0,0.0,0,0.0,0.0,0.0,0,0.0,0.0,0.0,0,0.0,0.0,0.0,B2,B2,B1,0.0,0.0,2025,1,2024-05-01,2024-10-31,123,0,0,0,0,0,0,0,0,0,0,0,0,0,0,0,0,0,0,0,0,0,0,0,0,0,0,0,0,0,0,0,0,0,0,0,0,0,0,0,0,0,0,0,0,0,0,0,0,0,0,0,0,0,0,0,0,0,0,0,0,0,0,0,0,0,0,0,0,0,0,0,0,0,0,0,0,0,0,0,0,0,0,0,0,0,0,0,0,大阪
5053,山口広樹,ヤマグチ コウキ,福岡,B1,H,071109,1,29,168,56,B,4.54,28.8,7,10,59,1,0,0.18,7,85.7,0.14,2.7,13,15.3,0.18,2.8,10,50.0,0.18,3.5,14,14.2,0.19,3.9,7,14.2,0.2,4.3,8,12.5,0.18,3.9,B1,B1,B1,46.0,46.0,2025,1,2024-05-01,2024-10-31,123,3,3,0,0,1,0,0,0,0,0,0,0,0,0,1,1,3,1,4,3,0,0,0,0,0,0,0,0,1,4,1,1,2,1,0,0,0,0,0,0,0,0,1,1,3,2,3,4,0,0,0,0,0,0,0,0,1,0,1,1,1,3,0,0,0,0,0,0,0,0,0,1,1,0,4,2,0,0,0,0,0,0,0,0,0,0,1,0,福岡
5054,佐々木大河,ササキ タイガ,大阪,B1,H,080105,1,28,160,53,A,5.14,26.7,15,16,116,1,0,0.14,14,50.0,0.13,2.1,20,30.0,0.16,3.4,22,27.2,0.13,2.5,19,15.7,0.15,3.2,26,30.7,0.12,2.5,15,6.6,0.13,3.2,B1,B1,B1,49.0,50.0,2025,1,2024-05-01,2024-10-31,123,6,1,3,1,1,2,0,0,0,0,0,0,0,0,1,5,2,5,4,3,0,0,0,0,0,0,0,0,3,3,8,4,1,3,0,0,0,0,0,0,0,0,3,0,8,2,6,0,0,0,0,0,0,0,0,0,2,6,4,7,4,3,0,0,0,0,0,1,0,0,0,1,3,5,3,3,0,0,0,0,0,0,0,0,0,0,1,0,大阪
5055,眞鳥章太,マトリ ショウタ,長崎,A2,H,080106,1,28,172,56,O,5.51,33.3,25,15,120,3,0,0.15,20,70.0,0.11,2.1,20,50.0,0.14,2.7,21,28.5,0.15,3.1,21,23.8,0.16,3.0,20,20.0,0.14,2.8,18,5.5,0.18,4.2,B1,B1,B1,50.0,50.0,2025,1,2024-05-01,2024-10-31,123,12,2,3,2,1,0,0,0,0,0,0,0,0,0,5,5,4,3,0,3,0,0,0,0,0,0,0,0,3,3,7,3,4,1,0,0,0,0,0,0,0,0,3,2,3,5,7,1,0,0,0,0,0,0,0,0,2,2,4,5,4,3,0,0,0,0,0,0,0,0,0,1,4,1,8,4,0,0,0,0,0,0,0,0,0,0,0,0,長崎
5056,西岡成美,ニシオカ ナルミ,徳島,B1,H,080421,2,28,157,44,B,5.23,32.2,17,14,96,1,0,0.13,22,72.7,0.14,2.4,11,36.3,0.14,3.3,15,26.6,0.13,2.7,20,20.0,0.12,3.0,15,20.0,0.14,3.0,13,0.0,0.12,3.3,A1,A2,A2,55.0,51.0,2025,1,2024-05-01,2024-10-31,123,14,2,3,1,0,1,1,0,0,0,0,0,0,0,1,3,2,2,3,0,0,0,0,0,0,0,0,0,1,3,4,2,2,3,0,0,0,0,0,0,0,0,0,4,2,6,5,3,0,0,0,0,0,0,0,0,1,2,1,5,3,3,0,0,0,0,0,1,0,0,0,0,2,4,3,4,0,0,0,0,0,0,0,0,0,0,0,0,徳島
5057,上田紗奈,ウエダ サナ,大阪,A2,H,080713,2,28,157,46,O,5.67,44.4,23,17,90,1,0,0.14,18,94.4,0.14,2.6,16,43.7,0.14,2.1,14,57.1,0.11,2.3,16,12.5,0.14,2.6,13,30.7,0.14,3.2,13,15.3,0.15,2.8,B1,A2,B1,48.0,51.0,2025,1,2024-05-01,2024-10-31,123,16,1,0,0,0,1,0,0,0,0,0,0,0,0,2,5,1,0,4,4,0,0,0,0,0,0,0,0,2,6,2,0,1,3,0,0,0,0,0,0,0,0,0,2,3,5,2,4,0,0,0,0,0,0,0,0,1,3,1,2,3,3,0,0,0,0,0,0,0,0,2,0,3,0,4,4,0,0,0,0,0,0,0,0,0,0,0,0,大阪
5058,前原大道,マエハラ ヒロミチ,岡山,A2,H,080929,1,28,163,53,B,6.09,44.7,28,27,123,2,0,0.18,23,69.5,0.17,3.8,18,55.5,0.2,4.3,22,40.9,0.19,3.6,17,47.0,0.15,3.4,18,55.5,0.15,3.5,25,8.0,0.2,4.7,A1,A2,A2,52.0,53.0,2025,1,2024-05-01,2024-10-31,123,13,3,1,1,2,1,1,0,0,0,0,0,1,0,5,5,2,2,2,2,0,0,0,0,0,0,0,0,3,6,4,4,4,1,0,0,0,0,0,0,0,0,1,7,2,4,1,2,0,0,0,0,0,0,0,0,5,5,1,4,1,1,1,0,0,0,0,0,0,0,1,1,10,7,3,3,0,0,0,0,0,1,0,0,0,0,0,0,岡山
5059,冨田祥,トミダ ショウ,香川,B2,H,090107,1,27,165,53,O,2.32,5.8,0,2,34,0,0,0.13,3,0.0,0.14,2.3,5,20.0,0.12,3.2,5,0.0,0.13,3.4,7,14.2,0.11,1.8,6,0.0,0.16,3.3,8,0.0,0.13,2.4,B2,B2,B2,40.0,38.0,2025,1,2024-05-01,2024-10-31,123,0,0,0,0,1,2,0,0,0,0,0,0,0,0,0,1,0,1,1,2,0,0,0,0,0,0,0,0,0,0,0,2,2,1,0,0,0,0,0,0,0,0,0,1,0,1,2,2,1,0,0,0,0,0,0,0,0,0,0,2,1,3,0,0,0,0,0,0,0,0,0,0,0,2,1,5,0,0,0,0,0,0,0,0,0,0,0,0,香川
5060,数原魁,カズハラ カイ,兵庫,B1,H,090430,1,27,159,52,A,4.92,26.7,18,12,112,2,0,0.17,17,64.7,0.17,3.9,17,17.6,0.16,3.3,18,27.7,0.16,3.4,21,42.8,0.15,2.7,17,0.0,0.18,4.2,21,9.5,0.17,4.1,B1,B1,A2,48.0,48.0,2025,1,2024-05-01,2024-10-31,123,9,2,2,2,0,2,0,0,0,0,0,0,0,0,0,3,3,7,3,1,0,0,0,0,0,0,0,0,3,2,5,2,4,2,0,0,0,0,0,0,0,0,5,4,5,1,4,1,0,0,0,0,0,0,1,0,0,0,3,5,4,5,0,0,0,0,0,0,0,0,1,1,2,6,7,4,0,0,0,0,0,0,0,0,0,0,0,1,兵庫
5061,中村駿平,ナカムラ シュンペイ,愛知,B2,H,090507,1,27,164,53,AB,3.9,18.7,5,4,48,0,0,0.16,7,28.5,0.2,3.6,8,25.0,0.14,3.3,8,37.5,0.14,3.0,8,12.5,0.15,3.3,10,10.0,0.18,3.4,7,0.0,0.16,4.0,B1,B2,B1,40.0,45.0,2025,1,2024-05-01,2024-10-31,123,2,0,0,1,1,3,0,0,0,0,0,0,0,0,1,1,1,2,1,2,0,0,0,0,0,0,0,0,1,2,2,1,1,1,0,0,0,0,0,0,0,0,0,1,1,2,0,4,0,0,0,0,0,0,0,0,1,0,0,2,5,2,0,0,0,0,0,0,0,0,0,0,1,2,3,1,0,0,0,0,0,0,0,0,0,0,0,0,愛知
5063,大塚雅治,オオツカ マサハル,東京,B1,H,091124,1,27,175,54,A,4.76,24.4,13,9,90,0,0,0.17,11,54.5,0.15,3.0,14,28.5,0.25,4.8,14,42.8,0.14,2.6,11,18.1,0.14,3.0,14,7.1,0.18,4.1,26,11.5,0.15,3.8,B1,B2,B1,47.0,47.0,2025,1,2024-05-01,2024-10-31,123,5,1,1,2,2,0,0,0,0,0,0,0,0,0,1,3,1,3,3,3,0,0,0,0,0,0,0,0,3,3,2,4,2,0,0,0,0,0,0,0,0,0,2,0,4,1,1,3,0,0,0,0,0,0,0,0,1,0,6,2,2,2,0,0,0,0,0,0,1,0,1,2,5,5,4,8,1,0,0,0,0,0,0,0,0,0,0,0,神奈川
5064,品川二千翔,シナガワ ニチカ,山口,B1,H,100718,1,26,165,53,O,5.32,30.4,15,17,105,1,0,0.16,15,60.0,0.15,3.4,19,36.8,0.17,3.7,12,25.0,0.15,3.6,20,30.0,0.16,3.3,18,22.2,0.15,3.3,21,14.2,0.17,4.1,B1,B1,B1,47.0,50.0,2025,1,2024-05-01,2024-10-31,123,7,2,2,1,2,1,0,0,0,0,0,0,0,0,3,4,4,3,2,2,1,0,0,0,0,0,0,0,2,1,5,1,2,1,0,0,0,0,0,1,0,0,2,4,5,4,4,1,0,0,0,0,0,0,0,0,0,4,5,4,3,2,0,0,0,0,0,2,0,0,1,2,3,8,4,2,0,0,0,0,0,0,1,0,0,0,0,0,山口
5065,伊久間陽優,イクマ ヒユウ,群馬,B1,H,100720,1,26,166,54,A,4.14,23.4,5,10,64,0,0,0.16,8,50.0,0.15,4.1,6,33.3,0.14,4.7,9,33.3,0.2,3.4,10,10.0,0.15,2.5,12,25.0,0.14,3.8,19,10.5,0.18,3.9,B1,B1,B1,48.0,45.0,2025,1,2024-05-01,2024-10-31,123,2,2,1,2,1,0,0,0,0,0,0,0,0,0,1,1,0,1,2,1,0,0,0,0,0,0,0,0,0,3,1,1,3,1,0,0,0,0,0,0,0,0,1,0,1,2,2,4,0,0,0,0,0,0,0,0,1,2,1,2,3,3,0,0,0,0,0,0,0,0,0,2,4,3,4,4,2,0,0,0,0,0,0,0,0,0,0,0,群馬
5066,鈴木孝明,スズキ タカアキ,埼玉,B1,H,100821,1,26,172,56,O,5.04,31.0,15,25,129,0,0,0.18,22,54.5,0.18,3.2,16,43.7,0.17,3.8,26,38.4,0.19,3.7,27,18.5,0.18,3.8,24,20.8,0.19,4.2,14,7.1,0.18,4.1,A2,A2,A2,51.0,49.0,2025,1,2024-05-01,2024-10-31,123,10,2,3,3,3,1,0,0,0,0,0,0,0,0,1,6,3,3,1,2,0,0,0,0,0,1,0,0,1,9,3,3,6,4,0,0,0,0,0,0,0,0,1,4,9,4,3,5,1,0,0,0,0,0,0,0,2,3,5,4,6,4,0,0,0,0,0,0,0,0,0,1,3,3,3,4,0,0,0,0,0,0,0,0,0,0,0,0,埼玉
5067,山田真聖,ヤマダ マサキヨ,山口,B1,H,101119,1,26,169,58,AB,4.16,24.7,14,12,105,1,0,0.18,14,64.2,0.17,3.3,19,10.5,0.18,3.6,22,40.9,0.19,3.6,16,25.0,0.19,3.6,18,5.5,0.17,3.5,16,6.2,0.2,5.0,B1,B1,B1,47.0,45.0,2025,1,2024-05-01,2024-10-31,123,6,3,0,0,4,1,0,0,0,0,0,0,0,0,0,2,3,1,7,6,0,0,0,0,0,0,0,0,4,5,1,6,2,4,0,0,0,0,0,0,0,0,3,1,1,4,3,4,0,0,0,0,0,0,0,0,1,0,3,3,6,5,0,0,0,0,0,0,0,0,0,1,1,2,5,7,0,0,0,0,0,0,0,0,0,0,1,0,山口
5068,前田滉,マエダ ヒカル,愛知,A1,H,120317,1,24,167,51,A,6.61,52.5,35,27,118,6,1,0.15,21,100.0,0.13,2.4,24,50.0,0.16,2.9,19,78.9,0.11,2.7,19,52.6,0.15,3.2,22,9.0,0.16,3.4,13,15.3,0.16,4.6,A1,B1,A1,53.0,53.0,2025,1,2024-05-01,2024-10-31,123,18,3,0,0,0,0,0,0,0,0,0,0,0,0,7,5,4,4,1,3,0,0,0,0,0,0,0,0,5,10,1,1,1,1,0,0,0,0,0,0,0,0,4,6,3,2,3,1,0,0,0,0,0,0,0,0,0,2,6,6,5,3,0,0,0,0,0,0,0,0,1,1,3,4,2,2,0,0,0,0,0,0,0,0,0,0,0,0,愛知
5069,山崎小葉音,ヤマザキ コハネ,群馬,A2,H,121007,2,24,148,42,A,5.73,42.2,17,24,97,1,0,0.13,15,93.3,0.15,1.9,21,47.6,0.1,1.6,19,36.8,0.16,2.7,15,33.3,0.13,2.6,21,23.8,0.13,2.3,6,0.0,0.17,3.7,B1,B1,B1,47.0,51.0,2025,1,2024-05-01,2024-10-31,123,7,7,1,0,0,0,0,0,0,0,0,0,0,0,3,7,3,5,2,1,0,0,0,0,0,0,0,0,2,5,2,4,3,3,0,0,0,0,0,0,0,0,4,1,2,4,1,3,0,0,0,0,0,1,0,0,1,4,4,5,4,3,0,0,0,0,0,0,0,0,0,0,2,0,2,2,0,0,0,0,0,0,0,0,0,0,3,0,徳島
5070,中島航,ナカジマ ワタル,東京,B1,H,060426,1,30,175,54,A,4.0,17.8,11,6,95,0,0,0.18,17,76.4,0.17,2.5,17,0.0,0.19,3.6,15,0.0,0.18,4.0,12,8.3,0.2,3.3,14,14.2,0.18,3.4,20,5.0,0.18,4.4,B1,B2,A2,46.0,45.0,2025,1,2024-05-01,2024-10-31,124,11,2,0,1,1,2,0,0,0,0,0,0,0,0,0,0,4,4,5,4,0,0,0,0,0,0,0,0,0,0,3,3,7,2,0,0,0,0,0,0,0,0,0,1,3,1,6,1,0,0,0,0,0,0,0,0,0,2,2,3,3,4,0,0,0,0,0,0,0,0,0,1,1,5,6,7,0,0,0,0,0,0,0,0,0,0,0,0,千葉
5071,野見山拓己,ノミヤマ タクミ,福岡,B1,H,060731,1,30,166,54,A,3.87,15.0,1,7,53,0,0,0.17,4,50.0,0.14,2.3,10,30.0,0.18,3.8,7,14.2,0.14,3.3,10,20.0,0.15,2.6,10,0.0,0.18,4.1,12,0.0,0.18,4.2,B2,B1,B1,46.0,45.0,2025,1,2024-05-01,2024-10-31,124,1,1,0,1,0,1,0,0,0,0,0,0,0,0,0,3,1,1,4,1,0,0,0,0,0,0,0,0,0,1,2,1,0,3,0,0,0,0,0,0,0,0,0,2,3,0,3,1,1,0,0,0,0,0,0,0,0,0,1,3,4,2,0,0,0,0,0,0,0,0,0,0,3,5,1,3,0,0,0,0,0,0,0,0,0,0,0,0,福岡
5072,吉田杏美,ヨシダ アミ,埼玉,B2,H,061115,2,30,166,48,A,0.0,0.0,0,0,0,0,0,0.0,0,0.0,0.0,0.0,0,0.0,0.0,0.0,0,0.0,0.0,0.0,0,0.0,0.0,0.0,0,0.0,0.0,0.0,0,0.0,0.0,0.0,B2,B2,B2,0.0,0.0,2025,1,2024-05-01,2024-10-31,124,0,0,0,0,0,0,0,0,0,0,0,0,0,0,0,0,0,0,0,0,0,0,0,0,0,0,0,0,0,0,0,0,0,0,0,0,0,0,0,0,0,0,0,0,0,0,0,0,0,0,0,0,0,0,0,0,0,0,0,0,0,0,0,0,0,0,0,0,0,0,0,0,0,0,0,0,0,0,0,0,0,0,0,0,0,0,0,0,埼玉
5073,上原健次郎,ウエハラ ケンジロウ,福岡,B1,H,070803,1,29,157,55,A,4.06,17.1,4,13,99,0,0,0.16,11,36.3,0.18,4.0,20,25.0,0.17,3.8,18,11.1,0.15,3.4,15,26.6,0.17,3.3,21,4.7,0.17,3.2,14,7.1,0.14,3.4,B1,B1,B1,50.0,46.0,2025,1,2024-05-01,2024-10-31,124,1,3,0,2,4,1,0,0,0,0,0,0,0,0,2,3,6,4,4,1,0,0,0,0,0,0,0,0,0,2,4,4,3,5,0,0,0,0,0,1,0,0,1,3,3,5,2,0,0,0,0,0,0,0,1,0,0,1,3,6,5,6,0,0,0,0,0,0,0,0,0,1,2,1,3,7,0,0,0,0,0,0,0,0,0,0,0,0,沖縄
5074,大澤誠也,オオサワ セイヤ,愛知,B1,H,071112,1,29,162,55,A,4.22,17.5,10,7,97,0,0,0.17,12,50.0,0.15,3.8,19,31.5,0.15,3.4,17,0.0,0.19,3.8,16,6.2,0.16,4.1,20,20.0,0.17,3.7,13,0.0,0.18,4.5,B1,B1,B1,45.0,47.0,2025,1,2024-05-01,2024-10-31,124,4,2,3,0,3,0,0,0,0,0,0,0,0,0,2,4,2,4,1,6,0,0,0,0,0,0,0,0,0,0,5,5,4,3,0,0,0,0,0,0,0,0,1,0,3,5,6,1,0,0,0,0,0,0,0,0,3,1,2,5,6,3,0,0,0,0,0,0,0,0,0,0,1,3,4,5,0,0,0,0,0,0,0,0,0,0,0,0,愛知
5075,中島秀治,ナカジマ シュウジ,滋賀,A1,H,071204,1,29,169,53,AB,6.9,55.7,49,34,149,5,2,0.16,30,90.0,0.16,2.5,26,69.2,0.18,3.8,21,47.6,0.14,2.9,17,58.8,0.16,2.4,25,44.0,0.17,3.4,30,23.3,0.15,3.1,A1,A2,A2,53.0,55.0,2025,1,2024-05-01,2024-10-31,124,24,3,1,1,1,0,0,0,0,0,0,0,0,0,9,9,2,2,1,3,0,0,0,0,0,0,0,0,6,4,5,3,2,1,0,0,0,0,0,0,0,0,5,5,3,1,1,1,1,0,0,0,0,0,0,0,4,7,6,3,5,0,0,0,0,0,0,0,0,0,1,6,10,2,5,5,1,0,0,0,0,0,0,0,0,0,0,0,京都
5076,石原光,イシハラ ヒカル,静岡,B1,H,080312,1,28,161,53,AB,3.9,21.6,8,10,83,0,0,0.2,12,41.6,0.18,4.8,15,20.0,0.22,4.1,16,31.2,0.19,4.1,11,9.0,0.21,4.1,16,18.7,0.21,4.6,13,7.6,0.19,4.5,B1,B1,B1,43.0,44.0,2025,1,2024-05-01,2024-10-31,124,4,1,2,0,1,4,0,0,0,0,0,0,0,0,0,3,4,2,4,2,0,0,0,0,0,0,0,0,3,2,0,2,2,6,1,0,0,0,0,0,0,0,1,0,3,0,3,4,0,0,0,0,0,0,0,0,0,3,1,5,4,3,0,0,0,0,0,0,0,0,0,1,0,2,3,7,0,0,0,0,0,0,0,0,0,0,0,0,静岡
5077,滝沢崚,タキザワ リョウ,埼玉,B1,H,090405,1,27,165,48,A,4.05,13.3,4,4,60,0,0,0.15,8,37.5,0.18,3.9,11,27.2,0.12,3.2,14,7.1,0.19,3.8,10,0.0,0.1,2.0,10,10.0,0.18,3.6,7,0.0,0.14,3.9,B2,B1,B1,45.0,46.0,2025,1,2024-05-01,2024-10-31,124,2,1,2,0,1,2,0,0,0,0,0,0,0,0,0,3,3,4,1,0,0,0,0,0,0,0,0,0,1,0,0,5,3,5,0,0,0,0,0,0,0,0,0,0,3,4,2,1,0,0,0,0,0,0,0,0,1,0,2,2,3,2,0,0,0,0,0,0,0,0,0,0,1,2,3,1,0,0,0,0,0,1,0,0,0,0,0,0,埼玉
5078,山川波乙,ヤマカワ ハオ,三重,B2,H,090927,2,27,154,47,O,0.0,0.0,0,0,0,0,0,0.0,0,0.0,0.0,0.0,0,0.0,0.0,0.0,0,0.0,0.0,0.0,0,0.0,0.0,0.0,0,0.0,0.0,0.0,0,0.0,0.0,0.0,B2,B1,B1,42.0,0.0,2025,1,2024-05-01,2024-10-31,124,0,0,0,0,0,0,0,0,0,0,0,0,0,0,0,0,0,0,0,0,0,0,0,0,0,0,0,0,0,0,0,0,0,0,0,0,0,0,0,0,0,0,0,0,0,0,0,0,0,0,0,0,0,0,0,0,0,0,0,0,0,0,0,0,0,0,0,0,0,0,0,0,0,0,0,0,0,0,0,0,0,0,0,0,0,0,0,0,三重
5079,大石真央,オオイシ マオ,静岡,B1,H,100417,2,26,152,44,A,4.46,22.3,10,11,94,0,0,0.2,13,38.4,0.18,4.5,20,20.0,0.21,4.2,18,27.7,0.2,3.4,16,12.5,0.19,3.6,15,26.6,0.21,4.3,12,8.3,0.21,3.9,B1,B1,B1,45.0,47.0,2025,1,2024-05-01,2024-10-31,124,5,0,0,1,5,2,0,0,0,0,0,0,0,0,1,3,5,5,2,4,0,0,0,0,0,0,0,0,2,3,6,2,3,2,0,0,0,0,0,0,0,0,1,1,3,3,3,4,1,0,0,0,0,0,0,0,1,3,1,5,3,2,0,0,0,0,0,0,0,0,0,1,2,2,4,3,0,0,0,0,0,0,0,0,0,0,0,0,静岡
5081,篠原飛翔,シノハラ ツバサ,福岡,B1,H,101026,1,26,172,52,A,4.88,27.5,12,21,120,2,0,0.17,14,28.5,0.19,4.2,23,39.1,0.2,4.7,23,26.0,0.17,3.7,24,37.5,0.16,3.7,22,18.1,0.16,3.6,13,7.6,0.15,3.8,B1,B1,A1,48.0,48.0,2025,1,2024-05-01,2024-10-31,124,1,3,3,5,0,2,0,0,0,0,0,0,0,0,5,4,2,7,4,1,0,0,0,0,0,0,0,0,2,4,3,6,2,6,0,0,0,0,0,0,0,0,3,6,6,4,3,2,0,0,0,0,0,0,0,0,1,3,5,6,3,4,0,0,0,0,0,0,0,0,0,1,1,3,5,2,0,0,0,0,0,0,1,0,0,0,0,1,福岡
5082,一色凌雅,イッシキ リョウガ,愛知,B1,H,101111,1,26,167,59,O,4.59,25.6,11,10,82,2,0,0.21,8,37.5,0.24,3.8,14,35.7,0.18,4.6,23,43.4,0.21,3.7,14,14.2,0.24,4.1,12,0.0,0.23,4.9,11,9.0,0.2,4.4,B2,B2,B1,46.0,47.0,2025,1,2024-05-01,2024-10-31,124,2,1,1,2,2,0,0,0,0,0,0,0,0,0,3,2,2,2,1,3,0,0,0,0,0,1,1,0,4,6,2,3,4,4,0,0,0,0,0,0,0,0,1,1,3,2,3,4,0,0,0,0,0,0,0,0,0,0,1,4,4,3,0,0,0,0,0,0,0,0,1,0,2,4,3,1,0,0,0,0,0,0,0,0,0,0,0,0,愛知
5083,柳瀬幹太,ヤナセ カンタ,山口,B1,H,101111,1,26,166,54,O,4.7,23.6,11,16,114,0,0,0.14,14,71.4,0.17,3.9,22,27.2,0.15,3.1,21,19.0,0.14,3.0,16,18.7,0.14,2.6,22,9.0,0.12,2.6,19,10.5,0.11,2.2,B1,B1,B1,46.0,48.0,2025,1,2024-05-01,2024-10-31,124,6,4,1,0,3,0,0,0,0,0,0,0,0,0,1,5,6,4,3,2,0,0,0,0,0,0,1,0,2,2,6,5,2,4,0,0,0,0,0,0,0,0,0,3,3,8,1,1,0,0,0,0,0,0,0,0,1,1,3,4,8,3,1,0,0,0,0,0,1,0,1,1,2,9,2,4,0,0,0,0,0,0,0,0,0,0,0,0,山口
5084,末永和也,スエナガ カズヤ,佐賀,A1,H,110216,1,25,173,53,A,6.93,52.1,43,31,142,5,1,0.14,30,86.6,0.14,3.0,26,46.1,0.14,3.2,25,72.0,0.13,2.8,18,38.8,0.16,3.2,23,34.7,0.13,2.2,20,15.0,0.14,3.3,A1,A1,A1,64.0,58.0,2025,1,2024-05-01,2024-10-31,124,21,5,2,0,1,1,0,0,0,0,0,1,0,0,4,8,5,3,4,2,0,0,0,0,0,0,0,0,8,10,1,2,1,3,0,0,0,0,0,0,0,0,3,4,7,2,1,1,0,0,0,0,0,0,0,0,4,4,5,5,4,1,0,0,0,0,0,0,0,0,3,0,6,6,0,5,0,0,0,0,0,0,0,0,0,0,0,0,佐賀
5085,中村栄治,ナカムラ エイジ,福井,B1,H,110412,1,25,161,54,A,4.4,20.2,9,8,84,0,0,0.18,12,58.3,0.15,3.0,11,27.2,0.15,3.1,15,6.6,0.19,3.6,19,15.7,0.19,3.5,15,20.0,0.18,3.6,12,0.0,0.21,5.3,B1,B1,B1,46.0,46.0,2025,1,2024-05-01,2024-10-31,124,4,3,2,1,1,0,1,0,0,0,0,0,0,0,2,1,3,3,0,2,0,0,0,0,0,0,0,0,0,1,2,6,2,3,0,0,0,0,0,0,1,0,1,2,5,4,3,4,0,0,0,0,0,0,0,0,2,1,3,3,2,4,0,0,0,0,0,0,0,0,0,0,1,3,3,5,0,0,0,0,0,0,0,0,0,0,0,0,福井
5086,本村大,モトムラ ダイ,長崎,B1,H,110605,1,25,173,52,B,4.51,32.5,12,16,86,1,0,0.15,16,62.5,0.15,3.2,18,16.6,0.16,3.9,13,46.1,0.14,3.5,17,41.1,0.11,2.9,9,22.2,0.17,3.3,13,0.0,0.18,3.5,B1,B1,B1,45.0,46.0,2025,1,2024-05-01,2024-10-31,124,7,3,0,3,2,1,0,0,0,0,0,0,0,0,1,2,1,6,5,3,0,0,0,0,0,0,0,0,2,4,0,2,3,1,0,0,0,0,0,0,0,1,2,5,2,1,1,6,0,0,0,0,0,0,0,0,0,2,0,1,2,4,0,0,0,0,0,0,0,0,0,0,1,1,6,5,0,0,0,0,0,0,0,0,0,0,0,0,長崎
5087,佐藤航,サトウ コウ,埼玉,A2,H,111021,1,25,164,52,B,5.95,39.6,26,26,131,5,0,0.19,22,77.2,0.17,3.0,26,46.1,0.2,3.9,18,33.3,0.17,3.4,18,33.3,0.16,3.4,24,20.8,0.23,4.0,23,26.0,0.2,4.1,A2,A2,A2,49.0,52.0,2025,1,2024-05-01,2024-10-31,124,12,5,3,2,0,0,0,0,0,0,0,0,0,0,3,9,5,4,3,2,0,0,0,0,0,0,0,0,3,3,4,3,3,2,0,0,0,0,0,0,0,0,3,3,6,2,4,0,0,0,0,0,0,0,0,0,3,2,7,3,5,4,0,0,0,0,0,0,0,0,2,4,5,4,6,0,1,0,0,0,0,0,1,0,0,0,1,0,埼玉
5088,高憧四季,タカハタ シキ,大阪,B1,H,111110,2,25,157,45,B,5.42,31.6,23,8,98,0,0,0.16,17,82.3,0.18,2.6,14,35.7,0.16,3.4,19,15.7,0.13,2.1,18,27.7,0.19,3.6,17,17.6,0.15,2.9,13,7.6,0.15,3.2,A2,B1,A1,50.0,49.0,2025,1,2024-05-01,2024-10-31,124,13,1,1,2,0,0,0,0,0,0,0,0,0,0,4,1,3,2,3,1,0,0,0,0,0,0,0,0,2,1,6,7,1,2,0,0,0,0,0,0,0,0,3,2,6,2,2,3,0,0,0,0,0,0,0,0,1,2,1,7,3,2,1,0,0,0,0,0,0,0,0,1,2,1,5,3,0,0,0,0,0,0,0,1,0,0,2,0,大阪
5089,前田翔,マエダ カケル,愛知,A2,H,120317,1,24,167,52,A,6.16,39.2,23,17,102,2,0,0.15,19,78.9,0.1,1.4,17,29.4,0.11,2.7,19,47.3,0.15,2.9,18,33.3,0.19,4.2,15,33.3,0.17,3.7,14,0.0,0.17,4.6,A1,A1,A1,55.0,55.0,2025,1,2024-05-01,2024-10-31,124,13,2,2,1,0,0,1,0,0,0,0,0,0,0,3,2,5,5,1,0,1,0,0,0,0,0,0,0,6,3,3,2,3,2,0,0,0,0,0,0,0,0,1,5,5,5,1,1,0,0,0,0,0,0,0,0,0,5,5,2,2,1,0,0,0,0,0,0,0,0,0,0,4,4,3,3,0,0,0,0,0,0,0,0,0,0,0,0,愛知
5090,生方靖亜,ウブカタ セイア,群馬,B1,H,121029,1,24,168,55,B,4.51,26.9,12,12,89,0,0,0.16,13,76.9,0.16,2.9,14,35.7,0.15,2.8,16,37.5,0.14,2.6,17,11.7,0.17,3.8,17,5.8,0.16,3.6,12,0.0,0.21,4.4,B1,B1,B1,47.0,47.0,2025,1,2024-05-01,2024-10-31,124,7,3,0,1,1,0,1,0,0,0,0,0,0,0,3,2,2,1,6,0,0,0,0,0,0,0,0,0,1,5,1,3,3,3,0,0,0,0,0,0,0,0,1,1,4,4,1,6,0,0,0,0,0,0,0,0,0,1,2,5,5,4,0,0,0,0,0,0,0,0,0,0,1,2,4,5,0,0,0,0,0,0,0,0,0,0,0,0,群馬
5091,為本智也,タメモト トモヤ,福井,A2,H,121109,1,24,167,57,A,5.62,35.0,18,9,77,1,0,0.14,12,75.0,0.14,2.3,13,53.8,0.16,2.9,10,20.0,0.14,3.1,14,35.7,0.15,2.7,12,16.6,0.13,2.8,16,12.5,0.13,3.5,A2,A2,B1,51.0,52.0,2025,1,2024-05-01,2024-10-31,124,8,1,1,1,0,0,1,0,0,0,0,0,0,0,5,2,2,2,2,0,0,0,0,0,0,0,0,0,1,1,2,4,1,1,0,0,0,0,0,0,0,0,3,2,2,2,1,3,1,0,0,0,0,0,0,0,1,1,5,0,3,2,0,0,0,0,0,0,0,0,0,2,3,3,5,3,0,0,0,0,0,0,0,0,0,0,0,0,石川
5092,篠原晟弥,シノハラ セイヤ,福岡,B1,H,121119,1,24,166,52,A,5.25,33.0,21,14,106,0,0,0.15,17,82.3,0.13,2.9,15,33.3,0.17,3.8,19,31.5,0.18,3.5,18,22.2,0.14,3.1,17,17.6,0.12,3.1,20,15.0,0.15,3.2,B1,B1,A2,48.0,48.0,2025,1,2024-05-01,2024-10-31,124,10,4,0,1,1,0,1,0,0,0,0,0,0,0,2,3,6,1,1,2,0,0,0,0,0,0,0,0,3,3,4,4,1,3,0,0,0,0,0,0,1,0,2,2,3,2,4,5,0,0,0,0,0,0,0,0,2,1,2,4,4,4,0,0,0,0,0,0,0,0,2,1,6,3,4,4,0,0,0,0,0,0,0,0,0,0,0,0,福岡
5093,浦野海,ウラノ カイ,福岡,B1,H,140410,1,22,169,53,A,4.72,24.6,9,7,65,1,0,0.18,10,60.0,0.15,3.0,8,12.5,0.17,3.8,13,46.1,0.16,2.6,12,16.6,0.19,4.1,12,8.3,0.17,3.9,10,0.0,0.23,5.3,B1,B1,B1,48.0,47.0,2025,1,2024-05-01,2024-10-31,124,6,0,0,1,2,1,0,0,0,0,0,0,0,0,1,0,4,0,3,0,0,0,0,0,0,0,0,0,1,5,2,1,2,2,0,0,0,0,0,0,0,0,0,2,4,0,4,2,0,0,0,0,0,0,0,0,1,0,3,4,3,1,0,0,0,0,0,1,0,0,0,0,2,0,3,5,0,0,0,0,0,0,0,0,0,0,0,0,福岡
5094,生田波美音,イクタ ハミネ,東京,B2,H,140902,2,22,167,51,A,0.0,0.0,0,0,0,0,0,0.0,0,0.0,0.0,0.0,0,0.0,0.0,0.0,0,0.0,0.0,0.0,0,0.0,0.0,0.0,0,0.0,0.0,0.0,0,0.0,0.0,0.0,B2,B2,B1,0.0,0.0,2025,1,2024-05-01,2024-10-31,124,0,0,0,0,0,0,0,0,0,0,0,0,0,0,0,0,0,0,0,0,0,0,0,0,0,0,0,0,0,0,0,0,0,0,0,0,0,0,0,0,0,0,0,0,0,0,0,0,0,0,0,0,0,0,0,0,0,0,0,0,0,0,0,0,0,0,0,0,0,0,0,0,0,0,0,0,0,0,0,0,0,0,0,0,0,0,0,0,新潟
5095,小原聡将,オハラ トシユキ,東京,A2,H,060422,1,30,161,52,AB,5.77,39.5,13,19,81,1,0,0.14,12,75.0,0.13,1.8,19,52.6,0.14,2.6,10,10.0,0.13,2.9,13,30.7,0.14,2.3,17,47.0,0.14,2.9,10,0.0,0.16,3.5,B1,A2,A2,49.0,51.0,2025,1,2024-05-01,2024-10-31,125,8,1,1,1,0,1,0,0,0,0,0,0,0,0,1,9,5,1,2,1,0,0,0,0,0,0,0,0,0,1,5,2,1,0,0,0,0,0,0,0,1,0,1,3,2,4,1,1,1,0,0,0,0,0,0,0,3,5,1,4,3,1,0,0,0,0,0,0,0,0,0,0,3,2,2,3,0,0,0,0,0,1,0,0,0,0,0,0,千葉
5096,上原崚,ウエハラ リョウ,東京,B1,H,070711,1,29,164,52,AB,5.17,31.1,13,15,90,2,0,0.14,16,68.7,0.13,2.6,12,33.3,0.16,2.5,15,40.0,0.15,2.5,18,11.1,0.12,2.5,15,20.0,0.11,2.4,14,14.2,0.16,2.5,B1,B1,B1,48.0,49.0,2025,1,2024-05-01,2024-10-31,125,9,2,1,0,3,1,0,0,0,0,0,0,0,0,1,3,1,4,3,0,0,0,0,0,0,0,0,0,2,4,2,1,4,1,0,0,0,0,0,0,1,0,0,2,8,3,2,2,1,0,0,0,0,0,0,0,1,2,1,6,2,3,0,0,0,0,0,0,0,0,0,2,3,4,4,1,0,0,0,0,0,0,0,0,0,0,0,0,沖縄
5098,大江純,オオエ ジュン,愛知,B1,H,071204,1,29,170,53,O,4.43,26.0,11,13,92,1,0,0.15,11,54.5,0.11,2.5,12,41.6,0.19,3.4,18,27.7,0.11,2.4,18,33.3,0.12,2.6,16,6.2,0.2,3.6,16,6.2,0.17,3.8,B1,B1,B1,46.0,46.0,2025,1,2024-05-01,2024-10-31,125,3,3,2,1,1,1,0,0,0,0,0,0,0,0,2,3,3,2,0,1,1,1,0,0,0,0,0,0,2,3,2,5,3,3,0,0,0,0,0,0,0,0,3,3,2,4,3,2,0,0,0,0,0,0,1,0,1,0,2,4,3,6,0,0,0,0,0,0,0,0,0,1,0,3,5,7,0,0,0,0,0,0,0,0,0,0,0,1,愛知
5100,栗原一馬,クリハラ カズマ,群馬,B1,H,080923,1,28,174,57,O,3.65,16.8,5,8,77,0,0,0.16,10,50.0,0.18,3.7,16,6.2,0.16,3.6,12,16.6,0.13,2.7,9,33.3,0.16,3.3,13,15.3,0.16,3.7,17,0.0,0.16,3.4,B1,B1,B2,47.0,42.0,2025,1,2024-05-01,2024-10-31,125,3,2,2,1,1,1,0,0,0,0,0,0,0,0,0,1,4,1,6,4,0,0,0,0,0,0,0,0,0,2,3,0,4,1,0,0,0,0,0,0,2,0,1,2,2,0,1,2,1,0,0,0,0,0,0,0,1,1,1,0,7,3,0,0,0,0,0,0,0,0,0,0,3,1,3,10,0,0,0,0,0,0,0,0,0,0,0,0,群馬
5101,表健太,オモテ ケンタ,福岡,B2,H,081128,1,28,168,54,B,3.22,11.1,1,3,36,0,0,0.19,4,50.0,0.11,1.5,8,12.5,0.23,5.3,6,16.6,0.19,3.2,5,0.0,0.17,3.8,10,0.0,0.2,5.3,3,0.0,0.22,6.0,B1,B2,B1,41.0,41.0,2025,1,2024-05-01,2024-10-31,125,1,1,1,0,0,0,0,0,0,0,0,0,1,0,0,1,1,1,1,4,0,0,0,0,0,0,0,0,0,1,0,3,1,1,0,0,0,0,0,0,0,0,0,0,1,1,1,2,0,0,0,0,0,0,0,0,0,0,0,3,6,0,0,0,0,0,0,0,1,0,0,0,0,1,1,1,0,0,0,0,0,0,0,0,0,0,0,0,福岡
5102,原田雄次,ハラダ ユウジ,福岡,B1,H,100216,1,26,166,52,O,4.69,26.0,11,15,100,0,0,0.19,11,63.6,0.17,3.7,16,31.2,0.16,3.9,19,36.8,0.19,3.8,19,26.3,0.21,4.1,19,5.2,0.19,4.3,16,6.2,0.21,4.7,B1,B1,B1,46.0,46.0,2025,1,2024-05-01,2024-10-31,125,5,2,0,2,0,2,0,0,0,0,0,0,0,0,0,5,3,2,2,3,0,0,0,0,0,0,1,0,3,4,7,1,2,1,0,0,0,0,0,0,1,0,3,2,7,2,3,2,0,0,0,0,0,1,0,0,0,1,4,4,4,4,1,0,0,0,0,0,1,0,0,1,1,3,6,5,0,0,0,0,0,0,0,0,0,0,0,0,福岡
5103,芝田京介,シバタ キョウスケ,埼玉,B2,H,100323,1,26,165,55,AB,3.83,14.5,5,2,48,0,0,0.15,7,28.5,0.15,2.9,8,0.0,0.18,3.1,12,8.3,0.15,3.3,8,0.0,0.14,1.9,6,66.6,0.15,2.2,7,0.0,0.14,3.0,B1,B1,B1,42.0,45.0,2025,1,2024-05-01,2024-10-31,125,2,0,1,0,3,1,0,0,0,0,0,0,0,0,0,0,1,2,3,2,0,0,0,0,0,0,0,0,1,0,2,4,3,2,0,0,0,0,0,0,0,0,0,0,3,2,2,1,0,0,0,0,0,0,0,0,2,2,0,0,0,2,0,0,0,0,0,0,0,0,0,0,0,2,1,4,0,0,0,0,0,0,0,0,0,0,1,0,埼玉
5104,山田丈,ヤマダ ジョウ,福岡,A2,H,100911,1,26,166,55,B,5.73,40.0,13,17,75,3,0,0.18,14,92.8,0.17,3.7,12,41.6,0.18,4.1,10,20.0,0.17,3.2,11,45.4,0.16,2.8,15,20.0,0.19,3.6,13,15.3,0.2,3.0,B2,A2,B1,50.0,51.0,2025,1,2024-05-01,2024-10-31,125,11,2,0,0,0,0,1,0,0,0,0,0,0,0,1,4,2,2,2,1,0,0,0,0,0,0,0,0,0,2,2,4,1,1,0,0,0,0,0,0,0,0,0,5,2,2,2,0,0,0,0,0,0,1,0,0,0,3,2,5,4,1,0,0,0,0,0,0,0,0,1,1,2,4,4,1,0,0,0,0,0,0,0,0,0,0,0,0,福岡
5105,富田恕生,トミタ ジョウ,福岡,B1,H,101021,1,26,164,56,B,5.4,39.1,17,28,115,1,0,0.16,16,75.0,0.2,4.3,20,55.0,0.19,4.6,21,33.3,0.17,3.2,17,47.0,0.15,2.6,27,22.2,0.14,2.9,14,7.1,0.13,2.9,B1,B1,B1,48.0,50.0,2025,1,2024-05-01,2024-10-31,125,7,5,2,2,0,0,0,0,0,0,0,0,0,0,3,8,2,2,2,3,0,0,0,0,0,0,0,0,2,5,3,2,4,5,0,0,0,0,0,0,0,0,2,6,2,2,3,2,0,0,0,0,0,0,0,0,3,3,4,5,9,3,0,0,0,0,0,0,0,0,0,1,3,5,4,1,0,0,0,0,0,0,0,0,0,0,0,0,静岡
5106,山崎祥,ヤマサキ ショウ,山口,B1,H,110124,1,25,158,51,A,5.19,35.7,19,20,109,1,0,0.17,18,83.3,0.21,3.9,23,39.1,0.17,3.9,18,44.4,0.17,3.1,14,28.5,0.17,3.6,14,14.2,0.16,3.4,22,4.5,0.17,3.8,A2,B1,B1,51.0,48.0,2025,1,2024-05-01,2024-10-31,125,11,4,1,0,1,0,0,0,0,0,0,0,1,0,2,7,3,4,5,1,0,0,0,0,0,0,0,1,3,5,2,4,3,1,0,0,0,0,0,1,0,0,2,2,2,2,0,4,0,0,0,0,0,0,2,0,1,1,5,1,3,3,0,0,0,0,0,0,0,0,0,1,3,5,8,5,0,0,0,0,0,0,0,0,0,0,1,0,山口
5107,松本真広,マツモト マサヒロ,福岡,B2,H,110218,1,25,162,49,O,3.76,11.7,0,4,34,0,0,0.16,4,50.0,0.09,2.5,7,0.0,0.17,3.6,9,22.2,0.15,2.8,5,0.0,0.22,4.6,4,0.0,0.14,3.0,5,0.0,0.17,3.2,B1,B1,B1,46.0,45.0,2025,1,2024-05-01,2024-10-31,125,0,2,1,1,0,0,0,0,0,0,0,0,0,0,0,0,3,2,1,1,0,0,0,0,0,0,0,0,0,2,1,2,1,3,0,0,0,0,0,0,0,0,0,0,1,0,2,2,0,0,0,0,0,0,0,0,0,0,0,1,2,1,0,0,0,0,0,0,0,0,0,0,2,0,2,1,0,0,0,0,0,0,0,0,0,0,0,0,熊本
5108,柴田愛梨,シバタ アイリ,群馬,B2,H,110225,2,25,157,47,O,0.0,0.0,0,0,0,0,0,0.0,0,0.0,0.0,0.0,0,0.0,0.0,0.0,0,0.0,0.0,0.0,0,0.0,0.0,0.0,0,0.0,0.0,0.0,0,0.0,0.0,0.0,B2,B2,B2,0.0,0.0,2025,1,2024-05-01,2024-10-31,125,0,0,0,0,0,0,0,0,0,0,0,0,0,0,0,0,0,0,0,0,0,0,0,0,0,0,0,0,0,0,0,0,0,0,0,0,0,0,0,0,0,0,0,0,0,0,0,0,0,0,0,0,0,0,0,0,0,0,0,0,0,0,0,0,0,0,0,0,0,0,0,0,0,0,0,0,0,0,0,0,0,0,0,0,0,0,0,0,群馬
5109,川崎智稔,カワサキ トモナリ,岡山,B1,H,110712,1,25,158,50,A,4.88,27.6,13,21,123,1,0,0.15,18,61.1,0.15,2.7,20,45.0,0.14,2.9,21,19.0,0.13,2.6,20,20.0,0.13,2.7,19,21.0,0.14,2.8,25,8.0,0.17,4.0,B1,B1,B1,49.0,48.0,2025,1,2024-05-01,2024-10-31,125,6,5,2,1,2,2,0,0,0,0,0,0,0,0,2,7,4,4,2,1,0,0,0,0,0,0,0,0,2,2,3,7,4,3,0,0,0,0,0,0,0,0,2,2,5,6,3,2,0,0,0,0,0,0,0,0,1,3,2,6,5,1,1,0,0,0,0,0,0,0,0,2,4,6,6,7,0,0,0,0,0,0,0,0,0,0,0,0,岡山
5110,杉山喜一,スギヤマ キイチ,静岡,B1,H,110905,1,25,171,51,A,4.3,19.6,9,11,102,0,0,0.17,13,46.1,0.18,3.8,19,26.3,0.2,4.0,17,17.6,0.14,3.1,16,18.7,0.19,3.6,22,4.5,0.17,3.8,15,13.3,0.16,4.4,B1,B1,B1,47.0,46.0,2025,1,2024-05-01,2024-10-31,125,4,2,1,3,1,1,1,0,0,0,0,0,0,0,1,4,1,4,6,3,0,0,0,0,0,1,0,0,0,3,2,5,4,3,0,0,0,0,0,0,0,0,2,1,5,3,3,2,0,0,0,0,0,0,0,0,0,1,6,10,3,1,0,0,0,0,0,0,1,0,2,0,1,1,6,5,0,0,0,0,0,1,0,0,0,0,1,0,静岡
5111,三村岳人,ミムラ ガクト,岡山,A2,H,111003,1,25,169,50,AB,5.61,37.3,21,32,142,2,0,0.13,25,80.0,0.14,2.8,23,26.0,0.12,2.6,29,31.0,0.14,3.2,21,42.8,0.16,2.6,23,26.0,0.11,2.4,21,14.2,0.12,2.4,A2,B1,B1,50.0,50.0,2025,1,2024-05-01,2024-10-31,125,17,3,1,1,2,1,0,0,0,0,0,0,0,0,1,5,6,4,1,5,0,0,0,0,0,0,1,0,0,9,7,7,2,4,0,0,0,0,0,0,0,0,2,7,4,4,3,1,0,0,0,0,0,0,0,0,1,5,7,3,4,3,0,0,0,0,0,0,0,0,0,3,7,2,5,4,0,0,0,0,0,0,0,0,0,0,0,0,岡山
5112,砂長知輝,スナナガ トモキ,埼玉,A2,H,111010,1,25,169,52,O,6.13,39.2,25,17,107,2,1,0.16,17,82.3,0.14,3.0,20,40.0,0.15,3.8,16,37.5,0.18,4.1,18,33.3,0.14,3.4,23,30.4,0.15,3.2,13,7.6,0.16,5.0,A1,A2,A2,53.0,56.0,2025,1,2024-05-01,2024-10-31,125,13,1,0,2,1,0,0,0,0,0,0,0,0,0,5,3,1,8,2,1,0,0,0,0,0,0,0,0,2,4,3,6,1,0,0,0,0,0,0,0,0,0,2,4,4,2,4,1,1,0,0,0,0,0,0,0,3,4,5,6,4,1,0,0,0,0,0,0,0,0,0,1,5,2,0,5,0,0,0,0,0,0,0,0,0,0,1,0,埼玉
5113,黒明花夢,クロミョウ ハナム,岡山,B2,H,111124,2,25,156,47,B,2.67,9.5,1,1,21,0,0,0.17,3,33.3,0.2,4.0,2,50.0,0.1,1.5,4,0.0,0.11,1.8,4,0.0,0.15,3.0,6,0.0,0.18,3.2,2,0.0,0.32,6.0,B2,B1,B2,38.0,40.0,2025,1,2024-05-01,2024-10-31,125,1,0,0,0,1,1,0,0,0,0,0,0,0,0,0,1,0,0,1,0,0,0,0,0,0,0,0,0,0,0,1,2,1,0,0,0,0,0,0,0,0,0,0,0,0,0,1,3,0,0,0,0,0,0,0,0,0,0,0,0,3,3,0,0,0,0,0,0,0,0,0,0,0,0,1,1,0,0,0,0,0,0,0,0,0,0,0,0,岡山
5114,小林孝彰,コバヤシ タカアキ,福井,B1,H,111231,1,25,164,52,A,5.13,31.8,11,17,88,0,0,0.16,11,63.6,0.14,2.5,17,29.4,0.17,3.4,17,47.0,0.17,2.9,18,16.6,0.16,3.2,12,25.0,0.18,3.4,13,15.3,0.15,3.1,B1,B1,B1,49.0,49.0,2025,1,2024-05-01,2024-10-31,125,4,3,2,1,0,1,0,0,0,0,0,0,0,0,2,3,6,2,3,1,0,0,0,0,0,0,0,0,3,5,3,2,2,2,0,0,0,0,0,0,0,0,2,1,1,7,4,3,0,0,0,0,0,0,0,0,0,3,1,3,3,2,0,0,0,0,0,0,0,0,0,2,0,7,2,2,0,0,0,0,0,0,0,0,0,0,0,0,石川
5115,香川颯太,カガワ ソウタ,滋賀,B1,H,120204,1,24,166,53,A,4.91,26.8,19,10,108,1,0,0.15,17,64.7,0.14,3.3,16,25.0,0.15,3.4,12,25.0,0.16,3.1,22,22.7,0.15,3.2,20,25.0,0.12,2.2,21,4.7,0.15,3.4,A2,B1,B1,51.0,49.0,2025,1,2024-05-01,2024-10-31,125,10,1,1,0,1,2,1,0,0,0,0,0,0,1,2,2,5,5,2,0,0,0,0,0,0,0,0,0,1,2,1,2,4,2,0,0,0,0,0,1,0,0,3,2,4,5,6,2,0,0,0,0,0,0,0,0,2,3,3,3,5,4,0,0,0,0,0,1,0,0,1,0,3,5,8,4,0,0,0,0,0,0,0,0,0,0,0,0,京都
5116,金子七海,カネコ ナナミ,福井,B2,H,120421,2,24,159,45,A,2.83,10.0,2,2,40,0,0,0.17,4,50.0,0.14,3.0,8,0.0,0.16,3.6,6,16.6,0.19,4.0,8,12.5,0.15,3.1,5,0.0,0.24,3.6,9,0.0,0.14,3.1,B2,B2,B1,40.0,40.0,2025,1,2024-05-01,2024-10-31,125,2,0,0,0,0,2,0,0,0,0,0,0,0,0,0,0,1,1,2,3,1,0,0,0,0,0,0,0,0,1,0,0,5,0,0,0,0,0,0,0,0,0,0,1,1,3,3,0,0,0,0,0,0,0,0,0,0,0,0,0,3,2,0,0,0,0,0,0,0,0,0,0,0,1,4,4,0,0,0,0,0,0,0,0,0,0,0,0,福井
5117,冨名腰桃奈,フナコシ モモナ,福岡,B2,H,120502,2,24,141,44,B,3.49,13.5,3,2,37,0,0,0.21,3,33.3,0.22,3.0,7,0.0,0.33,4.3,6,33.3,0.15,2.5,7,14.2,0.16,3.1,6,0.0,0.2,4.7,8,12.5,0.21,4.4,B2,B1,B1,44.0,42.0,2025,1,2024-05-01,2024-10-31,125,1,0,0,1,1,0,0,0,0,0,0,0,0,0,0,0,2,0,2,2,1,0,0,0,0,0,0,0,1,1,1,1,1,1,0,0,0,0,0,0,0,0,1,0,1,0,2,3,0,0,0,0,0,0,0,0,0,0,1,1,1,3,0,0,0,0,0,0,0,0,0,1,1,2,0,4,0,0,0,0,0,0,0,0,0,0,0,0,沖縄
5118,野田なづき,ノダ ナヅキ,佐賀,B2,H,120719,2,24,157,45,A,5.41,31.0,3,6,29,0,0,0.17,5,80.0,0.17,2.2,5,20.0,0.17,3.3,5,40.0,0.19,2.6,6,33.3,0.19,3.3,5,0.0,0.18,4.2,3,0.0,0.11,3.7,B1,B1,B1,49.0,53.0,2025,1,2024-05-01,2024-10-31,125,1,3,0,0,0,1,0,0,0,0,0,0,0,0,0,1,0,2,1,1,0,0,0,0,0,1,0,0,2,0,1,1,1,0,0,0,0,0,0,0,0,0,0,2,1,3,0,0,0,0,0,0,0,0,0,0,0,0,1,1,2,1,0,0,0,0,0,0,0,0,0,0,2,1,0,0,0,0,0,0,0,0,0,0,0,0,2,0,佐賀
5120,山本稔太朗,ヤマモト ジンタロウ,愛知,B1,H,130313,1,23,160,55,B,5.12,35.0,16,18,97,0,0,0.16,14,92.8,0.13,2.2,18,38.8,0.14,2.9,16,43.7,0.16,3.6,19,21.0,0.17,3.6,17,17.6,0.17,3.5,13,0.0,0.17,4.2,B1,A2,B1,48.0,48.0,2025,1,2024-05-01,2024-10-31,125,10,3,1,0,0,0,0,0,0,0,0,0,0,0,2,5,2,1,3,5,0,0,0,0,0,0,0,0,3,4,4,1,1,3,0,0,0,0,0,0,0,0,1,3,2,4,6,2,0,0,0,0,0,0,0,1,0,3,5,4,2,3,0,0,0,0,0,0,0,0,0,0,0,4,7,2,0,0,0,0,0,0,0,0,0,0,2,0,愛知
5121,定松勇樹,サダマツ ユウキ,佐賀,A1,H,130502,1,23,168,52,A,7.25,47.0,45,18,134,6,3,0.13,30,83.3,0.12,2.9,24,54.1,0.13,2.8,19,47.3,0.12,2.9,18,27.7,0.13,3.3,20,25.0,0.13,2.8,23,26.0,0.13,3.2,A1,A1,A1,61.0,66.0,2025,1,2024-05-01,2024-10-31,125,23,2,4,0,0,0,0,0,0,0,0,0,1,0,8,5,5,2,4,0,0,0,0,0,0,0,0,0,5,4,5,1,3,1,0,0,0,0,0,0,0,0,3,2,2,3,6,2,0,0,0,0,0,1,0,0,3,2,3,6,3,3,0,0,0,0,0,0,0,0,3,3,9,2,5,1,0,0,0,0,0,0,0,0,0,0,0,0,福岡
5122,相馬翔,ソウマ ショウ,埼玉,B1,H,130703,1,23,172,56,AB,4.0,19.8,12,8,101,0,0,0.16,15,46.6,0.14,2.7,17,17.6,0.14,3.0,21,19.0,0.14,2.3,16,18.7,0.21,4.0,14,14.2,0.16,3.6,17,5.8,0.22,4.8,B1,B1,B1,46.0,44.0,2025,1,2024-05-01,2024-10-31,125,6,1,4,1,1,2,0,0,0,0,0,0,0,0,1,2,2,4,5,3,0,0,0,0,0,0,0,0,1,3,2,6,2,5,1,0,0,0,0,0,1,0,2,1,3,3,3,4,0,0,0,0,0,0,0,0,1,1,1,3,5,3,0,0,0,0,0,0,0,0,1,0,0,4,3,9,0,0,0,0,0,0,0,0,0,0,0,1,埼玉
5123,福山恵里奈,フクヤマ エリナ,山口,B1,H,080408,2,28,158,48,A,4.1,22.8,6,10,70,0,0,0.18,9,66.6,0.17,2.6,16,25.0,0.15,3.5,12,33.3,0.14,3.1,10,0.0,0.19,4.2,15,13.3,0.21,3.8,8,0.0,0.22,4.8,B1,B2,B1,41.0,45.0,2025,1,2024-05-01,2024-10-31,126,4,2,2,0,1,0,0,0,0,0,0,0,0,0,1,3,3,2,4,3,0,0,0,0,0,0,0,0,0,4,2,2,0,4,0,0,0,0,0,0,0,0,0,0,3,1,5,1,0,0,0,0,0,0,0,0,1,1,1,2,3,7,0,0,0,0,0,0,0,0,0,0,0,0,4,4,0,0,0,0,0,0,0,0,0,0,0,0,山口
5124,上瀧絢也,ジョウタキ ケンヤ,佐賀,B1,H,080414,1,28,169,52,O,3.93,17.3,8,10,104,0,0,0.16,12,58.3,0.15,2.5,18,16.6,0.18,3.2,14,28.5,0.16,3.2,19,15.7,0.16,3.5,19,5.2,0.13,2.9,22,0.0,0.15,3.5,B1,B1,B1,45.0,44.0,2025,1,2024-05-01,2024-10-31,126,4,3,1,2,0,1,1,0,0,0,0,0,0,0,0,3,4,7,0,4,0,0,0,0,0,0,0,0,1,3,4,2,2,2,0,0,0,0,0,0,0,0,2,1,4,2,0,10,0,0,0,0,0,0,0,0,1,0,4,3,3,7,0,0,0,0,0,0,1,0,0,0,2,4,5,11,0,0,0,0,0,0,0,0,0,0,0,0,佐賀
5125,高井雄基,タカイ ユウキ,愛知,B1,H,080719,1,28,169,52,O,5.38,31.5,22,24,146,1,0,0.16,28,60.7,0.16,3.1,28,46.4,0.15,3.6,25,24.0,0.16,3.3,24,16.6,0.17,3.2,21,23.8,0.14,3.3,20,5.0,0.18,3.9,A2,B1,B1,51.0,50.0,2025,1,2024-05-01,2024-10-31,126,16,1,5,1,4,1,0,0,0,0,0,0,0,0,2,11,4,4,3,3,0,0,0,0,0,0,1,0,2,4,10,3,2,4,0,0,0,0,0,0,0,0,1,3,8,5,4,3,0,0,0,0,0,0,0,0,1,4,6,6,3,1,0,0,0,0,0,0,0,0,0,1,4,4,4,7,0,0,0,0,0,1,0,0,0,0,0,0,愛知
5126,山下大輝,ヤマシタ ダイキ,兵庫,A2,H,080827,1,28,165,51,A,5.85,41.7,29,24,127,2,0,0.14,26,69.2,0.15,2.6,20,35.0,0.15,2.3,19,36.8,0.14,2.6,25,48.0,0.11,2.0,18,38.8,0.13,3.1,19,10.5,0.15,3.6,B1,B1,B1,49.0,51.0,2025,1,2024-05-01,2024-10-31,126,15,3,1,1,4,2,0,0,0,0,0,0,0,0,3,4,7,2,3,1,0,0,0,0,0,1,0,0,1,6,4,4,2,2,0,0,0,0,0,0,0,0,6,6,4,4,3,2,0,0,0,0,0,0,0,0,4,3,3,2,4,2,0,0,0,0,0,0,0,0,0,2,3,5,4,5,0,0,0,0,0,0,0,0,0,0,0,0,兵庫
5127,沼田大都,ヌマタ ヒロト,愛知,B1,H,081009,1,28,153,50,A,4.87,27.4,14,17,113,0,0,0.19,16,68.7,0.21,4.1,17,41.1,0.17,3.8,23,13.0,0.18,3.9,25,28.0,0.15,3.3,20,5.0,0.22,4.3,12,16.6,0.25,5.1,B1,B1,B1,48.0,48.0,2025,1,2024-05-01,2024-10-31,126,8,3,1,2,0,1,1,0,0,0,0,0,0,0,3,4,3,4,1,2,0,0,0,0,0,0,0,0,1,2,5,9,3,3,0,0,0,0,0,0,0,0,1,6,6,4,6,2,0,0,0,0,0,0,0,0,1,0,4,4,9,2,0,0,0,0,0,0,0,0,0,2,1,1,2,6,0,0,0,0,0,0,0,0,0,0,0,0,広島
5128,坪井爽佑,ツボイ ソウスケ,三重,B2,H,081216,1,28,169,63,A,3.13,14.2,3,6,63,0,0,0.17,6,50.0,0.23,3.8,10,0.0,0.2,4.3,13,23.0,0.17,3.2,10,0.0,0.13,4.1,12,25.0,0.15,3.3,12,0.0,0.18,4.1,B2,B1,B1,40.0,40.0,2025,1,2024-05-01,2024-10-31,126,2,1,0,2,0,0,1,0,0,0,0,0,0,0,0,0,2,2,1,5,0,0,0,0,0,0,0,0,1,2,0,2,3,5,0,0,0,0,0,0,0,0,0,0,1,1,2,6,0,0,0,0,0,0,0,0,0,3,1,1,2,4,1,0,0,0,0,0,0,0,0,0,1,2,5,3,0,0,0,0,0,1,1,0,0,0,0,0,三重
5129,山口真喜子,ヤマグチ マキコ,長崎,A2,H,090320,2,27,160,46,A,5.64,34.5,19,20,113,3,0,0.16,16,50.0,0.22,3.8,19,36.8,0.16,3.5,25,20.0,0.15,3.2,18,61.1,0.13,2.5,18,44.4,0.16,3.4,17,0.0,0.16,4.1,B1,B1,B2,48.0,51.0,2025,1,2024-05-01,2024-10-31,126,5,3,1,3,2,2,0,0,0,0,0,0,0,0,4,3,3,4,3,2,0,0,0,0,0,0,0,0,1,4,9,4,4,3,0,0,0,0,0,0,0,0,6,5,4,2,1,0,0,0,0,0,0,0,0,0,3,5,4,4,0,2,0,0,0,0,0,0,0,0,0,0,7,2,3,4,0,0,0,0,0,0,1,0,0,0,1,0,長崎
5130,上野拓馬,ウエノ タクマ,三重,B1,H,100113,1,26,166,52,B,4.24,20.1,10,14,119,0,0,0.18,14,50.0,0.18,3.7,23,30.4,0.19,4.0,23,13.0,0.18,3.8,21,19.0,0.18,4.0,15,6.6,0.16,3.4,23,8.7,0.18,3.8,B1,B1,B1,44.0,46.0,2025,1,2024-05-01,2024-10-31,126,5,2,0,3,2,2,0,0,0,0,0,0,0,0,2,5,2,5,4,5,0,0,0,0,0,0,0,0,1,2,8,4,4,4,0,0,0,0,0,0,0,0,2,2,3,6,3,5,0,0,0,0,0,0,0,0,0,1,2,5,5,2,0,0,0,0,0,0,0,0,0,2,4,3,7,7,0,0,0,0,0,0,0,0,0,0,0,0,三重
5131,江藤敦宏,エトウ アツヒロ,福岡,B1,H,110408,1,25,153,52,O,3.37,13.1,4,8,91,0,0,0.18,7,42.8,0.18,3.7,17,35.2,0.18,4.5,19,5.2,0.17,4.3,16,12.5,0.19,3.4,18,0.0,0.17,3.4,14,0.0,0.19,4.1,B2,B1,B1,42.0,43.0,2025,1,2024-05-01,2024-10-31,126,2,1,1,1,1,1,0,0,0,0,0,0,0,0,0,6,4,4,2,1,0,0,0,0,0,1,0,0,0,1,2,3,8,5,0,0,0,0,0,0,0,0,2,0,0,1,4,9,0,0,0,0,0,0,0,0,0,0,3,3,8,4,0,0,0,0,0,0,0,0,0,0,1,2,4,7,0,0,0,0,0,0,0,0,0,0,0,0,福岡
5132,中野希一,ナカノ キイチ,埼玉,A2,H,110427,1,25,171,53,B,5.91,42.1,26,28,128,2,1,0.15,18,77.7,0.18,3.6,26,53.8,0.16,3.1,19,31.5,0.15,3.5,23,52.1,0.13,2.2,26,19.2,0.14,2.7,16,18.7,0.12,2.5,B1,A2,B1,40.0,52.0,2025,1,2024-05-01,2024-10-31,126,11,3,0,1,1,2,0,0,0,0,0,0,0,0,5,9,3,2,3,4,0,0,0,0,0,0,0,0,2,4,4,5,3,1,0,0,0,0,0,0,0,0,7,5,2,3,6,0,0,0,0,0,0,0,0,0,0,5,9,7,2,3,0,0,0,0,0,0,0,0,1,2,4,5,3,1,0,0,0,0,0,0,0,0,0,0,0,0,埼玉
5133,堀越雄貴,ホリコシ ユウキ,東京,B1,H,110730,1,25,164,51,AB,4.66,23.4,8,14,94,0,0,0.18,17,41.1,0.15,3.5,15,33.3,0.17,4.3,14,14.2,0.17,3.5,20,20.0,0.18,3.9,14,28.5,0.18,3.9,14,0.0,0.21,3.8,B1,B1,B1,47.0,48.0,2025,1,2024-05-01,2024-10-31,126,4,3,3,2,3,1,1,0,0,0,0,0,0,0,0,5,1,2,4,3,0,0,0,0,0,0,0,0,2,0,4,6,1,1,0,0,0,0,0,0,0,0,0,4,6,2,3,5,0,0,0,0,0,0,0,0,2,2,2,4,3,1,0,0,0,0,0,0,0,0,0,0,4,3,4,3,0,0,0,0,0,0,0,0,0,0,0,0,神奈川
5134,大原祥昌,オオハラ ヨシマサ,広島,B1,H,110805,1,25,164,53,A,5.45,34.2,23,13,105,2,1,0.13,17,64.7,0.14,2.8,19,47.3,0.13,2.9,22,36.3,0.12,2.1,17,23.5,0.13,2.6,15,13.3,0.13,3.0,15,13.3,0.13,3.1,B1,B1,B1,42.0,48.0,2025,1,2024-05-01,2024-10-31,126,9,2,2,0,1,3,0,0,0,0,0,0,0,0,6,3,5,2,1,2,0,0,0,0,0,0,0,0,3,5,7,3,2,2,0,0,0,0,0,0,0,0,3,1,2,1,3,5,0,0,0,0,0,0,2,0,1,1,6,1,3,3,0,0,0,0,0,0,0,0,1,1,5,1,1,5,0,0,0,0,0,0,1,0,0,0,0,0,広島
5135,仲航太,ナカ コウタ,東京,B1,H,111118,1,25,169,55,A,4.95,27.8,11,18,104,0,0,0.17,14,64.2,0.13,2.7,16,18.7,0.2,3.9,26,26.9,0.17,3.8,21,33.3,0.15,3.0,13,7.6,0.16,4.3,14,14.2,0.18,3.9,B1,B1,B1,49.0,49.0,2025,1,2024-05-01,2024-10-31,126,4,5,2,0,2,1,0,0,0,0,0,0,0,0,0,3,2,2,5,4,0,0,0,0,0,0,0,0,2,5,6,4,4,5,0,0,0,0,0,0,0,0,5,2,4,4,3,3,0,0,0,0,0,0,0,0,0,1,5,4,3,0,0,0,0,0,0,0,0,0,0,2,4,3,3,2,0,0,0,0,0,0,0,0,0,0,2,0,神奈川
5136,濱野斗馬,ハマノ トウマ,香川,A2,H,111217,1,25,157,55,A,6.08,39.6,32,20,131,4,2,0.13,33,81.8,0.13,2.0,18,33.3,0.16,2.6,27,29.6,0.1,2.3,21,33.3,0.13,2.5,14,21.4,0.12,2.2,18,5.5,0.16,3.6,A1,A1,A2,55.0,54.0,2025,1,2024-05-01,2024-10-31,126,24,3,3,2,1,0,0,0,0,0,0,0,0,0,1,5,5,5,0,2,0,0,0,0,0,0,0,0,4,4,4,6,3,4,1,0,0,0,0,0,1,0,3,4,5,3,3,3,0,0,0,0,0,2,0,0,0,3,5,3,1,2,0,0,0,0,0,0,0,0,0,1,5,5,5,2,0,0,0,0,0,0,0,0,0,0,0,0,香川
5137,川原涼,カワハラ リョウ,愛知,B1,H,120223,1,24,166,54,O,4.89,25.7,14,11,97,0,0,0.16,12,66.6,0.17,2.3,17,11.7,0.19,4.4,20,30.0,0.17,2.9,11,27.2,0.12,3.0,19,15.7,0.14,2.6,18,16.6,0.17,3.2,B1,B1,B1,46.0,48.0,2025,1,2024-05-01,2024-10-31,126,6,2,1,1,1,1,0,0,0,0,0,0,0,0,1,1,4,2,4,4,1,0,0,0,0,0,0,0,3,3,2,5,5,2,0,0,0,0,0,0,0,0,1,2,2,3,2,1,0,0,0,0,0,0,0,0,1,2,4,6,6,0,0,0,0,0,0,0,0,0,2,1,4,6,3,2,0,0,0,0,0,0,0,0,0,0,0,0,愛知
5138,村本大成,ムラモト タイセイ,福岡,B2,H,120430,1,24,174,54,AB,2.73,6.1,0,3,49,0,0,0.16,5,20.0,0.2,3.0,7,0.0,0.15,5.0,10,10.0,0.17,4.2,9,11.1,0.15,3.0,10,0.0,0.14,3.4,8,0.0,0.19,5.5,B1,B2,B1,42.0,40.0,2025,1,2024-05-01,2024-10-31,126,0,1,2,0,1,1,0,0,0,0,0,0,0,0,0,0,2,1,2,2,0,0,0,0,0,0,0,0,0,1,1,1,4,3,0,0,0,0,0,0,0,0,0,1,1,2,2,3,0,0,0,0,0,0,0,0,0,0,1,0,4,5,0,0,0,0,0,0,0,0,0,0,0,1,1,6,0,0,0,0,0,0,0,0,0,0,0,0,福岡
5139,大場恒季,オオバ コウキ,愛知,A2,H,120623,1,24,166,54,B,6.13,44.0,33,15,109,3,1,0.14,19,84.2,0.1,1.7,13,46.1,0.14,2.1,18,44.4,0.13,2.3,22,40.9,0.16,2.4,19,31.5,0.13,2.7,18,16.6,0.15,2.6,B2,B1,A2,46.0,50.0,2025,1,2024-05-01,2024-10-31,126,14,2,0,0,1,1,0,0,0,0,0,0,1,0,4,2,2,1,3,0,1,0,0,0,0,0,0,0,6,2,7,1,1,0,1,0,0,0,0,0,0,0,3,6,5,3,2,2,0,0,0,0,0,0,1,0,4,2,3,1,5,4,0,0,0,0,0,0,0,0,2,1,4,7,2,2,0,0,0,0,0,0,0,0,0,0,0,0,愛知
5140,吉田彩乃,ヨシダ アヤノ,静岡,B1,H,120922,2,24,157,49,B,4.6,21.8,10,9,87,0,0,0.21,13,38.4,0.22,3.8,16,50.0,0.19,4.0,18,16.6,0.21,4.4,14,7.1,0.23,4.3,15,13.3,0.2,3.9,11,0.0,0.2,4.1,B2,B1,B1,42.0,47.0,2025,1,2024-05-01,2024-10-31,126,5,0,1,4,0,2,0,0,0,0,0,0,1,0,2,6,0,3,3,2,0,0,0,0,0,0,0,0,2,1,7,6,1,1,0,0,0,0,0,0,0,0,0,1,2,5,4,2,0,0,0,0,0,0,0,0,1,1,4,1,4,4,0,0,0,0,0,0,0,0,0,0,1,5,2,3,0,0,0,0,0,0,0,0,0,0,0,0,静岡
5141,大澤風葵,オオサワ フウキ,群馬,A1,H,121221,1,24,162,55,A,6.99,59.5,43,32,126,6,0,0.12,28,89.2,0.11,2.4,22,72.7,0.13,2.5,18,44.4,0.11,2.2,17,58.8,0.1,1.9,21,47.6,0.11,2.2,20,30.0,0.12,3.2,A2,A1,A1,54.0,55.0,2025,1,2024-05-01,2024-10-31,126,22,3,1,0,2,0,0,0,0,0,0,0,0,0,10,6,3,1,1,1,0,0,0,0,0,0,0,0,3,5,3,1,3,2,0,0,0,0,0,1,1,0,3,7,2,1,1,2,1,0,0,0,0,0,0,0,4,6,4,5,1,1,0,0,0,0,0,0,0,0,1,5,4,3,3,4,0,0,0,0,0,0,0,0,0,0,0,0,群馬
5142,常住蓮,ツネズミ レン,佐賀,A1,H,130102,1,23,160,49,A,6.6,46.8,40,20,128,4,1,0.16,27,92.5,0.17,3.0,25,44.0,0.17,3.6,21,57.1,0.15,2.7,23,17.3,0.15,3.7,16,31.2,0.17,3.7,16,18.7,0.18,4.5,A1,A2,A1,54.0,54.0,2025,1,2024-05-01,2024-10-31,126,22,3,2,0,0,0,0,0,0,0,0,0,0,0,7,4,5,5,2,2,0,0,0,0,0,0,0,0,5,7,4,3,1,1,0,0,0,0,0,0,0,0,3,1,11,1,4,2,0,0,0,0,0,0,1,0,2,3,5,1,1,3,1,0,0,0,0,0,0,0,1,2,2,4,3,4,0,0,0,0,0,0,0,0,0,0,0,0,佐賀
5143,常盤海心,トキワ カイシン,徳島,B1,H,130223,1,23,170,55,A,3.61,12.2,4,7,90,0,0,0.22,11,0.0,0.24,5.1,18,27.7,0.2,4.6,18,22.2,0.22,4.6,12,0.0,0.25,4.8,17,5.8,0.18,3.5,14,7.1,0.25,4.5,B1,B2,B1,42.0,43.0,2025,1,2024-05-01,2024-10-31,126,0,0,4,2,1,3,1,0,0,0,0,0,0,0,2,3,0,4,3,6,0,0,0,0,0,0,0,0,2,2,4,1,5,4,0,0,0,0,0,0,0,0,0,0,3,5,2,2,0,0,0,0,0,0,0,0,0,1,3,3,5,5,0,0,0,0,0,0,0,0,0,1,3,1,2,7,0,0,0,0,0,0,0,0,0,0,0,0,徳島
5144,中尾彩香,ナカオ サヤカ,福岡,B1,H,130627,2,23,162,47,O,4.13,16.4,5,9,85,0,0,0.18,10,40.0,0.2,2.9,17,23.5,0.18,3.6,21,14.2,0.19,4.0,11,9.0,0.18,3.9,14,14.2,0.2,3.5,12,0.0,0.15,3.5,B2,B1,B1,41.0,46.0,2025,1,2024-05-01,2024-10-31,126,2,2,3,2,0,1,0,0,0,0,0,0,0,0,1,3,3,6,2,2,0,0,0,0,0,0,0,0,1,2,6,4,6,2,0,0,0,0,0,0,0,0,1,0,2,1,1,5,0,0,0,0,0,0,1,0,0,2,4,1,3,4,0,0,0,0,0,0,0,0,0,0,1,2,4,5,0,0,0,0,0,0,0,0,0,0,0,0,沖縄
5145,島川海輝,シマカワ カイキ,山口,A1,H,150309,1,21,171,52,O,6.6,53.2,40,33,137,5,2,0.15,28,85.7,0.12,2.8,17,70.5,0.14,3.2,26,38.4,0.12,2.9,29,48.2,0.16,2.8,22,40.9,0.16,3.2,15,26.6,0.2,4.3,B1,A2,B1,50.0,53.0,2025,1,2024-05-01,2024-10-31,126,20,4,1,1,0,2,0,0,0,0,0,0,0,0,6,6,1,1,3,0,0,0,0,0,0,0,0,0,4,6,6,4,4,2,0,0,0,0,0,0,0,0,8,6,5,4,4,2,0,0,0,0,0,0,0,0,2,7,6,4,3,0,0,0,0,0,0,1,0,0,0,4,1,3,4,3,0,0,0,0,0,0,0,0,0,0,0,0,山口
5146,野田彩加,ノダ アヤカ,山口,A2,H,150430,2,21,165,49,O,5.77,38.2,18,21,102,0,0,0.17,18,77.7,0.16,3.2,18,55.5,0.15,3.4,17,17.6,0.16,3.7,17,41.1,0.19,3.4,15,20.0,0.18,3.6,17,11.7,0.16,4.5,B1,B1,B1,48.0,52.0,2025,1,2024-05-01,2024-10-31,126,10,4,2,0,0,2,0,0,0,0,0,0,0,0,3,7,6,2,0,0,0,0,0,0,0,0,0,0,0,3,6,4,2,2,0,0,0,0,0,0,0,0,3,4,4,3,2,1,0,0,0,0,0,0,0,0,2,1,2,1,7,2,0,0,0,0,0,0,0,0,0,2,2,5,3,5,0,0,0,0,0,0,0,0,0,0,0,0,山口
5147,田中勇輔,タナカ ユウスケ,埼玉,B1,H,060119,1,30,172,54,O,4.92,27.7,17,16,119,0,0,0.13,15,73.3,0.14,2.7,23,26.0,0.12,2.7,21,4.7,0.15,2.5,21,33.3,0.11,2.1,20,25.0,0.11,2.1,19,15.7,0.12,2.7,B1,B1,B1,46.0,48.0,2025,1,2024-05-01,2024-10-31,127,6,5,2,0,2,0,0,0,0,0,0,0,0,0,1,5,3,10,4,0,0,0,0,0,0,0,0,0,1,0,6,5,5,3,1,0,0,0,0,0,0,0,6,1,2,4,6,2,0,0,0,0,0,0,0,0,2,3,3,3,5,4,0,0,0,0,0,0,0,0,1,2,3,6,1,6,0,0,0,0,0,0,0,0,0,0,0,0,埼玉
5148,松本怜,マツモト レイ,福岡,B1,H,060207,2,30,158,51,AB,4.89,25.2,10,13,91,1,0,0.19,11,45.4,0.15,3.2,16,31.2,0.18,3.9,19,21.0,0.19,3.4,16,50.0,0.19,3.9,19,5.2,0.2,3.8,10,0.0,0.2,4.6,B1,B1,B2,44.0,48.0,2025,1,2024-05-01,2024-10-31,127,4,1,4,0,1,0,0,0,0,0,0,0,1,0,2,3,4,4,2,1,0,0,0,0,0,0,0,0,1,3,7,4,3,0,0,0,0,0,0,0,1,0,3,5,2,3,2,1,0,0,0,0,0,0,0,0,0,1,4,3,8,3,0,0,0,0,0,0,0,0,0,0,0,2,5,2,1,0,0,0,0,0,0,0,0,0,1,0,福岡
5150,坂本雄紀,サカモト ユウキ,群馬,A2,H,061018,1,30,161,53,A,5.6,42.1,26,22,114,2,0,0.15,21,76.1,0.13,2.8,18,50.0,0.15,2.8,19,36.8,0.15,2.7,17,23.5,0.16,3.5,16,43.7,0.15,3.2,23,21.7,0.14,2.4,A2,B1,B1,49.0,49.0,2025,1,2024-05-01,2024-10-31,127,11,5,2,0,2,1,0,0,0,0,0,0,0,0,6,3,2,2,3,2,0,0,0,0,0,0,0,0,3,4,6,1,4,1,0,0,0,0,0,0,0,0,2,2,1,2,5,5,0,0,0,0,0,0,0,0,2,5,1,4,3,1,0,0,0,0,0,0,0,0,2,3,1,8,2,5,1,0,0,0,0,0,1,0,0,0,0,0,群馬
5151,山下奈緒,ヤマシタ ナオ,大阪,B1,H,070413,2,29,153,49,O,4.07,17.5,5,8,74,0,0,0.21,12,41.6,0.21,4.2,14,35.7,0.21,4.0,14,14.2,0.19,4.2,13,0.0,0.19,4.0,13,7.6,0.25,4.3,8,0.0,0.22,4.9,B2,B1,B1,45.0,46.0,2025,1,2024-05-01,2024-10-31,127,3,2,2,2,1,0,0,0,0,0,0,0,2,0,2,3,2,2,4,1,0,0,0,0,0,0,0,0,0,2,2,6,4,0,0,0,0,0,0,0,0,0,0,0,3,4,3,3,0,0,0,0,0,0,0,0,0,1,1,5,5,1,0,0,0,0,0,0,0,0,0,0,0,0,4,4,0,0,0,0,0,0,0,0,0,0,0,0,香川
5152,丸山祐也,マルヤマ ユウヤ,福岡,B2,H,070814,1,29,165,52,A,3.7,11.4,3,5,70,0,0,0.2,9,22.2,0.17,3.9,12,16.6,0.2,3.8,14,21.4,0.16,3.8,11,9.0,0.18,4.1,10,0.0,0.24,4.0,13,0.0,0.26,5.2,B1,B1,B1,47.0,43.0,2025,1,2024-05-01,2024-10-31,127,2,0,2,2,0,2,1,0,0,0,0,0,0,0,0,2,4,2,1,3,0,0,0,0,0,0,0,0,1,2,3,3,4,0,0,0,0,0,0,0,0,1,0,1,2,2,4,2,0,0,0,0,0,0,0,0,0,0,3,2,4,0,0,0,0,0,0,0,1,0,0,0,1,2,4,6,0,0,0,0,0,0,0,0,0,0,0,1,福岡
5153,佐藤ほのか,サトウ ホノカ,東京,B1,H,080403,2,28,149,46,O,3.62,10.5,3,7,95,0,0,0.17,11,18.1,0.2,3.8,20,15.0,0.2,4.0,18,11.1,0.17,2.8,21,9.5,0.17,3.4,17,5.8,0.17,2.9,8,0.0,0.11,2.5,B1,B1,B1,44.0,44.0,2025,1,2024-05-01,2024-10-31,127,1,1,3,0,3,3,0,0,0,0,0,1,0,0,0,3,4,6,5,2,0,0,0,0,0,0,0,0,0,2,5,4,2,4,0,0,0,0,0,0,1,0,2,0,3,4,9,3,0,0,0,0,0,1,0,0,0,1,3,2,4,7,0,0,0,0,0,0,0,0,0,0,1,1,5,1,0,0,0,0,0,0,0,0,0,0,2,0,東京
5154,村松栄太,ムラマツ エイタ,広島,B1,H,080624,1,28,159,54,A,4.25,19.8,11,10,106,0,0,0.17,13,46.1,0.18,3.4,21,23.8,0.18,4.1,19,26.3,0.15,2.9,17,17.6,0.15,3.2,17,5.8,0.18,3.8,19,5.2,0.16,3.8,B1,B1,B1,46.0,46.0,2025,1,2024-05-01,2024-10-31,127,4,2,2,2,3,0,0,0,0,0,0,0,0,0,1,4,4,4,4,2,1,0,0,0,0,0,1,0,3,2,2,2,4,6,0,0,0,0,0,0,0,0,2,1,1,5,5,3,0,0,0,0,0,0,0,0,1,0,2,7,4,3,0,0,0,0,0,0,0,0,0,1,5,3,8,2,0,0,0,0,0,0,0,0,0,0,0,0,広島
5155,内山七海,ウチヤマ ナナミ,福岡,B2,H,081212,2,28,165,45,A,0.0,0.0,0,0,0,0,0,0.0,0,0.0,0.0,0.0,0,0.0,0.0,0.0,0,0.0,0.0,0.0,0,0.0,0.0,0.0,0,0.0,0.0,0.0,0,0.0,0.0,0.0,B1,B1,B1,46.0,0.0,2025,1,2024-05-01,2024-10-31,127,0,0,0,0,0,0,0,0,0,0,0,0,0,0,0,0,0,0,0,0,0,0,0,0,0,0,0,0,0,0,0,0,0,0,0,0,0,0,0,0,0,0,0,0,0,0,0,0,0,0,0,0,0,0,0,0,0,0,0,0,0,0,0,0,0,0,0,0,0,0,0,0,0,0,0,0,0,0,0,0,0,0,0,0,0,0,0,0,福岡
5156,坂野さくら,サカノ サクラ,福井,B1,H,090209,2,27,156,49,O,4.65,26.7,14,16,112,0,0,0.17,17,70.5,0.19,4.0,20,25.0,0.2,3.9,17,17.6,0.17,3.3,19,15.7,0.15,3.0,20,30.0,0.15,3.4,19,5.2,0.18,3.5,B1,B1,B1,46.0,47.0,2025,1,2024-05-01,2024-10-31,127,10,2,1,1,1,2,0,0,0,0,0,0,0,0,0,5,2,3,5,5,0,0,0,0,0,0,0,0,1,2,6,3,0,5,0,0,0,0,0,0,0,0,1,2,3,4,6,2,1,0,0,0,0,0,0,0,2,4,7,1,4,2,0,0,0,0,0,0,0,0,0,1,2,4,3,9,0,0,0,0,0,0,0,0,0,0,0,0,石川
5157,市川健太,イチカワ ケンタ,滋賀,B1,H,091007,1,27,172,55,O,3.89,14.0,10,7,121,0,0,0.16,19,42.1,0.14,2.8,20,0.0,0.18,4.0,18,27.7,0.16,3.5,23,13.0,0.16,3.5,21,4.7,0.15,2.8,20,0.0,0.16,3.3,B1,B1,B2,44.0,45.0,2025,1,2024-05-01,2024-10-31,127,7,1,4,2,3,2,0,0,0,0,0,0,0,0,0,0,5,5,5,5,0,0,0,0,0,0,0,0,1,4,5,3,1,4,0,0,0,0,0,0,0,0,2,1,4,4,5,7,0,0,0,0,0,0,0,0,0,1,1,5,7,7,0,0,0,0,0,0,0,0,0,0,2,8,4,6,0,0,0,0,0,0,0,0,0,0,0,0,京都
5158,宮脇遼太,ミヤワキ リョウタ,福岡,A2,H,100210,1,26,163,51,O,5.46,37.2,17,18,94,1,0,0.16,11,72.7,0.15,2.7,12,41.6,0.17,3.8,16,31.2,0.14,2.1,13,46.1,0.14,2.4,24,33.3,0.17,3.3,18,16.6,0.16,3.8,B1,B1,B1,46.0,50.0,2025,1,2024-05-01,2024-10-31,127,7,1,0,2,0,1,0,0,0,0,0,0,0,0,2,3,2,1,2,2,0,0,0,0,0,0,0,0,1,4,4,3,2,2,0,0,0,0,0,0,0,0,3,3,2,3,1,1,0,0,0,0,0,0,0,0,4,4,4,5,4,2,1,0,0,0,0,0,0,0,0,3,2,5,3,5,0,0,0,0,0,1,0,0,0,0,0,0,福岡
5160,藤森陸斗,フジモリ リクト,福岡,B1,H,110128,1,25,166,56,AB,4.3,25.0,6,23,116,1,0,0.14,15,46.6,0.13,2.3,23,26.0,0.14,3.3,21,47.6,0.13,2.5,20,20.0,0.15,3.5,20,10.0,0.17,3.0,17,0.0,0.16,3.7,B1,B1,B1,48.0,46.0,2025,1,2024-05-01,2024-10-31,127,3,4,1,3,2,2,0,0,0,0,0,0,0,0,2,4,5,3,6,3,0,0,0,0,0,1,0,0,1,9,5,1,1,4,0,0,0,0,0,0,0,0,0,4,2,2,5,7,0,0,0,0,0,0,0,0,0,2,4,5,2,6,0,0,0,0,0,1,0,1,0,0,1,4,7,5,0,0,0,0,0,0,0,0,0,0,0,0,福岡
5161,登玉隼百,トダマ ハヤト,兵庫,A2,H,110603,1,25,168,52,AB,5.69,44.6,24,30,121,2,1,0.13,20,75.0,0.11,2.8,24,45.8,0.13,2.8,21,42.8,0.14,2.9,21,38.1,0.13,2.8,19,42.1,0.13,2.6,16,18.7,0.14,2.8,A2,B1,B1,50.0,50.0,2025,1,2024-05-01,2024-10-31,127,10,5,2,1,1,1,0,0,0,0,0,0,0,0,3,8,3,4,2,4,0,0,0,0,0,0,0,0,3,6,2,4,3,3,0,0,0,0,0,0,0,0,4,4,4,4,3,2,0,0,0,0,0,0,0,0,3,5,1,2,5,3,0,0,0,0,0,0,0,0,1,2,1,4,4,4,0,0,0,0,0,0,0,0,0,0,0,0,兵庫
5162,松尾怜実,マツオ サトミ,福岡,B1,H,111027,2,25,154,47,AB,4.23,18.4,4,13,92,0,0,0.17,11,27.2,0.21,3.5,16,31.2,0.17,3.1,20,25.0,0.17,2.7,14,14.2,0.15,2.6,21,9.5,0.17,3.0,10,0.0,0.15,3.5,B1,B1,B1,46.0,46.0,2025,1,2024-05-01,2024-10-31,127,1,2,2,3,3,0,0,0,0,0,0,0,0,0,2,3,2,4,3,2,0,0,0,0,0,0,0,0,1,4,2,5,4,2,0,0,0,0,0,0,2,0,0,2,4,2,3,2,1,0,0,0,0,0,0,0,0,2,5,3,8,3,0,0,0,0,0,0,0,0,0,0,2,5,1,2,0,0,0,0,0,0,0,0,0,0,4,0,熊本
5163,清水愛海,シミズ アミ,山口,A1,H,111123,2,25,159,48,O,6.36,47.0,20,27,100,1,0,0.16,13,76.9,0.19,2.9,17,58.8,0.17,3.5,16,43.7,0.12,2.2,18,44.4,0.16,2.9,21,42.8,0.16,3.3,15,20.0,0.19,3.4,B1,B1,A2,48.0,53.0,2025,1,2024-05-01,2024-10-31,127,9,1,1,2,0,0,0,0,0,0,0,0,0,0,4,6,2,3,0,2,0,0,0,0,0,0,0,0,4,3,4,4,1,0,0,0,0,0,0,1,0,0,2,6,6,2,1,0,1,0,0,0,0,0,0,0,0,9,5,2,3,2,0,0,0,0,0,0,0,0,1,2,3,5,2,2,0,0,0,0,0,0,0,0,0,0,0,0,山口
5164,森田梨湖,モリタ リコ,福岡,B2,H,111130,2,25,153,50,B,2.94,12.7,2,4,47,0,0,0.21,5,60.0,0.18,4.0,11,0.0,0.22,4.6,9,22.2,0.19,3.3,8,0.0,0.25,4.8,8,0.0,0.2,4.6,6,16.6,0.23,3.5,B2,B2,B2,35.0,40.0,2025,1,2024-05-01,2024-10-31,127,1,2,1,0,1,0,0,0,0,0,0,0,0,0,0,0,1,1,5,4,0,0,0,0,0,0,0,0,1,1,0,2,2,2,0,0,0,0,0,0,1,0,0,0,1,2,2,3,0,0,0,0,0,0,0,0,0,0,0,0,5,3,0,0,0,0,0,0,0,0,0,1,0,0,1,4,0,0,0,0,0,0,0,0,0,0,0,0,福岡
5165,小林愛実,コバヤシ ナルミ,岡山,B1,H,120422,2,24,149,47,B,4.7,21.0,14,13,128,0,0,0.18,18,44.4,0.2,3.7,23,21.7,0.19,3.7,22,18.1,0.16,3.7,25,24.0,0.17,3.2,16,25.0,0.2,4.1,24,0.0,0.18,3.6,B1,B1,B1,46.0,48.0,2025,1,2024-05-01,2024-10-31,127,4,4,3,2,2,2,0,0,0,0,0,1,1,0,5,0,6,10,0,2,0,0,0,0,0,0,0,0,1,3,6,5,5,2,0,0,0,0,0,1,0,0,4,2,5,5,1,8,0,0,0,0,0,0,0,0,0,4,1,5,5,1,0,0,0,0,0,0,0,0,0,0,7,4,11,2,0,0,0,0,0,0,0,0,0,0,0,0,岡山
5166,仲道大輔,ナカミチ ダイスケ,愛知,A2,H,120506,1,24,173,52,B,5.92,37.8,22,20,111,2,0,0.17,20,70.0,0.15,2.7,17,47.0,0.17,4.1,18,27.7,0.16,3.2,20,50.0,0.15,3.1,18,16.6,0.19,4.0,18,11.1,0.21,4.7,A1,A2,B1,53.0,53.0,2025,1,2024-05-01,2024-10-31,127,12,2,5,0,1,0,0,0,0,0,0,0,0,0,3,5,2,4,1,2,0,0,0,0,0,0,0,0,1,4,5,4,3,0,1,0,0,0,0,0,0,0,6,4,5,2,1,1,1,0,0,0,0,0,0,0,0,3,5,3,4,3,0,0,0,0,0,0,0,0,0,2,4,4,6,2,0,0,0,0,0,0,0,0,0,0,0,0,愛知
5167,小川竜太朗,オガワ リョウタロウ,埼玉,B1,H,120519,1,24,172,57,B,3.91,15.7,8,4,76,0,0,0.17,9,44.4,0.17,3.4,17,5.8,0.18,4.4,13,30.7,0.18,3.5,12,8.3,0.14,2.1,15,13.3,0.17,4.0,10,0.0,0.19,4.9,B1,B1,B1,45.0,45.0,2025,1,2024-05-01,2024-10-31,127,4,0,2,1,1,1,0,0,0,0,0,0,0,0,1,0,1,5,7,3,0,0,0,0,0,0,0,0,1,3,3,4,2,0,0,0,0,0,0,0,0,0,1,0,3,4,1,3,0,0,0,0,0,0,0,0,1,1,1,2,5,4,1,0,0,0,0,0,0,0,0,0,0,2,2,6,0,0,0,0,0,0,0,0,0,0,0,0,埼玉
5168,池田なな,イケダ ナナ,大阪,B2,H,120620,2,24,152,52,A,1.67,3.0,0,1,33,0,0,0.21,2,0.0,0.22,5.0,1,0.0,0.06,1.5,5,20.0,0.28,5.5,4,0.0,0.12,1.5,7,0.0,0.15,3.0,14,0.0,0.26,5.0,B2,B2,B2,0.0,33.0,2025,1,2024-05-01,2024-10-31,127,0,0,1,0,0,1,0,0,0,0,0,0,0,0,0,0,1,0,0,0,0,0,0,0,0,1,0,0,0,1,0,0,1,2,1,0,0,0,0,0,0,0,0,0,0,0,2,2,0,0,0,0,0,0,0,0,0,0,0,0,3,4,0,0,0,0,0,0,0,0,0,0,0,0,0,14,0,0,0,0,0,0,0,0,0,0,1,0,和歌山
5169,堀本翔太,ホリモト ショウタ,愛知,B2,H,121214,1,24,161,48,O,3.16,6.9,0,3,43,0,0,0.16,5,60.0,0.14,4.0,7,0.0,0.19,3.7,6,0.0,0.22,4.7,9,0.0,0.13,2.4,9,0.0,0.14,3.4,6,0.0,0.18,3.7,B1,B1,B1,44.0,43.0,2025,1,2024-05-01,2024-10-31,127,0,3,1,1,0,0,0,0,0,0,0,0,0,0,0,0,2,3,2,0,0,0,0,0,0,0,0,0,0,0,0,1,3,2,0,0,0,0,0,0,0,0,0,0,1,3,3,2,0,0,0,0,0,0,0,0,0,0,1,3,1,4,0,0,0,0,0,0,0,0,0,0,0,1,3,2,0,0,0,0,0,0,0,0,0,0,0,1,愛知
5170,佐藤太亮,サトウ タイスケ,岡山,B1,H,121218,1,24,168,53,A,4.02,16.0,6,8,87,0,0,0.15,9,44.4,0.16,2.6,17,23.5,0.16,3.3,12,25.0,0.13,3.2,18,5.5,0.14,2.2,13,7.6,0.17,3.4,18,5.5,0.17,3.9,B1,B1,B1,47.0,45.0,2025,1,2024-05-01,2024-10-31,127,3,1,1,2,0,2,0,0,0,0,0,0,0,0,0,4,2,6,1,4,0,0,0,0,0,0,0,0,2,1,1,1,1,5,1,0,0,0,0,0,0,0,0,1,5,4,3,5,0,0,0,0,0,0,0,0,0,1,3,5,4,0,0,0,0,0,0,0,0,0,1,0,4,3,2,8,0,0,0,0,0,0,0,0,0,0,0,0,岡山
5171,清水未唯,シミズ ミユ,滋賀,B1,H,130113,2,23,166,54,A,4.39,26.3,11,14,95,0,0,0.16,13,53.8,0.12,2.0,14,42.8,0.13,1.8,23,21.7,0.18,2.7,15,33.3,0.16,2.7,16,0.0,0.19,3.4,14,14.2,0.15,2.5,B2,B1,B1,42.0,46.0,2025,1,2024-05-01,2024-10-31,127,4,3,2,0,4,0,0,0,0,0,0,0,0,0,1,5,1,5,1,1,0,0,0,0,0,0,0,0,2,3,3,5,4,6,0,0,0,0,0,0,0,0,4,1,1,2,3,4,0,0,0,0,0,0,0,0,0,0,1,4,5,6,0,0,0,0,0,0,0,0,0,2,1,4,3,4,0,0,0,0,0,0,0,0,0,0,0,0,滋賀
5172,田村慶,タムラ ケイ,徳島,B1,H,130204,1,23,171,53,A,5.34,38.2,18,26,115,1,0,0.18,14,71.4,0.15,2.9,23,39.1,0.18,4.3,22,36.3,0.2,4.5,18,38.8,0.18,4.0,21,28.5,0.18,4.1,17,23.5,0.16,4.2,B1,B1,B1,47.0,49.0,2025,1,2024-05-01,2024-10-31,127,8,2,1,2,1,0,0,0,0,0,0,0,0,0,4,5,4,3,3,4,0,0,0,0,0,1,0,0,3,5,2,4,5,3,0,0,0,0,0,0,0,0,1,6,5,1,2,3,0,0,0,0,0,0,0,0,2,4,2,4,5,4,0,0,0,0,0,0,0,0,0,4,4,1,2,6,0,0,0,0,0,0,0,0,0,0,0,0,徳島
5173,谷口佳蓮,タニグチ カレン,香川,B1,H,131114,2,23,158,46,A,4.21,22.9,12,8,87,0,0,0.19,10,50.0,0.2,3.5,14,35.7,0.17,4.6,16,31.2,0.19,3.9,14,21.4,0.16,3.6,20,10.0,0.19,3.8,13,0.0,0.2,4.2,B1,B2,B1,46.0,44.0,2025,1,2024-05-01,2024-10-31,127,3,2,0,3,1,1,0,0,0,0,0,0,0,0,4,1,1,0,3,4,0,0,0,0,0,0,0,1,1,4,3,1,3,4,0,0,0,0,0,0,0,0,2,1,3,2,5,1,0,0,0,0,0,0,0,0,2,0,3,3,6,4,1,0,0,0,0,0,1,0,0,0,1,5,3,4,0,0,0,0,0,0,0,0,0,0,0,0,愛媛
5174,川井萌,カワイ モエ,静岡,A1,H,140108,2,22,153,46,A,6.33,46.3,34,30,138,1,1,0.15,26,92.3,0.13,2.6,24,50.0,0.18,3.6,26,42.3,0.14,2.7,18,33.3,0.17,2.7,25,32.0,0.16,3.2,19,15.7,0.14,2.4,B1,A2,B1,48.0,53.0,2025,1,2024-05-01,2024-10-31,127,21,3,2,0,0,0,0,0,0,0,0,0,0,0,4,8,4,3,2,3,0,0,0,0,0,0,0,0,5,6,6,6,3,0,0,0,0,0,0,1,0,0,1,5,2,3,3,4,0,0,0,0,0,1,0,0,3,5,7,5,3,2,0,0,0,0,0,0,0,0,0,3,7,4,4,1,0,0,0,0,0,0,0,0,0,0,0,0,静岡
5175,島崎丈一朗,シマザキ ジョウイチロウ,東京,B1,H,160118,1,20,173,53,O,4.08,20.6,7,13,97,0,0,0.2,9,44.4,0.17,3.0,15,46.6,0.18,4.1,22,13.6,0.19,3.8,19,15.7,0.16,4.1,17,17.6,0.21,4.3,14,0.0,0.26,4.6,B1,B1,B1,47.0,44.0,2025,1,2024-05-01,2024-10-31,127,3,1,3,0,0,2,0,0,0,0,0,0,0,0,3,4,1,1,3,2,0,0,0,0,0,0,1,0,1,2,6,2,4,6,1,0,0,0,0,0,0,0,0,3,3,6,7,0,0,0,0,0,0,0,0,0,0,3,2,6,4,2,0,0,0,0,0,0,0,0,0,0,0,2,5,6,0,0,0,0,0,0,1,0,0,0,2,1,東京
5176,石倉拓美,イシクラ タクミ,山口,B2,H,050608,1,31,163,56,A,3.0,10.0,0,1,10,0,0,0.15,1,0.0,0.24,6.0,1,0.0,0.08,2.0,0,0.0,0.0,0.0,3,0.0,0.17,4.3,3,33.3,0.09,3.7,2,0.0,0.18,2.5,B2,B1,B1,41.0,41.0,2025,1,2024-05-01,2024-10-31,128,0,0,0,0,0,1,0,0,0,0,0,0,0,0,0,0,0,0,1,0,0,0,0,0,0,0,0,0,0,0,0,0,0,0,0,0,0,0,0,0,0,0,0,0,0,0,2,1,0,0,0,0,0,0,0,0,0,1,1,0,0,1,0,0,0,0,0,0,0,0,0,0,1,0,0,1,0,0,0,0,0,0,0,0,0,0,0,0,島根
5177,松井貫太,マツイ カンタ,福岡,B1,H,080614,1,28,168,51,B,3.38,12.3,2,9,89,0,0,0.18,7,42.8,0.14,2.6,19,31.5,0.17,4.0,22,4.5,0.19,4.4,16,6.2,0.16,3.3,16,0.0,0.22,4.6,9,0.0,0.19,4.4,B1,B1,B1,45.0,43.0,2025,1,2024-05-01,2024-10-31,128,0,3,0,2,2,0,0,0,0,0,0,0,0,0,2,4,4,3,3,2,1,0,0,0,0,0,0,0,0,1,2,5,7,7,0,0,0,0,0,0,0,0,0,1,2,4,3,5,0,0,0,0,0,0,1,0,0,0,1,2,7,6,0,0,0,0,0,0,0,0,0,0,2,2,2,3,0,0,0,0,0,0,0,0,0,0,1,0,福岡
5178,成貞琳平,ナリサダ リンペイ,愛知,B1,H,080711,1,28,170,55,B,3.28,14.1,2,10,85,0,0,0.17,8,62.5,0.13,3.1,16,18.7,0.16,3.9,15,6.6,0.16,3.7,18,11.1,0.19,3.6,15,0.0,0.17,3.7,12,8.3,0.22,4.6,B1,B1,B1,42.0,42.0,2025,1,2024-05-01,2024-10-31,128,1,4,1,1,0,1,0,0,0,0,0,0,0,0,1,2,1,5,4,3,0,0,0,0,0,0,0,0,0,1,0,5,4,4,0,0,0,0,0,0,0,1,0,2,4,2,4,6,0,0,0,0,0,0,0,0,0,0,1,2,4,8,0,0,0,0,0,0,0,0,0,1,0,3,3,5,0,0,0,0,0,0,0,0,0,0,0,1,岡山
5179,藤本元輝,フジモト ゲンキ,兵庫,B2,H,090508,1,27,168,54,O,2.9,8.1,2,2,49,0,0,0.19,6,33.3,0.18,3.5,8,0.0,0.17,2.9,6,16.6,0.34,5.3,6,0.0,0.21,3.8,13,7.6,0.16,2.9,10,0.0,0.15,3.0,B1,B1,B1,45.0,39.0,2025,1,2024-05-01,2024-10-31,128,2,0,1,2,1,0,0,0,0,0,0,0,0,0,0,0,1,1,2,3,0,0,0,0,0,0,1,0,0,1,1,0,1,2,1,0,0,0,0,1,0,0,0,0,0,0,2,4,0,0,0,0,0,0,0,0,0,1,3,3,2,4,0,0,0,0,0,0,0,0,0,0,1,0,2,7,0,0,0,0,0,0,0,0,0,0,1,0,兵庫
5180,藤本紗弥香,フジモト サヤカ,山口,B2,H,100131,2,26,166,50,AB,3.17,16.6,0,3,18,0,0,0.21,2,0.0,0.35,3.5,3,33.3,0.17,2.7,3,0.0,0.17,2.3,3,0.0,0.22,4.3,6,16.6,0.2,3.5,1,100.0,0.14,2.0,B2,B2,B1,0.0,41.0,2025,1,2024-05-01,2024-10-31,128,0,0,0,0,0,2,0,0,0,0,0,0,0,0,0,1,1,0,0,1,0,0,0,0,0,0,0,0,0,0,0,1,2,0,0,0,0,0,0,0,0,0,0,0,0,0,0,2,0,0,0,0,0,0,1,0,0,1,0,2,3,0,0,0,0,0,0,0,0,0,0,1,0,0,0,0,0,0,0,0,0,0,0,0,0,0,0,0,山口
5181,森智哉,モリ トモヤ,岡山,B1,H,100205,1,26,161,50,O,5.01,32.0,18,14,100,1,0,0.16,13,61.5,0.17,3.4,18,50.0,0.17,3.3,17,35.2,0.15,2.9,16,18.7,0.15,2.6,18,11.1,0.14,3.1,18,22.2,0.16,3.2,B1,B1,B1,49.0,47.0,2025,1,2024-05-01,2024-10-31,128,7,1,2,1,0,2,0,0,0,0,0,0,0,0,4,5,1,4,3,1,0,0,0,0,0,0,0,0,4,2,2,3,3,3,0,0,0,0,0,0,0,0,1,2,3,1,4,2,1,0,0,0,0,0,2,0,1,1,4,2,6,4,0,0,0,0,0,0,0,0,1,3,4,4,2,4,0,0,0,0,0,0,0,0,0,0,0,0,岡山
5182,宮崎安奈,ミヤザキ アンナ,埼玉,B1,H,100528,2,26,155,50,A,3.66,19.3,7,11,93,0,0,0.16,10,90.0,0.17,2.6,17,23.5,0.16,3.3,20,5.0,0.16,2.8,14,7.1,0.15,3.4,14,14.2,0.16,3.9,18,5.5,0.17,3.9,B1,B1,B1,44.0,43.0,2025,1,2024-05-01,2024-10-31,128,4,5,0,0,1,0,0,0,0,0,0,1,0,0,1,3,2,4,3,4,0,0,0,0,0,0,0,0,1,0,2,4,6,7,0,0,0,0,0,0,0,0,1,0,1,5,1,6,0,0,0,0,0,0,0,0,0,2,2,4,3,3,0,0,0,0,0,0,0,0,0,1,0,1,5,10,1,0,0,0,0,0,0,0,0,0,0,0,埼玉
5183,中野孝二,ナカノ コウジ,三重,B1,H,101208,1,26,165,56,B,3.96,20.2,7,7,69,1,0,0.16,7,42.8,0.16,3.4,12,25.0,0.17,3.6,14,21.4,0.19,4.1,12,33.3,0.13,2.7,16,6.2,0.17,3.8,8,0.0,0.14,3.0,B1,B1,B1,44.0,43.0,2025,1,2024-05-01,2024-10-31,128,2,1,1,0,1,2,0,0,0,0,0,0,0,0,1,2,1,1,2,4,0,0,0,0,0,0,1,0,0,3,2,5,1,2,0,0,0,0,0,0,1,0,4,0,1,2,1,3,1,0,0,0,0,0,0,0,0,1,1,4,4,6,0,0,0,0,0,0,0,0,0,0,2,2,2,2,0,0,0,0,0,0,0,0,0,0,0,0,三重
5184,飯塚響,イイヅカ ヒビキ,群馬,B2,H,110607,2,25,160,47,B,3.42,9.3,3,1,43,0,0,0.16,5,40.0,0.15,2.4,7,14.2,0.2,4.0,5,0.0,0.18,3.8,8,12.5,0.16,2.1,10,0.0,0.13,2.3,8,0.0,0.18,3.3,B1,B2,B2,41.0,43.0,2025,1,2024-05-01,2024-10-31,128,2,0,1,1,0,1,0,0,0,0,0,0,0,0,0,1,0,4,0,2,0,0,0,0,0,0,0,0,0,0,1,1,1,2,0,0,0,0,0,0,0,0,1,0,0,5,1,1,0,0,0,0,0,0,0,0,0,0,1,3,4,1,1,0,0,0,0,0,0,0,0,0,0,2,2,4,0,0,0,0,0,0,0,0,0,0,0,0,栃木
5185,加藤優弥,カトウ マサヤ,福井,A2,H,111110,1,25,167,54,B,5.54,33.6,16,24,119,0,0,0.16,18,61.1,0.13,3.6,20,40.0,0.15,3.4,20,45.0,0.14,3.0,18,38.8,0.17,2.9,30,16.6,0.19,3.3,13,0.0,0.14,3.2,B1,B1,B1,47.0,50.0,2025,1,2024-05-01,2024-10-31,128,8,3,2,2,2,1,0,0,0,0,0,0,0,0,3,5,5,3,2,2,0,0,0,0,0,0,0,0,2,7,4,0,4,3,0,0,0,0,0,0,0,0,0,7,4,2,0,4,0,0,0,0,0,0,1,0,3,2,14,7,3,1,0,0,0,0,0,0,0,0,0,0,3,4,4,2,0,0,0,0,0,0,0,0,0,0,0,0,福井
5186,遠藤圭吾,エンドウ ケイゴ,東京,B1,H,120414,1,24,170,55,A,4.14,19.0,12,9,110,0,0,0.16,17,52.9,0.13,2.6,24,16.6,0.15,4.1,15,13.3,0.21,3.9,19,15.7,0.15,3.3,24,12.5,0.14,3.2,11,0.0,0.19,3.9,B1,B1,B1,40.0,45.0,2025,1,2024-05-01,2024-10-31,128,8,1,0,2,2,4,0,0,0,0,0,0,0,0,2,2,4,6,7,3,0,0,0,0,0,0,0,0,0,2,4,1,3,5,0,0,0,0,0,0,0,0,1,2,6,3,4,2,0,0,0,0,0,0,0,1,1,2,3,7,7,4,0,0,0,0,0,1,0,0,0,0,1,1,2,7,0,0,0,0,0,0,0,0,0,0,0,0,神奈川
5187,小坂風太,コザカ フウタ,福井,B1,H,120518,1,24,167,50,B,4.82,25.0,10,11,84,0,0,0.16,10,50.0,0.16,3.4,12,58.3,0.17,3.1,14,14.2,0.2,3.9,23,17.3,0.15,3.0,17,17.6,0.13,2.7,8,0.0,0.15,3.0,B1,B1,B2,46.0,48.0,2025,1,2024-05-01,2024-10-31,128,3,2,0,3,2,0,0,0,0,0,0,0,0,0,3,4,1,3,0,1,0,0,0,0,0,0,0,0,1,1,5,3,0,3,0,0,0,0,0,0,1,0,1,3,7,4,3,5,0,0,0,0,0,0,0,0,2,1,4,3,4,3,0,0,0,0,0,0,0,0,0,0,1,2,3,1,1,0,0,0,0,0,0,0,0,0,0,0,石川
5188,武井莉里佳,タケイ リリカ,兵庫,B1,H,120925,2,24,155,44,O,5.23,32.3,15,18,102,0,0,0.2,17,58.8,0.25,5.1,19,36.8,0.22,4.4,14,35.7,0.14,3.1,21,38.1,0.17,3.4,16,18.7,0.2,3.1,15,0.0,0.18,3.9,B1,B1,B1,46.0,50.0,2025,1,2024-05-01,2024-10-31,128,9,1,1,2,4,0,0,0,0,0,0,0,0,0,3,4,2,4,2,4,0,0,0,0,0,0,0,0,1,4,5,1,1,2,0,0,0,0,0,0,0,0,1,7,3,3,5,2,0,0,0,0,0,0,0,0,1,2,1,9,1,2,0,0,0,0,0,0,0,0,0,0,4,5,5,1,0,0,0,0,0,0,0,0,0,0,0,0,兵庫
5189,藤原早菜,フジワラ サナ,岡山,B1,H,121009,2,24,159,47,A,4.83,25.7,13,13,101,2,0,0.21,12,41.6,0.23,4.7,16,43.7,0.18,3.7,17,23.5,0.2,4.1,16,18.7,0.2,3.9,19,15.7,0.21,3.9,21,19.0,0.22,4.4,B1,B1,B1,44.0,48.0,2025,1,2024-05-01,2024-10-31,128,4,1,2,2,0,1,1,0,0,0,0,0,1,0,5,2,5,1,1,2,0,0,0,0,0,0,0,0,2,2,4,5,3,0,1,0,0,0,0,0,0,0,1,2,5,4,3,1,0,0,0,0,0,0,0,0,1,2,1,4,7,4,0,0,0,0,0,0,0,0,0,4,2,6,3,6,0,0,0,0,0,0,0,0,0,0,0,0,岡山
5190,大月遊雅,オオツキ ユウガ,東京,B1,H,121221,1,24,166,53,B,4.1,17.8,6,9,84,0,0,0.17,11,45.4,0.15,2.4,18,16.6,0.15,4.0,12,16.6,0.18,4.2,13,30.7,0.19,3.9,17,5.8,0.2,3.9,13,0.0,0.18,3.7,B1,B1,B1,45.0,45.0,2025,1,2024-05-01,2024-10-31,128,3,2,3,0,2,1,0,0,0,0,0,1,0,0,1,2,5,2,3,5,0,0,0,0,0,0,0,0,0,2,3,1,1,4,1,0,0,0,0,0,0,0,2,2,0,4,3,2,0,0,0,0,0,0,0,0,0,1,4,3,5,4,0,0,0,0,0,0,0,0,0,0,1,6,2,4,0,0,0,0,0,0,0,0,0,0,0,0,茨城
5191,飛田江己,トビタ コウキ,埼玉,A1,H,130510,1,23,172,52,A,6.7,52.0,49,26,144,6,2,0.13,30,83.3,0.13,2.7,26,46.1,0.12,2.8,24,66.6,0.14,2.7,21,38.1,0.11,2.1,19,47.3,0.14,2.9,24,20.8,0.12,2.8,A1,B1,B1,53.0,55.0,2025,1,2024-05-01,2024-10-31,128,22,3,3,2,0,0,0,0,0,0,0,0,0,0,9,3,5,4,4,1,0,0,0,0,0,0,0,0,9,7,0,3,4,1,0,0,0,0,0,0,0,0,4,4,4,3,3,3,0,0,0,0,0,0,0,0,3,6,3,2,3,2,0,0,0,0,0,0,0,0,2,3,5,6,7,1,0,0,0,0,0,0,0,0,0,0,2,0,東京
5192,中尾優香,ナカオ ユウカ,福岡,B2,H,130627,2,23,162,50,O,2.86,9.0,0,4,44,0,0,0.18,3,33.3,0.23,5.7,3,33.3,0.11,1.7,4,0.0,0.19,3.3,10,0.0,0.16,2.9,12,8.3,0.2,3.3,12,8.3,0.2,5.1,B1,B1,B1,41.0,41.0,2025,1,2024-05-01,2024-10-31,128,0,1,0,1,0,1,0,0,0,0,0,0,0,0,0,1,0,0,1,1,0,0,0,0,0,0,0,0,0,0,0,0,0,3,1,0,0,0,0,0,0,0,0,0,1,6,1,2,0,0,0,0,0,0,0,0,0,1,2,1,6,2,0,0,0,0,0,0,0,0,0,1,0,1,5,5,0,0,0,0,0,0,0,0,0,0,0,0,沖縄
5193,米丸乃絵,ヨネマル ノエ,福岡,B1,H,130805,2,23,159,46,A,3.97,17.2,6,4,58,0,0,0.2,5,80.0,0.17,3.0,7,57.1,0.15,3.7,9,11.1,0.2,4.1,11,9.0,0.21,4.6,12,0.0,0.19,3.9,14,0.0,0.24,4.9,A2,B1,B1,52.0,45.0,2025,1,2024-05-01,2024-10-31,128,4,0,0,1,0,0,0,0,0,0,0,1,0,0,0,4,0,2,1,0,0,0,0,0,0,0,0,0,1,0,2,2,2,2,0,0,0,0,0,0,0,0,1,0,2,1,1,4,2,0,0,0,0,0,0,0,0,0,2,2,6,2,0,0,0,0,0,0,0,0,0,0,1,4,4,5,0,0,0,0,0,0,0,0,0,0,0,0,熊本
5194,大久保佑香,オオクボ ユウカ,埼玉,B1,H,130902,2,23,152,44,O,4.03,23.3,8,13,90,0,0,0.18,14,50.0,0.18,3.0,18,38.8,0.19,3.3,17,17.6,0.16,3.4,13,15.3,0.2,3.0,15,13.3,0.13,2.5,13,0.0,0.22,3.8,B1,B1,B1,45.0,45.0,2025,1,2024-05-01,2024-10-31,128,5,2,3,0,1,3,0,0,0,0,0,0,0,0,2,5,0,3,3,5,0,0,0,0,0,0,0,0,1,2,4,1,4,5,0,0,0,0,0,0,0,0,0,2,3,1,4,3,0,0,0,0,0,1,0,0,0,2,2,1,3,7,0,0,0,0,0,0,0,0,0,0,1,1,2,8,1,0,0,0,0,0,0,0,0,0,1,0,埼玉
5195,北村寧々,キタムラ ネネ,長崎,B1,H,130928,2,23,153,43,O,4.47,25.7,9,16,97,0,0,0.15,11,63.6,0.15,2.3,21,28.5,0.16,3.2,18,22.2,0.11,2.5,17,29.4,0.16,2.9,16,6.2,0.13,2.8,14,14.2,0.17,3.1,B1,B1,B1,46.0,46.0,2025,1,2024-05-01,2024-10-31,128,5,2,0,3,1,0,0,0,0,0,0,0,0,0,1,5,4,3,4,3,1,0,0,0,0,0,0,0,0,4,6,4,1,3,0,0,0,0,0,0,0,0,2,3,2,3,4,3,0,0,0,0,0,0,0,0,1,0,3,1,5,6,0,0,0,0,0,0,0,0,0,2,0,4,3,3,0,0,0,0,0,0,2,0,0,0,0,0,長崎
5196,鰐部太空海,ワニベ タクミ,愛知,A2,H,131003,1,23,163,55,O,5.71,42.7,24,20,103,1,0,0.13,15,66.6,0.15,3.7,15,46.6,0.13,3.0,17,29.4,0.15,3.3,22,54.5,0.1,2.1,14,35.7,0.11,2.4,20,25.0,0.16,3.0,A2,B1,B1,49.0,49.0,2025,1,2024-05-01,2024-10-31,128,8,2,2,1,0,2,0,0,0,0,0,0,0,0,1,6,1,1,2,3,0,0,0,0,0,0,1,0,3,2,5,2,2,2,1,0,0,0,0,1,0,0,8,4,1,5,3,1,0,0,0,0,0,0,0,0,2,3,2,1,4,2,0,0,0,0,0,0,0,0,2,3,5,1,5,4,0,0,0,0,0,0,0,0,0,0,0,0,愛知
5197,中野仁照,ナカノ ヨシテル,愛知,A1,H,131012,1,23,164,55,A,6.78,50.4,30,29,117,4,1,0.13,22,81.8,0.14,2.7,18,44.4,0.12,2.6,20,60.0,0.13,2.3,23,56.5,0.12,2.1,18,27.7,0.12,2.3,16,18.7,0.13,2.8,A2,B1,B1,50.0,54.0,2025,1,2024-05-01,2024-10-31,128,15,3,3,0,1,0,0,0,0,0,0,0,0,0,2,6,6,4,0,0,0,0,0,0,0,0,0,0,5,7,0,7,1,0,0,0,0,0,0,1,0,0,6,7,3,6,0,0,1,0,0,0,0,0,0,0,2,3,8,4,1,0,0,0,0,0,0,0,0,0,0,3,5,2,4,0,0,0,0,0,0,0,2,0,0,0,0,0,愛知
5198,奥村明日香,オクムラ アスカ,福岡,B1,H,131114,2,23,152,45,A,4.32,19.5,10,7,87,0,0,0.21,8,37.5,0.22,4.9,19,10.5,0.21,4.2,19,26.3,0.19,3.7,11,18.1,0.19,3.6,21,23.8,0.2,3.7,9,0.0,0.25,4.1,B1,B1,B1,47.0,46.0,2025,1,2024-05-01,2024-10-31,128,2,1,2,1,1,1,0,0,0,0,0,0,0,0,1,1,2,10,4,1,0,0,0,0,0,0,0,0,2,3,3,4,6,1,0,0,0,0,0,1,0,0,2,0,1,1,4,2,1,0,0,0,0,0,0,0,3,2,5,4,3,3,0,0,0,0,0,0,1,0,0,0,0,1,6,2,0,0,0,0,0,0,0,0,0,0,2,0,福岡
5199,垂水悠,タルミ ユウ,徳島,B1,H,140301,1,22,168,55,B,5.03,32.5,13,15,86,1,0,0.14,13,76.9,0.14,3.2,14,21.4,0.16,2.9,15,33.3,0.13,2.5,13,46.1,0.11,2.2,15,6.6,0.15,2.7,16,18.7,0.16,2.6,B1,B1,B1,46.0,47.0,2025,1,2024-05-01,2024-10-31,128,6,4,1,1,1,0,0,0,0,0,0,0,0,0,1,2,3,2,1,5,0,0,0,0,0,0,0,0,2,3,5,2,1,2,0,0,0,0,0,0,0,0,2,4,3,2,0,2,0,0,0,0,0,0,0,0,1,0,4,3,2,4,1,0,0,0,0,0,0,0,1,2,0,2,4,6,0,0,0,0,0,0,1,0,0,0,0,0,徳島
5200,筒井美琴,ツツイ ミコト,福岡,B1,H,140302,2,22,157,48,B,2.3,3.9,1,2,76,0,0,0.21,5,0.0,0.25,4.6,15,13.3,0.21,4.2,14,0.0,0.22,4.2,12,0.0,0.16,3.4,18,5.5,0.21,3.6,12,0.0,0.23,3.9,B2,B2,B2,35.0,37.0,2025,1,2024-05-01,2024-10-31,128,0,0,0,2,1,2,0,0,0,0,0,0,0,0,0,2,2,0,4,7,0,0,0,0,0,0,0,0,0,0,2,0,2,8,1,0,0,0,0,0,1,0,0,0,2,1,3,5,0,0,0,0,0,1,1,0,1,0,0,3,7,7,0,0,0,0,0,0,0,0,0,0,1,2,3,6,0,0,0,0,0,0,0,0,0,0,1,0,福岡
5201,村上宗太郎,ムラカミ ソウタロウ,東京,B1,H,141004,1,22,172,55,O,4.98,36.0,14,21,97,0,0,0.16,15,66.6,0.14,2.9,15,26.6,0.14,3.4,20,40.0,0.16,2.5,15,33.3,0.16,3.5,15,26.6,0.15,3.1,17,23.5,0.19,4.7,A2,B1,B1,51.0,47.0,2025,1,2024-05-01,2024-10-31,128,9,1,0,4,0,0,1,0,0,0,0,0,0,0,1,3,3,1,1,6,0,0,0,0,0,1,0,0,2,6,4,2,2,4,0,0,0,0,0,0,0,0,1,4,0,6,1,2,1,0,0,0,0,1,0,0,0,4,0,6,2,3,0,0,0,0,0,1,0,0,1,3,2,1,4,6,0,0,0,0,0,0,0,0,0,0,0,0,北海道
5202,宮崎つぐみ,ミヤザキ ツグミ,大阪,B1,H,160211,2,20,155,48,B,4.02,18.5,4,6,54,1,0,0.17,6,16.6,0.13,3.3,9,33.3,0.18,3.1,10,20.0,0.08,2.0,11,18.1,0.21,3.8,11,9.0,0.2,4.2,7,14.2,0.16,2.9,B1,B1,B1,44.0,44.0,2025,1,2024-05-01,2024-10-31,128,0,1,1,1,1,2,0,0,0,0,0,0,0,0,1,2,1,2,1,2,0,0,0,0,0,0,0,0,1,1,3,1,2,1,1,0,0,0,0,0,0,0,1,1,3,1,3,2,0,0,0,0,0,0,0,0,1,0,2,2,0,5,0,0,0,0,0,0,1,0,0,1,1,0,3,2,0,0,0,0,0,0,0,0,0,0,0,0,大阪
5203,神里琴音,カミザト コトネ,福岡,B1,H,160616,2,20,152,45,O,4.96,32.5,15,25,123,0,0,0.15,13,76.9,0.18,4.1,25,44.0,0.19,3.3,24,20.8,0.15,3.4,19,21.0,0.13,2.4,24,16.6,0.14,2.4,18,33.3,0.11,2.1,B1,B1,B1,43.0,48.0,2025,1,2024-05-01,2024-10-31,128,6,4,2,0,1,0,0,0,0,0,0,0,0,0,6,5,2,2,3,7,0,0,0,0,0,0,0,0,2,3,5,4,7,3,0,0,0,0,0,0,0,0,0,4,3,3,3,5,0,0,0,0,0,0,1,0,1,3,4,4,7,4,0,0,0,0,0,0,1,0,0,6,3,4,3,2,0,0,0,0,0,0,0,0,0,0,0,0,沖縄
5204,宇恵有香,ウエ ユウカ,三重,B1,H,090108,2,27,151,45,O,4.23,22.0,6,11,77,0,0,0.15,8,62.5,0.13,3.3,16,25.0,0.15,2.6,16,31.2,0.15,2.8,11,0.0,0.14,2.5,14,21.4,0.17,3.5,12,0.0,0.18,3.6,B1,B1,B1,47.0,47.0,2025,1,2024-05-01,2024-10-31,129,1,4,1,0,1,1,0,0,0,0,0,0,0,0,1,3,2,3,4,3,0,0,0,0,0,0,0,0,3,2,1,3,4,3,0,0,0,0,0,0,0,0,0,0,3,4,2,2,0,0,0,0,0,0,0,0,1,2,3,1,4,3,0,0,0,0,0,0,0,0,0,0,1,2,1,8,0,0,0,0,0,0,0,0,0,0,0,0,三重
5205,刑部亜里紗,オサカベ アリサ,静岡,A2,H,090509,2,27,155,48,B,6.1,40.8,24,23,115,3,0,0.16,21,76.1,0.14,2.7,21,47.6,0.15,2.6,20,30.0,0.16,3.1,19,47.3,0.19,3.4,14,21.4,0.14,3.4,20,15.0,0.19,3.9,B1,A2,B1,49.0,54.0,2025,1,2024-05-01,2024-10-31,129,13,3,2,1,1,1,0,0,0,0,0,0,0,0,3,7,6,2,2,1,0,0,0,0,0,0,0,0,1,5,7,3,1,3,0,0,0,0,0,0,0,0,6,3,4,3,3,0,0,0,0,0,0,0,0,0,1,2,2,4,3,2,0,0,0,0,0,0,0,0,0,3,2,6,4,5,0,0,0,0,0,0,0,0,0,0,0,0,静岡
5206,梅原祥平,ウメハラ ショウヘイ,岡山,B1,H,090723,1,27,155,52,A,4.55,30.0,19,23,140,0,0,0.14,21,66.6,0.13,2.1,22,31.8,0.14,3.0,27,29.6,0.14,2.8,23,34.7,0.14,3.0,26,15.3,0.13,2.5,21,4.7,0.14,3.0,B1,B1,B1,36.0,46.0,2025,1,2024-05-01,2024-10-31,129,11,3,1,2,1,3,0,0,0,0,0,0,0,0,1,6,0,4,4,7,0,0,0,0,0,0,0,0,1,7,4,4,6,4,0,0,0,0,0,0,0,1,3,5,2,5,4,4,0,0,0,0,0,0,0,0,2,2,4,3,8,7,0,0,0,0,0,0,0,0,1,0,3,4,7,6,0,0,0,0,0,0,0,0,0,0,0,0,鳥取
5207,高山敬悟,タカヤマ ケイゴ,福岡,B1,H,090724,1,27,171,54,A,4.38,22.0,11,11,100,0,0,0.15,10,40.0,0.19,3.6,22,22.7,0.17,4.0,13,38.4,0.15,2.9,18,33.3,0.13,3.0,18,5.5,0.16,3.8,19,5.2,0.13,3.3,B1,B1,B1,41.0,46.0,2025,1,2024-05-01,2024-10-31,129,4,0,3,0,0,3,0,0,0,0,0,0,0,0,2,3,3,0,8,6,0,0,0,0,0,0,0,0,1,4,2,4,2,0,0,0,0,0,0,0,0,0,4,2,3,3,2,4,0,0,0,0,0,0,0,0,0,1,4,5,3,5,0,0,0,0,0,0,0,0,0,1,4,4,4,6,0,0,0,0,0,0,0,0,0,0,0,0,福岡
5208,屋良龍紀,ヤラ リュウキ,長崎,B1,H,090930,1,27,161,53,AB,3.7,16.2,11,7,111,0,0,0.14,13,38.4,0.16,2.5,20,20.0,0.14,3.2,27,14.8,0.11,2.5,16,18.7,0.13,2.5,14,7.1,0.15,3.3,21,4.7,0.18,3.9,B1,B1,B1,37.0,43.0,2025,1,2024-05-01,2024-10-31,129,5,0,3,1,3,1,0,0,0,0,0,0,0,0,2,2,2,5,3,6,0,0,0,0,0,0,0,0,3,1,4,7,4,7,1,0,0,0,0,0,0,0,1,2,3,4,3,3,0,0,0,0,0,1,0,0,0,1,0,0,5,8,0,0,0,0,0,1,0,0,0,1,1,5,4,10,0,0,0,0,0,0,0,0,0,0,0,0,長崎
5209,小野京平,オノ キョウヘイ,福岡,B1,H,100109,1,26,165,60,A,2.89,7.0,0,5,71,0,0,0.18,5,0.0,0.2,4.8,15,0.0,0.17,3.7,12,8.3,0.14,3.0,8,25.0,0.17,4.0,12,8.3,0.18,3.3,19,5.2,0.21,4.5,B1,B1,B1,45.0,40.0,2025,1,2024-05-01,2024-10-31,129,0,0,1,0,3,1,0,0,0,0,0,0,0,0,0,0,2,3,4,6,0,0,0,0,0,0,0,0,0,1,4,2,2,3,0,0,0,0,0,0,0,0,0,2,2,1,2,1,0,0,0,0,0,0,0,0,0,1,0,2,5,3,1,0,0,0,0,0,0,0,0,1,1,3,2,11,1,0,0,0,0,0,0,0,0,0,0,0,大分
5210,藤井公人,フジイ ナオト,福岡,B1,H,100909,1,26,177,58,B,5.03,30.1,17,27,146,0,0,0.15,17,70.5,0.16,3.2,24,41.6,0.15,2.9,30,30.0,0.17,2.7,27,25.9,0.16,2.7,24,4.1,0.15,2.8,24,20.8,0.14,2.9,B1,B1,B1,45.0,48.0,2025,1,2024-05-01,2024-10-31,129,9,3,1,1,0,1,0,0,0,0,0,1,2,0,2,8,2,1,7,3,0,0,0,0,0,0,1,0,2,7,7,8,3,2,0,0,0,0,0,1,1,0,1,6,8,4,7,1,0,0,0,0,0,0,0,0,0,1,9,5,6,2,0,0,0,0,0,0,1,0,3,2,5,2,7,4,0,0,0,0,0,0,1,0,0,0,0,0,福岡
5211,高井駿弥,タカイ シュンヤ,愛知,B1,H,100914,1,26,172,49,B,2.93,11.2,3,6,80,0,0,0.18,8,12.5,0.22,3.6,15,6.6,0.19,4.5,14,14.2,0.17,2.8,9,0.0,0.2,3.9,14,28.5,0.16,3.2,20,5.0,0.18,4.0,B1,B1,B1,36.0,40.0,2025,1,2024-05-01,2024-10-31,129,1,0,2,0,1,3,1,0,0,0,0,0,0,0,0,1,1,2,4,7,0,0,0,0,0,0,0,0,1,1,1,4,1,5,1,0,0,0,0,0,0,0,0,0,1,2,5,0,0,0,0,0,0,0,1,0,1,3,0,1,4,5,0,0,0,0,0,0,0,0,0,1,0,5,6,8,0,0,0,0,0,0,0,0,0,0,0,0,愛知
5212,西川拓利,ニシカワ タクト,福岡,B1,H,101014,1,26,171,58,B,4.62,21.3,13,9,103,1,0,0.17,13,69.2,0.15,2.5,18,5.5,0.19,3.1,21,23.8,0.14,2.8,15,13.3,0.17,3.4,18,16.6,0.18,3.2,18,11.1,0.19,3.9,B1,B1,B1,44.0,48.0,2025,1,2024-05-01,2024-10-31,129,7,2,1,2,0,0,0,0,0,0,0,0,1,0,0,1,7,0,6,4,0,0,0,0,0,1,0,0,4,1,6,5,5,0,0,0,0,0,0,0,0,0,2,0,3,3,4,3,0,0,0,0,0,0,0,0,0,3,2,3,6,4,0,0,0,0,0,0,0,0,0,2,3,5,7,1,0,0,0,0,0,0,0,0,0,0,0,0,福岡
5213,湯淺紀香,ユアサ ノリカ,群馬,B1,H,101028,2,26,158,47,A,5.19,33.0,21,23,133,1,0,0.18,19,68.4,0.15,2.8,29,44.8,0.17,3.7,23,39.1,0.16,3.5,24,20.8,0.21,3.8,22,18.1,0.19,3.1,16,0.0,0.19,5.1,B1,B1,B1,45.0,49.0,2025,1,2024-05-01,2024-10-31,129,8,5,1,2,1,2,0,0,0,0,0,0,0,0,6,7,5,3,4,4,0,0,0,0,0,0,0,0,5,4,6,2,5,1,0,0,0,0,0,0,0,0,1,4,5,5,6,3,0,0,0,0,0,0,0,0,1,3,5,4,2,7,0,0,0,0,0,0,0,0,0,0,3,4,2,7,0,0,0,0,0,0,0,0,0,0,0,0,群馬
5214,田中宏典,タナカ コウスケ,佐賀,B1,H,110621,1,25,167,57,A,3.65,12.2,5,10,123,0,0,0.2,13,46.1,0.19,3.8,24,8.3,0.24,4.9,18,16.6,0.17,4.1,25,8.0,0.2,3.9,19,5.2,0.2,3.7,24,4.1,0.21,4.5,B1,B1,B2,43.0,44.0,2025,1,2024-05-01,2024-10-31,129,3,3,1,1,4,1,0,0,0,0,0,0,0,0,0,2,8,4,5,5,0,0,0,0,0,0,0,0,1,2,1,9,2,3,0,0,0,0,0,0,0,0,0,2,6,5,5,7,0,0,0,0,0,0,0,0,1,0,1,6,3,8,0,0,0,0,0,0,0,0,0,1,2,6,4,11,0,0,0,0,0,0,0,0,0,0,0,0,福岡
5215,石丸小槙,イシマル コマキ,香川,B2,H,120218,2,24,151,50,A,3.83,17.2,1,4,29,0,0,0.14,2,0.0,0.1,3.0,4,50.0,0.1,3.0,5,60.0,0.17,2.8,4,0.0,0.13,2.3,8,0.0,0.19,2.6,6,0.0,0.1,1.8,B2,B2,B1,0.0,44.0,2025,1,2024-05-01,2024-10-31,129,0,0,2,0,0,0,0,0,0,0,0,0,0,0,0,2,2,0,0,0,0,0,0,0,0,0,0,0,1,2,1,1,0,0,0,0,0,0,0,0,0,0,0,0,1,0,1,2,0,0,0,0,0,0,0,0,0,0,0,0,4,3,0,0,0,0,0,0,1,0,0,0,0,2,2,2,0,0,0,0,0,0,0,0,0,0,0,0,愛媛
5216,長谷川晴哉,ハセガワ セイヤ,群馬,B1,H,120314,1,24,173,54,A,4.75,27.5,17,15,116,0,0,0.18,16,62.5,0.22,4.5,19,26.3,0.23,4.6,23,30.4,0.18,4.1,18,27.7,0.12,2.7,20,25.0,0.15,2.6,20,0.0,0.17,3.9,A2,B1,B1,51.0,47.0,2025,1,2024-05-01,2024-10-31,129,7,3,1,2,2,1,0,0,0,0,0,0,0,0,4,1,3,2,4,4,0,0,0,0,0,0,1,0,1,6,4,6,4,2,0,0,0,0,0,0,0,0,3,2,4,5,2,1,1,0,0,0,0,1,0,0,2,3,3,4,4,4,0,0,0,0,0,0,0,0,0,0,3,3,7,7,0,0,0,0,0,0,0,0,0,0,0,0,群馬
5217,藤原碧生,フジワラ アオイ,岡山,A1,H,120327,1,24,159,55,A,6.51,51.1,41,26,131,5,3,0.13,30,93.3,0.12,2.8,20,60.0,0.13,3.2,21,47.6,0.13,2.7,20,25.0,0.11,2.7,17,17.6,0.16,3.1,23,39.1,0.14,2.9,A1,A2,B1,53.0,53.0,2025,1,2024-05-01,2024-10-31,129,24,4,1,0,0,0,0,0,0,0,0,0,0,1,5,7,1,1,3,3,0,0,0,0,0,0,0,0,5,5,2,3,2,3,0,0,0,0,0,0,1,0,3,2,9,1,3,1,0,0,0,0,0,0,1,0,3,0,2,5,4,2,1,0,0,0,0,0,0,0,1,8,5,2,4,3,0,0,0,0,0,0,0,0,0,0,0,0,岡山
5218,山田理央,ヤマダ リオ,香川,A2,H,120610,2,24,153,49,B,5.5,34.2,18,21,114,0,0,0.15,16,75.0,0.13,2.6,21,47.6,0.15,3.0,21,33.3,0.12,2.4,19,42.1,0.14,3.3,18,11.1,0.17,3.5,19,0.0,0.22,4.6,B1,B1,B1,46.0,50.0,2025,1,2024-05-01,2024-10-31,129,9,3,1,3,0,0,0,0,0,0,0,0,0,0,5,5,5,3,2,1,0,0,0,0,0,0,0,0,2,5,4,4,3,2,0,0,0,0,0,0,1,0,1,7,4,3,3,1,0,0,0,0,0,1,0,0,1,1,7,5,4,0,0,0,0,0,0,0,0,0,0,0,4,4,3,7,1,0,0,0,0,1,0,0,0,0,0,0,愛媛
5219,森口和紀,モリグチ カズキ,福岡,B1,H,121003,1,24,159,54,O,4.19,25.8,7,17,93,0,0,0.18,9,55.5,0.2,4.0,15,53.3,0.2,3.7,17,17.6,0.16,3.1,17,35.2,0.18,3.2,13,15.3,0.16,2.7,22,0.0,0.2,4.0,B1,B1,B1,45.0,45.0,2025,1,2024-05-01,2024-10-31,129,3,2,2,1,1,0,0,0,0,0,0,0,0,0,2,6,1,1,0,5,0,0,0,0,0,0,0,0,1,2,4,2,4,3,1,0,0,0,0,0,0,0,1,5,0,6,3,2,0,0,0,0,0,0,0,0,0,2,1,3,2,3,1,0,0,0,0,0,1,0,0,0,3,2,8,9,0,0,0,0,0,0,0,0,0,0,0,0,福岡
5220,青木蓮,アオキ レン,埼玉,A2,H,121020,1,24,166,50,B,5.99,41.3,22,16,92,1,1,0.16,13,84.6,0.18,2.5,20,60.0,0.16,2.5,16,56.2,0.17,2.9,18,16.6,0.14,2.9,14,14.2,0.16,2.7,11,9.0,0.17,3.0,B1,B1,B1,49.0,51.0,2025,1,2024-05-01,2024-10-31,129,7,4,0,0,1,1,0,0,0,0,0,0,0,0,6,6,4,3,1,0,0,0,0,0,0,0,0,0,5,4,4,1,1,1,0,0,0,0,0,0,0,0,2,1,5,4,5,1,0,0,0,0,0,0,0,0,1,1,6,1,2,2,1,0,0,0,0,0,0,0,1,0,1,3,3,3,0,0,0,0,0,0,0,0,0,0,0,0,埼玉
5221,竹間隆晟,タケマ リュウセイ,大阪,A2,H,121129,1,24,172,53,A,5.56,35.9,21,21,117,2,0,0.17,20,80.0,0.16,2.9,19,47.3,0.2,4.4,16,37.5,0.17,3.2,18,27.7,0.19,3.6,19,15.7,0.16,3.6,25,12.0,0.17,3.8,A2,A2,B1,52.0,52.0,2025,1,2024-05-01,2024-10-31,129,13,3,2,0,0,1,1,0,0,0,0,0,0,0,1,8,3,4,1,2,0,0,0,0,0,0,0,0,2,4,4,1,2,3,0,0,0,0,0,0,0,0,2,3,1,3,6,2,1,0,0,0,0,0,0,0,2,1,7,2,4,3,0,0,0,0,0,0,0,0,1,2,7,6,7,2,0,0,0,0,0,0,0,0,0,0,0,0,大阪
5222,津田陸翔,ツダ リクト,広島,B1,H,130123,1,23,172,53,AB,5.3,28.0,15,13,100,2,0,0.16,12,91.6,0.2,3.8,8,25.0,0.13,3.5,21,28.5,0.16,3.4,23,21.7,0.15,2.7,18,16.6,0.14,3.2,18,5.5,0.18,4.6,A2,B1,B1,51.0,50.0,2025,1,2024-05-01,2024-10-31,129,9,2,1,0,0,0,0,0,0,0,0,0,0,0,1,1,1,3,1,1,0,0,0,0,0,0,0,0,2,4,4,2,7,1,1,0,0,0,0,0,0,0,2,3,9,3,4,2,0,0,0,0,0,0,0,0,1,2,5,2,5,3,0,0,0,0,0,0,0,0,0,1,8,4,3,2,0,0,0,0,0,0,0,0,0,0,0,0,広島
5223,森清友翔,モリキヨ ユウト,福岡,B1,H,130418,1,23,160,55,A,3.65,15.7,10,10,127,0,0,0.19,12,66.6,0.19,4.3,25,20.0,0.17,3.6,19,10.5,0.21,4.1,26,15.3,0.19,4.1,27,3.7,0.16,3.6,18,0.0,0.22,4.4,B1,B1,B2,41.0,44.0,2025,1,2024-05-01,2024-10-31,129,5,3,0,1,1,2,0,0,0,0,0,0,0,0,2,3,5,5,3,7,0,0,0,0,0,0,0,0,1,1,0,7,4,6,0,0,0,0,0,0,0,0,2,2,2,9,6,5,0,0,0,0,0,0,0,0,0,1,4,5,9,8,0,0,0,0,0,0,0,0,0,0,1,2,6,9,0,0,0,0,0,0,0,0,0,0,0,0,福岡
5224,西岡顕心,ニシオカ ケンシン,香川,A1,H,130707,1,23,165,53,AB,6.55,45.7,25,23,105,4,1,0.16,20,85.0,0.15,3.1,19,63.1,0.14,3.1,18,44.4,0.15,2.8,17,41.1,0.16,3.3,11,18.1,0.16,3.7,20,10.0,0.22,4.9,B1,B1,B1,50.0,53.0,2025,1,2024-05-01,2024-10-31,129,16,1,0,1,2,0,0,0,0,0,0,0,0,0,5,7,3,2,2,0,0,0,0,0,0,0,0,0,2,6,6,2,1,1,0,0,0,0,0,0,0,0,2,5,5,1,2,1,0,0,0,0,0,0,1,0,0,2,4,4,1,0,0,0,0,0,0,0,0,0,0,2,10,5,2,0,1,0,0,0,0,0,0,0,0,0,0,0,香川
5225,斎藤凜,サイトウ リン,埼玉,B2,H,131024,1,23,172,57,O,1.66,3.1,1,1,64,0,0,0.18,9,22.2,0.15,3.2,11,0.0,0.18,3.8,7,0.0,0.24,5.1,9,0.0,0.18,4.3,9,0.0,0.19,4.1,19,0.0,0.17,3.7,B2,B2,B2,34.0,34.0,2025,1,2024-05-01,2024-10-31,129,1,1,0,0,3,4,0,0,0,0,0,0,0,0,0,0,0,0,3,8,0,0,0,0,0,0,0,0,0,0,0,0,3,4,0,0,0,0,0,0,0,0,0,0,0,1,1,5,0,0,0,0,0,0,2,0,0,0,1,1,2,5,0,0,0,0,0,0,0,0,0,0,0,0,5,14,0,0,0,0,0,0,0,0,0,0,0,0,埼玉
5226,藤田俊祐,フジタ シュンスケ,東京,A1,H,140304,1,22,171,52,A,6.24,47.2,26,25,108,1,0,0.16,17,88.2,0.13,2.8,18,38.8,0.19,3.6,23,52.1,0.13,2.9,21,38.1,0.16,3.3,15,53.3,0.15,2.7,14,7.1,0.18,4.3,B1,A2,B1,51.0,54.0,2025,1,2024-05-01,2024-10-31,129,15,0,0,1,0,1,0,0,0,0,0,0,0,0,2,5,5,3,2,1,0,0,0,0,0,0,0,0,2,10,4,1,3,1,1,0,0,0,0,0,1,0,3,5,4,5,2,2,0,0,0,0,0,0,0,0,3,5,2,3,1,1,0,0,0,0,0,0,0,0,1,0,3,3,3,4,0,0,0,0,0,0,0,0,0,0,0,0,東京
5227,川原愛未,カワハラ アイミ,福岡,B1,H,140620,2,22,158,52,B,3.27,13.1,6,6,91,0,0,0.18,9,44.4,0.18,3.5,17,11.7,0.16,3.1,19,10.5,0.18,3.4,16,6.2,0.18,2.8,16,18.7,0.19,3.3,14,0.0,0.2,4.5,B1,B2,B2,37.0,42.0,2025,1,2024-05-01,2024-10-31,129,3,1,0,0,1,3,1,0,0,0,0,0,0,0,0,2,3,2,6,4,0,0,0,0,0,0,0,0,0,2,4,4,3,5,0,0,0,0,0,0,1,0,1,0,1,5,5,4,0,0,0,0,0,0,0,0,2,1,0,0,9,4,0,0,0,0,0,0,0,0,0,0,1,3,2,8,0,0,0,0,0,0,0,0,0,0,0,0,福岡
5228,若林樹蘭,ワカバヤシ ジュラン,東京,A2,H,140906,1,22,164,53,A,5.83,37.7,22,18,106,2,0,0.16,18,72.2,0.16,2.8,17,58.8,0.15,2.3,19,36.8,0.16,2.6,21,14.2,0.14,3.0,15,33.3,0.17,3.1,15,13.3,0.17,3.5,A2,B1,B1,52.0,51.0,2025,1,2024-05-01,2024-10-31,129,12,1,2,1,2,0,0,0,0,0,0,0,0,0,6,4,2,2,1,2,0,0,0,0,0,0,0,0,2,5,6,4,1,1,0,0,0,0,0,0,0,0,1,2,7,5,2,4,0,0,0,0,0,0,0,0,1,4,2,3,3,2,0,0,0,0,0,0,0,0,0,2,3,6,1,1,1,0,0,0,0,1,1,0,0,0,0,1,山梨
5229,吉川晴人,ヨシカワ ハルト,滋賀,B1,H,150112,1,21,174,58,A,4.76,30.8,17,21,123,1,0,0.16,16,62.5,0.17,4.0,18,27.7,0.17,4.0,25,36.0,0.18,3.4,19,21.0,0.14,2.7,25,20.0,0.15,2.7,20,25.0,0.14,3.2,B1,B1,B1,45.0,47.0,2025,1,2024-05-01,2024-10-31,129,5,5,2,1,1,2,0,0,0,0,0,0,0,0,3,2,2,4,6,1,0,0,0,0,0,0,0,0,4,5,4,2,1,9,0,0,0,0,0,0,0,0,2,2,2,5,5,3,0,0,0,0,0,0,0,0,1,4,4,6,4,6,0,0,0,0,0,0,0,0,2,3,0,5,5,5,0,0,0,0,0,0,0,0,0,0,0,0,滋賀
5230,石原凪紗,イシハラ ナギサ,愛知,B1,H,150820,2,21,152,46,A,3.02,12.0,1,9,83,0,0,0.16,8,25.0,0.21,4.6,17,17.6,0.15,2.6,17,5.8,0.21,4.2,12,8.3,0.14,2.0,15,0.0,0.16,2.7,14,21.4,0.11,1.9,B1,B1,B2,38.0,41.0,2025,1,2024-05-01,2024-10-31,129,1,1,0,1,4,1,0,0,0,0,0,0,0,0,0,3,3,1,4,5,1,0,0,0,0,0,0,0,0,1,1,3,6,6,0,0,0,0,0,0,0,0,0,1,1,3,2,5,0,0,0,0,0,0,0,0,0,0,2,2,4,7,0,0,0,0,0,0,0,0,0,3,0,2,6,3,0,0,0,0,0,0,0,0,0,0,0,0,岐阜
5231,寺田空詩,テラダ クウ,山口,B1,H,151011,2,21,153,47,O,3.53,14.5,2,7,62,0,0,0.24,5,40.0,0.2,3.8,7,28.5,0.21,3.7,5,40.0,0.16,3.0,11,0.0,0.26,5.1,16,12.5,0.24,4.8,18,5.5,0.25,4.9,B1,B1,B1,45.0,44.0,2025,1,2024-05-01,2024-10-31,129,1,1,0,0,1,1,1,0,0,0,0,0,0,0,0,2,1,0,1,2,1,0,0,0,0,0,0,0,1,1,1,0,1,1,0,0,0,0,0,0,0,0,0,0,2,5,3,1,0,0,0,0,0,0,0,0,0,2,2,2,4,6,0,0,0,0,0,0,0,0,0,1,2,4,1,10,0,0,0,0,0,0,0,0,0,0,0,0,山口
5232,樅山拓馬,モミヤマ タクマ,愛知,B1,H,090815,1,27,170,52,A,4.41,23.4,11,11,94,0,0,0.14,14,71.4,0.15,3.2,16,18.7,0.13,3.0,17,11.7,0.13,2.5,12,25.0,0.14,3.3,19,21.0,0.14,2.7,16,0.0,0.15,3.9,B1,B1,B2,45.0,45.0,2025,1,2024-05-01,2024-10-31,130,7,3,1,1,2,0,0,0,0,0,0,0,0,0,0,3,3,5,2,3,0,0,0,0,0,0,0,0,1,1,7,3,2,3,0,0,0,0,0,0,0,0,2,1,1,3,2,2,1,0,0,0,0,0,0,0,1,3,2,4,2,7,0,0,0,0,0,0,0,0,0,0,2,3,1,8,1,0,0,0,0,0,1,0,0,0,0,0,愛知
5234,塚越海斗,ツカゴシ カイト,群馬,A2,H,100731,1,26,167,55,A,5.83,47.3,27,18,95,1,0,0.16,15,73.3,0.15,2.7,15,40.0,0.18,4.1,14,50.0,0.15,3.1,20,55.0,0.14,2.3,16,43.7,0.15,2.6,15,20.0,0.17,3.5,B1,B1,B1,49.0,49.0,2025,1,2024-05-01,2024-10-31,130,6,5,1,0,1,2,0,0,0,0,0,0,0,0,4,2,2,2,2,2,0,0,0,0,0,0,0,1,2,5,2,3,0,2,0,0,0,0,0,0,0,0,9,2,0,2,5,1,1,0,0,0,0,0,0,0,4,3,5,1,1,2,0,0,0,0,0,0,0,0,2,1,0,0,7,5,0,0,0,0,0,0,0,0,0,0,0,0,群馬
5235,岩田凌,イワタ リョウ,大阪,B1,H,110104,1,25,165,56,A,2.0,2.7,2,0,73,0,0,0.2,7,14.2,0.19,4.2,11,0.0,0.21,4.6,14,0.0,0.21,4.4,10,0.0,0.23,4.9,17,5.8,0.16,3.9,14,0.0,0.19,4.5,B2,B2,B2,31.0,36.0,2025,1,2024-05-01,2024-10-31,130,1,0,2,0,0,3,1,0,0,0,0,0,0,0,0,0,0,2,2,7,0,0,0,0,0,0,0,0,0,0,1,1,5,7,0,0,0,0,0,0,0,0,0,0,0,0,5,5,0,0,0,0,0,0,0,0,1,0,0,3,6,7,0,0,0,0,0,0,0,0,0,0,0,1,3,9,0,0,0,0,0,0,1,0,0,0,0,0,和歌山
5236,小宮涼雅,コミヤ リョウガ,岡山,B1,H,110220,1,25,162,54,B,2.98,6.6,2,6,120,0,0,0.16,0,0.0,0.0,0.0,0,0.0,0.0,0.0,0,0.0,0.0,0.0,31,12.9,0.18,3.9,36,8.3,0.16,3.3,53,1.8,0.15,3.2,B1,B2,B2,37.0,41.0,2025,1,2024-05-01,2024-10-31,130,0,0,0,0,0,0,0,0,0,0,0,0,0,0,0,0,0,0,0,0,0,0,0,0,0,0,0,0,0,0,0,0,0,0,0,0,0,0,0,0,0,0,0,4,4,7,6,10,0,0,0,0,0,0,0,0,1,2,8,7,11,7,0,0,0,0,0,0,0,0,1,0,5,7,13,27,0,0,0,0,0,1,0,0,0,0,0,0,岡山
5237,永松良教,ナガマツ リョウタ,福岡,B1,H,110916,1,25,172,56,B,3.53,17.2,7,9,93,0,0,0.16,3,33.3,0.14,2.0,14,21.4,0.16,3.6,21,33.3,0.15,3.2,14,14.2,0.14,3.3,20,5.0,0.16,3.3,21,9.5,0.18,4.0,B1,B2,B2,37.0,41.0,2025,1,2024-05-01,2024-10-31,130,1,0,0,0,0,1,0,0,0,0,0,0,0,1,0,3,3,1,1,6,0,0,0,0,0,0,0,0,5,2,2,2,3,5,1,0,0,0,0,0,1,0,1,1,3,3,3,2,0,0,0,0,0,1,1,0,0,1,4,3,5,7,0,0,0,0,0,0,0,0,0,2,2,1,1,15,0,0,0,0,0,0,0,0,0,0,0,0,福岡
5238,笹木香吾,ササキ キョウゴ,山口,B1,H,111103,1,25,168,53,AB,3.39,15.9,6,9,94,0,0,0.16,1,100.0,0.26,4.5,4,50.0,0.15,3.5,1,100.0,0.1,3.0,22,13.6,0.14,3.4,28,17.8,0.16,3.0,38,7.8,0.17,3.9,B1,B1,B2,41.0,42.0,2025,1,2024-05-01,2024-10-31,130,1,0,0,0,0,0,0,0,0,0,0,1,0,0,1,1,0,0,1,1,0,0,0,0,0,0,0,0,0,1,0,0,0,0,0,0,0,0,0,0,0,0,0,3,1,6,4,8,0,0,0,0,0,0,0,0,2,3,2,7,9,2,0,0,0,0,0,0,3,0,2,1,2,8,10,14,0,0,0,0,0,0,1,0,0,0,0,0,山口
5239,上野俊樹,ウエノ トシキ,福岡,B1,H,120510,1,24,155,50,B,3.84,15.1,4,9,86,0,0,0.16,8,37.5,0.16,3.5,18,16.6,0.16,3.9,13,7.6,0.16,3.5,16,18.7,0.15,3.4,16,18.7,0.18,3.6,15,0.0,0.16,4.0,B1,B2,B2,41.0,44.0,2025,1,2024-05-01,2024-10-31,130,1,2,1,2,0,1,0,0,0,0,0,0,1,0,0,3,0,7,4,3,0,0,0,0,0,0,1,0,0,1,3,2,4,3,0,0,0,0,0,1,0,0,1,2,3,6,2,2,0,0,0,0,0,0,0,0,2,1,2,5,2,4,0,0,0,0,0,0,0,0,0,0,2,4,3,5,1,0,0,0,0,1,0,0,0,0,1,0,熊本
5240,高橋龍治,タカハシ リュウジ,福岡,B1,H,120612,1,24,167,56,A,3.62,13.7,4,4,58,1,0,0.17,6,33.3,0.25,4.7,9,0.0,0.13,3.2,13,23.0,0.15,2.7,8,12.5,0.19,3.6,8,25.0,0.15,3.6,14,0.0,0.16,3.4,B1,B1,B2,41.0,43.0,2025,1,2024-05-01,2024-10-31,130,2,0,1,1,1,1,0,0,0,0,0,0,0,0,0,0,0,2,3,3,0,0,0,0,0,0,1,0,1,2,3,3,1,2,0,0,0,0,0,0,1,0,1,0,0,1,5,1,0,0,0,0,0,0,0,0,0,2,2,0,1,3,0,0,0,0,0,1,0,0,0,0,3,2,5,4,0,0,0,0,0,0,0,0,0,0,1,0,福岡
5241,門田栞,カドタ シオリ,香川,B1,H,120709,2,24,155,50,A,4.73,29.5,22,17,132,0,0,0.16,20,55.0,0.16,2.7,24,41.6,0.16,3.4,23,39.1,0.14,2.9,19,21.0,0.17,2.9,24,12.5,0.18,3.3,22,9.0,0.18,3.6,B1,B1,B2,42.0,46.0,2025,1,2024-05-01,2024-10-31,130,9,2,2,0,3,3,0,0,0,0,0,0,1,0,6,4,0,5,3,5,0,0,0,0,0,0,1,0,4,5,5,3,4,0,0,0,0,0,0,0,2,0,1,3,5,4,1,5,0,0,0,0,0,0,0,0,1,2,4,4,7,6,0,0,0,0,0,0,0,0,1,1,4,3,5,8,0,0,0,0,0,0,0,0,0,0,0,0,愛媛
5242,高山弘斗,タカヤマ ヒロト,埼玉,B1,H,120722,1,24,165,59,A,2.75,9.3,4,2,64,0,0,0.2,6,50.0,0.1,1.8,11,18.1,0.18,3.6,10,0.0,0.22,4.1,9,11.1,0.14,3.6,10,0.0,0.16,3.1,18,0.0,0.29,5.2,B2,B1,B2,35.0,39.0,2025,1,2024-05-01,2024-10-31,130,3,0,0,0,0,3,0,0,0,0,0,0,0,0,1,1,1,1,6,1,0,0,0,0,0,0,0,0,0,0,0,4,2,4,0,0,0,0,0,0,0,0,0,1,0,3,3,2,0,0,0,0,0,0,0,0,0,0,1,2,7,0,0,0,0,0,0,0,0,0,0,0,0,1,3,12,2,0,0,0,0,0,0,0,0,0,0,0,埼玉
5243,三馬崇史,サンバ タカフミ,広島,B1,H,120827,1,24,170,55,A,4.5,28.5,13,19,112,0,0,0.15,12,41.6,0.15,3.3,19,52.6,0.13,2.8,24,41.6,0.13,3.0,21,19.0,0.18,3.0,17,11.7,0.15,3.1,19,5.2,0.18,4.2,B1,B1,B2,42.0,46.0,2025,1,2024-05-01,2024-10-31,130,3,2,1,1,3,2,0,0,0,0,0,0,0,0,4,6,2,1,5,1,0,0,0,0,0,0,0,0,3,7,3,2,3,5,0,0,0,0,0,1,1,0,2,2,5,2,5,4,0,0,0,0,0,1,1,0,1,1,2,3,3,6,0,0,0,0,0,0,1,0,0,1,3,4,7,4,0,0,0,0,0,0,0,0,0,0,1,0,広島
5244,黒田剛,クロダ タケシ,福岡,B1,H,120905,1,24,157,52,A,3.1,13.4,8,5,97,0,0,0.16,8,87.5,0.13,1.6,15,26.6,0.13,2.4,12,8.3,0.17,2.2,15,0.0,0.2,3.3,21,4.7,0.17,3.2,26,0.0,0.16,3.4,B1,B2,B2,38.0,40.0,2025,1,2024-05-01,2024-10-31,130,5,2,0,0,0,1,0,0,0,0,0,0,0,0,2,2,4,1,4,2,0,0,0,0,0,0,0,0,1,0,1,3,3,4,0,0,0,0,0,1,0,0,0,0,2,1,5,7,0,0,0,0,0,0,0,0,0,1,1,1,6,11,1,0,0,0,0,0,0,0,0,0,0,5,8,12,1,0,0,0,0,0,0,0,0,0,0,0,福岡
5245,倉富大誠,クラトミ タイセイ,愛知,B2,H,130926,1,23,162,52,B,1.16,0.0,0,0,49,0,0,0.26,0,0.0,0.0,0.0,0,0.0,0.0,0.0,0,0.0,0.0,0.0,1,0.0,0.3,6.0,3,0.0,0.13,3.3,45,0.0,0.26,5.8,B1,B1,B2,38.0,31.0,2025,1,2024-05-01,2024-10-31,130,0,0,0,0,0,0,0,0,0,0,0,0,0,0,0,0,0,0,0,0,0,0,0,0,0,0,0,0,0,0,0,0,0,0,0,0,0,0,0,0,0,0,0,0,0,0,0,1,0,0,0,0,0,0,0,0,0,0,0,0,3,0,0,0,0,0,0,0,0,0,0,0,0,0,7,36,1,0,0,0,0,0,1,0,0,0,0,0,愛知
5246,楠将太郎,クスノキ ショウタロウ,埼玉,B1,H,131220,1,23,172,53,A,4.53,23.0,16,7,100,0,0,0.16,12,50.0,0.18,3.7,17,17.6,0.17,3.8,25,28.0,0.17,2.6,17,29.4,0.15,3.1,18,11.1,0.13,2.8,11,0.0,0.18,3.2,B1,B1,B1,43.0,46.0,2025,1,2024-05-01,2024-10-31,130,5,1,2,1,1,2,0,0,0,0,0,0,0,0,2,1,5,1,3,5,0,0,0,0,0,0,0,0,4,3,5,6,0,6,0,0,0,0,0,1,1,0,4,1,3,2,2,5,0,0,0,0,0,0,0,0,1,1,5,3,2,6,0,0,0,0,0,0,0,0,0,0,1,2,3,5,0,0,0,0,0,0,0,0,0,0,0,0,埼玉
5247,大森翼,オオモリ ツバサ,兵庫,B1,H,140225,1,22,164,51,B,2.79,8.1,5,2,86,0,0,0.19,10,30.0,0.17,4.0,14,7.1,0.22,4.6,16,6.2,0.18,4.1,14,14.2,0.22,5.0,15,0.0,0.18,4.2,17,0.0,0.18,4.4,B1,B2,B1,38.0,40.0,2025,1,2024-05-01,2024-10-31,130,3,0,0,2,3,2,0,0,0,0,0,0,0,0,1,0,2,2,6,3,0,0,0,0,0,0,0,0,0,1,1,2,6,5,1,0,0,0,0,0,0,0,1,1,1,4,2,5,0,0,0,0,0,0,0,0,0,0,0,2,6,7,0,0,0,0,0,0,0,0,0,0,0,4,5,8,0,0,0,0,0,0,0,0,0,0,0,0,兵庫
5248,本田愛,ホンダ アイ,静岡,B1,H,140325,2,22,158,48,B,3.65,18.3,5,15,109,0,0,0.18,11,18.1,0.22,3.8,14,21.4,0.15,3.1,16,43.7,0.16,3.3,21,23.8,0.18,3.6,22,9.0,0.16,3.0,25,4.0,0.22,4.4,B1,B1,B2,43.0,43.0,2025,1,2024-05-01,2024-10-31,130,2,0,0,5,0,4,0,0,0,0,0,0,0,0,1,2,2,3,6,0,0,0,0,0,0,0,0,0,1,6,2,0,3,2,0,0,0,0,0,0,1,1,0,5,2,4,7,2,1,0,0,0,0,0,0,0,1,1,2,4,8,6,0,0,0,0,0,0,0,0,0,1,3,4,4,12,0,0,0,0,0,0,1,0,0,0,0,0,静岡
5249,三木晴斗,ミキ ハルト,徳島,B1,H,140409,1,22,167,55,A,3.98,19.6,8,13,107,0,0,0.15,13,53.8,0.16,3.2,20,20.0,0.17,3.4,15,20.0,0.13,2.5,13,23.0,0.14,2.8,25,16.0,0.17,3.2,21,0.0,0.13,2.7,B1,B1,B1,39.0,45.0,2025,1,2024-05-01,2024-10-31,130,3,4,1,2,2,1,0,0,0,0,0,0,0,0,0,4,3,4,4,5,0,0,0,0,0,0,0,0,0,3,2,4,2,3,0,0,0,0,0,0,1,0,3,0,1,3,2,4,0,0,0,0,0,0,0,0,2,2,2,5,7,7,0,0,0,0,0,1,0,0,0,0,5,4,4,8,0,0,0,0,0,0,0,0,0,0,0,0,徳島
5250,嶋田有里,シマダ ユウリ,長崎,B1,H,140602,2,22,165,49,B,2.53,7.2,1,5,83,0,0,0.21,0,0.0,0.0,0.0,0,0.0,0.0,0.0,19,10.5,0.21,3.9,19,5.2,0.21,4.2,20,5.0,0.22,4.3,25,8.0,0.18,3.7,B1,B2,B2,36.0,38.0,2025,1,2024-05-01,2024-10-31,130,0,0,0,0,0,0,0,0,0,0,0,0,0,0,0,0,0,0,0,0,0,0,0,0,0,0,0,0,0,2,4,3,2,8,0,0,0,0,0,0,0,0,1,0,2,4,5,7,0,0,0,0,0,0,0,0,0,1,0,3,8,6,1,0,0,0,0,0,1,0,0,2,0,1,8,13,1,0,0,0,0,1,0,0,0,0,0,0,熊本
5251,沼田七華,ヌマタ ナナカ,福井,B1,H,140813,2,22,152,55,A,2.03,1.9,1,1,102,0,0,0.19,4,25.0,0.18,2.3,7,0.0,0.19,3.9,13,0.0,0.23,4.0,19,5.2,0.19,3.5,25,0.0,0.21,4.1,34,0.0,0.17,3.8,B2,B2,B2,36.0,37.0,2025,1,2024-05-01,2024-10-31,130,1,0,0,1,2,0,0,0,0,0,0,0,0,0,0,0,1,2,2,2,0,0,0,0,0,0,0,0,0,0,1,0,6,5,0,0,0,0,0,0,0,1,0,1,0,4,5,9,0,0,0,0,0,0,0,0,0,0,1,3,10,11,0,0,0,0,0,0,0,0,0,0,1,2,9,22,0,0,0,0,0,0,0,0,0,0,0,0,石川
5252,荒木颯斗,アラキ ハヤト,愛知,B1,H,140917,1,22,167,55,AB,4.41,22.4,16,13,129,0,0,0.14,13,76.9,0.13,2.7,28,21.4,0.15,3.6,23,17.3,0.14,3.2,23,21.7,0.12,2.6,23,4.3,0.12,2.5,19,15.7,0.17,3.7,B1,B1,B1,41.0,46.0,2025,1,2024-05-01,2024-10-31,130,6,4,2,1,0,0,0,0,0,0,0,0,0,0,3,3,5,2,9,5,0,0,0,0,0,0,0,1,2,2,7,4,4,4,0,0,0,0,0,0,0,0,4,1,3,6,5,4,0,0,0,0,0,0,0,0,0,1,2,7,8,5,0,0,0,0,0,0,0,0,1,2,3,1,7,5,0,0,0,0,0,0,0,0,0,0,0,0,愛知
5253,藤井太雅,フジイ タイガ,東京,B1,H,141016,1,22,164,62,O,2.25,5.3,4,0,75,0,0,0.17,9,0.0,0.17,4.0,13,7.6,0.19,3.1,13,7.6,0.17,3.8,11,18.1,0.17,3.7,11,0.0,0.18,2.9,18,0.0,0.15,3.6,B2,B2,B2,35.0,37.0,2025,1,2024-05-01,2024-10-31,130,0,0,0,0,2,6,1,0,0,0,0,0,0,0,1,0,0,1,5,6,0,0,0,0,0,0,0,0,1,0,2,1,4,5,0,0,0,0,0,0,0,0,2,0,0,2,5,2,0,0,0,0,0,0,0,0,0,0,0,1,4,6,0,0,0,0,0,0,0,0,0,0,0,3,5,10,0,0,0,0,0,0,0,0,0,0,0,0,東京
5254,羽田妃希,ハダ キサキ,愛知,B1,H,150212,2,21,157,45,O,3.41,11.7,1,9,85,0,0,0.17,8,25.0,0.22,3.6,12,16.6,0.14,3.1,17,17.6,0.17,3.6,15,6.6,0.17,3.2,20,10.0,0.17,3.9,13,0.0,0.18,3.5,B1,B2,B2,38.0,42.0,2025,1,2024-05-01,2024-10-31,130,0,2,2,1,2,0,0,0,0,0,0,0,0,1,1,1,4,2,1,3,0,0,0,0,0,0,0,0,0,3,3,5,2,3,0,0,0,0,0,0,1,0,0,1,1,6,3,4,0,0,0,0,0,0,0,0,0,2,0,4,8,5,0,0,0,0,0,0,1,0,0,0,1,3,3,5,0,0,0,0,0,0,1,0,0,0,0,0,愛知
5255,藤原仙二,フジワラ センジ,滋賀,B1,H,151106,1,21,167,55,A,5.19,32.2,20,19,121,1,1,0.16,14,78.5,0.16,3.5,18,33.3,0.22,4.2,20,45.0,0.14,3.7,21,23.8,0.18,3.8,25,20.0,0.13,2.9,23,13.0,0.16,3.5,B1,B1,B1,49.0,50.0,2025,1,2024-05-01,2024-10-31,130,7,4,2,1,0,0,0,0,0,0,0,0,0,0,2,4,2,7,2,1,0,0,0,0,0,0,0,0,3,6,3,5,3,0,0,0,0,0,0,0,0,0,3,2,4,5,4,3,0,0,0,0,0,0,0,0,4,1,2,12,3,3,0,0,0,0,0,0,0,0,1,2,2,3,7,8,0,0,0,0,0,0,0,0,0,0,0,0,滋賀
5256,中山翔太,ナカヤマ ショウタ,三重,A2,H,160124,1,20,170,54,O,5.94,42.6,25,27,122,3,0,0.15,19,78.9,0.15,3.3,23,47.8,0.17,3.7,23,60.8,0.14,2.8,19,26.3,0.13,2.6,21,23.8,0.14,2.4,17,11.7,0.13,2.5,B1,B1,B1,49.0,52.0,2025,1,2024-05-01,2024-10-31,130,11,4,1,2,1,0,0,0,0,0,0,0,0,0,4,7,4,3,1,4,0,0,0,0,0,0,0,0,6,8,4,3,1,1,0,0,0,0,0,0,0,0,3,2,4,4,4,2,0,0,0,0,0,0,0,0,1,4,5,3,5,3,0,0,0,0,0,0,0,0,0,2,2,8,3,2,0,0,0,0,0,0,0,0,0,0,0,0,三重
5257,西丸侑太朗,ニシマル ユウタロウ,香川,A2,H,160410,1,20,167,56,A,5.63,39.8,20,19,98,1,0,0.15,14,64.2,0.17,3.6,13,61.5,0.18,4.6,18,33.3,0.17,3.6,19,26.3,0.14,2.8,17,35.2,0.14,3.0,17,29.4,0.14,3.7,B1,B1,B1,45.0,50.0,2025,1,2024-05-01,2024-10-31,130,6,3,3,1,0,1,0,0,0,0,0,0,0,0,4,4,0,1,1,3,0,0,0,0,0,0,0,0,3,3,5,2,4,0,0,0,0,0,0,0,1,0,1,4,2,5,5,1,1,0,0,0,0,0,0,0,4,2,4,5,2,0,0,0,0,0,0,0,0,0,2,3,2,1,5,3,1,0,0,0,0,0,0,0,0,0,0,0,香川
5258,仲本舜,ナカモト シュン,福岡,B1,H,170714,1,19,165,54,O,3.28,15.2,5,6,72,0,0,0.2,6,50.0,0.28,4.3,14,14.2,0.22,4.6,12,25.0,0.19,4.2,10,10.0,0.17,3.9,13,7.6,0.18,3.9,17,5.8,0.21,4.4,B2,B1,B2,43.0,41.0,2025,1,2024-05-01,2024-10-31,130,1,2,0,0,0,3,0,0,0,0,0,0,0,0,1,1,2,3,2,4,0,0,0,0,0,0,1,0,1,2,0,2,4,2,1,0,0,0,0,0,0,0,1,0,1,2,4,2,0,0,0,0,0,0,0,0,1,0,2,2,2,6,0,0,0,0,0,0,0,0,0,1,0,3,6,7,0,0,0,0,0,0,0,0,0,0,0,0,沖縄
5259,野田昇吾,ノダ ショウゴ,埼玉,B1,H,050627,1,31,167,58,A,2.31,4.4,1,3,91,0,0,0.17,11,18.1,0.17,2.4,18,11.1,0.15,2.5,17,0.0,0.17,3.5,12,0.0,0.19,4.2,14,0.0,0.15,3.3,19,0.0,0.18,3.9,B1,B2,B2,37.0,37.0,2025,1,2024-05-01,2024-10-31,131,1,1,1,3,0,4,0,0,0,0,0,0,1,0,0,2,1,2,6,7,0,0,0,0,0,1,0,0,0,0,3,2,4,8,0,0,0,0,0,0,0,0,0,0,2,1,4,5,0,0,0,0,0,0,0,0,0,0,0,1,5,7,1,0,0,0,0,0,0,0,0,0,1,0,6,11,0,0,0,0,0,0,1,0,0,0,0,0,福岡
5261,岡暢祐,オカ ヨウスケ,長崎,B1,H,100206,1,26,169,53,B,2.71,10.4,4,5,86,0,0,0.17,0,0.0,0.0,0.0,7,14.2,0.19,4.0,16,31.2,0.14,3.1,17,5.8,0.14,3.3,22,0.0,0.17,3.6,24,8.3,0.21,4.8,B1,B1,B2,39.0,39.0,2025,1,2024-05-01,2024-10-31,131,0,0,0,0,0,0,0,0,0,0,0,0,0,0,1,0,2,1,0,3,0,0,0,0,0,0,0,0,3,2,0,0,7,4,0,0,0,0,0,0,0,0,0,1,2,3,4,6,1,0,0,0,0,0,0,0,0,0,0,2,9,10,0,0,0,0,0,0,1,0,0,2,1,3,6,12,0,0,0,0,0,0,0,0,0,0,0,0,大分
5262,鈴木章司,スズキ ショウジ,愛知,B1,H,100227,1,26,166,54,AB,3.27,4.9,0,4,81,0,0,0.16,12,8.3,0.17,3.8,14,0.0,0.16,3.5,12,0.0,0.13,2.6,13,15.3,0.15,3.2,13,7.6,0.16,3.2,17,0.0,0.19,3.9,B1,B1,B2,41.0,43.0,2025,1,2024-05-01,2024-10-31,131,0,1,2,5,1,3,0,0,0,0,0,0,0,0,0,0,5,3,4,2,0,0,0,0,0,0,0,0,0,0,4,2,4,1,1,0,0,0,0,0,0,0,0,2,1,3,1,6,0,0,0,0,0,0,0,0,0,1,3,1,4,4,0,0,0,0,0,0,0,0,0,0,2,4,4,7,0,0,0,0,0,0,0,0,0,0,0,0,愛知
5263,花田凱成,ハナダ カイセイ,福岡,B1,H,101005,1,26,165,52,A,4.22,21.9,6,10,73,0,0,0.16,6,66.6,0.11,2.5,14,21.4,0.17,3.5,12,25.0,0.14,3.5,14,14.2,0.16,3.4,15,13.3,0.15,3.2,12,16.6,0.18,3.7,B1,B2,B2,36.0,45.0,2025,1,2024-05-01,2024-10-31,131,4,0,1,1,0,0,0,0,0,0,0,0,0,0,0,3,4,0,4,3,0,0,0,0,0,0,0,0,1,2,2,1,3,3,0,0,0,0,0,0,0,0,1,1,3,3,4,1,0,0,0,0,0,0,1,0,0,2,4,2,3,3,0,0,0,0,0,0,0,1,0,2,0,2,2,6,0,0,0,0,0,0,0,0,0,0,0,0,福岡
5264,登みひ果,ノボリ ミヒカ,兵庫,B1,H,111009,2,25,150,45,B,3.66,16.3,9,10,116,0,0,0.19,2,100.0,0.15,3.0,2,100.0,0.14,3.0,32,21.8,0.22,3.8,23,21.7,0.19,3.7,29,6.9,0.19,3.5,28,3.5,0.18,3.9,B1,B1,B2,38.0,43.0,2025,1,2024-05-01,2024-10-31,131,1,1,0,0,0,0,0,0,0,0,0,0,0,0,2,0,0,0,0,0,0,0,0,0,0,0,0,0,4,3,3,3,10,7,1,0,0,0,0,0,1,0,0,5,4,4,1,9,0,0,0,0,0,0,0,0,1,1,4,10,8,5,0,0,0,0,0,0,0,0,1,0,3,4,8,11,0,0,0,0,0,0,1,0,0,0,0,0,兵庫
5265,大廣咲季,オオヒロ サキ,香川,B1,H,111122,2,25,159,47,O,2.47,6.4,3,5,125,0,0,0.18,0,0.0,0.0,0.0,0,0.0,0.0,0.0,2,50.0,0.27,4.0,39,10.2,0.18,3.6,37,5.4,0.17,3.3,47,2.1,0.19,3.9,B2,B2,B2,34.0,38.0,2025,1,2024-05-01,2024-10-31,131,0,0,0,0,0,0,0,0,0,0,0,0,0,0,0,0,0,0,0,0,0,0,0,0,0,0,0,0,0,1,0,0,0,1,0,0,0,0,0,0,0,0,3,1,6,9,9,11,0,0,0,0,0,0,0,0,0,2,2,3,10,19,0,0,0,0,0,1,1,0,0,1,2,3,10,30,0,0,0,0,0,0,1,0,0,0,0,0,香川
5266,石田勇斗,イシダ ハヤト,愛知,B1,H,120711,1,24,173,56,AB,2.89,12.2,7,4,90,0,0,0.17,11,45.4,0.14,2.7,16,12.5,0.18,4.1,15,0.0,0.2,3.9,12,33.3,0.19,3.5,23,0.0,0.16,3.5,13,0.0,0.15,2.5,B1,B2,B2,37.0,40.0,2025,1,2024-05-01,2024-10-31,131,4,1,1,0,2,2,1,0,0,0,0,0,0,0,1,1,0,3,2,9,0,0,0,0,0,0,0,0,0,0,2,1,4,8,0,0,0,0,0,0,0,0,2,2,1,1,4,2,0,1,0,0,0,0,0,0,0,0,0,3,11,9,0,0,0,0,0,0,0,0,0,0,0,3,4,6,0,0,0,0,0,0,0,0,0,0,0,0,愛知
5267,石本裕武,イシモト ヒロム,大阪,A2,H,120813,1,24,165,50,A,5.61,35.2,18,12,85,0,0,0.13,15,60.0,0.14,3.5,14,28.5,0.16,3.3,13,38.4,0.13,2.5,16,31.2,0.1,2.4,16,31.2,0.1,2.5,11,18.1,0.12,2.8,A2,A2,B1,51.0,52.0,2025,1,2024-05-01,2024-10-31,131,8,1,3,1,0,2,0,0,0,0,0,0,0,0,1,3,4,3,1,2,0,0,0,0,0,0,0,0,2,3,3,2,1,2,0,0,0,0,0,0,0,0,3,2,3,0,6,1,0,0,0,0,0,1,1,0,3,2,3,3,2,2,0,0,0,0,0,0,1,0,1,1,0,3,4,2,0,0,0,0,0,0,0,0,0,0,0,0,大阪
5268,山本幸也,ヤマモト ユキヤ,福岡,B2,H,121029,1,24,168,58,A,1.99,4.0,1,2,74,0,0,0.22,2,0.0,0.29,4.0,4,25.0,0.26,5.0,6,16.6,0.22,3.0,10,0.0,0.16,3.8,18,5.5,0.2,4.2,33,0.0,0.23,5.0,B1,B2,B2,35.0,34.0,2025,1,2024-05-01,2024-10-31,131,0,0,0,0,0,2,0,0,0,0,0,0,0,0,1,0,0,1,1,1,0,0,0,0,0,0,0,0,0,1,1,1,1,2,0,0,0,0,0,0,0,0,0,0,0,1,2,6,0,0,0,0,0,0,1,0,0,1,1,2,3,9,0,0,0,0,0,0,2,0,0,0,1,3,9,19,1,0,0,0,0,0,0,0,0,0,0,1,福岡
5269,山口晃朋,ヤマグチ アキトモ,静岡,B1,H,130118,1,23,162,53,A,3.95,25.5,13,20,129,0,0,0.16,15,73.3,0.19,3.1,27,14.8,0.15,3.4,20,25.0,0.16,3.6,19,21.0,0.14,2.8,24,25.0,0.15,2.8,24,12.5,0.15,3.1,B1,B1,B2,45.0,43.0,2025,1,2024-05-01,2024-10-31,131,6,5,0,0,1,3,0,0,0,0,0,1,0,0,2,2,2,8,4,8,0,0,0,0,0,0,1,0,2,3,2,4,5,4,0,0,0,0,0,0,0,0,1,3,1,2,4,8,0,0,0,0,0,0,0,0,1,5,2,4,2,8,0,0,0,0,0,0,1,1,1,2,0,4,9,8,0,0,0,0,0,1,0,0,0,0,0,0,静岡
5270,小玉啓太,コダマ ケイタ,佐賀,B1,H,130325,1,23,166,53,O,3.44,14.4,8,8,111,0,0,0.16,10,50.0,0.16,3.3,22,13.6,0.14,2.8,14,7.1,0.14,2.5,22,27.2,0.18,3.3,18,0.0,0.19,3.2,25,4.0,0.16,3.4,B1,B2,B2,38.0,42.0,2025,1,2024-05-01,2024-10-31,131,5,0,0,2,0,3,0,0,0,0,0,0,0,0,1,2,2,4,5,7,1,0,0,0,0,0,0,0,1,0,3,3,4,3,0,1,0,0,0,0,0,0,1,5,0,4,5,7,0,0,0,0,0,0,0,0,0,0,3,4,3,8,0,0,0,0,0,0,0,0,0,1,2,7,5,10,0,0,0,0,0,0,0,0,0,0,0,0,佐賀
5271,杉山太陽,スギヤマ タイヨウ,福岡,B1,H,130719,1,23,164,52,A,3.15,14.2,3,10,91,0,0,0.15,8,50.0,0.19,4.0,17,35.2,0.14,2.4,16,6.2,0.16,2.9,17,11.7,0.13,2.1,17,0.0,0.15,3.1,16,0.0,0.17,3.4,B1,B2,B2,36.0,41.0,2025,1,2024-05-01,2024-10-31,131,0,4,0,0,2,2,0,0,0,0,0,0,0,0,1,5,1,1,3,6,0,0,0,0,0,0,0,0,0,1,3,3,3,6,0,0,0,0,0,0,0,0,2,0,2,1,3,8,1,0,0,0,0,0,0,0,0,0,2,4,9,2,0,0,0,0,0,0,0,0,0,0,0,3,4,9,0,0,0,0,0,0,0,0,0,0,0,0,福岡
5272,松田真実,マツダ マミ,愛知,B2,H,130819,2,23,155,50,A,1.94,5.9,2,2,67,0,0,0.19,5,20.0,0.21,3.8,8,0.0,0.15,4.9,8,0.0,0.22,4.3,18,16.6,0.19,3.8,11,0.0,0.19,3.6,17,0.0,0.17,3.5,B2,B2,B2,32.0,35.0,2025,1,2024-05-01,2024-10-31,131,1,0,0,1,1,2,0,0,0,0,0,0,0,0,0,0,1,0,3,4,0,0,0,0,0,0,0,0,0,0,0,0,4,4,0,0,0,0,0,0,0,0,1,2,1,0,2,12,0,0,0,0,0,0,0,0,0,0,0,0,4,7,0,0,0,0,0,0,0,0,0,0,0,1,2,13,1,0,0,0,0,0,0,0,0,0,0,0,愛知
5273,山下拓巳,ヤマシタ タクミ,兵庫,B1,H,130901,1,23,166,52,A,3.17,9.3,2,5,75,0,0,0.19,8,25.0,0.2,4.1,14,7.1,0.19,4.1,15,13.3,0.17,3.7,11,0.0,0.18,4.5,18,5.5,0.18,4.2,9,11.1,0.22,4.6,B1,B2,B2,41.0,42.0,2025,1,2024-05-01,2024-10-31,131,2,0,1,0,1,4,0,0,0,0,0,0,0,0,0,1,0,4,5,4,0,0,0,0,0,0,0,0,0,2,5,0,4,3,1,0,0,0,0,0,0,0,0,0,2,1,4,4,0,0,0,0,0,0,0,0,0,1,3,4,7,3,0,0,0,0,0,0,0,0,0,1,1,0,3,4,0,0,0,0,0,0,0,0,0,0,0,0,兵庫
5274,城間盛渚,シロマ セイナ,福岡,B1,H,131121,1,23,170,55,A,4.27,25.2,12,11,91,0,0,0.18,10,50.0,0.21,4.1,15,20.0,0.22,4.2,19,31.5,0.15,2.9,13,15.3,0.14,2.9,17,23.5,0.17,2.9,17,17.6,0.17,3.7,B1,B1,B2,41.0,45.0,2025,1,2024-05-01,2024-10-31,131,3,2,0,2,2,1,0,0,0,0,0,0,0,0,2,1,3,4,3,1,1,0,0,0,0,0,0,0,3,3,2,4,6,1,0,0,0,0,0,0,0,0,1,1,1,2,7,1,0,0,0,0,0,0,0,0,2,2,1,5,2,5,0,0,0,0,0,0,0,0,1,2,1,0,4,8,1,0,0,0,0,0,0,0,0,0,0,0,沖縄
5275,松田淳平,マツダ ジュンペイ,三重,B1,H,140221,1,22,170,54,A,3.55,10.2,6,4,98,0,0,0.16,1,0.0,0.0,0.0,1,0.0,0.11,6.0,2,0.0,0.27,5.0,22,4.5,0.18,3.9,30,23.3,0.16,3.3,42,4.7,0.14,3.4,B1,B1,B1,43.0,44.0,2025,1,2024-05-01,2024-10-31,131,0,0,0,0,0,0,1,0,0,0,0,0,0,0,0,0,0,0,0,1,0,0,0,0,0,0,0,0,0,0,0,0,1,1,0,0,0,0,0,0,0,0,1,0,1,10,6,4,0,0,0,0,0,0,0,0,4,3,4,9,4,6,0,0,0,0,0,0,0,0,1,1,4,15,12,8,0,0,0,0,0,0,0,1,0,0,0,0,三重
5276,大島隆乃介,オオシマ リュウノスケ,福岡,B1,H,140427,1,22,156,54,A,3.86,16.1,7,8,93,0,0,0.16,10,70.0,0.14,3.7,17,17.6,0.16,4.2,15,13.3,0.18,3.9,15,0.0,0.18,3.7,18,11.1,0.16,2.8,18,5.5,0.15,3.2,B1,B1,B2,47.0,44.0,2025,1,2024-05-01,2024-10-31,131,4,3,0,1,2,0,0,0,0,0,0,0,0,0,1,2,2,2,8,2,0,0,0,0,0,0,0,0,2,0,4,3,1,4,0,0,0,0,0,0,0,1,0,0,2,4,2,7,0,0,0,0,0,0,0,0,0,2,5,2,5,4,0,0,0,0,0,0,0,0,0,1,2,5,4,6,0,0,0,0,0,0,0,0,0,0,0,0,福岡
5277,井上未都,イノウエ ミト,福岡,B1,H,140505,2,22,156,46,O,3.7,12.3,6,7,105,0,0,0.18,9,22.2,0.24,4.3,14,21.4,0.21,4.1,21,14.2,0.2,3.5,18,16.6,0.16,3.3,26,7.6,0.17,2.9,17,0.0,0.15,2.7,B1,B2,B2,42.0,44.0,2025,1,2024-05-01,2024-10-31,131,1,1,2,3,1,1,0,0,0,0,0,0,0,0,1,2,3,5,1,2,0,0,0,0,0,0,0,0,1,2,0,6,6,6,0,0,0,0,0,0,0,0,2,1,5,2,4,4,0,0,0,0,0,1,0,0,1,1,1,8,5,10,0,0,0,0,0,0,0,0,0,0,3,6,4,3,0,0,0,0,0,0,1,0,0,0,1,0,福岡
5278,田中駿兵,タナカ シュンペイ,徳島,B1,H,140905,1,22,169,52,A,5.0,29.7,10,15,84,0,0,0.17,7,42.8,0.19,3.7,17,35.2,0.16,3.6,13,46.1,0.18,3.5,14,28.5,0.18,3.8,16,25.0,0.13,2.9,17,11.7,0.17,3.9,B1,B1,B2,47.0,49.0,2025,1,2024-05-01,2024-10-31,131,2,1,1,2,0,0,1,0,0,0,0,0,0,0,3,3,4,3,4,0,0,0,0,0,0,0,0,0,3,3,4,2,0,1,0,0,0,0,0,0,0,0,1,3,1,4,4,1,0,0,0,0,0,0,0,0,1,3,1,5,4,2,0,0,0,0,0,0,0,0,0,2,2,5,3,4,1,0,0,0,0,0,0,0,0,0,0,0,徳島
5279,石渡翔一郎,イシワタ ショウイチロウ,東京,B1,H,141023,1,22,158,53,O,5.45,35.2,17,20,105,1,0,0.14,14,100.0,0.15,2.1,19,26.3,0.17,3.6,17,52.9,0.13,2.3,24,29.1,0.13,2.5,16,6.2,0.12,2.8,15,6.6,0.16,3.8,B1,B1,B1,47.0,50.0,2025,1,2024-05-01,2024-10-31,131,9,5,0,0,0,0,0,0,0,0,0,0,0,0,0,5,5,4,3,2,0,0,0,0,0,0,0,0,4,5,2,4,2,0,0,0,0,0,0,2,0,0,4,3,6,4,5,1,1,0,0,0,0,0,0,0,0,1,7,1,5,2,0,0,0,0,0,1,0,0,0,1,1,3,5,5,0,0,0,0,0,1,0,0,0,0,0,0,千葉
5280,廣瀬凜,ヒロセ リン,滋賀,B1,H,141112,1,22,159,51,O,4.4,20.5,3,18,102,1,0,0.23,0,0.0,0.0,0.0,0,0.0,0.0,0.0,1,0.0,0.22,5.0,29,34.4,0.23,4.7,32,15.6,0.22,4.7,40,15.0,0.24,4.7,B1,B2,B2,44.0,47.0,2025,1,2024-05-01,2024-10-31,131,0,0,0,0,0,0,0,0,0,0,0,0,0,0,0,0,0,0,0,0,0,0,0,0,0,0,0,0,0,0,1,0,0,0,0,0,0,0,0,0,0,0,1,9,6,6,5,2,0,0,0,0,0,0,0,0,1,4,7,10,5,5,0,0,0,0,0,0,0,0,1,5,4,11,13,4,0,0,0,0,0,0,1,1,0,0,0,0,京都
5281,井上遥妃,イノウエ ハルヒ,徳島,B1,H,150326,2,21,158,47,A,4.73,21.0,11,10,100,0,0,0.15,15,60.0,0.16,3.3,20,25.0,0.15,3.2,13,30.7,0.16,3.3,19,5.2,0.15,3.0,13,15.3,0.14,2.1,20,0.0,0.16,3.1,B1,B1,B2,44.0,49.0,2025,1,2024-05-01,2024-10-31,131,6,3,2,2,1,1,0,0,0,0,0,0,0,0,2,3,4,3,4,4,0,0,0,0,0,0,0,0,3,1,4,0,3,1,1,0,0,0,0,0,0,0,0,1,6,5,3,4,0,0,0,0,0,0,0,0,0,2,4,1,1,5,0,0,0,0,0,0,0,0,0,0,7,4,5,4,0,0,0,0,0,0,0,0,0,0,0,0,徳島
5282,中本大樹,ナカモト ダイキ,福井,B2,H,150330,1,21,172,56,B,3.31,15.6,3,7,64,0,0,0.16,4,75.0,0.19,2.0,6,33.3,0.21,2.7,7,28.5,0.12,1.8,8,12.5,0.09,2.0,11,9.0,0.13,2.2,28,3.5,0.18,3.8,B1,B2,B2,36.0,41.0,2025,1,2024-05-01,2024-10-31,131,2,1,0,0,0,0,1,0,0,0,0,0,0,0,0,2,0,1,2,1,0,0,0,0,0,0,0,0,1,1,0,1,2,1,1,0,0,0,0,0,0,0,0,1,1,2,2,1,0,0,0,0,0,0,1,0,0,1,2,2,2,4,0,0,0,0,0,0,0,0,0,1,2,6,6,13,0,0,0,0,0,0,0,0,0,0,0,0,石川
5283,植木美帆,ウエキ ミホ,東京,B1,H,160210,2,20,155,48,O,2.02,3.1,0,2,63,0,0,0.17,0,0.0,0.0,0.0,0,0.0,0.0,0.0,0,0.0,0.0,0.0,19,10.5,0.16,3.1,16,0.0,0.17,3.0,28,0.0,0.17,3.1,B2,B2,B2,36.0,37.0,2025,1,2024-05-01,2024-10-31,131,0,0,0,0,0,0,0,0,0,0,0,0,0,0,0,0,0,0,0,0,0,0,0,0,0,0,0,0,0,0,0,0,0,0,0,0,0,0,0,0,0,0,0,2,0,2,8,7,0,0,0,0,0,0,0,0,0,0,1,1,5,9,0,0,0,0,0,1,0,0,0,0,2,3,4,19,0,0,0,0,0,1,0,0,0,0,1,0,東京
5284,嘉手苅徹哉,カデカル テツヤ,福岡,B2,H,101011,1,26,160,54,B,1.98,3.0,1,2,97,0,0,0.15,0,0.0,0.0,0.0,0,0.0,0.0,0.0,0,0.0,0.0,0.0,22,4.5,0.16,3.1,28,3.5,0.15,3.2,47,2.1,0.15,3.6,B2,B2,B2,31.0,36.0,2025,1,2024-05-01,2024-10-31,132,0,0,0,0,0,0,0,0,0,0,0,0,0,0,0,0,0,0,0,0,0,0,0,0,0,0,0,0,0,0,0,0,0,0,0,0,0,0,0,0,0,0,0,1,0,3,5,13,0,0,0,0,0,1,0,0,1,0,0,6,5,16,0,0,0,0,0,0,0,0,0,1,2,4,13,27,0,0,0,0,0,0,0,0,0,0,0,0,沖縄
5285,若林麗,ワカバヤシ レイ,東京,B1,H,110426,1,25,160,51,A,2.21,4.7,1,3,84,0,0,0.17,0,0.0,0.0,0.0,0,0.0,0.0,0.0,0,0.0,0.0,0.0,23,0.0,0.17,3.8,28,10.7,0.18,3.5,33,3.0,0.17,3.8,B2,B2,B2,35.0,37.0,2025,1,2024-05-01,2024-10-31,132,0,0,0,0,0,0,0,0,0,0,0,0,0,0,0,0,0,0,0,0,0,0,0,0,0,0,0,0,0,0,0,0,0,0,0,0,0,0,0,0,0,0,0,0,3,4,7,9,0,0,0,0,0,0,0,0,1,2,2,3,3,16,0,0,0,0,0,0,1,0,0,1,1,1,9,21,0,0,0,0,0,0,0,0,0,0,0,0,山梨
5286,坂井滉哉,サカイ コウヤ,福岡,B1,H,110704,1,25,171,52,O,4.15,14.7,8,6,95,1,0,0.14,11,36.3,0.19,4.3,15,13.3,0.15,3.3,12,25.0,0.12,2.5,15,20.0,0.14,3.1,17,5.8,0.1,2.3,25,4.0,0.16,2.9,B1,B2,B2,38.0,46.0,2025,1,2024-05-01,2024-10-31,132,4,0,0,1,5,1,0,0,0,0,0,0,0,0,1,1,6,4,2,1,0,0,0,0,0,0,0,0,2,1,2,2,1,3,1,0,0,0,0,0,0,0,1,2,4,3,4,1,0,0,0,0,0,0,0,0,0,1,5,4,3,4,0,0,0,0,0,0,0,0,0,1,6,2,7,8,0,0,0,0,0,0,0,1,0,0,0,0,福岡
5287,滝沢織寧,タキザワ オリネ,埼玉,B1,H,110922,2,25,149,45,A,2.6,5.4,2,2,73,0,0,0.18,0,0.0,0.0,0.0,0,0.0,0.0,0.0,0,0.0,0.0,0.0,21,14.2,0.2,3.9,23,4.3,0.19,3.8,28,0.0,0.17,3.5,B1,B2,B2,39.0,39.0,2025,1,2024-05-01,2024-10-31,132,0,0,0,0,0,0,0,0,0,0,0,0,0,0,0,0,0,0,0,0,0,0,0,0,0,0,0,0,0,0,0,0,0,0,0,0,0,0,0,0,0,0,2,1,2,6,1,8,0,0,0,0,0,0,1,0,0,1,2,4,6,9,1,0,0,0,0,0,0,0,0,0,0,7,10,11,0,0,0,0,0,0,0,0,0,0,0,1,埼玉
5288,尾道佳諭,オノミチ ケイト,埼玉,B2,H,111015,1,25,163,57,A,1.86,6.1,0,3,49,0,0,0.19,0,0.0,0.0,0.0,0,0.0,0.0,0.0,0,0.0,0.0,0.0,7,0.0,0.13,2.6,18,16.6,0.16,3.6,24,0.0,0.22,4.4,B2,B2,B2,36.0,35.0,2025,1,2024-05-01,2024-10-31,132,0,0,0,0,0,0,0,0,0,0,0,0,0,0,0,0,0,0,0,0,0,0,0,0,0,0,0,0,0,0,0,0,0,0,0,0,0,0,0,0,0,0,0,0,0,2,2,2,0,0,0,0,0,0,1,0,0,3,0,0,5,10,0,0,0,0,0,0,0,0,0,0,0,1,6,17,0,0,0,0,0,2,0,0,0,0,0,0,長崎
5289,佃來紀,ツクダ ライキ,大阪,B1,H,121230,1,24,167,52,AB,3.66,8.4,4,6,119,0,0,0.16,0,0.0,0.0,0.0,0,0.0,0.0,0.0,3,0.0,0.15,3.0,23,8.7,0.16,3.3,44,13.6,0.16,3.5,49,4.0,0.16,3.3,B1,B1,B2,42.0,45.0,2025,1,2024-05-01,2024-10-31,132,0,0,0,0,0,0,0,0,0,0,0,0,0,0,0,0,0,0,0,0,0,0,0,0,0,0,0,0,0,0,1,1,1,0,0,0,0,0,0,0,0,0,1,1,9,4,5,3,0,0,0,0,0,0,0,0,2,4,7,6,16,9,0,0,0,0,0,0,0,0,1,1,11,11,11,13,0,0,0,0,0,0,1,0,0,0,0,0,奈良
5290,坂本一真,サカモト カズマ,東京,B1,H,130624,1,23,167,55,A,2.1,2.0,0,2,96,0,0,0.16,0,0.0,0.0,0.0,0,0.0,0.0,0.0,0,0.0,0.0,0.0,26,0.0,0.15,2.8,27,3.7,0.15,3.3,43,2.3,0.18,3.8,B2,B2,B2,33.0,37.0,2025,1,2024-05-01,2024-10-31,132,0,0,0,0,0,0,0,0,0,0,0,0,0,0,0,0,0,0,0,0,0,0,0,0,0,0,0,0,0,0,0,0,0,0,0,0,0,0,0,0,0,0,0,0,5,2,6,13,0,0,0,0,0,0,0,0,0,1,2,5,8,10,1,0,0,0,0,0,0,0,0,1,0,6,5,31,0,0,0,0,0,0,0,0,0,0,0,0,福島
5291,三嶌こころ,ミシマ ココロ,香川,B1,H,130703,2,23,157,49,B,2.47,5.1,1,3,78,0,0,0.2,0,0.0,0.0,0.0,0,0.0,0.0,0.0,2,0.0,0.19,3.5,15,6.6,0.2,4.1,28,10.7,0.18,4.0,33,0.0,0.22,4.9,B2,B2,B2,34.0,39.0,2025,1,2024-05-01,2024-10-31,132,0,0,0,0,0,0,0,0,0,0,0,0,0,0,0,0,0,0,0,0,0,0,0,0,0,0,0,0,0,0,0,0,1,1,0,0,0,0,0,0,0,0,0,1,4,4,5,1,0,0,0,0,0,0,0,0,1,2,0,5,8,12,0,0,0,0,0,0,0,0,0,0,1,3,10,19,0,0,0,0,0,0,0,0,0,0,0,0,香川
5292,佐藤右京,サトウ ウキョウ,東京,B1,H,131020,1,23,173,61,O,2.45,4.8,1,3,83,0,0,0.21,8,12.5,0.24,4.6,14,7.1,0.22,4.4,9,11.1,0.22,4.6,11,0.0,0.2,4.6,20,5.0,0.18,3.8,21,0.0,0.21,4.3,B1,B2,B2,36.0,38.0,2025,1,2024-05-01,2024-10-31,132,0,1,2,0,2,3,0,0,0,0,0,0,0,0,0,1,3,0,4,6,0,0,0,0,0,0,0,0,1,0,0,1,3,4,0,0,0,0,0,0,0,0,0,0,1,2,0,8,0,0,0,0,0,0,0,0,0,1,3,4,4,8,0,0,0,0,0,0,0,0,0,0,0,2,5,14,0,0,0,0,0,0,0,0,0,0,0,0,宮城
5293,眞崎武蔵,マサキ ムサシ,静岡,B1,H,131109,1,23,170,51,O,2.66,11.2,5,5,89,0,0,0.17,3,66.6,0.19,4.0,7,14.2,0.18,4.7,9,22.2,0.15,3.3,14,0.0,0.14,3.3,25,12.0,0.15,3.2,31,6.4,0.2,4.0,B1,B2,B2,36.0,38.0,2025,1,2024-05-01,2024-10-31,132,2,0,0,0,0,0,1,0,0,0,0,0,0,0,0,1,0,1,0,5,0,0,0,0,0,0,0,0,1,1,1,2,1,3,0,0,0,0,0,0,0,0,0,0,2,0,5,7,0,0,0,0,0,0,0,0,2,1,2,3,7,10,0,0,0,0,0,0,0,0,0,2,1,2,3,22,0,0,0,0,0,0,1,0,0,0,0,0,神奈川
5294,豊田祥生,トヨダ ショウキ,静岡,B1,H,140207,1,22,159,49,AB,2.49,9.3,2,7,96,0,0,0.16,2,0.0,0.18,4.5,8,25.0,0.17,3.9,16,25.0,0.13,2.7,21,9.5,0.17,3.0,27,3.7,0.18,3.9,21,0.0,0.15,3.7,B1,B2,B2,37.0,38.0,2025,1,2024-05-01,2024-10-31,132,0,0,0,0,1,1,0,0,0,0,0,0,0,0,1,1,0,1,2,3,0,0,0,0,0,0,0,0,1,3,1,3,3,4,0,0,0,0,0,0,1,0,0,2,0,3,3,12,0,0,0,0,0,0,1,0,0,1,0,4,9,13,0,0,0,0,0,0,0,0,0,0,1,4,6,10,0,0,0,0,0,0,0,0,0,0,0,1,静岡
5295,田上凜,タノウエ リン,大阪,B1,H,140417,2,22,157,47,O,2.72,5.5,2,4,109,0,0,0.2,0,0.0,0.0,0.0,0,0.0,0.0,0.0,6,16.6,0.21,3.5,26,0.0,0.2,4.2,35,8.5,0.2,3.9,42,4.7,0.19,3.5,B2,B2,B2,32.0,40.0,2025,1,2024-05-01,2024-10-31,132,0,0,0,0,0,0,0,0,0,0,0,0,0,0,0,0,0,0,0,0,0,0,0,0,0,0,0,0,1,0,1,2,0,2,0,0,0,0,0,0,0,0,0,0,5,4,8,9,0,0,0,0,0,0,0,0,0,3,2,8,12,10,0,0,0,0,0,1,0,0,1,1,2,8,8,20,0,0,0,0,0,0,2,0,0,0,0,0,和歌山
5296,永田楽,ナガタ ラク,愛知,B1,H,140626,2,22,156,46,O,2.69,8.8,3,7,113,0,0,0.2,0,0.0,0.0,0.0,0,0.0,0.0,0.0,0,0.0,0.0,0.0,30,20.0,0.21,4.5,35,8.5,0.19,3.9,48,2.0,0.2,4.1,B2,B2,B2,34.0,39.0,2025,1,2024-05-01,2024-10-31,132,0,0,0,0,0,0,0,0,0,0,0,0,0,0,0,0,0,0,0,0,0,0,0,0,0,0,0,0,0,0,0,0,0,0,0,0,0,0,0,0,0,0,3,3,1,5,6,12,0,0,0,0,0,0,0,0,0,3,5,5,8,13,0,0,0,0,0,0,1,0,0,1,1,9,12,23,1,0,0,0,0,1,1,0,0,0,0,0,愛知
5297,南彩寧,ミナミ アヤネ,兵庫,B2,H,140708,2,22,158,58,AB,1.68,1.0,0,1,96,0,0,0.17,0,0.0,0.0,0.0,0,0.0,0.0,0.0,0,0.0,0.0,0.0,8,12.5,0.16,3.9,27,0.0,0.18,3.9,61,0.0,0.16,3.6,B2,B2,B2,33.0,35.0,2025,1,2024-05-01,2024-10-31,132,0,0,0,0,0,0,0,0,0,0,0,0,0,0,0,0,0,0,0,0,0,0,0,0,0,0,0,0,0,0,0,0,0,0,0,0,0,0,0,0,0,0,0,1,0,0,3,4,0,0,0,0,0,0,0,0,0,0,0,7,8,12,0,0,0,0,0,0,0,0,0,0,1,3,14,41,1,0,0,0,0,0,1,0,0,0,0,0,兵庫
5298,水谷理人,ミズタニ マサト,香川,A2,H,140709,1,22,161,52,AB,6.05,45.9,21,19,87,2,1,0.15,11,81.8,0.14,2.4,16,50.0,0.16,2.9,11,27.2,0.2,3.5,14,50.0,0.14,2.3,18,33.3,0.14,2.5,17,41.1,0.12,1.8,B1,B1,B2,42.0,51.0,2025,1,2024-05-01,2024-10-31,132,9,0,1,0,0,1,0,0,0,0,0,1,0,0,2,6,2,4,2,0,0,0,0,0,0,0,0,0,0,3,3,3,2,0,0,0,0,0,0,0,0,0,4,3,0,3,3,1,0,0,0,0,0,0,0,0,3,3,4,2,2,3,1,0,0,0,0,0,0,0,3,4,3,2,1,3,1,0,0,0,0,0,0,0,0,0,0,0,香川
5299,西丸敦基,ニシマル アツキ,香川,B1,H,140831,1,22,167,55,B,3.86,16.6,5,11,96,0,0,0.19,0,0.0,0.0,0.0,0,0.0,0.0,0.0,0,0.0,0.0,0.0,25,20.0,0.21,4.1,24,25.0,0.18,3.5,47,10.6,0.18,3.4,B1,B2,B2,39.0,44.0,2025,1,2024-05-01,2024-10-31,132,0,0,0,0,0,0,0,0,0,0,0,0,0,0,0,0,0,0,0,0,0,0,0,0,0,0,0,0,0,0,0,0,0,0,0,0,0,0,0,0,0,0,2,3,5,1,8,6,0,0,0,0,0,1,0,0,3,3,4,4,4,5,0,0,0,0,0,0,1,0,0,5,10,9,6,16,1,0,0,0,0,0,0,0,0,0,0,0,香川
5300,横田海人,ヨコタ カイト,愛知,B2,H,140907,1,22,164,55,O,1.74,3.3,0,3,89,0,0,0.17,0,0.0,0.0,0.0,0,0.0,0.0,0.0,0,0.0,0.0,0.0,18,5.5,0.22,3.7,33,6.0,0.16,3.3,38,0.0,0.16,2.8,B2,B2,B2,33.0,35.0,2025,1,2024-05-01,2024-10-31,132,0,0,0,0,0,0,0,0,0,0,0,0,0,0,0,0,0,0,0,0,0,0,0,0,0,0,0,0,0,0,0,0,0,0,0,0,0,0,0,0,0,0,0,1,1,2,5,9,0,0,0,0,0,0,0,0,0,2,0,0,9,21,1,0,0,0,0,0,0,0,0,0,0,5,6,27,0,0,0,0,0,0,0,0,0,0,0,0,愛知
5301,岩下巧斗,イワシタ タクト,群馬,B1,H,141015,1,22,164,53,A,3.54,10.1,6,7,128,0,0,0.18,1,0.0,0.2,3.0,4,25.0,0.18,4.3,3,33.3,0.19,4.7,29,10.3,0.19,3.7,35,8.5,0.17,3.7,56,8.9,0.18,4.2,B1,B1,B2,40.0,44.0,2025,1,2024-05-01,2024-10-31,132,0,0,0,0,1,0,0,0,0,0,0,0,0,0,1,0,2,1,0,0,0,0,0,0,0,0,0,0,1,0,0,1,0,1,0,0,0,0,0,0,0,0,1,2,7,8,5,6,0,0,0,0,0,0,0,0,1,2,5,7,11,9,0,0,0,0,0,0,0,0,2,3,5,14,17,15,0,0,0,0,0,0,0,0,0,0,0,0,群馬
5302,秋末秦悟,アキスエ シンゴ,大阪,B2,H,150118,1,21,166,54,AB,2.04,4.0,2,0,49,0,0,0.22,3,66.6,0.15,4.0,4,0.0,0.29,4.0,4,0.0,0.25,4.0,6,0.0,0.16,2.0,8,0.0,0.13,3.1,24,0.0,0.26,5.0,B1,B2,B2,37.0,35.0,2025,1,2024-05-01,2024-10-31,132,2,0,0,1,0,0,0,0,0,0,0,0,0,0,0,0,0,0,1,3,0,0,0,0,0,0,0,0,0,0,0,1,2,1,0,0,0,0,0,0,0,0,0,0,0,1,4,0,1,0,0,0,0,0,0,0,0,0,0,2,1,4,0,0,0,0,0,0,0,1,0,0,1,1,5,16,1,0,0,0,0,0,0,0,0,0,0,0,大阪
5303,土井歩夢,ドイ アユム,福岡,B1,H,150401,1,21,164,55,B,4.88,26.1,12,10,84,1,0,0.15,11,81.8,0.12,2.4,13,30.7,0.15,3.4,10,30.0,0.18,3.0,16,18.7,0.17,3.4,22,13.6,0.14,2.5,12,0.0,0.13,2.0,B1,B1,B2,43.0,48.0,2025,1,2024-05-01,2024-10-31,132,7,2,1,0,1,0,0,0,0,0,0,0,0,0,1,3,2,7,0,0,0,0,0,0,0,0,0,0,2,1,0,2,2,3,0,0,0,0,0,0,0,0,1,2,3,2,5,3,0,0,0,0,0,0,0,0,1,2,5,5,6,3,0,0,0,0,0,0,0,0,0,0,5,1,2,3,0,0,0,0,0,1,1,0,0,0,0,0,福岡
5304,井田涼介,イダ リョウスケ,群馬,B2,H,150418,1,21,172,72,B,1.21,0.0,0,0,47,0,0,0.24,0,0.0,0.0,0.0,0,0.0,0.0,0.0,0,0.0,0.0,0.0,1,0.0,0.11,2.0,4,0.0,0.16,3.0,41,0.0,0.25,4.7,B2,B2,B2,30.0,30.0,2025,1,2024-05-01,2024-10-31,132,0,0,0,0,0,0,0,0,0,0,0,0,0,0,0,0,0,0,0,0,0,0,0,0,0,0,0,0,0,0,0,0,0,0,0,0,0,0,0,0,0,0,0,0,0,0,1,0,0,0,0,0,0,0,0,0,0,0,0,0,1,2,0,0,0,0,0,0,1,0,0,0,1,1,3,35,1,0,0,0,0,0,0,0,0,0,0,1,群馬
5305,伊藤栞,イトウ シオリ,愛知,B2,H,150501,2,21,161,52,O,1.45,0.0,0,0,86,0,0,0.18,0,0.0,0.0,0.0,0,0.0,0.0,0.0,2,0.0,0.25,3.5,17,0.0,0.15,3.6,17,0.0,0.21,4.1,50,0.0,0.18,3.4,B2,B2,B2,32.0,33.0,2025,1,2024-05-01,2024-10-31,132,0,0,0,0,0,0,0,0,0,0,0,0,0,0,0,0,0,0,0,0,0,0,0,0,0,0,0,0,0,0,0,1,0,1,0,0,0,0,0,0,0,0,0,0,0,2,5,10,0,0,0,0,0,0,0,0,0,0,0,0,5,11,1,0,0,0,0,0,0,0,0,0,1,3,7,39,0,0,0,0,0,0,0,0,0,0,0,0,愛知
5306,河内悠利杏,カワチ ユリアン,群馬,B1,H,150524,2,21,161,48,A,2.4,5.2,1,4,95,0,0,0.18,0,0.0,0.0,0.0,0,0.0,0.0,0.0,0,0.0,0.0,0.0,23,17.3,0.16,2.9,29,3.4,0.17,3.2,43,0.0,0.19,3.6,B2,B2,B2,34.0,38.0,2025,1,2024-05-01,2024-10-31,132,0,0,0,0,0,0,0,0,0,0,0,0,0,0,0,0,0,0,0,0,0,0,0,0,0,0,0,0,0,0,0,0,0,0,0,0,0,0,0,0,0,0,1,3,2,3,5,9,0,0,0,0,0,0,0,0,0,1,4,5,7,12,0,0,0,0,0,0,0,0,0,0,0,8,8,25,1,0,0,0,0,0,1,0,0,0,0,0,群馬
5307,富永夏哉人,トミナガ カヤト,佐賀,B1,H,150729,1,21,164,52,O,3.3,13.4,4,7,82,0,0,0.17,6,33.3,0.17,3.9,10,20.0,0.16,3.4,13,30.7,0.16,2.4,13,15.3,0.2,3.3,14,7.1,0.18,4.2,26,0.0,0.15,4.1,B1,B2,B2,36.0,42.0,2025,1,2024-05-01,2024-10-31,132,1,1,0,1,0,3,0,0,0,0,0,1,0,0,1,1,1,2,1,4,0,0,0,0,0,0,0,0,2,2,2,5,1,1,0,0,0,0,0,0,0,0,0,2,1,2,3,4,1,0,0,0,0,0,0,0,0,1,2,4,1,6,0,0,0,0,0,0,0,0,0,0,1,4,10,11,0,0,0,0,0,0,0,0,0,0,0,0,佐賀
5308,藤森拓海,フジモリ タクミ,福岡,B1,H,160724,1,20,174,55,B,2.21,3.3,1,2,90,0,0,0.17,0,0.0,0.0,0.0,0,0.0,0.0,0.0,5,0.0,0.16,3.0,19,5.2,0.2,4.2,19,0.0,0.16,3.2,47,4.2,0.15,3.4,B2,B2,B2,34.0,37.0,2025,1,2024-05-01,2024-10-31,132,0,0,0,0,0,0,0,0,0,0,0,0,0,0,0,0,0,0,0,0,0,0,0,0,0,0,0,0,0,0,0,2,0,2,1,0,0,0,0,0,0,0,0,1,1,2,9,6,0,0,0,0,0,0,0,0,0,0,1,4,4,10,0,0,0,0,0,0,0,0,1,1,1,8,12,23,0,0,0,0,0,0,1,0,0,0,0,0,福岡
5309,森雄利,モリ ユウリ,長崎,B2,H,160810,1,20,163,52,O,1.46,0.0,0,0,61,0,0,0.16,0,0.0,0.0,0.0,0,0.0,0.0,0.0,0,0.0,0.0,0.0,0,0.0,0.0,0.0,14,0.0,0.17,3.1,47,0.0,0.16,3.2,B2,B2,B2,33.0,32.0,2025,1,2024-05-01,2024-10-31,132,0,0,0,0,0,0,0,0,0,0,0,0,0,0,0,0,0,0,0,0,0,0,0,0,0,0,0,0,0,0,0,0,0,0,0,0,0,0,0,0,0,0,0,0,0,0,0,0,0,0,0,0,0,0,0,0,0,0,1,0,3,9,1,0,0,0,0,1,0,0,0,0,2,2,6,36,0,0,0,0,0,0,1,0,0,0,0,0,長崎
5310,土屋蘭,ツチヤ ラン,岡山,B1,H,161227,2,20,161,48,O,2.47,8.3,1,5,72,0,0,0.24,0,0.0,0.0,0.0,0,0.0,0.0,0.0,0,0.0,0.0,0.0,18,16.6,0.25,4.8,20,15.0,0.22,4.1,34,0.0,0.25,5.2,B2,B2,B2,34.0,37.0,2025,1,2024-05-01,2024-10-31,132,0,0,0,0,0,0,0,0,0,0,0,0,0,0,0,0,0,0,0,0,0,0,0,0,0,0,0,0,0,0,0,0,0,0,0,0,0,0,0,0,0,0,0,3,3,2,4,6,0,0,0,0,0,1,0,0,1,2,0,0,3,12,1,0,0,0,0,0,1,0,0,0,2,6,9,16,0,0,0,0,0,0,1,0,0,0,0,0,岡山
5311,小林京平,コバヤシ キョウヘイ,山口,B1,H,100228,1,26,164,54,O,2.14,3.8,2,1,78,0,0,0.17,0,0.0,0.0,0.0,0,0.0,0.0,0.0,0,0.0,0.0,0.0,13,7.6,0.17,4.2,15,6.6,0.16,3.0,50,2.0,0.17,3.3,B2,B2,B2,36.0,37.0,2025,1,2024-05-01,2024-10-31,133,0,0,0,0,0,0,0,0,0,0,0,0,0,0,0,0,0,0,0,0,0,0,0,0,0,0,0,0,0,0,0,0,0,0,0,0,0,0,0,0,0,0,1,0,0,4,3,5,0,0,0,0,0,0,0,0,0,1,2,1,4,7,0,0,0,0,0,0,0,0,1,0,1,4,17,25,1,0,0,0,0,0,1,0,0,0,0,0,山口
5312,川辺郭人,カワベ ガクト,佐賀,B2,H,120730,1,24,172,56,A,1.85,0.0,0,0,95,0,0,0.18,0,0.0,0.0,0.0,0,0.0,0.0,0.0,0,0.0,0.0,0.0,0,0.0,0.0,0.0,5,0.0,0.13,4.2,90,0.0,0.18,4.0,B2,B2,B2,32.0,35.0,2025,1,2024-05-01,2024-10-31,133,0,0,0,0,0,0,0,0,0,0,0,0,0,0,0,0,0,0,0,0,0,0,0,0,0,0,0,0,0,0,0,0,0,0,0,0,0,0,0,0,0,0,0,0,0,0,0,0,0,0,0,0,0,0,0,0,0,0,0,0,2,3,0,0,0,0,0,0,0,0,0,0,8,6,24,49,2,0,0,0,0,0,1,0,0,0,0,0,佐賀
5313,鈴木唯央,スズキ イオ,群馬,B1,H,120808,1,24,173,55,A,2.04,1.4,0,1,69,0,0,0.17,0,0.0,0.0,0.0,0,0.0,0.0,0.0,0,0.0,0.0,0.0,0,0.0,0.0,0.0,1,0.0,0.22,5.0,68,1.4,0.17,3.6,B2,B2,B2,33.0,36.0,2025,1,2024-05-01,2024-10-31,133,0,0,0,0,0,0,0,0,0,0,0,0,0,0,0,0,0,0,0,0,0,0,0,0,0,0,0,0,0,0,0,0,0,0,0,0,0,0,0,0,0,0,0,0,0,0,0,0,0,0,0,0,0,0,0,0,0,0,0,0,0,1,0,0,0,0,0,0,0,0,0,1,3,12,18,30,0,0,0,0,0,0,3,1,0,0,0,0,群馬
5314,中曽瑠華,ナカソ ルカ,東京,B2,H,120912,2,24,159,47,A,1.5,0.0,0,0,54,0,0,0.2,0,0.0,0.0,0.0,0,0.0,0.0,0.0,0,0.0,0.0,0.0,3,0.0,0.22,4.3,7,0.0,0.23,3.9,44,0.0,0.19,4.0,B2,B2,B2,30.0,34.0,2025,1,2024-05-01,2024-10-31,133,0,0,0,0,0,0,0,0,0,0,0,0,0,0,0,0,0,0,0,0,0,0,0,0,0,0,0,0,0,0,0,0,0,0,0,0,0,0,0,0,0,0,0,0,0,0,2,1,0,0,0,0,0,0,0,0,0,0,0,1,4,2,0,0,0,0,0,1,0,0,0,0,0,5,3,36,0,0,0,0,0,0,0,0,0,0,1,0,千葉
5315,浅井翼,アサイ ツバサ,埼玉,B2,H,120929,1,24,162,57,O,1.66,1.5,0,1,65,0,0,0.19,0,0.0,0.0,0.0,0,0.0,0.0,0.0,0,0.0,0.0,0.0,11,0.0,0.22,3.8,14,0.0,0.2,3.6,40,2.5,0.19,4.0,B2,B2,B2,31.0,35.0,2025,1,2024-05-01,2024-10-31,133,0,0,0,0,0,0,0,0,0,0,0,0,0,0,0,0,0,0,0,0,0,0,0,0,0,0,0,0,0,0,0,0,0,0,0,0,0,0,0,0,0,0,0,0,0,2,3,6,0,0,0,0,0,1,0,0,0,0,0,0,4,10,0,0,0,0,0,0,0,0,0,1,1,3,10,24,1,0,0,0,0,0,0,0,0,0,0,0,北海道
5316,村松将平,ムラマツ ショウヘイ,静岡,B1,H,121028,1,24,166,54,O,3.38,11.1,3,4,63,0,0,0.15,0,0.0,0.0,0.0,0,0.0,0.0,0.0,1,100.0,0.07,1.0,18,22.2,0.15,3.3,17,5.8,0.13,2.5,27,3.7,0.18,3.5,B1,B2,B2,37.0,42.0,2025,1,2024-05-01,2024-10-31,133,0,0,0,0,0,0,0,0,0,0,0,0,0,0,0,0,0,0,0,0,0,0,0,0,0,0,0,0,0,1,0,0,0,0,0,0,0,0,0,0,0,0,2,2,3,4,3,4,0,0,0,0,0,0,0,0,1,0,7,1,6,2,0,0,0,0,0,0,0,0,0,1,1,4,5,15,1,0,0,0,0,0,0,0,0,0,0,0,静岡
5317,長尾萌加,ナガオ モカ,岡山,B1,H,130217,2,23,153,45,A,2.77,8.8,1,8,102,0,0,0.21,0,0.0,0.0,0.0,0,0.0,0.0,0.0,0,0.0,0.0,0.0,26,11.5,0.22,5.0,29,10.3,0.2,4.6,47,6.3,0.22,4.8,B1,B2,B2,36.0,40.0,2025,1,2024-05-01,2024-10-31,133,0,0,0,0,0,0,0,0,0,0,0,0,0,0,0,0,0,0,0,0,0,0,0,0,0,0,0,0,0,0,0,0,0,0,0,0,0,0,0,0,0,0,0,3,4,3,7,9,0,0,0,0,0,0,0,0,1,2,1,7,10,8,0,0,0,0,0,0,0,0,0,3,2,6,18,16,1,0,0,0,0,0,1,0,0,0,0,0,岡山
5318,河内一馬,カワウチ カズマ,愛知,B2,H,130315,1,23,167,58,A,1.49,1.4,0,1,71,0,0,0.19,0,0.0,0.0,0.0,0,0.0,0.0,0.0,0,0.0,0.0,0.0,13,0.0,0.18,3.9,21,0.0,0.2,4.0,37,2.7,0.18,3.8,B2,B2,B2,30.0,33.0,2025,1,2024-05-01,2024-10-31,133,0,0,0,0,0,0,0,0,0,0,0,0,0,0,0,0,0,0,0,0,0,0,0,0,0,0,0,0,0,0,0,0,0,0,0,0,0,0,0,0,0,0,0,0,0,1,0,12,0,0,0,0,0,0,0,0,0,0,1,2,6,12,0,0,0,0,0,0,0,0,0,1,0,1,6,28,1,0,0,0,0,0,0,0,0,0,0,0,愛知
5319,近藤颯斗,コンドウ ハヤト,愛知,B1,H,130515,1,23,168,54,O,2.23,9.0,3,3,66,0,0,0.21,0,0.0,0.0,0.0,0,0.0,0.0,0.0,0,0.0,0.0,0.0,6,16.6,0.21,3.2,16,12.5,0.19,3.9,44,6.8,0.22,4.1,B2,B2,B2,33.0,36.0,2025,1,2024-05-01,2024-10-31,133,0,0,0,0,0,0,0,0,0,0,0,0,0,0,0,0,0,0,0,0,0,0,0,0,0,0,0,0,0,0,0,0,0,0,0,0,0,0,0,0,0,0,1,0,0,1,2,2,0,0,0,0,0,0,0,0,1,1,0,0,8,5,1,0,0,0,0,0,0,0,1,2,2,0,11,28,0,0,0,0,0,0,0,0,0,0,0,0,愛知
5320,岩崎麗子,イワザキ レイコ,群馬,B2,H,130722,2,23,157,51,O,1.17,0.0,0,0,75,0,0,0.19,0,0.0,0.0,0.0,0,0.0,0.0,0.0,0,0.0,0.0,0.0,2,0.0,0.18,5.0,15,0.0,0.16,3.6,58,0.0,0.2,3.9,B2,B2,B2,31.0,31.0,2025,1,2024-05-01,2024-10-31,133,0,0,0,0,0,0,0,0,0,0,0,0,0,0,0,0,0,0,0,0,0,0,0,0,0,0,0,0,0,0,0,0,0,0,0,0,0,0,0,0,0,0,0,0,0,0,1,1,0,0,0,0,0,0,0,0,0,0,0,0,4,10,0,0,0,0,0,0,1,0,0,0,0,1,6,51,0,0,0,0,0,0,0,0,0,0,0,0,群馬
5321,一色颯輝,イッシキ サツキ,愛知,B1,H,131220,1,23,168,60,O,3.12,5.4,2,2,73,0,0,0.18,0,0.0,0.0,0.0,0,0.0,0.0,0.0,0,0.0,0.0,0.0,9,0.0,0.16,3.8,29,13.7,0.18,3.6,35,0.0,0.18,4.2,B2,B2,B2,34.0,42.0,2025,1,2024-05-01,2024-10-31,133,0,0,0,0,0,0,0,0,0,0,0,0,0,0,0,0,0,0,0,0,0,0,0,0,0,0,0,0,0,0,0,0,0,0,0,0,0,0,0,0,0,0,0,0,3,3,3,0,0,0,0,0,0,0,0,0,2,2,5,5,6,7,0,0,0,0,0,0,1,1,0,0,4,8,8,15,0,0,0,0,0,0,0,0,0,0,0,0,愛知
5322,根岸真優,ネギシ マユ,埼玉,B2,H,140213,2,22,154,46,O,1.23,0.0,0,0,40,0,0,0.21,0,0.0,0.0,0.0,0,0.0,0.0,0.0,0,0.0,0.0,0.0,0,0.0,0.0,0.0,0,0.0,0.0,0.0,40,0.0,0.21,4.8,B2,B2,B2,32.0,32.0,2025,1,2024-05-01,2024-10-31,133,0,0,0,0,0,0,0,0,0,0,0,0,0,0,0,0,0,0,0,0,0,0,0,0,0,0,0,0,0,0,0,0,0,0,0,0,0,0,0,0,0,0,0,0,0,0,0,0,0,0,0,0,0,0,0,0,0,0,0,0,0,0,0,0,0,0,0,0,0,0,0,0,0,1,7,31,1,0,0,0,0,0,0,0,0,0,0,0,埼玉
5323,香川陽太,カガワ ヒナタ,滋賀,B1,H,150319,1,21,166,58,B,3.26,14.4,2,12,97,0,0,0.16,1,0.0,0.05,1.0,2,0.0,0.19,5.0,0,0.0,0.0,0.0,24,25.0,0.19,3.5,28,25.0,0.16,3.4,42,2.3,0.16,3.7,B1,B2,B2,38.0,42.0,2025,1,2024-05-01,2024-10-31,133,0,0,1,0,0,0,0,0,0,0,0,0,0,0,0,0,1,0,0,1,0,0,0,0,0,0,0,0,0,0,0,0,0,0,0,0,0,0,0,0,0,0,1,5,1,2,6,8,0,0,0,0,0,1,1,0,1,6,5,3,6,7,0,0,0,0,0,0,0,0,0,1,4,6,14,16,1,0,0,0,0,0,0,0,0,0,0,0,京都
5324,畑田希咲,ハタダ キサキ,兵庫,B2,H,150628,2,21,151,49,A,1.32,0.0,0,0,87,0,0,0.22,0,0.0,0.0,0.0,0,0.0,0.0,0.0,0,0.0,0.0,0.0,9,0.0,0.2,3.2,22,0.0,0.19,4.1,56,0.0,0.23,4.6,B2,B2,B2,31.0,31.0,2025,1,2024-05-01,2024-10-31,133,0,0,0,0,0,0,0,0,0,0,0,0,0,0,0,0,0,0,0,0,0,0,0,0,0,0,0,0,0,0,0,0,0,0,0,0,0,0,0,0,0,0,0,0,1,0,1,7,0,0,0,0,0,1,0,0,0,0,1,0,4,15,1,0,0,0,0,0,1,0,0,0,0,4,4,47,0,0,0,0,0,0,1,0,0,0,0,0,兵庫
5325,澁川夏,シブカワ ナツ,大阪,B1,H,150708,1,21,163,54,O,2.14,3.4,0,3,87,0,0,0.17,0,0.0,0.0,0.0,0,0.0,0.0,0.0,0,0.0,0.0,0.0,0,0.0,0.0,0.0,2,0.0,0.1,1.5,85,3.5,0.17,3.5,B2,B2,B2,35.0,37.0,2025,1,2024-05-01,2024-10-31,133,0,0,0,0,0,0,0,0,0,0,0,0,0,0,0,0,0,0,0,0,0,0,0,0,0,0,0,0,0,0,0,0,0,0,0,0,0,0,0,0,0,0,0,0,0,0,0,0,0,0,0,0,0,0,0,0,0,0,0,1,0,1,0,0,0,0,0,0,0,0,0,3,6,6,29,39,0,0,0,0,0,1,2,0,0,0,0,0,大阪
5326,三嶌さらら,ミシマ サララ,香川,B2,H,151016,2,21,153,50,B,1.77,1.0,1,0,95,0,0,0.18,0,0.0,0.0,0.0,0,0.0,0.0,0.0,0,0.0,0.0,0.0,8,0.0,0.2,3.9,20,0.0,0.19,4.2,67,1.4,0.17,3.5,B2,B2,B2,34.0,35.0,2025,1,2024-05-01,2024-10-31,133,0,0,0,0,0,0,0,0,0,0,0,0,0,0,0,0,0,0,0,0,0,0,0,0,0,0,0,0,0,0,0,0,0,0,0,0,0,0,0,0,0,0,0,0,0,3,3,2,0,0,0,0,0,0,0,0,0,0,1,2,6,10,1,0,0,0,0,0,0,0,1,0,0,5,22,38,0,0,0,0,0,0,1,0,0,0,0,0,香川
5327,西田和加,ニシダ ワカ,埼玉,B2,H,151030,2,21,157,49,O,1.11,0.0,0,0,57,0,0,0.26,0,0.0,0.0,0.0,0,0.0,0.0,0.0,0,0.0,0.0,0.0,6,0.0,0.3,4.8,8,0.0,0.26,3.6,43,0.0,0.25,4.8,B2,B2,B2,31.0,31.0,2025,1,2024-05-01,2024-10-31,133,0,0,0,0,0,0,0,0,0,0,0,0,0,0,0,0,0,0,0,0,0,0,0,0,0,0,0,0,0,0,0,0,0,0,0,0,0,0,0,0,0,0,0,0,0,0,1,5,0,0,0,0,0,0,0,0,0,0,0,0,2,6,0,0,0,0,0,0,0,0,0,0,0,0,3,40,0,0,0,0,0,0,0,0,0,0,0,0,埼玉
5328,井上慧人,イノウエ ケイト,福岡,B2,H,151107,1,21,169,58,A,1.94,0.0,0,0,85,0,0,0.17,0,0.0,0.0,0.0,0,0.0,0.0,0.0,0,0.0,0.0,0.0,17,0.0,0.17,4.1,22,0.0,0.15,3.0,46,0.0,0.18,3.8,B2,B2,B2,33.0,36.0,2025,1,2024-05-01,2024-10-31,133,0,0,0,0,0,0,0,0,0,0,0,0,0,0,0,0,0,0,0,0,0,0,0,0,0,0,0,0,0,0,0,0,0,0,0,0,0,0,0,0,0,0,0,0,1,4,2,10,0,0,0,0,0,0,0,0,0,0,3,3,3,13,0,0,0,0,0,0,0,0,0,0,0,7,14,24,0,0,0,0,0,1,1,0,0,0,0,0,福岡
5329,金子龍斗,カネコ リュウト,兵庫,B1,H,151211,1,21,164,52,AB,3.26,10.0,2,6,80,0,0,0.17,0,0.0,0.0,0.0,0,0.0,0.0,0.0,0,0.0,0.0,0.0,22,9.0,0.18,3.1,21,4.7,0.19,3.5,37,13.5,0.15,3.2,B1,B2,B2,38.0,42.0,2025,1,2024-05-01,2024-10-31,133,0,0,0,0,0,0,0,0,0,0,0,0,0,0,0,0,0,0,0,0,0,0,0,0,0,0,0,0,0,0,0,0,0,0,0,0,0,0,0,0,0,0,1,1,5,2,4,7,0,0,0,0,0,0,2,0,0,1,3,3,10,4,0,0,0,0,0,0,0,0,1,4,7,3,11,10,1,0,0,0,0,1,0,0,0,0,0,0,兵庫
5330,安河内鈴之介,ヤスコウチ スズノスケ,福岡,B1,H,151215,1,21,163,54,A,3.77,15.5,7,11,116,0,0,0.16,0,0.0,0.0,0.0,1,100.0,0.15,2.0,1,0.0,0.13,3.0,23,26.0,0.16,3.2,33,21.2,0.14,3.0,58,6.9,0.17,3.5,B1,B2,B2,41.0,44.0,2025,1,2024-05-01,2024-10-31,133,0,0,0,0,0,0,0,0,0,0,0,0,0,0,0,1,0,0,0,0,0,0,0,0,0,0,0,0,0,0,1,0,0,0,0,0,0,0,0,0,0,0,3,3,2,3,1,10,1,0,0,0,0,0,0,0,4,3,8,10,4,4,0,0,0,0,0,0,0,0,0,4,4,17,13,19,0,0,0,0,0,0,1,0,0,0,0,0,福岡
5331,佐藤永梧,サトウ エイゴ,東京,B1,H,160101,1,20,173,55,A,3.11,12.3,5,5,81,0,0,0.12,1,100.0,0.18,2.0,2,50.0,0.21,4.5,1,100.0,0.16,2.0,13,15.3,0.12,2.3,16,6.2,0.13,2.5,48,8.3,0.11,2.1,B1,B2,B2,36.0,40.0,2025,1,2024-05-01,2024-10-31,133,1,0,0,0,0,0,0,0,0,0,0,0,0,0,0,1,0,0,1,0,0,0,0,0,0,0,0,0,1,0,0,0,0,0,0,0,0,0,0,0,0,0,1,1,1,3,3,4,0,0,0,0,0,0,0,0,1,0,1,4,3,6,0,0,0,0,0,0,1,0,1,3,7,4,8,24,1,0,0,0,0,0,0,0,0,0,0,0,神奈川
5332,村松遥輝,ムラマツ ハルキ,静岡,B1,H,160227,1,20,169,55,B,2.34,1.8,1,0,53,0,0,0.17,0,0.0,0.0,0.0,0,0.0,0.0,0.0,1,0.0,0.17,4.0,5,0.0,0.17,3.8,14,0.0,0.2,3.4,33,3.0,0.16,3.2,B1,B2,B2,37.0,38.0,2025,1,2024-05-01,2024-10-31,133,0,0,0,0,0,0,0,0,0,0,0,0,0,0,0,0,0,0,0,0,0,0,0,0,0,0,0,0,0,0,0,0,0,1,0,0,0,0,0,0,0,0,0,0,1,1,0,3,0,0,0,0,0,0,0,0,0,0,1,2,6,3,1,0,0,0,0,1,1,0,1,0,2,5,14,11,0,0,0,0,0,0,0,0,0,0,0,0,静岡
5333,山下智己,ヤマシタ トモキ,兵庫,B1,H,160316,1,20,166,53,A,2.17,1.8,2,0,107,0,0,0.19,0,0.0,0.0,0.0,0,0.0,0.0,0.0,0,0.0,0.0,0.0,14,0.0,0.19,3.8,27,3.7,0.18,3.9,66,1.5,0.19,4.0,B2,B2,B2,33.0,37.0,2025,1,2024-05-01,2024-10-31,133,0,0,0,0,0,0,0,0,0,0,0,0,0,0,0,0,0,0,0,0,0,0,0,0,0,0,0,0,0,0,0,0,0,0,0,0,0,0,0,0,0,0,0,0,0,1,5,8,0,0,0,0,0,0,0,0,1,0,2,7,5,11,0,0,0,0,0,0,1,0,1,0,5,9,12,39,0,0,0,0,0,0,0,0,0,0,0,0,兵庫
5334,樫葉新心,カシバ ニコ,徳島,B1,H,160707,2,20,158,47,B,2.01,0.9,0,1,108,0,0,0.22,0,0.0,0.0,0.0,0,0.0,0.0,0.0,0,0.0,0.0,0.0,15,6.6,0.26,4.2,34,0.0,0.23,4.7,59,0.0,0.21,4.5,B2,B2,B2,33.0,37.0,2025,1,2024-05-01,2024-10-31,133,0,0,0,0,0,0,0,0,0,0,0,0,0,0,0,0,0,0,0,0,0,0,0,0,0,0,0,0,0,0,0,0,0,0,0,0,0,0,0,0,0,0,0,1,0,5,5,4,0,0,0,0,0,0,0,0,0,0,3,5,10,16,0,0,0,0,0,0,0,0,0,0,2,5,18,33,0,0,0,0,0,1,1,0,0,0,0,0,徳島
5335,森陽多,モリ ヒナタ,長崎,B1,H,161218,2,20,159,46,O,2.15,6.4,1,5,93,0,0,0.18,0,0.0,0.0,0.0,0,0.0,0.0,0.0,0,0.0,0.0,0.0,1,0.0,0.22,6.0,6,50.0,0.14,2.5,86,3.4,0.18,3.6,B2,B2,B2,32.0,37.0,2025,1,2024-05-01,2024-10-31,133,0,0,0,0,0,0,0,0,0,0,0,0,0,0,0,0,0,0,0,0,0,0,0,0,0,0,0,0,0,0,0,0,0,0,0,0,0,0,0,0,0,0,0,0,1,0,0,0,0,0,0,0,0,0,0,0,1,2,0,0,2,1,0,0,0,0,0,0,0,0,0,3,2,9,19,53,0,0,0,0,0,1,0,0,0,0,1,0,長崎
5336,瀬川大地,セガワ ダイチ,山口,B2,H,180109,1,18,171,57,A,1.3,0.0,0,0,80,0,0,0.22,0,0.0,0.0,0.0,0,0.0,0.0,0.0,0,0.0,0.0,0.0,12,0.0,0.21,3.8,19,0.0,0.23,4.6,49,0.0,0.21,4.7,B2,B2,B2,31.0,32.0,2025,1,2024-05-01,2024-10-31,133,0,0,0,0,0,0,0,0,0,0,0,0,0,0,0,0,0,0,0,0,0,0,0,0,0,0,0,0,0,0,0,0,0,0,0,0,0,0,0,0,0,0,0,0,0,1,4,6,0,0,0,0,0,0,1,0,0,0,0,0,5,14,0,0,0,0,0,0,0,0,0,0,0,2,8,38,1,0,0,0,0,0,0,0,0,0,0,0,山口
5337,出畑孝成,デバタ コウセイ,福岡,B2,H,180424,1,18,174,53,B,1.69,2.2,2,0,91,0,0,0.18,0,0.0,0.0,0.0,0,0.0,0.0,0.0,0,0.0,0.0,0.0,0,0.0,0.0,0.0,7,14.2,0.11,2.4,82,1.2,0.18,4.2,B2,B2,B2,31.0,34.0,2025,1,2024-05-01,2024-10-31,133,0,0,0,0,0,0,0,0,0,0,0,0,0,0,0,0,0,0,0,0,0,0,0,0,0,0,0,0,0,0,0,0,0,0,0,0,0,0,0,0,0,0,0,0,0,0,0,0,0,0,0,0,0,0,0,0,1,0,1,1,1,3,0,0,0,0,0,0,0,0,1,0,1,4,21,55,0,0,0,0,0,0,0,0,0,1,0,1,福岡
5338,香月大輝,カツキ ヒロキ,福岡,B2,H,120730,1,24,164,53,O,1.73,2.6,0,2,75,0,0,0.21,0,0.0,0.0,0.0,0,0.0,0.0,0.0,0,0.0,0.0,0.0,0,0.0,0.0,0.0,2,50.0,0.17,3.0,73,1.3,0.21,4.4,B2,B2,,0.0,35.0,2025,1,2024-05-01,2024-10-31,134,0,0,0,0,0,0,0,0,0,0,0,0,0,0,0,0,0,0,0,0,0,0,0,0,0,0,0,0,0,0,0,0,0,0,0,0,0,0,0,0,0,0,0,0,0,0,0,0,0,0,0,0,0,0,0,0,0,1,0,0,1,0,0,0,0,0,0,0,0,0,0,1,2,6,12,52,0,0,0,0,0,0,0,0,0,0,0,0,福岡
5339,石井伸長,イシイ ノブナガ,香川,B1,H,120824,1,24,159,53,O,2.38,6.3,0,4,63,0,0,0.14,0,0.0,0.0,0.0,0,0.0,0.0,0.0,0,0.0,0.0,0.0,0,0.0,0.0,0.0,0,0.0,0.0,0.0,63,6.3,0.14,3.2,B2,B2,,0.0,38.0,2025,1,2024-05-01,2024-10-31,134,0,0,0,0,0,0,0,0,0,0,0,0,0,0,0,0,0,0,0,0,0,0,0,0,0,0,0,0,0,0,0,0,0,0,0,0,0,0,0,0,0,0,0,0,0,0,0,0,0,0,0,0,0,0,0,0,0,0,0,0,0,0,0,0,0,0,0,0,0,0,0,4,1,13,16,28,1,0,0,0,0,0,0,0,0,0,0,0,愛媛
5340,樋江井舞,ヒエイ マイ,愛知,B2,H,130727,2,23,151,45,AB,1.8,1.2,0,1,83,0,0,0.21,0,0.0,0.0,0.0,0,0.0,0.0,0.0,0,0.0,0.0,0.0,0,0.0,0.0,0.0,2,0.0,0.23,3.5,81,1.2,0.21,4.5,B2,B2,,0.0,36.0,2025,1,2024-05-01,2024-10-31,134,0,0,0,0,0,0,0,0,0,0,0,0,0,0,0,0,0,0,0,0,0,0,0,0,0,0,0,0,0,0,0,0,0,0,0,0,0,0,0,0,0,0,0,0,0,0,0,0,0,0,0,0,0,0,0,0,0,0,0,0,2,0,0,0,0,0,0,0,0,0,0,1,2,10,17,51,0,0,0,0,0,0,0,0,0,0,0,0,愛知
5341,山道諄也,サンドウ ジュンヤ,群馬,B2,H,130828,1,23,171,54,B,1.39,0.0,0,0,57,0,0,0.17,0,0.0,0.0,0.0,0,0.0,0.0,0.0,0,0.0,0.0,0.0,0,0.0,0.0,0.0,0,0.0,0.0,0.0,57,0.0,0.17,3.7,B2,B2,,0.0,32.0,2025,1,2024-05-01,2024-10-31,134,0,0,0,0,0,0,0,0,0,0,0,0,0,0,0,0,0,0,0,0,0,0,0,0,0,0,0,0,0,0,0,0,0,0,0,0,0,0,0,0,0,0,0,0,0,0,0,0,0,0,0,0,0,0,0,0,0,0,0,0,0,0,0,0,0,0,0,0,0,0,0,0,2,2,7,45,1,0,0,0,0,0,0,0,0,0,0,0,群馬
5342,原村百那,ハラムラ モモナ,山口,B2,H,131129,2,23,153,46,O,1.23,1.3,0,1,77,0,0,0.2,0,0.0,0.0,0.0,0,0.0,0.0,0.0,0,0.0,0.0,0.0,0,0.0,0.0,0.0,3,0.0,0.29,4.3,74,1.3,0.19,4.1,B2,B2,,0.0,31.0,2025,1,2024-05-01,2024-10-31,134,0,0,0,0,0,0,0,0,0,0,0,0,0,0,0,0,0,0,0,0,0,0,0,0,0,0,0,0,0,0,0,0,0,0,0,0,0,0,0,0,0,0,0,0,0,0,0,0,0,0,0,0,0,0,0,0,0,0,0,0,1,2,0,0,0,0,0,0,0,0,0,1,1,0,5,67,0,0,0,0,0,0,0,0,0,0,0,0,山口
5343,小林礼央,コバヤシ レオ,広島,B2,H,140925,1,22,164,55,O,1.28,0.0,0,0,71,0,0,0.18,0,0.0,0.0,0.0,0,0.0,0.0,0.0,0,0.0,0.0,0.0,0,0.0,0.0,0.0,1,0.0,0.38,5.0,70,0.0,0.18,3.5,B2,B2,,0.0,32.0,2025,1,2024-05-01,2024-10-31,134,0,0,0,0,0,0,0,0,0,0,0,0,0,0,0,0,0,0,0,0,0,0,0,0,0,0,0,0,0,0,0,0,0,0,0,0,0,0,0,0,0,0,0,0,0,0,0,0,0,0,0,0,0,0,0,0,0,0,0,0,1,0,0,0,0,0,0,0,0,0,0,0,0,2,14,53,0,0,0,0,0,0,1,0,0,0,0,0,広島
5344,谷口丞,タニグチ ジョウ,滋賀,B2,H,150414,1,21,168,53,A,1.52,1.1,1,0,89,0,0,0.15,0,0.0,0.0,0.0,0,0.0,0.0,0.0,0,0.0,0.0,0.0,0,0.0,0.0,0.0,4,0.0,0.17,3.5,85,1.1,0.15,3.2,B2,B2,,0.0,33.0,2025,1,2024-05-01,2024-10-31,134,0,0,0,0,0,0,0,0,0,0,0,0,0,0,0,0,0,0,0,0,0,0,0,0,0,0,0,0,0,0,0,0,0,0,0,0,0,0,0,0,0,0,0,0,0,0,0,0,0,0,0,0,0,0,0,0,0,0,0,1,2,1,0,0,0,0,0,0,0,0,1,0,0,5,19,58,0,0,0,0,0,0,2,0,0,0,0,0,滋賀
5345,牧村俊輝,マキムラ トシキ,愛知,B2,H,150707,1,21,166,53,O,1.3,0.0,0,0,67,0,0,0.24,0,0.0,0.0,0.0,0,0.0,0.0,0.0,0,0.0,0.0,0.0,0,0.0,0.0,0.0,0,0.0,0.0,0.0,67,0.0,0.24,5.0,B2,B2,,0.0,32.0,2025,1,2024-05-01,2024-10-31,134,0,0,0,0,0,0,0,0,0,0,0,0,0,0,0,0,0,0,0,0,0,0,0,0,0,0,0,0,0,0,0,0,0,0,0,0,0,0,0,0,0,0,0,0,0,0,0,0,0,0,0,0,0,0,0,0,0,0,0,0,0,0,0,0,0,0,0,0,0,0,0,0,0,3,12,51,0,0,0,0,0,0,1,0,0,0,0,0,岐阜
5346,中村紋夕梨,ナカムラ アユリ,愛知,B2,H,150719,2,21,153,46,B,1.07,0.0,0,0,68,0,0,0.22,0,0.0,0.0,0.0,0,0.0,0.0,0.0,0,0.0,0.0,0.0,0,0.0,0.0,0.0,0,0.0,0.0,0.0,68,0.0,0.22,5.2,B2,B2,,0.0,30.0,2025,1,2024-05-01,2024-10-31,134,0,0,0,0,0,0,0,0,0,0,0,0,0,0,0,0,0,0,0,0,0,0,0,0,0,0,0,0,0,0,0,0,0,0,0,0,0,0,0,0,0,0,0,0,0,0,0,0,0,0,0,0,0,0,0,0,0,0,0,0,0,0,0,0,0,0,0,0,0,0,0,0,0,1,4,61,1,0,0,0,0,0,1,0,0,0,0,0,愛知
5347,井澤聖奈,イサワ セナ,愛知,B2,H,150925,2,21,155,47,O,1.19,0.0,0,0,75,0,0,0.26,0,0.0,0.0,0.0,0,0.0,0.0,0.0,0,0.0,0.0,0.0,0,0.0,0.0,0.0,1,0.0,0.42,5.0,74,0.0,0.26,5.5,B2,B2,,0.0,31.0,2025,1,2024-05-01,2024-10-31,134,0,0,0,0,0,0,0,0,0,0,0,0,0,0,0,0,0,0,0,0,0,0,0,0,0,0,0,0,0,0,0,0,0,0,0,0,0,0,0,0,0,0,0,0,0,0,0,0,0,0,0,0,0,0,0,0,0,0,0,0,1,0,0,0,0,0,0,0,0,0,0,0,0,2,8,63,0,0,0,0,0,0,1,0,0,0,0,0,長野
5348,小林甘寧,コバヤシ カンネイ,広島,B2,H,151126,1,21,170,53,A,1.81,1.1,0,1,84,0,0,0.16,0,0.0,0.0,0.0,0,0.0,0.0,0.0,0,0.0,0.0,0.0,0,0.0,0.0,0.0,1,0.0,0.08,2.0,83,1.2,0.16,3.4,B2,B2,,0.0,35.0,2025,1,2024-05-01,2024-10-31,134,0,0,0,0,0,0,0,0,0,0,0,0,0,0,0,0,0,0,0,0,0,0,0,0,0,0,0,0,0,0,0,0,0,0,0,0,0,0,0,0,0,0,0,0,0,0,0,0,0,0,0,0,0,0,0,0,0,0,0,0,1,0,0,0,0,0,0,0,0,0,0,1,4,9,15,52,1,0,0,0,0,0,0,1,0,0,0,0,広島
5349,宮崎奏磨,ミヤザキ ソウマ,静岡,B2,H,160229,1,20,166,54,A,1.02,0.0,0,0,58,0,0,0.24,0,0.0,0.0,0.0,0,0.0,0.0,0.0,0,0.0,0.0,0.0,0,0.0,0.0,0.0,0,0.0,0.0,0.0,58,0.0,0.24,4.7,B2,B2,,0.0,29.0,2025,1,2024-05-01,2024-10-31,134,0,0,0,0,0,0,0,0,0,0,0,0,0,0,0,0,0,0,0,0,0,0,0,0,0,0,0,0,0,0,0,0,0,0,0,0,0,0,0,0,0,0,0,0,0,0,0,0,0,0,0,0,0,0,0,0,0,0,0,0,0,0,0,0,0,0,0,0,0,0,0,0,0,0,3,53,2,0,0,0,0,0,0,0,0,0,0,0,静岡
5350,網代良芽,アジロ リョウガ,兵庫,B2,H,160308,1,20,162,53,O,1.5,1.7,0,1,56,0,0,0.22,0,0.0,0.0,0.0,0,0.0,0.0,0.0,0,0.0,0.0,0.0,0,0.0,0.0,0.0,0,0.0,0.0,0.0,56,1.7,0.22,4.3,B2,B2,,0.0,33.0,2025,1,2024-05-01,2024-10-31,134,0,0,0,0,0,0,0,0,0,0,0,0,0,0,0,0,0,0,0,0,0,0,0,0,0,0,0,0,0,0,0,0,0,0,0,0,0,0,0,0,0,0,0,0,0,0,0,0,0,0,0,0,0,0,0,0,0,0,0,0,0,0,0,0,0,0,0,0,0,0,0,1,0,2,17,34,1,0,0,0,0,1,1,0,0,0,0,0,兵庫
5351,齊藤廉,サイトウ レン,福岡,B2,H,160807,1,20,167,52,A,1.68,1.3,0,1,74,0,0,0.16,0,0.0,0.0,0.0,0,0.0,0.0,0.0,0,0.0,0.0,0.0,0,0.0,0.0,0.0,1,100.0,0.08,3.0,73,0.0,0.16,3.6,B2,B2,,0.0,34.0,2025,1,2024-05-01,2024-10-31,134,0,0,0,0,0,0,0,0,0,0,0,0,0,0,0,0,0,0,0,0,0,0,0,0,0,0,0,0,0,0,0,0,0,0,0,0,0,0,0,0,0,0,0,0,0,0,0,0,0,0,0,0,0,0,0,0,0,1,0,0,0,0,0,0,0,0,0,0,0,0,0,0,5,3,10,54,0,0,0,0,0,2,1,0,0,0,0,0,福岡
5352,西岡蒼志,ニシオカ ソウシ,香川,B2,H,160818,1,20,169,57,B,1.6,0.0,0,0,77,0,0,0.23,0,0.0,0.0,0.0,0,0.0,0.0,0.0,0,0.0,0.0,0.0,0,0.0,0.0,0.0,0,0.0,0.0,0.0,77,0.0,0.23,4.9,B2,B2,,0.0,34.0,2025,1,2024-05-01,2024-10-31,134,0,0,0,0,0,0,0,0,0,0,0,0,0,0,0,0,0,0,0,0,0,0,0,0,0,0,0,0,0,0,0,0,0,0,0,0,0,0,0,0,0,0,0,0,0,0,0,0,0,0,0,0,0,0,0,0,0,0,0,0,0,0,0,0,0,0,0,0,0,0,0,0,2,5,23,45,1,0,0,0,0,0,1,0,0,0,0,0,香川
5353,草川壮良,クサカワ ソラ,滋賀,B2,H,160824,1,20,167,52,A,1.61,1.4,0,1,70,0,0,0.18,0,0.0,0.0,0.0,0,0.0,0.0,0.0,0,0.0,0.0,0.0,0,0.0,0.0,0.0,0,0.0,0.0,0.0,70,1.4,0.18,3.7,B2,B2,,0.0,35.0,2025,1,2024-05-01,2024-10-31,134,0,0,0,0,0,0,0,0,0,0,0,0,0,0,0,0,0,0,0,0,0,0,0,0,0,0,0,0,0,0,0,0,0,0,0,0,0,0,0,0,0,0,0,0,0,0,0,0,0,0,0,0,0,0,0,0,0,0,0,0,0,0,0,0,0,0,0,0,0,0,0,1,1,4,19,45,0,0,0,0,0,0,0,0,0,0,0,0,滋賀
5354,渡邊雄斗,ワタナベ ユウト,三重,B2,H,161015,1,20,164,51,O,1.18,0.0,0,0,50,0,0,0.18,0,0.0,0.0,0.0,0,0.0,0.0,0.0,0,0.0,0.0,0.0,0,0.0,0.0,0.0,2,0.0,0.14,3.5,48,0.0,0.19,4.1,B2,B2,,0.0,31.0,2025,1,2024-05-01,2024-10-31,134,0,0,0,0,0,0,0,0,0,0,0,0,0,0,0,0,0,0,0,0,0,0,0,0,0,0,0,0,0,0,0,0,0,0,0,0,0,0,0,0,0,0,0,0,0,0,0,0,0,0,0,0,0,0,0,0,0,0,0,1,1,0,0,0,0,0,0,0,0,0,0,0,0,1,4,41,2,0,0,0,0,0,0,0,0,0,0,0,宮崎
5355,萩原丈太朗,ハギハラ ジョウタロウ,福井,B2,H,161118,1,20,166,54,B,1.64,1.0,1,0,98,0,0,0.18,0,0.0,0.0,0.0,0,0.0,0.0,0.0,0,0.0,0.0,0.0,0,0.0,0.0,0.0,1,0.0,0.13,2.0,97,1.0,0.18,4.2,B2,B2,,0.0,34.0,2025,1,2024-05-01,2024-10-31,134,0,0,0,0,0,0,0,0,0,0,0,0,0,0,0,0,0,0,0,0,0,0,0,0,0,0,0,0,0,0,0,0,0,0,0,0,0,0,0,0,0,0,0,0,0,0,0,0,0,0,0,0,0,0,0,0,0,0,0,0,1,0,0,0,0,0,0,0,0,0,1,0,5,4,17,69,0,0,0,0,0,0,1,0,0,0,0,0,福井
5356,長谷川暖,ハセガワ ヒナタ,岡山,B1,H,170112,1,19,161,51,A,2.75,4.2,1,2,71,0,0,0.13,0,0.0,0.0,0.0,0,0.0,0.0,0.0,0,0.0,0.0,0.0,0,0.0,0.0,0.0,0,0.0,0.0,0.0,71,4.2,0.13,3.0,B2,B2,,0.0,40.0,2025,1,2024-05-01,2024-10-31,134,0,0,0,0,0,0,0,0,0,0,0,0,0,0,0,0,0,0,0,0,0,0,0,0,0,0,0,0,0,0,0,0,0,0,0,0,0,0,0,0,0,0,0,0,0,0,0,0,0,0,0,0,0,0,0,0,0,0,0,0,0,0,0,0,0,0,0,0,0,0,1,2,8,15,17,27,1,0,0,0,0,0,0,0,0,0,0,0,鳥取
5357,田中瀬里奈,タナカ セリナ,埼玉,B2,H,170324,2,19,154,52,O,1.1,0.0,0,0,58,0,0,0.24,0,0.0,0.0,0.0,0,0.0,0.0,0.0,0,0.0,0.0,0.0,0,0.0,0.0,0.0,0,0.0,0.0,0.0,58,0.0,0.24,4.8,B2,B2,,0.0,31.0,2025,1,2024-05-01,2024-10-31,134,0,0,0,0,0,0,0,0,0,0,0,0,0,0,0,0,0,0,0,0,0,0,0,0,0,0,0,0,0,0,0,0,0,0,0,0,0,0,0,0,0,0,0,0,0,0,0,0,0,0,0,0,0,0,0,0,0,0,0,0,0,0,0,0,0,0,0,0,0,0,0,0,0,1,4,52,1,0,0,0,0,0,0,0,0,0,1,0,北海道
5358,増本杏珠,マスモト アンジュ,福岡,B2,H,170904,2,19,159,49,AB,1.37,0.0,0,0,62,0,0,0.24,0,0.0,0.0,0.0,0,0.0,0.0,0.0,0,0.0,0.0,0.0,0,0.0,0.0,0.0,0,0.0,0.0,0.0,62,0.0,0.24,4.9,B2,B2,,0.0,33.0,2025,1,2024-05-01,2024-10-31,134,0,0,0,0,0,0,0,0,0,0,0,0,0,0,0,0,0,0,0,0,0,0,0,0,0,0,0,0,0,0,0,0,0,0,0,0,0,0,0,0,0,0,0,0,0,0,0,0,0,0,0,0,0,0,0,0,0,0,0,0,0,0,0,0,0,0,0,0,0,0,0,0,0,3,15,43,1,0,0,0,0,0,0,0,0,0,0,0,福岡
5359,佐藤世那,サトウ セナ,東京,B2,H,180206,1,18,166,54,B,1.74,0.0,0,0,82,0,0,0.2,0,0.0,0.0,0.0,0,0.0,0.0,0.0,0,0.0,0.0,0.0,0,0.0,0.0,0.0,4,0.0,0.22,4.3,78,0.0,0.2,4.5,B2,B2,,0.0,35.0,2025,1,2024-05-01,2024-10-31,134,0,0,0,0,0,0,0,0,0,0,0,0,0,0,0,0,0,0,0,0,0,0,0,0,0,0,0,0,0,0,0,0,0,0,0,0,0,0,0,0,0,0,0,0,0,0,0,0,0,0,0,0,0,0,0,0,0,0,0,2,0,2,0,0,0,0,0,0,0,0,0,0,2,8,23,43,0,0,0,0,0,0,2,0,0,0,0,0,宮城
5360,高木茉白,タカギ マシロ,埼玉,B2,H,180919,2,18,145,47,AB,1.31,0.0,0,0,45,0,0,0.21,0,0.0,0.0,0.0,0,0.0,0.0,0.0,0,0.0,0.0,0.0,0,0.0,0.0,0.0,0,0.0,0.0,0.0,45,0.0,0.21,4.3,B2,B2,,0.0,31.0,2025,1,2024-05-01,2024-10-31,134,0,0,0,0,0,0,0,0,0,0,0,0,0,0,0,0,0,0,0,0,0,0,0,0,0,0,0,0,0,0,0,0,0,0,0,0,0,0,0,0,0,0,0,0,0,0,0,0,0,0,0,0,0,0,0,0,0,0,0,0,0,0,0,0,0,0,0,0,0,0,0,0,2,0,6,35,1,0,0,0,0,0,0,1,0,0,0,0,埼玉
5361,植竹玲奈,ウエタケ レナ,東京,B2,H,181201,2,18,164,50,B,1.19,0.0,0,0,69,0,0,0.25,0,0.0,0.0,0.0,0,0.0,0.0,0.0,0,0.0,0.0,0.0,0,0.0,0.0,0.0,1,0.0,0.42,5.0,68,0.0,0.25,4.9,B2,B2,,0.0,31.0,2025,1,2024-05-01,2024-10-31,134,0,0,0,0,0,0,0,0,0,0,0,0,0,0,0,0,0,0,0,0,0,0,0,0,0,0,0,0,0,0,0,0,0,0,0,0,0,0,0,0,0,0,0,0,0,0,0,0,0,0,0,0,0,0,0,0,0,0,0,0,1,0,0,0,0,0,0,0,0,0,0,0,0,2,7,58,0,0,0,0,0,0,1,0,0,0,0,0,神奈川
5362,中嶋世奈,ナカジマ セナ,静岡,B2,H,190302,2,17,154,45,A,1.19,0.0,0,0,75,0,0,0.26,0,0.0,0.0,0.0,0,0.0,0.0,0.0,0,0.0,0.0,0.0,0,0.0,0.0,0.0,0,0.0,0.0,0.0,75,0.0,0.26,5.1,B2,B2,,0.0,31.0,2025,1,2024-05-01,2024-10-31,134,0,0,0,0,0,0,0,0,0,0,0,0,0,0,0,0,0,0,0,0,0,0,0,0,0,0,0,0,0,0,0,0,0,0,0,0,0,0,0,0,0,0,0,0,0,0,0,0,0,0,0,0,0,0,0,0,0,0,0,0,0,0,0,0,0,0,0,0,0,0,0,0,0,3,6,65,0,0,0,0,0,0,1,0,0,0,0,0,北海道
5363,山本凱立,ヤマモト カイリ,広島,B2,H,111106,1,25,165,53,O,0.0,0.0,0,0,0,0,0,0.0,0,0.0,0.0,0.0,0,0.0,0.0,0.0,0,0.0,0.0,0.0,0,0.0,0.0,0.0,0,0.0,0.0,0.0,0,0.0,0.0,0.0,B2,,,0.0,0.0,2025,1,2024-05-01,2024-10-31,135,0,0,0,0,0,0,0,0,0,0,0,0,0,0,0,0,0,0,0,0,0,0,0,0,0,0,0,0,0,0,0,0,0,0,0,0,0,0,0,0,0,0,0,0,0,0,0,0,0,0,0,0,0,0,0,0,0,0,0,0,0,0,0,0,0,0,0,0,0,0,0,0,0,0,0,0,0,0,0,0,0,0,0,0,0,0,0,0,広島
5364,金子怜央,カネコ レオ,群馬,B2,H,111207,1,25,164,58,O,0.0,0.0,0,0,0,0,0,0.0,0,0.0,0.0,0.0,0,0.0,0.0,0.0,0,0.0,0.0,0.0,0,0.0,0.0,0.0,0,0.0,0.0,0.0,0,0.0,0.0,0.0,B2,,,0.0,0.0,2025,1,2024-05-01,2024-10-31,135,0,0,0,0,0,0,0,0,0,0,0,0,0,0,0,0,0,0,0,0,0,0,0,0,0,0,0,0,0,0,0,0,0,0,0,0,0,0,0,0,0,0,0,0,0,0,0,0,0,0,0,0,0,0,0,0,0,0,0,0,0,0,0,0,0,0,0,0,0,0,0,0,0,0,0,0,0,0,0,0,0,0,0,0,0,0,0,0,群馬
5365,石村日奈那,イシムラ ヒナナ,東京,B2,H,130707,2,23,155,45,B,0.0,0.0,0,0,0,0,0,0.0,0,0.0,0.0,0.0,0,0.0,0.0,0.0,0,0.0,0.0,0.0,0,0.0,0.0,0.0,0,0.0,0.0,0.0,0,0.0,0.0,0.0,B2,,,0.0,0.0,2025,1,2024-05-01,2024-10-31,135,0,0,0,0,0,0,0,0,0,0,0,0,0,0,0,0,0,0,0,0,0,0,0,0,0,0,0,0,0,0,0,0,0,0,0,0,0,0,0,0,0,0,0,0,0,0,0,0,0,0,0,0,0,0,0,0,0,0,0,0,0,0,0,0,0,0,0,0,0,0,0,0,0,0,0,0,0,0,0,0,0,0,0,0,0,0,0,0,東京
5366,塩嶋泰空,シオジマ ヤスヒロ,福井,B2,H,130828,1,23,166,54,B,0.0,0.0,0,0,0,0,0,0.0,0,0.0,0.0,0.0,0,0.0,0.0,0.0,0,0.0,0.0,0.0,0,0.0,0.0,0.0,0,0.0,0.0,0.0,0,0.0,0.0,0.0,B2,,,0.0,0.0,2025,1,2024-05-01,2024-10-31,135,0,0,0,0,0,0,0,0,0,0,0,0,0,0,0,0,0,0,0,0,0,0,0,0,0,0,0,0,0,0,0,0,0,0,0,0,0,0,0,0,0,0,0,0,0,0,0,0,0,0,0,0,0,0,0,0,0,0,0,0,0,0,0,0,0,0,0,0,0,0,0,0,0,0,0,0,0,0,0,0,0,0,0,0,0,0,0,0,石川
5367,赤松咲香,アカマツ サヤカ,徳島,B2,H,140214,2,22,158,45,B,0.0,0.0,0,0,0,0,0,0.0,0,0.0,0.0,0.0,0,0.0,0.0,0.0,0,0.0,0.0,0.0,0,0.0,0.0,0.0,0,0.0,0.0,0.0,0,0.0,0.0,0.0,B2,,,0.0,0.0,2025,1,2024-05-01,2024-10-31,135,0,0,0,0,0,0,0,0,0,0,0,0,0,0,0,0,0,0,0,0,0,0,0,0,0,0,0,0,0,0,0,0,0,0,0,0,0,0,0,0,0,0,0,0,0,0,0,0,0,0,0,0,0,0,0,0,0,0,0,0,0,0,0,0,0,0,0,0,0,0,0,0,0,0,0,0,0,0,0,0,0,0,0,0,0,0,0,0,高知
5368,宮崎心之介,ミヤザキ シンノスケ,埼玉,B2,H,140311,1,22,160,50,A,0.0,0.0,0,0,0,0,0,0.0,0,0.0,0.0,0.0,0,0.0,0.0,0.0,0,0.0,0.0,0.0,0,0.0,0.0,0.0,0,0.0,0.0,0.0,0,0.0,0.0,0.0,B2,,,0.0,0.0,2025,1,2024-05-01,2024-10-31,135,0,0,0,0,0,0,0,0,0,0,0,0,0,0,0,0,0,0,0,0,0,0,0,0,0,0,0,0,0,0,0,0,0,0,0,0,0,0,0,0,0,0,0,0,0,0,0,0,0,0,0,0,0,0,0,0,0,0,0,0,0,0,0,0,0,0,0,0,0,0,0,0,0,0,0,0,0,0,0,0,0,0,0,0,0,0,0,0,埼玉
5369,岡崎凪汰,オカザキ ナギタ,長崎,B2,H,140312,1,22,158,51,B,0.0,0.0,0,0,0,0,0,0.0,0,0.0,0.0,0.0,0,0.0,0.0,0.0,0,0.0,0.0,0.0,0,0.0,0.0,0.0,0,0.0,0.0,0.0,0,0.0,0.0,0.0,B2,,,0.0,0.0,2025,1,2024-05-01,2024-10-31,135,0,0,0,0,0,0,0,0,0,0,0,0,0,0,0,0,0,0,0,0,0,0,0,0,0,0,0,0,0,0,0,0,0,0,0,0,0,0,0,0,0,0,0,0,0,0,0,0,0,0,0,0,0,0,0,0,0,0,0,0,0,0,0,0,0,0,0,0,0,0,0,0,0,0,0,0,0,0,0,0,0,0,0,0,0,0,0,0,大分
5370,日隈茜,ヒグマ アカネ,福岡,B2,H,140314,2,22,158,46,A,0.0,0.0,0,0,0,0,0,0.0,0,0.0,0.0,0.0,0,0.0,0.0,0.0,0,0.0,0.0,0.0,0,0.0,0.0,0.0,0,0.0,0.0,0.0,0,0.0,0.0,0.0,B2,,,0.0,0.0,2025,1,2024-05-01,2024-10-31,135,0,0,0,0,0,0,0,0,0,0,0,0,0,0,0,0,0,0,0,0,0,0,0,0,0,0,0,0,0,0,0,0,0,0,0,0,0,0,0,0,0,0,0,0,0,0,0,0,0,0,0,0,0,0,0,0,0,0,0,0,0,0,0,0,0,0,0,0,0,0,0,0,0,0,0,0,0,0,0,0,0,0,0,0,0,0,0,0,大分
5371,早川颯太,ハヤカワ ソウタ,東京,B2,H,140724,1,22,172,53,A,0.0,0.0,0,0,0,0,0,0.0,0,0.0,0.0,0.0,0,0.0,0.0,0.0,0,0.0,0.0,0.0,0,0.0,0.0,0.0,0,0.0,0.0,0.0,0,0.0,0.0,0.0,B2,,,0.0,0.0,2025,1,2024-05-01,2024-10-31,135,0,0,0,0,0,0,0,0,0,0,0,0,0,0,0,0,0,0,0,0,0,0,0,0,0,0,0,0,0,0,0,0,0,0,0,0,0,0,0,0,0,0,0,0,0,0,0,0,0,0,0,0,0,0,0,0,0,0,0,0,0,0,0,0,0,0,0,0,0,0,0,0,0,0,0,0,0,0,0,0,0,0,0,0,0,0,0,0,長野
5372,上岡巧汰,ウエオカ コウタ,広島,B2,H,140926,1,22,172,53,O,0.0,0.0,0,0,0,0,0,0.0,0,0.0,0.0,0.0,0,0.0,0.0,0.0,0,0.0,0.0,0.0,0,0.0,0.0,0.0,0,0.0,0.0,0.0,0,0.0,0.0,0.0,B2,,,0.0,0.0,2025,1,2024-05-01,2024-10-31,135,0,0,0,0,0,0,0,0,0,0,0,0,0,0,0,0,0,0,0,0,0,0,0,0,0,0,0,0,0,0,0,0,0,0,0,0,0,0,0,0,0,0,0,0,0,0,0,0,0,0,0,0,0,0,0,0,0,0,0,0,0,0,0,0,0,0,0,0,0,0,0,0,0,0,0,0,0,0,0,0,0,0,0,0,0,0,0,0,広島
5373,諏訪玲奈,スワ レイナ,岡山,B2,H,141023,2,22,154,46,A,0.0,0.0,0,0,0,0,0,0.0,0,0.0,0.0,0.0,0,0.0,0.0,0.0,0,0.0,0.0,0.0,0,0.0,0.0,0.0,0,0.0,0.0,0.0,0,0.0,0.0,0.0,B2,,,0.0,0.0,2025,1,2024-05-01,2024-10-31,135,0,0,0,0,0,0,0,0,0,0,0,0,0,0,0,0,0,0,0,0,0,0,0,0,0,0,0,0,0,0,0,0,0,0,0,0,0,0,0,0,0,0,0,0,0,0,0,0,0,0,0,0,0,0,0,0,0,0,0,0,0,0,0,0,0,0,0,0,0,0,0,0,0,0,0,0,0,0,0,0,0,0,0,0,0,0,0,0,岡山
5374,木山大聖,キヤマ タイセイ,岡山,B2,H,150401,1,21,159,49,A,0.0,0.0,0,0,0,0,0,0.0,0,0.0,0.0,0.0,0,0.0,0.0,0.0,0,0.0,0.0,0.0,0,0.0,0.0,0.0,0,0.0,0.0,0.0,0,0.0,0.0,0.0,B2,,,0.0,0.0,2025,1,2024-05-01,2024-10-31,135,0,0,0,0,0,0,0,0,0,0,0,0,0,0,0,0,0,0,0,0,0,0,0,0,0,0,0,0,0,0,0,0,0,0,0,0,0,0,0,0,0,0,0,0,0,0,0,0,0,0,0,0,0,0,0,0,0,0,0,0,0,0,0,0,0,0,0,0,0,0,0,0,0,0,0,0,0,0,0,0,0,0,0,0,0,0,0,0,岡山
5375,庄島潤成,ショウジマ ジュンセイ,山口,B2,H,160126,1,20,162,53,B,0.0,0.0,0,0,0,0,0,0.0,0,0.0,0.0,0.0,0,0.0,0.0,0.0,0,0.0,0.0,0.0,0,0.0,0.0,0.0,0,0.0,0.0,0.0,0,0.0,0.0,0.0,B2,,,0.0,0.0,2025,1,2024-05-01,2024-10-31,135,0,0,0,0,0,0,0,0,0,0,0,0,0,0,0,0,0,0,0,0,0,0,0,0,0,0,0,0,0,0,0,0,0,0,0,0,0,0,0,0,0,0,0,0,0,0,0,0,0,0,0,0,0,0,0,0,0,0,0,0,0,0,0,0,0,0,0,0,0,0,0,0,0,0,0,0,0,0,0,0,0,0,0,0,0,0,0,0,山口
5376,吉田一心,ヨシダ イッシン,大阪,B2,H,160325,1,20,171,53,B,0.0,0.0,0,0,0,0,0,0.0,0,0.0,0.0,0.0,0,0.0,0.0,0.0,0,0.0,0.0,0.0,0,0.0,0.0,0.0,0,0.0,0.0,0.0,0,0.0,0.0,0.0,B2,,,0.0,0.0,2025,1,2024-05-01,2024-10-31,135,0,0,0,0,0,0,0,0,0,0,0,0,0,0,0,0,0,0,0,0,0,0,0,0,0,0,0,0,0,0,0,0,0,0,0,0,0,0,0,0,0,0,0,0,0,0,0,0,0,0,0,0,0,0,0,0,0,0,0,0,0,0,0,0,0,0,0,0,0,0,0,0,0,0,0,0,0,0,0,0,0,0,0,0,0,0,0,0,大阪
5377,鳥居塚嶺王,トリイヅカ ネオ,群馬,B2,H,160402,1,20,159,49,O,0.0,0.0,0,0,0,0,0,0.0,0,0.0,0.0,0.0,0,0.0,0.0,0.0,0,0.0,0.0,0.0,0,0.0,0.0,0.0,0,0.0,0.0,0.0,0,0.0,0.0,0.0,B2,,,0.0,0.0,2025,1,2024-05-01,2024-10-31,135,0,0,0,0,0,0,0,0,0,0,0,0,0,0,0,0,0,0,0,0,0,0,0,0,0,0,0,0,0,0,0,0,0,0,0,0,0,0,0,0,0,0,0,0,0,0,0,0,0,0,0,0,0,0,0,0,0,0,0,0,0,0,0,0,0,0,0,0,0,0,0,0,0,0,0,0,0,0,0,0,0,0,0,0,0,0,0,0,群馬
5378,鈴木結平太,スズキ キッペイタ,静岡,B2,H,160509,1,20,164,51,A,0.0,0.0,0,0,0,0,0,0.0,0,0.0,0.0,0.0,0,0.0,0.0,0.0,0,0.0,0.0,0.0,0,0.0,0.0,0.0,0,0.0,0.0,0.0,0,0.0,0.0,0.0,B2,,,0.0,0.0,2025,1,2024-05-01,2024-10-31,135,0,0,0,0,0,0,0,0,0,0,0,0,0,0,0,0,0,0,0,0,0,0,0,0,0,0,0,0,0,0,0,0,0,0,0,0,0,0,0,0,0,0,0,0,0,0,0,0,0,0,0,0,0,0,0,0,0,0,0,0,0,0,0,0,0,0,0,0,0,0,0,0,0,0,0,0,0,0,0,0,0,0,0,0,0,0,0,0,愛知
5379,廣部大明,ヒロベ タイメイ,滋賀,B2,H,160525,1,20,166,53,B,0.0,0.0,0,0,0,0,0,0.0,0,0.0,0.0,0.0,0,0.0,0.0,0.0,0,0.0,0.0,0.0,0,0.0,0.0,0.0,0,0.0,0.0,0.0,0,0.0,0.0,0.0,B2,,,0.0,0.0,2025,1,2024-05-01,2024-10-31,135,0,0,0,0,0,0,0,0,0,0,0,0,0,0,0,0,0,0,0,0,0,0,0,0,0,0,0,0,0,0,0,0,0,0,0,0,0,0,0,0,0,0,0,0,0,0,0,0,0,0,0,0,0,0,0,0,0,0,0,0,0,0,0,0,0,0,0,0,0,0,0,0,0,0,0,0,0,0,0,0,0,0,0,0,0,0,0,0,滋賀
5380,野田亜湖,ノダ アコ,徳島,B2,H,160804,2,20,154,47,AB,0.0,0.0,0,0,0,0,0,0.0,0,0.0,0.0,0.0,0,0.0,0.0,0.0,0,0.0,0.0,0.0,0,0.0,0.0,0.0,0,0.0,0.0,0.0,0,0.0,0.0,0.0,B2,,,0.0,0.0,2025,1,2024-05-01,2024-10-31,135,0,0,0,0,0,0,0,0,0,0,0,0,0,0,0,0,0,0,0,0,0,0,0,0,0,0,0,0,0,0,0,0,0,0,0,0,0,0,0,0,0,0,0,0,0,0,0,0,0,0,0,0,0,0,0,0,0,0,0,0,0,0,0,0,0,0,0,0,0,0,0,0,0,0,0,0,0,0,0,0,0,0,0,0,0,0,0,0,徳島
5381,有山望,アリヤマ ノゾム,大阪,B2,H,160924,1,20,158,52,A,0.0,0.0,0,0,0,0,0,0.0,0,0.0,0.0,0.0,0,0.0,0.0,0.0,0,0.0,0.0,0.0,0,0.0,0.0,0.0,0,0.0,0.0,0.0,0,0.0,0.0,0.0,B2,,,0.0,0.0,2025,1,2024-05-01,2024-10-31,135,0,0,0,0,0,0,0,0,0,0,0,0,0,0,0,0,0,0,0,0,0,0,0,0,0,0,0,0,0,0,0,0,0,0,0,0,0,0,0,0,0,0,0,0,0,0,0,0,0,0,0,0,0,0,0,0,0,0,0,0,0,0,0,0,0,0,0,0,0,0,0,0,0,0,0,0,0,0,0,0,0,0,0,0,0,0,0,0,奈良
5382,山下心一,ヤマシタ シンイチ,福岡,B2,H,161006,1,20,165,52,B,0.0,0.0,0,0,0,0,0,0.0,0,0.0,0.0,0.0,0,0.0,0.0,0.0,0,0.0,0.0,0.0,0,0.0,0.0,0.0,0,0.0,0.0,0.0,0,0.0,0.0,0.0,B2,,,0.0,0.0,2025,1,2024-05-01,2024-10-31,135,0,0,0,0,0,0,0,0,0,0,0,0,0,0,0,0,0,0,0,0,0,0,0,0,0,0,0,0,0,0,0,0,0,0,0,0,0,0,0,0,0,0,0,0,0,0,0,0,0,0,0,0,0,0,0,0,0,0,0,0,0,0,0,0,0,0,0,0,0,0,0,0,0,0,0,0,0,0,0,0,0,0,0,0,0,0,0,0,福岡
5383,中村楓,ナカムラ カエデ,三重,B2,H,161027,1,20,171,55,O,0.0,0.0,0,0,0,0,0,0.0,0,0.0,0.0,0.0,0,0.0,0.0,0.0,0,0.0,0.0,0.0,0,0.0,0.0,0.0,0,0.0,0.0,0.0,0,0.0,0.0,0.0,B2,,,0.0,0.0,2025,1,2024-05-01,2024-10-31,135,0,0,0,0,0,0,0,0,0,0,0,0,0,0,0,0,0,0,0,0,0,0,0,0,0,0,0,0,0,0,0,0,0,0,0,0,0,0,0,0,0,0,0,0,0,0,0,0,0,0,0,0,0,0,0,0,0,0,0,0,0,0,0,0,0,0,0,0,0,0,0,0,0,0,0,0,0,0,0,0,0,0,0,0,0,0,0,0,三重
5384,八戸琉楓,ヤエ リフウ,長崎,B2,H,161229,1,20,162,53,O,0.0,0.0,0,0,0,0,0,0.0,0,0.0,0.0,0.0,0,0.0,0.0,0.0,0,0.0,0.0,0.0,0,0.0,0.0,0.0,0,0.0,0.0,0.0,0,0.0,0.0,0.0,B2,,,0.0,0.0,2025,1,2024-05-01,2024-10-31,135,0,0,0,0,0,0,0,0,0,0,0,0,0,0,0,0,0,0,0,0,0,0,0,0,0,0,0,0,0,0,0,0,0,0,0,0,0,0,0,0,0,0,0,0,0,0,0,0,0,0,0,0,0,0,0,0,0,0,0,0,0,0,0,0,0,0,0,0,0,0,0,0,0,0,0,0,0,0,0,0,0,0,0,0,0,0,0,0,佐賀
5385,鈴木柊介,スズキ シュウスケ,静岡,B2,H,170109,1,19,170,54,AB,0.0,0.0,0,0,0,0,0,0.0,0,0.0,0.0,0.0,0,0.0,0.0,0.0,0,0.0,0.0,0.0,0,0.0,0.0,0.0,0,0.0,0.0,0.0,0,0.0,0.0,0.0,B2,,,0.0,0.0,2025,1,2024-05-01,2024-10-31,135,0,0,0,0,0,0,0,0,0,0,0,0,0,0,0,0,0,0,0,0,0,0,0,0,0,0,0,0,0,0,0,0,0,0,0,0,0,0,0,0,0,0,0,0,0,0,0,0,0,0,0,0,0,0,0,0,0,0,0,0,0,0,0,0,0,0,0,0,0,0,0,0,0,0,0,0,0,0,0,0,0,0,0,0,0,0,0,0,静岡
5386,米玉利大悟,ヨネタマリ ダイゴ,兵庫,B2,H,180128,1,18,171,54,A,0.0,0.0,0,0,0,0,0,0.0,0,0.0,0.0,0.0,0,0.0,0.0,0.0,0,0.0,0.0,0.0,0,0.0,0.0,0.0,0,0.0,0.0,0.0,0,0.0,0.0,0.0,B2,,,0.0,0.0,2025,1,2024-05-01,2024-10-31,135,0,0,0,0,0,0,0,0,0,0,0,0,0,0,0,0,0,0,0,0,0,0,0,0,0,0,0,0,0,0,0,0,0,0,0,0,0,0,0,0,0,0,0,0,0,0,0,0,0,0,0,0,0,0,0,0,0,0,0,0,0,0,0,0,0,0,0,0,0,0,0,0,0,0,0,0,0,0,0,0,0,0,0,0,0,0,0,0,兵庫
5387,戸田海咲音,トダ ミサト,山口,B2,H,180422,2,18,158,47,O,0.0,0.0,0,0,0,0,0,0.0,0,0.0,0.0,0.0,0,0.0,0.0,0.0,0,0.0,0.0,0.0,0,0.0,0.0,0.0,0,0.0,0.0,0.0,0,0.0,0.0,0.0,B2,,,0.0,0.0,2025,1,2024-05-01,2024-10-31,135,0,0,0,0,0,0,0,0,0,0,0,0,0,0,0,0,0,0,0,0,0,0,0,0,0,0,0,0,0,0,0,0,0,0,0,0,0,0,0,0,0,0,0,0,0,0,0,0,0,0,0,0,0,0,0,0,0,0,0,0,0,0,0,0,0,0,0,0,0,0,0,0,0,0,0,0,0,0,0,0,0,0,0,0,0,0,0,0,山口
5388,佐野優都,サノ ユウト,徳島,B2,H,180906,1,18,165,55,B,0.0,0.0,0,0,0,0,0,0.0,0,0.0,0.0,0.0,0,0.0,0.0,0.0,0,0.0,0.0,0.0,0,0.0,0.0,0.0,0,0.0,0.0,0.0,0,0.0,0.0,0.0,B2,,,0.0,0.0,2025,1,2024-05-01,2024-10-31,135,0,0,0,0,0,0,0,0,0,0,0,0,0,0,0,0,0,0,0,0,0,0,0,0,0,0,0,0,0,0,0,0,0,0,0,0,0,0,0,0,0,0,0,0,0,0,0,0,0,0,0,0,0,0,0,0,0,0,0,0,0,0,0,0,0,0,0,0,0,0,0,0,0,0,0,0,0,0,0,0,0,0,0,0,0,0,0,0,高知
5389,恵良琴美,エラ コトミ,福岡,B2,H,190502,2,17,158,41,A,0.0,0.0,0,0,0,0,0,0.0,0,0.0,0.0,0.0,0,0.0,0.0,0.0,0,0.0,0.0,0.0,0,0.0,0.0,0.0,0,0.0,0.0,0.0,0,0.0,0.0,0.0,B2,,,0.0,0.0,2025,1,2024-05-01,2024-10-31,135,0,0,0,0,0,0,0,0,0,0,0,0,0,0,0,0,0,0,0,0,0,0,0,0,0,0,0,0,0,0,0,0,0,0,0,0,0,0,0,0,0,0,0,0,0,0,0,0,0,0,0,0,0,0,0,0,0,0,0,0,0,0,0,0,0,0,0,0,0,0,0,0,0,0,0,0,0,0,0,0,0,0,0,0,0,0,0,0,福岡
5390,高橋涼夏,タカハシ スズカ,群馬,B2,H,190812,2,17,156,46,O,0.0,0.0,0,0,0,0,0,0.0,0,0.0,0.0,0.0,0,0.0,0.0,0.0,0,0.0,0.0,0.0,0,0.0,0.0,0.0,0,0.0,0.0,0.0,0,0.0,0.0,0.0,B2,,,0.0,0.0,2025,1,2024-05-01,2024-10-31,135,0,0,0,0,0,0,0,0,0,0,0,0,0,0,0,0,0,0,0,0,0,0,0,0,0,0,0,0,0,0,0,0,0,0,0,0,0,0,0,0,0,0,0,0,0,0,0,0,0,0,0,0,0,0,0,0,0,0,0,0,0,0,0,0,0,0,0,0,0,0,0,0,0,0,0,0,0,0,0,0,0,0,0,0,0,0,0,0,群馬
5391,出穂和鼓,イズホ ワコ,山口,B2,H,191229,2,17,165,53,O,0.0,0.0,0,0,0,0,0,0.0,0,0.0,0.0,0.0,0,0.0,0.0,0.0,0,0.0,0.0,0.0,0,0.0,0.0,0.0,0,0.0,0.0,0.0,0,0.0,0.0,0.0,B2,,,0.0,0.0,2025,1,2024-05-01,2024-10-31,135,0,0,0,0,0,0,0,0,0,0,0,0,0,0,0,0,0,0,0,0,0,0,0,0,0,0,0,0,0,0,0,0,0,0,0,0,0,0,0,0,0,0,0,0,0,0,0,0,0,0,0,0,0,0,0,0,0,0,0,0,0,0,0,0,0,0,0,0,0,0,0,0,0,0,0,0,0,0,0,0,0,0,0,0,0,0,0,0,山口
